00013197 bd018193 00000297 58428293 30529073 30047073 000012b7 80028293 30429073 34001073 f1402473 04040e63 01000293 00546663 10500073 ffdff06f ed018493 0004a283 fe541ee3 00012117 da812103 e0010113 00000213 4e00d0ef 0004a283 00128293 0054a023 00941413 20040413 00013117 a7c10113 00810133 30046073 10500073 00012617 d6462603 02061863 00012597 d5858593 00012617 33460613 40b60633 40c10133 00010513 00012297 d2c2ae23 7ad010ef 0180006f 00012517 d2c50513 40c10133 00010593 795010ef 00012517 2fc50513 00023617 b6460613 40a60633 00000593 5d5010ef 00012517 cf050513 00012617 d0460613 40a60633 40c10133 00010513 00000593 5b1010ef 00012597 cc058593 00012617 cc460613 40b60633 40c10133 00010513 735010ef fb010113 00010213 ff017113 00023317 b0030313 00012297 ca62a423 00012297 ca22a223 00020513 0040d0ef 00002517 d0450513 501000ef 465010ef 00000513 00000593 00000613 034000ef 0040006f ff010113 00000593 00812423 00112623 00050413 708020ef 98c1a783 00078463 000780e7 00040513 6fd0b0ef 00012537 fd010113 01000613 0f000593 31850513 02112623 02812423 01312e23 01412c23 02912223 03212023 01512a23 01612823 01712623 01812423 01912223 01a12023 035010ef 7610c0ef 00050993 00008537 479000ef 00050413 01000a13 81c18793 0f47a72f 6640c0ef 6b80c0ef 00002ab7 00001937 00050c13 00058c93 914a8a93 80090913 00000493 00048693 000a8613 00090593 00040513 3300d0ef f14025f3 00148493 009585b3 0335f5b3 00100613 00140413 7ff40413 4740d0ef fd4496e3 00013537 fff00713 fff00793 00000693 00100613 00000593 df850513 0b90e0ef 6400c0ef 00050a93 00058d13 6000c0ef cc0027f3 00023b37 00012937 00078b93 d30b0493 35890913 00000413 01000a13 00048613 00040593 00090513 00140413 754010ef 0f148493 ff4414e3 00023437 d30b0513 e2140593 358020ef 1a051063 000234b7 e2140513 f1248593 344020ef 1c051a63 00023437 f1248513 00340593 330020ef 1c051c63 000234b7 00340513 0f448593 31c020ef 1c051863 00023437 0f448513 1e540593 308020ef 1c051463 000234b7 1e540513 2d648593 2f4020ef 1c051063 00023437 2d648513 3c740593 2e0020ef 1a051c63 000234b7 3c740513 4b848593 2cc020ef 1a051863 00023437 4b848513 5a940593 2b8020ef 1a051463 000234b7 5a940513 69a48593 2a4020ef 1a051063 00023437 69a48513 78b40593 290020ef 18051c63 000244b7 78b40513 87c48593 27c020ef 18051863 00024437 87c48513 96d40593 268020ef 10051263 000244b7 96d40513 a5e48593 254020ef 16051a63 000245b7 b4f58593 a5e48513 240020ef 00e00593 00f00613 08051463 418a8533 00aab733 419d07b3 40e787b3 3e800713 02e535b3 000b8613 00000693 02e787b3 02e50533 00b785b3 664000ef 02812403 02c12083 02412483 02012903 01812a03 01412a83 01012b03 00c12b83 00812c03 00412c83 00012d03 00098613 01c12983 00050693 00012537 39450513 01000593 03010113 59c0106f 00000593 00100613 02812403 02c12083 02412483 02012903 01c12983 01812a03 01412a83 01012b03 00c12b83 00812c03 00412c83 00012d03 00012537 38050513 03010113 5540106f 00100593 00200613 fb9ff06f 00c00593 00d00613 fadff06f 00200593 00300613 fa1ff06f 00300593 00400613 f95ff06f 00400593 00500613 f89ff06f 00500593 00600613 f7dff06f 00600593 00700613 f71ff06f 00700593 00800613 f65ff06f 00800593 00900613 f59ff06f 00900593 00a00613 f4dff06f 00a00593 00b00613 f41ff06f 00b00593 00c00613 f35ff06f 00d00593 00e00613 f29ff06f 00000793 00078863 00003537 e6450513 0e50006f 00008067 f7010113 00021c63 34031373 00031663 34001073 0840006f 34031373 00112023 00512423 00612623 00712823 00812a23 00912c23 00a12e23 02b12023 02c12223 02d12423 02e12623 02f12823 03012a23 03112c23 03212e23 05312023 05412223 05512423 05612623 05712823 05812a23 05912c23 05a12e23 07b12023 07c12223 07d12423 07e12623 07f12823 09010293 00512223 34002373 300023f3 34102e73 34302ef3 34b02f73 34202ff3 06612a23 06712c23 07c12e23 09d12023 09e12223 09f12423 34011073 000fd663 0f10c0ef 0300006f 002f9293 00011317 c6c30313 00011397 ca438393 005302b3 0072f863 0002a283 000280e7 0080006f 1110e0ef 00050863 07c12e03 004e0e13 07c12e23 07812383 0803f293 04028463 34402e73 30402ef3 01de7e33 00700e93 080e7f13 00be5e13 001e7e13 000e0463 00b00e93 01cf6f33 000f0e63 800002b7 005eeeb3 09d12423 34011073 0650c0ef fa5ff06f 07c12e03 341e1073 30039073 07412303 34031073 00021463 06030e63 00012083 00812283 00c12303 01012383 01412403 01812483 01c12503 02012583 02412603 02812683 02c12703 03012783 03412803 03812883 03c12903 04012983 04412a03 04812a83 04c12b03 05012b83 05412c03 05812c83 05c12d03 06012d83 06412e03 06812e83 06c12f03 07012f83 00412103 30200073 09010113 30046073 10500073 04020e63 f7010113 04222423 34002373 06612a23 04031063 00112023 00812a23 00912c23 03212e23 05312023 05412223 05512423 05612623 05712823 05812a23 05912c23 05a12e23 07b12023 300023f3 06712c23 00100293 00522a23 02051663 f14022f3 00929293 20028293 00012117 2f810113 00510133 00000213 34001073 30046073 10500073 00050213 01422283 fe028ee3 00022a23 04822103 07412303 00030863 00030113 00000513 e55ff06f 07812383 00012083 34031073 30039073 03c22e03 020e5063 41c00e33 fffe0e13 03c22e23 01812e83 01412503 09010113 000e8067 01412403 01812483 03c12903 04012983 04412a03 04812a83 04c12b03 05012b83 05412c03 05812c83 05c12d03 06012d83 09010113 00008067 ff010113 00812423 00013437 3d044783 00112623 02079263 00000793 00078a63 00013537 d5850513 00000097 000000e7 00100793 3cf40823 00c12083 00812403 01010113 00008067 00000793 00078e63 000135b7 00013537 3d458593 d5850513 00000317 00000067 00008067 000017b7 d2478793 02f507b3 00451713 000166b7 40a70733 af068693 fd010113 00471713 00023637 00e50533 01312e23 00d787b3 d3060613 52178993 01512a23 02112623 02812423 02912223 03212023 01412c23 01612823 01712623 00c50ab3 7ff98993 7d000713 00e7a023 00478793 fef99ce3 000124b7 00002437 68db9937 31048493 71040413 bad90913 68f00b13 34800a13 00000b93 000b0513 00098593 000a0693 00000713 0005a783 02e68733 fff68693 ffc58593 028787b3 00e787b3 02a7e833 02a7c733 ffe50513 0105a223 fc069ce3 03271633 41f75793 000a8513 00048593 ff2a0a13 004a8a93 fc898993 fe4b0b13 40c65613 40f60633 028607b3 01760633 40f70bb3 054010ef f80a16e3 fff00613 81c18793 06c7a62f 00100793 02f60863 02c12083 02812403 02412483 02012903 01c12983 01812a03 01412a83 01012b03 00c12b83 03010113 00008067 02812403 02c12083 02412483 02012903 01c12983 01812a03 01412a83 01012b03 00c12b83 00013537 df850513 fff00693 fff00713 00000593 03010113 4c10d06f 00060713 00068893 00050813 00058793 22069063 00012337 56030313 0cc5fe63 000106b7 0cd67063 10063693 0016b693 00369693 00d65e33 01c30333 00034303 00d306b3 02000313 00668e63 40d30833 010597b3 00d556b3 01061733 00f6e7b3 01051833 01075513 02a7d6b3 01071593 0105d593 02a7f7b3 02d58333 01079613 01085793 00f667b3 0067fa63 00f707b3 0067f463 18e7f463 fff68693 406787b3 02a7d633 01081813 01085813 02a7f7b3 02c585b3 01079793 00f86833 00b87a63 01070833 00b87463 16e87063 fff60613 01069693 00c6e6b3 00068513 00088593 00008067 01000e37 01800693 f5c674e3 01000693 f41ff06f 00000693 00060c63 000107b7 04f67a63 10063693 0016b693 00369693 00d657b3 00f30333 00034783 00d787b3 02000693 04d79263 40c587b3 00100893 01075513 02a7d6b3 01071593 0105d593 01085613 02a7f7b3 02d58333 01079793 f31ff06f 010007b7 01800693 faf67ae3 01000693 fadff06f 40f68833 01061733 00f5d6b3 010595b3 00f557b3 01051833 01075513 02a6d8b3 00b7e7b3 01071593 0105d593 02a6f6b3 03158333 01069613 0107d693 00c6e6b3 0066fa63 00d706b3 0066f463 04e6f663 fff88893 406686b3 02a6d633 01079793 0107d793 02a6f6b3 02c585b3 01069693 00d7e7b3 00b7fa63 00f707b3 00b7f463 02e7f263 fff60613 01089893 40b787b3 00c8e8b3 f35ff06f ffe88893 00e686b3 fb5ff06f ffe60613 00e787b3 fddff06f ffe68693 00e787b3 e79ff06f ffe60613 ea5ff06f 18d5e463 000107b7 04f6f463 1006b713 00173713 00371713 000127b7 00e6d833 56078793 010787b3 0007c783 02000813 00e787b3 03079863 00c53633 00b6b6b3 00163613 00c6e6b3 00000893 e5dff06f 010007b7 01800713 fcf6f0e3 01000713 fb9ff06f 40f80833 00f658b3 010696b3 00d8e8b3 00f5d733 0108de13 03c756b3 01089313 01035313 010595b3 00f557b3 00b7e7b3 01061633 03c77733 02d30eb3 01071593 0107d713 00b76733 01d77a63 00e88733 01d77463 0b177c63 fff68693 41d70733 03c755b3 01079793 0107d793 03c77733 02b30333 01071713 00e7e7b3 0067fa63 00f887b3 0067f463 0917f863 fff58593 01069693 00b6e6b3 406787b3 01059593 01061313 0105d593 0106d893 01035313 01065613 02658e33 02688333 010e5713 02c585b3 02c888b3 006585b3 00b70733 00677663 00010637 00c888b3 01075613 01160633 02c7e063 010e1e13 01071713 010e5e13 01051533 01c70733 eee574e3 eec792e3 fff68693 eddff06f ffe68693 01170733 f49ff06f ffe58593 011787b3 f71ff06f 00000893 00000693 d19ff06f 00050593 00000693 00000613 00000513 1490106f 00050593 00000513 0100006f 00050593 00000513 0210306f fc010113 02812c23 02112e23 00b58793 01600713 00050413 08f76e63 01000693 06b6ec63 3a40b0ef 01000693 01800713 00200893 00013837 e2c80813 00e80733 00472783 ff870613 46c78c63 0047a703 00c7a603 0087a583 ffc77713 00e78733 00472683 00c5a623 00f12623 00b62423 0016e693 00040513 00d72223 3680b0ef 00c12783 03c12083 03812403 00878513 04010113 00008067 00c00713 06e22023 00000513 03c12083 03812403 04010113 00008067 ff87f693 fe07c0e3 fcb6eee3 00d12623 3040b0ef 00c12683 1f700793 4ed7f663 0096d893 16088c63 00400793 4517e863 0066d893 03988e13 003e1513 03888893 00013837 e2c80813 00a80533 00452783 ff850513 36f50863 00f00313 0140006f 00c7a583 36065463 34b50e63 00058793 0047a703 ffc77713 40d70633 fec352e3 01082783 00013e37 e34e0e13 33c78863 0047a703 00f00593 ffc77713 40d70633 48c5ce63 01c82a23 01c82823 46065463 1ff00613 00482f03 36e66263 ff877613 00860613 00c80633 00062583 00575513 00100713 00a71733 00ef6f33 ff860713 00b7a423 00e7a623 01e82223 00f62023 00f5a623 4028d793 00100513 00f51533 0aaf6663 01e577b3 02079463 00151513 ffc8f893 01e577b3 00488893 00079a63 00151513 01e577b3 00488893 fe078ae3 00f00e93 00389f93 01f80fb3 000f8313 00c32703 00088293 34e30c63 00472603 00070793 00c72703 ffc67613 40d605b3 34becc63 fe05c2e3 00c78633 00462683 0087a583 00040513 0016e693 00d62223 00e5a623 00b72423 00f12623 1a40b0ef 00c12783 00878513 e59ff06f 20000513 04000e13 03f00893 e99ff06f 00882783 0047a703 ffc77893 40d88733 00d8e663 01072613 1a060e63 00013e37 8501a603 e24e2583 fff00713 00c68633 44e58463 00001737 00f70713 00e60633 fffff737 00e67733 00070593 00040513 01012823 00d12623 00f12e23 01112c23 00e12a23 3d9000ef fff00613 00c12683 01012803 00050313 14c50063 01812883 01c12783 01412703 00013e37 011785b3 34b56c63 00013eb7 3f0e8e93 000ea603 00c70633 00cea023 48a58a63 e24e2f03 fff00513 4aaf0263 40b305b3 00c58633 00cea023 00737e13 3c0e0863 ff837313 00001637 00830313 00860613 00e30733 41c60633 40e60633 01461613 01465593 00040513 03d12423 03012223 02d12023 00f12e23 01112c23 00612a23 01c12823 00e12623 02b12623 325000ef fff00613 00c12703 01012e03 01412303 01812883 01c12783 02012683 02412803 02812e83 48c50263 02c12583 40650533 00b50733 000ea603 00682423 00176713 00c58633 00e32223 00cea023 03078c63 00f00513 2f157a63 0047a583 ff488713 ff877713 0015f593 00e5e5b3 00b7a223 00500893 00e785b3 0115a223 0115a423 3ee56e63 84c1a703 00c77463 84c1a623 8481a703 00c77463 84c1a423 00882783 0047a603 ffc67613 40d60733 2ad66263 01072613 28061e63 0016e613 00c7a223 00d786b3 00176713 00d82423 00040513 00e6a223 00f12623 7910a0ef 00c12783 03c12083 03812403 00878513 04010113 00008067 00482f03 d35ff06f 000e0893 cb9ff06f 0087a603 00e78733 00472683 00b62623 00f12623 0016e693 00c5a423 00040513 00d72223 7410a0ef 00c12783 03c12083 03812403 00878513 04010113 00008067 00c72783 00288893 c6f706e3 b81ff06f 00975613 00400593 14c5fe63 01400593 28c5e263 05c60513 00351513 05b60593 00a80533 00052603 ff850513 00c51863 1e00006f 00862603 00c50863 00462583 ffc5f593 feb768e3 00c62503 00a7a623 00c7a423 00f52423 00f62623 c7dff06f 01400793 1317f863 05400793 2517e263 00c6d893 06f88e13 003e1513 06e88893 ba5ff06f 00128293 0032f793 00830313 12078063 00c32703 c95ff06f 0087a503 0016e893 0117a223 00e52623 00a72423 00d786b3 00d82a23 00d82823 0015e713 00c78633 01c6a623 01c6a423 00e6a223 00040513 00b62023 00f12623 6390a0ef 00c12783 00878513 aedff06f 0036d893 00868713 a71ff06f 00e78733 00472683 00f12623 00040513 0016e693 00d72223 6050a0ef 00c12783 00878513 ab9ff06f 0016e593 00b7a223 00d786b3 00d82a23 00d82823 00166593 00e78733 01c6a623 01c6a423 00b6a223 00040513 00c72023 00f12623 5c10a0ef 00c12783 00878513 a75ff06f 00675613 03960513 00351513 03860593 eadff06f dd0798e3 00013eb7 3f0e8e93 000ea603 00c70633 00cea023 cadff06f 05c88e13 003e1513 05b88893 a85ff06f 008fa783 fff88893 01f79e63 0038f793 ff8f8f93 fe0796e3 fff54793 00ff7f33 01e82223 00151513 bcaf62e3 bc0500e3 01e577b3 00079a63 00151513 01e577b3 00428293 fe078ae3 00028893 b29ff06f 00100793 00f32223 00040513 5150a0ef 9cdff06f 01060713 bcdff06f 4025d593 00100713 00b71733 00ef6f33 01e82223 e29ff06f 00e30633 40c00633 01461613 01465593 00040513 03d12223 03012023 00d12e23 00f12c23 01112a23 00e12823 00612623 02b12423 770000ef fff00613 00c12303 01012703 01412883 01812783 01c12683 02012803 02412e83 0ec50463 02812583 40650533 00b50733 c51ff06f 05400593 04c5ec63 00c75613 06f60513 00351513 06e60593 d75ff06f 15400793 0517ec63 00f6d893 07888e13 003e1513 07788893 95dff06f 01459513 b60516e3 00882583 00e887b3 0017e793 00f5a223 c4dff06f e26e2223 b69ff06f 15400593 06c5ee63 00f75613 07860513 00351513 07760593 d19ff06f 55400793 0717ee63 0126d893 07d88e13 003e1513 07c88893 901ff06f 00878593 00040513 01d12a23 01012823 00d12623 010030ef 01412e83 01012803 00c12683 000ea603 be1ff06f ff8e0e13 01c70733 40670733 00000593 b7dff06f 00000593 b75ff06f 55400593 02c5e463 01275613 07d60513 00351513 07c60593 c99ff06f 3f800513 07f00e13 07e00893 88dff06f 3f800513 07e00593 c7dff06f 00013637 0000a5b7 23460613 7ac58593 00000513 2540006f 05822583 ff010113 000137b7 00812423 00112623 42478793 00050413 00f58463 068080ef 05422583 000137b7 48c78793 00f58663 00040513 050080ef 05022583 92418793 00f58c63 00040513 00812403 00c12083 01010113 0300806f 00c12083 00812403 01010113 00008067 fe010113 000027b7 00812c23 70c78793 00013437 00013537 42440413 00112e23 00912a23 01212823 01312623 01412423 98f1a623 00800613 00400793 00000593 48050513 00f42623 00042023 00042223 00042423 06042223 00042823 00042a23 00042c23 6cc000ef 00003a37 000039b7 00003937 000034b7 00013537 aeca0a13 b4898993 bd090913 c3448493 47c50513 03442023 03342223 03242423 02942623 00842e23 2610a0ef 000107b7 00978793 00800613 00000593 91818513 06f42a23 06042423 06042623 06042823 0c042623 06042c23 06042e23 08042023 654000ef 000137b7 48c78793 91418513 08f42223 09442423 09342623 09242823 08942a23 2050a0ef 000207b7 01278793 98018513 00800613 00000593 0cf42e23 0c042823 0c042a23 0c042c23 12042a23 0e042023 0e042223 0e042423 5f8000ef 92418793 0f442823 0f342a23 0f242c23 0e942e23 0ef42623 01812403 01c12083 01412483 01012903 00c12983 00812a03 97c18513 02010113 1910a06f ff010113 00812423 b5c18513 00112623 1d50a0ef 05c22703 00071c63 00002737 98c1a683 72470713 04e22e23 00068c63 b5c18513 00812403 00c12083 01010113 1d90a06f e45ff0ef b5c18513 00812403 00c12083 01010113 1c10a06f b5c18513 1850a06f b5c18513 1b10a06f fd010113 03212023 01312e23 01412c23 01512a23 01612823 01712623 02112623 02812423 02912223 00060a93 00050b13 00058b93 00000a13 00100993 fff00913 004aa483 fff48493 0204ca63 008aa403 00c45783 00f9fe63 00e41783 00040593 000b0513 01278663 000b80e7 00aa6a33 fff48493 06840413 fd249ce3 000aaa83 fc0a90e3 02c12083 02812403 02412483 02012903 01c12983 01412a83 01012b03 00c12b83 000a0513 01812a03 03010113 00008067 fc010113 02c12423 02d12623 02b12223 02e12823 02f12a23 03012c23 03112e23 05422583 02410693 00050613 00000513 00112e23 00d12623 681050ef 01c12083 04010113 00008067 f6010113 08810e93 80000337 ffff0e37 00050f13 08c12423 08d12623 fff30313 00058613 208e0e13 00810593 000e8693 00000513 06112e23 08f12a23 01e12423 01e12c23 08e12823 09012c23 09112e23 06012623 00612823 00612e23 01c12a23 01d12223 174040ef 00812783 00078023 07c12083 0a010113 00008067 ff010113 00812423 00058413 00e59583 00112623 1dc000ef 02054063 05042783 00c12083 00a787b3 04f42823 00812403 01010113 00008067 00c45783 fffff737 fff70713 00e7f7b3 00c12083 00f41623 00812403 01010113 00008067 00c59783 fe010113 00068313 00112e23 1007f693 00058713 00060893 00050813 02069863 fffff6b7 fff68693 01c12083 00d7f7b3 00e71583 00f71623 00030693 00088613 00080513 02010113 1e80006f 00e59583 00c12423 00200693 00000613 00612623 00e12023 00a12223 0d4000ef 00012703 00c12303 00812883 00c71783 00412803 fa1ff06f ff010113 00812423 00058413 00e59583 00112623 0a4000ef fff00713 00c41783 02e50263 00001737 00e7e7b3 00c12083 04a42823 00f41623 00812403 01010113 00008067 fffff737 00a70733 00e7f7b3 00c12083 00f41623 00812403 01010113 00008067 00e59583 0040006f ff010113 00812423 00058513 00112623 9801a823 4480a0ef fff00793 00f50a63 00c12083 00812403 01010113 00008067 9901a783 fe0786e3 00c12083 00812403 06f22023 01010113 00008067 ff010113 00812423 00058513 00060593 00068613 00112623 9801a823 4780a0ef fff00793 00f50a63 00c12083 00812403 01010113 00008067 9901a783 fe0786e3 00c12083 00812403 06f22023 01010113 00008067 ff010113 00812423 00058513 00060593 00068613 00112623 9801a823 4700a0ef fff00793 00f50a63 00c12083 00812403 01010113 00008067 9901a783 fe0786e3 00c12083 00812403 06f22023 01010113 00008067 ff010113 00812423 00058513 00112623 9801a823 4680a0ef fff00793 00f50a63 00c12083 00812403 01010113 00008067 9901a783 fe0786e3 00c12083 00812403 06f22023 01010113 00008067 ff010113 00812423 00058513 00060593 00068613 00112623 9801a823 4800a0ef fff00793 00f50a63 00c12083 00812403 01010113 00008067 9901a783 fe0786e3 00c12083 00812403 06f22023 01010113 00008067 ff010113 00812423 01212023 00013437 00013937 00112623 00912223 de090913 de040413 02890263 40890933 40295913 00000493 00042783 00148493 00440413 000780e7 ff24e8e3 00013937 00013437 de890913 de040413 02890263 40890933 40295913 00000493 00042783 00148493 00440413 000780e7 ff24e8e3 00c12083 00812403 00412483 00012903 01010113 00008067 ff010113 00812423 000137b7 00013437 dec78793 de840413 408787b3 00912223 00112623 4027d493 02048063 ffc40413 00f40433 00042783 fff48493 ffc40413 000780e7 fe0498e3 00c12083 00812403 00412483 01010113 00008067 01f00793 00050693 10c7f463 0036f713 02070663 00000297 00271313 006282b3 00008313 17c280e7 00030093 ffc70713 00e60633 40e686b3 0cc7fc63 00059463 0180006f 0ff5f593 00859293 0055e5b3 01059293 0055e5b3 ffc67293 00568333 07c2f293 00028e63 405002b3 08028293 405686b3 00000397 005383b3 00c38067 00b6a023 00b6a223 00b6a423 00b6a623 00b6a823 00b6aa23 00b6ac23 00b6ae23 02b6a023 02b6a223 02b6a423 02b6a623 02b6a823 02b6aa23 02b6ac23 02b6ae23 04b6a023 04b6a223 04b6a423 04b6a623 04b6a823 04b6aa23 04b6ac23 04b6ae23 06b6a023 06b6a223 06b6a423 06b6a623 06b6a823 06b6aa23 06b6ac23 06b6ae23 08068693 f666eee3 00367613 08060a63 00000297 40c78633 00261613 00c282b3 01428067 00b68f23 00b68ea3 00b68e23 00b68da3 00b68d23 00b68ca3 00b68c23 00b68ba3 00b68b23 00b68aa3 00b68a23 00b689a3 00b68923 00b688a3 00b68823 00b687a3 00b68723 00b686a3 00b68623 00b685a3 00b68523 00b684a3 00b68423 00b683a3 00b68323 00b682a3 00b68223 00b681a3 00b68123 00b680a3 00b68023 00008067 00300793 00c508b3 08c7f863 00a5c7b3 0037f793 24079a63 00357713 00050793 44071863 ffc8f693 40f68633 02000713 00c74663 1717ec63 00008067 0005a603 0045a283 0085af83 00c5af03 0105ae83 0145ae03 0185a303 01c5a803 02458593 00c7a023 ffc5a603 0057a223 01f7a423 01e7a623 01d7a823 01c7aa23 0067ac23 0107ae23 02478793 fec7ae23 40f68633 fac746e3 fa1ff06f fb1570e3 40a00733 00f777b3 00378693 00500813 0f06ec63 fff60613 4ed66463 1a078263 0005c683 00277713 00d50023 42070463 0015c683 00300713 00d500a3 4ae79863 0025c703 00358e93 00350313 00e50123 00f50833 ffc80e13 00f587b3 0017c603 0007c583 0027c683 0037c703 00861613 00b66633 01069693 00c6e6b3 01871713 00d76733 00e82023 00480813 00478793 fdc816e3 ffce8593 ffc30793 0005c683 00178713 00d78023 ef177ae3 0015c683 00278713 00d780a3 ef1772e3 0025c683 00378713 00d78123 ed177ae3 0035c683 00478713 00d781a3 ed1772e3 0045c683 00578713 00d78223 eb177ae3 0055c683 00678713 00d782a3 eb1772e3 0065c703 00e78323 00008067 00080693 f09ff06f 40f006b3 0036f813 40f88733 00380613 00500313 fff70e13 32666c63 f6ce68e3 34080063 0005c603 0026f693 00c78023 3c068463 0015c603 00300693 00c780a3 3cd81263 0025c683 00358f93 00378f13 00d78123 41070eb3 010585b3 01078833 ffcef793 00f58e33 0015c603 0005c303 0025c683 0035c703 00861613 00666633 01069693 00c6e6b3 01871713 00d76733 00e82023 00458593 00480813 fdc596e3 defe86e3 00ff85b3 00ff07b3 ee1ff06f 00050313 00058e93 e89ff06f 40a00733 00377793 00f50333 32657063 00378693 00500613 fff78813 28c6e063 28d86863 02078663 0005c683 00277713 00d50023 00070e63 0015c683 00300713 00d500a3 00e79663 0025c703 00e50123 00f585b3 0015c683 0005c603 0025c703 0035c783 00869693 00c6e6b3 01071713 00d76733 01879793 00e7e7b3 00f32023 ffc8fe13 00058713 07c37063 00058793 00030813 0017c603 0007ce83 0027c683 0037c703 00861613 01d66633 01069693 00c6e6b3 01871713 00480813 00d76733 fee82e23 00478793 fdc866e3 fffe0793 406787b3 ffc7f793 00458593 00430313 00f58733 00f30333 cf1374e3 406006b3 0036f593 406887b3 00358613 00500813 fff78e13 01067463 00080613 08ce6863 24058263 00074603 0026f693 00c30023 24068063 00174603 00300693 00c300a3 22d59e63 00274683 00370f93 00330f13 00d30123 40b78eb3 00b707b3 00b305b3 ffcef313 00f30e33 0017c603 0007c803 0027c683 0037c703 00861613 01066633 01069693 00c6e6b3 01871713 00d76733 00e5a023 00478793 00458593 fcfe16e3 c5d300e3 006f8733 006f0333 00074683 00130793 00d30023 c317f4e3 00174683 00230793 00d300a3 c117fce3 00274683 00330793 00d30123 c117f4e3 00374683 00430793 00d301a3 bf17fce3 00474683 00530793 00d30223 bf17f4e3 00574683 00630793 00d302a3 bd17fce3 00674783 00f30323 00008067 00400793 40e78733 00e507b3 06f57663 0005c603 00150693 00c50023 04f6fe63 0015c603 00250693 00c500a3 04f6f663 0025c603 00350693 00c50123 02f6fe63 0035c603 00450693 00c501a3 02f6f663 0045c603 00550693 00c50223 00f6fe63 0055c603 00650693 00c502a3 00f6f663 0065c683 00d50323 00e585b3 b39ff06f 00158e93 00150313 bf5ff06f 00030613 cc9ff06f 00060693 d81ff06f 00078f13 00058f93 cedff06f 0005c683 00150713 00d50023 06677863 0015c683 00250713 00d500a3 06677063 0025c683 00350713 00d50123 04677863 0035c683 00450713 00d501a3 04677063 0045c683 00550713 00d50223 02677863 0055c683 00650713 00d502a3 02677063 0065c703 00f585b3 00e50323 d65ff06f 00258e93 00250313 b5dff06f 00f585b3 d51ff06f 00050793 b99ff06f 00158f93 00178f13 c55ff06f 00258f93 00278f13 c49ff06f 00030f13 00070f93 de9ff06f 00170f93 00130f13 dddff06f 00270f93 00230f13 dd1ff06f fff00393 00b56733 00377713 10071063 7f7f87b7 f7f78793 00052603 0005a683 00f67733 00f66333 00f70733 00676733 10771263 08d61663 00452603 0045a683 00f67733 00f66333 00f70733 00676733 0c771e63 06d61663 00852603 0085a683 00f67733 00f66333 00f70733 00676733 0c771863 04d61663 00c52603 00c5a683 00f67733 00f66333 00f70733 00676733 0c771263 02d61663 01052603 0105a683 00f67733 00f66333 00f70733 00676733 0a771c63 01450513 01458593 f4d60ee3 01061713 01069793 00f71e63 01065713 0106d793 40f70533 0ff57593 02059063 00008067 01075713 0107d793 40f70533 0ff57593 00059463 00008067 0ff77713 0ff7f793 40f70533 00008067 00054603 0005c683 00150513 00158593 00d61463 fe0616e3 40d60533 00008067 00450513 00458593 fcd61ce3 00000513 00008067 00850513 00858593 fcd612e3 00000513 00008067 00c50513 00c58593 fad618e3 00000513 00008067 01050513 01058593 f8d61ee3 00000513 00008067 fd010113 02812423 00013437 02912223 00050493 24042503 03212023 01312e23 00b12623 02112623 00060913 00068993 2fd090ef b241a783 00c12583 08078463 0047a703 01f00693 24042503 08e6c463 00271693 02049c63 00170713 00e7a223 00d787b3 00b7a423 2f9090ef 00000513 02c12083 02812403 02412483 02012903 01c12983 03010113 00008067 00d788b3 0928a423 1887a803 00100613 00e61633 00c86833 1907a423 1138a423 00200813 fb0494e3 18c7a803 00c86633 18c7a623 f99ff06f 000137b7 56478793 b2f1a223 f71ff06f 28d090ef fff00513 f95ff06f fb010113 03312e23 000139b7 00a12623 2409a503 03612823 05212023 03412c23 04112623 00058a13 225090ef b241a903 0c090e63 04812423 04912223 03512a23 03712623 03812423 03912223 03a12023 01b12e23 100a0463 fff00a93 00492403 fff40493 0804c463 00241413 00890433 0100006f fff48493 ffc40413 07548863 10442783 ff4798e3 00492c83 00442b83 fffc8793 0a978863 00042223 fc0b8ce3 2409a503 18892c03 18c92d03 08442d83 1d1090ef 00100793 009796b3 0186f7b3 06079663 000b80e7 2409a503 181090ef 00492703 b241a783 01971463 f8f90ce3 00078663 00078913 f75ff06f 04812403 04412483 03412a83 02c12b83 02812c03 02412c83 02012d03 01c12d83 2409a503 04c12083 04012903 03c12983 03812a03 03012b03 05010113 1590906f 01a6f6b3 02069063 00c12503 000d8593 000b80e7 f89ff06f 00992223 00048c93 f51ff06f 000d8513 000b80e7 f71ff06f 00100c93 fff00c13 00492783 fff78413 f80440e3 00279493 009904b3 00078a13 fff78793 0044aa83 06f40a63 0004a223 040a8663 2409a503 18892b83 18c92d03 0844ad83 0e1090ef 008c9733 00ebf7b3 04078c63 00ed7d33 060d0a63 000d8513 000a80e7 2409a503 089090ef 00492783 b241a703 04fa1663 04e91463 fff40413 ffc48493 f18406e3 00492783 0044aa83 00078a13 fff78793 f8f41ae3 00892223 00040a13 f8dff06f 000a80e7 2409a503 041090ef 00492783 b241a703 fafa0ee3 ec0708e3 00070913 f41ff06f 00c12503 000d8593 000a80e7 f8dff06f 0105a803 01052783 1d07cc63 fff80813 00281393 01458613 00760333 01450e13 00032783 007e03b3 0003a703 fd010113 00178793 02112623 02812423 02f758b3 0cf76063 00060293 000e0f93 00000413 00000713 0002a783 000faf03 004f8f93 01079e93 010ede93 031e8eb3 0107d793 010f1693 0106d693 010f5f13 00428293 031787b3 008e8eb3 010e9413 01045413 010ede93 408686b3 00e686b3 4106d713 01d787b3 01079e93 010ede93 41d70733 01e70733 01069693 01071e93 0106d693 00dee6b3 fedfae23 0107d413 41075713 f85372e3 0003a783 02079463 ffc38393 007e6863 0180006f fff80813 007e7863 0003a783 ffc38393 fe0788e3 01052823 01112623 01c12e23 00612c23 00c12a23 01012823 00050413 095020ef 00c12883 0a054663 01c12e03 01812303 01412603 01012803 00188893 000e0513 00000793 00052683 00062583 00450513 01069713 01059e93 010ede93 01075713 41d70733 00f70733 41075793 0105d593 0106d693 40b787b3 00d787b3 01071713 01079693 01075713 00e6e733 00460613 fee52e23 4107d793 fac376e3 00281793 00fe07b3 0007a703 02071463 ffc78793 00fe6863 0180006f fff80813 00fe7863 0007a703 ffc78793 fe0708e3 01042823 02c12083 02812403 00088513 03010113 00008067 00000513 00008067 f4010113 09812c23 06822303 0a812c23 0a912a23 0b212823 0b512223 09712e23 09912a23 0a112e23 0b312623 00e12823 00f12623 01112423 02b12223 00058a93 00060413 00068b93 00080493 00060c93 00050913 02030263 06422703 00100793 00030593 00e797b3 00f32423 00e32223 529010ef 06022423 00040993 00000713 00045a63 00141413 00145c93 000c8993 00100713 7ff007b7 00e4a023 00f9f733 36f70663 000a8513 000c8593 00000613 00000693 0b412423 01512e23 000a8a13 03912023 0680d0ef 06051263 00c12703 00100793 00f72023 00812783 00078a63 00078713 000127b7 3d578793 00f72023 0a812a03 000124b7 3d448493 0bc12083 0b812403 0b012903 0ac12983 0a412a83 09c12b83 09812c03 09412c83 00048513 0b412483 0c010113 00008067 000a8593 000c8613 07810713 07c10693 00090513 0b612023 09a12823 09b12623 0149d493 1f9020ef 00050413 07812b03 2e049c63 07c12483 02000793 009b04b3 43248713 5ce7d463 04000793 40e787b3 41248513 00f999b3 00aad533 00a9e533 06c0e0ef fe1007b7 fff48493 00050a13 00b787b3 00100d93 00078593 000127b7 6607a603 6647a683 000a0513 7800d0ef 000127b7 6687a603 66c7a683 1880d0ef 000127b7 6707a603 6747a683 1040c0ef 00050993 00048513 00058a13 7710d0ef 000127b7 6787a603 67c7a683 409b04b3 fff48d13 1500d0ef 00050613 00058693 00098513 000a0593 0c80c0ef 00050993 00058a13 6bd0d0ef 00050b13 000a0593 00098513 00000613 00000693 0440d0ef 4a054063 01600793 4f67e463 00012737 6e870713 003b1793 00e787b3 01c12503 02012583 0007a603 0047a683 0140d0ef 50055263 fffb0b13 02012c23 00012c23 200d4463 480b4863 016d0d33 03612823 02012a23 00900793 2177e263 00500793 4b77d463 ffcb8b93 00400713 00eb9463 3000106f 7afb8063 00200793 00000993 00fb9463 0780106f 00300b93 02012423 01012783 016787b3 00178d93 02f12e23 000d8613 01b04463 00100613 01700693 00100713 00400793 00c6c463 5400106f 00179793 01478693 00070593 00170713 fed678e3 06b22223 00090513 1c5010ef 00050493 00051463 5780106f 06a22423 00fdb793 280786e3 280984e3 2f605ce3 00012737 00fb7793 6e870713 00379793 404b5a13 00e787b3 010a7713 0007a803 0047a783 3e070ce3 00012737 01c12503 02012583 6e072603 6e472683 04f12423 05012023 6a80c0ef 04012803 04812783 00fa7a13 00050313 00058893 00300993 720a0063 00012c37 04812023 04912423 6c0c0413 00098493 00030c13 00088993 00078593 00c0006f 401a5a13 00840413 001a7793 00079a63 401a5a13 00840413 001a7793 fe0782e3 00042603 00442683 00080513 401a5a13 75d0c0ef 00148493 00050813 6a0a0263 00840413 fd5ff06f 00c12683 00c99793 00002737 00c7d793 70f70713 0157e7b3 00e6a023 04079463 00812783 000124b7 00079463 4800106f 000127b7 3c448493 3cc78793 00812703 00f72023 cadff06f 00c99793 00c7d793 3ff00737 c0148493 00e7e7b3 00000d93 d39ff06f 00812783 000124b7 30079e63 3d048493 c7dff06f 00100793 409787b3 00f12c23 00000d13 dedff06f 00000b93 00000593 00090513 06022223 035010ef 00050493 00051463 3e80106f 07c12783 06922423 0007c663 00fb2713 2c071e63 000d9463 1000106f fff00713 02e12e23 01812703 03412983 43378793 00fd0d33 00f70c33 fff00d93 00012823 00100593 00090513 339010ef 01812783 00050a13 00079463 7310006f 01a04463 7290006f 00fd5463 000d0793 01812703 40fc0c33 40fd0d33 40f70733 03412783 00e12c23 04078a63 00099463 0bc0106f 000a0593 00098613 00090513 689010ef 00040613 00050593 00050a13 00090513 3a1010ef 00a12e23 00040593 00090513 021010ef 03412783 01c12403 41378633 01378463 7f10006f 00100593 00090513 2a1010ef 03012783 00a12e23 00078463 6a90006f 00100793 0177d463 1840106f 02412703 5a071ae3 00cc9693 5a0696e3 014cd693 7ff6f693 5a0680e3 02f12823 001c0c13 001d0d13 00078993 01a787b3 01f7f793 02078ee3 01b00693 2ef6c4e3 01c00693 40f687b3 01812703 00fc0c33 00fd0d33 00f70733 00e12c23 2f804e63 01a05c63 01c12583 000d0613 00090513 771010ef 00a12e23 003ba793 0017cc93 03812783 2e079663 41b04063 3e0c8e63 080d96e3 01c12583 00000693 00500613 00090513 760010ef 00050593 00a12e23 00040513 158020ef 06a052e3 03100793 001b0b93 00f48023 00148c13 01c12583 00090513 001b8b93 708010ef 000a0863 000a0593 00090513 6f8010ef 00040593 00090513 6ec010ef 00c12783 000c0023 0177a023 00812783 3c078863 0a812a03 0a012b03 09012d03 08c12d83 0187a023 a25ff06f 000b0513 2790d0ef 00098613 000a0693 2410c0ef 08051e63 01600793 1f67f463 00100793 00904463 7050006f 02f12c23 00012c23 01812783 02012823 416787b3 00f12c23 416007b3 02f12a23 b69ff06f 00100793 02f12c23 b45ff06f 40e787b3 00fa9533 a4dff06f 00400713 64eb8ce3 30fb8a63 00200793 3efb80e3 00300793 d4fb90e3 00100993 02012423 b65ff06f 00000b13 480d48e3 016d0d33 03612823 02012c23 02012a23 00012c23 b09ff06f fffb0b13 ab1ff06f 000127b7 3d048493 3d378793 ca9ff06f 00012737 6e870713 003b1793 00e787b3 0007ac83 0047ad03 fff00d93 00148793 04f12823 02012a03 01c12a83 000c8613 000d0693 000a0593 000a8513 2480c0ef 0f90d0ef 00050993 16d0d0ef 000c8613 000d0693 3590c0ef 00050613 00058693 000a8513 000a0593 12c0d0ef 03098793 0ff7f793 00f48023 00100a13 00050713 00058813 694d88e3 000127b7 6887a603 68c7a683 05012c03 00c12823 00d12a23 418a0bb3 0640006f 000c8613 000d0693 000a0513 000a8593 1cc0c0ef 07d0d0ef 00050993 0f10d0ef 000c8613 000d0693 2dd0c0ef 00058693 00050613 000a8593 000a0513 0b00d0ef 03098793 001c0c13 0ff7f793 fefc0fa3 017c06b3 00050713 00058813 60dd8ae3 01012603 01412683 00070513 00080593 2950c0ef 00000613 00000693 00050a13 00058a93 05d0c0ef f6051ce3 001b0b93 dc9ff06f 000127b7 01c12503 02012583 6e87a603 6ec7a683 1890c0ef e6055ae3 6a0d42e3 02012c23 fff00b13 00012c23 e05ff06f 00040593 000c0613 00090513 47d010ef 00050413 cf5ff06f 01c12583 00040513 695010ef d00556e3 00040593 00000693 00a00613 00090513 474010ef 03c12783 fffb0c13 00050413 0017a793 00fcfcb3 03012783 78079663 680c9ae3 03c12d83 000b0b93 000c0b13 01c12a83 00100993 0200006f 00040593 00000693 00a00613 00090513 428010ef 00198993 00050413 000a8593 00040513 c70ff0ef 03050c13 013487b3 ff878fa3 fdb9c6e3 00000993 01b05463 fffd8993 00148793 00f989b3 00000a93 00040593 00100613 00090513 3b9010ef 01c12583 00050413 5d9010ef 06a05e63 03900713 0080006f 38998ae3 fff9c783 00098c13 fff98993 fee788e3 00178793 00f98023 01c12583 00090513 378010ef c80a00e3 c60a88e3 c74a86e3 000a8593 00090513 360010ef c5dff06f 03012783 6c079863 001b0b93 f2dff06f 00100793 00000993 02f12423 871ff06f 00100993 03312423 865ff06f 00051663 001c7c13 f80c10e3 03000713 00098c13 fff9c783 fff98993 fee78ae3 f8dff06f 0a812a03 0a012b03 09012d03 08c12d83 e5cff06f 00098893 04012403 00048993 04812483 000c0313 00058793 00080613 00030513 00078693 00088593 75d0b0ef 00050c13 00058a13 03812783 02078063 000127b7 6807a603 6847a683 000c0513 000a0593 7880c0ef 08054ce3 00098513 6580d0ef 000c0613 000a0693 0450c0ef 000127b7 6907a603 6947a683 7c00b0ef fcc00837 00050713 00b809b3 240d8063 05612a23 05b12423 000d8793 000126b7 6e868693 00379793 00f687b3 ffc7a803 ff87a783 000a0593 04d12c23 000c0513 00148693 04d12823 04e12e23 05012223 06d12223 04f12023 5640d0ef 03050793 0ff7f793 06f12023 5d00d0ef 00058693 00050613 000a0593 000c0513 59d0c0ef 06012783 02812683 06b12023 02f12423 00050a13 3c068a63 000125b7 04012603 04412683 6a05a503 6a45a583 65d0b0ef 05c12603 00098693 5610c0ef 06012703 02812783 000a0613 00070693 00f48023 02e12423 00050993 00058c13 5ac0c0ef 02812703 42a042e3 000127b7 6847a803 6807a783 000126b7 05012223 04f12023 68c6a803 6886a783 05b12e23 07a12423 07912623 04812d03 000a8d93 05712423 06412c83 02f12423 03012623 07612023 00000b93 00070a93 0840006f 001b8b93 21abd0e3 02812603 02c12683 00098513 000c0593 6dc0c0ef 02812603 02c12683 00050993 00058c13 000a0513 000a8593 6c00c0ef 00058a93 00050a13 4400d0ef 03050b13 4b40d0ef 00050613 00058693 000a0513 000a8593 4810c0ef 00098613 000c0693 016c8023 001c8c93 00050a13 00058a93 5a80c0ef 1c0548e3 04012503 04412583 000a0613 000a8693 44d0c0ef 00098613 000c0693 5840c0ef f60550e3 fffcc783 07912223 000c8c13 03900693 0100006f 0a9704e3 fff74783 00070c13 fffc0713 fed788e3 00178793 00f70023 05412783 00178b93 96dff06f 00098513 4180d0ef 000c0613 000a0693 6040c0ef 000127b7 6907a603 6947a683 5800b0ef fcc00837 00050713 00b809b3 000127b7 6987a603 69c7a683 000c0513 000a0593 04e12023 3b50c0ef 04012603 00098693 04a12423 04b12623 4100c0ef 1ca04663 04012603 04812503 04c12583 800007b7 00f9c6b3 4c80c0ef 18054263 07c12783 0007c663 00fb2793 10079e63 02812783 74079263 01812783 52078463 520d0263 00fd5463 000d0793 01812703 40fd0d33 40f70c33 03412783 6c079c63 00100593 00090513 234010ef 03012783 00a12e23 01812c23 10079ce3 00000993 00000a13 00100793 fc0ff06f 01c00793 fd4ff06f 540b0863 416009b3 00f9f793 00012737 6e870713 00379793 00e787b3 0007a603 0047a683 01c12503 02012583 4f40c0ef 4049d793 00050c13 00058a13 1a078ae3 00012737 00048993 000a8c13 00200a13 00090a93 6c070493 00040913 00078413 00c0006f 40145413 00848493 00147793 00079a63 40145413 00848493 00147793 fe0782e3 0004a603 0044a683 40145413 001a0a13 48c0c0ef 54040c63 00848493 fddff06f 01012783 00048c13 fff7cb93 fa4ff06f 00012737 6e870713 003b1793 00e787b3 0007ac83 0047ad03 01012783 8c07d0e3 8bb04ee3 020d9a63 000127b7 6987a603 69c7a683 000c8513 000d0593 4300c0ef 00050613 00058693 01c12503 02012583 3480c0ef 02a04863 00000593 00090513 655000ef 01012783 00048c13 40f00bb3 f50ff06f 01c12303 02012883 00200993 c38ff06f 03100793 00f48023 00000593 00090513 00148c13 61d000ef 002b0b93 f20ff06f 04012603 04412683 05c12503 00098593 3b80c0ef 02812783 04812603 04a12023 04b12223 00f48023 00100693 06012703 04d608e3 000127b7 68c7a803 6887a783 05012c03 05b12e23 02f12423 04812783 06812023 03012623 000c0413 00f48db3 000a0513 00070593 000a8c13 02812603 02c12683 00140413 3500c0ef 00058a93 00050a13 0d00d0ef 03050993 1440d0ef 00050613 00058693 000a0513 000a8593 1110c0ef 0ff9f793 fef40fa3 fdb410e3 05012683 000c0a93 05c12d83 fff68c13 04812683 06012403 00050a13 00058713 00dc0c33 000129b7 6a09a603 6a49a683 04012503 04412583 02f12423 04e12423 2640b0ef 04812683 000a0613 1f80c0ef 02812783 c80540e3 04012603 04412683 6a09a503 6a49a583 0990c0ef 04812683 000a0613 0fc0c0ef 6aa04863 07c12783 d007cee3 00fb2793 d0078ae3 05812703 003b1793 00f707b3 0007ac83 0047ad03 ef0ff06f 01c00693 d2d78a63 03c00693 40f687b3 d14ff06f 000a0593 00000693 00a00613 00090513 4bd000ef 00050a13 03c12d83 000c0b13 d20c9c63 01812783 00f05c63 000a0593 00078613 00090513 470010ef 00050a13 000a0d13 4e099463 02412703 01c12983 fff48793 00177713 03512823 00e12c23 03612023 02912223 01b78ab3 00098593 00040513 cb5fe0ef 00050c93 000a0593 00040513 650010ef 00098593 00050d93 000d0613 00090513 694010ef 00c52703 030c8c13 00050593 08071a63 00a12823 00040513 620010ef 01012583 00050b13 00090513 3e5000ef 017b66b3 0e069e63 01812783 60078463 620dc263 01848023 00148c93 569a8863 00040593 00000693 00a00613 00090513 3d5000ef 00050413 000a0593 00000693 00a00613 00090513 0baa0263 3b9000ef 000d0593 00050a13 00000693 00090513 00a00613 3a1000ef 00050d13 000c8493 f35ff06f 00090513 00048993 02012b03 02412483 03012a83 01912823 355000ef 000dca63 001afa93 017de7b3 00faeab3 080a9263 00040593 00100613 00090513 330010ef 01c12583 00050413 550010ef 58a05c63 03900793 50fc0263 01012783 03178c13 000a0a93 01898023 001b0b93 00198c13 000d0a13 f78ff06f 319000ef 00050a13 00050d13 000c8493 ea9ff06f 580dc663 01812783 017dedb3 01b7edb3 560d8e63 f16050e3 00048993 02012b03 02412483 03900793 4afc0263 001c0c13 01898023 000a0a93 00198c13 001b0b93 000d0a13 f1cff06f 03412783 1c079863 00100593 00090513 529000ef 03012783 00a12e23 4a079063 01812c03 00000993 00000a13 00100793 ab4ff06f 00100993 02012423 01012783 00f05a63 02f12e23 00078613 00078d93 f99fe06f 06022223 00100793 02f12e23 00078d93 00f12823 00000593 fa9fe06f 00100793 02f12823 00000993 a68ff06f 01c12c03 02012a03 00200993 f4cff06f 9a0d86e3 03c12783 a2f052e3 000127b7 6887a603 68c7a683 000c0513 fffb0793 000a0593 04f12a23 7990b0ef 00050c13 00198513 00058a13 5910c0ef 000c0613 000a0693 77d0b0ef 000127b7 6907a603 6947a683 6f90a0ef 03c12783 fcc00837 00050713 00b809b3 04f12423 f40ff06f 00100793 409787b3 00f12c23 03612823 000b0d13 02012c23 02012a23 e75fe06f 00090413 00098493 000a8913 000a0993 000c0a93 00058a13 00050c13 e9cff06f 03412783 00079463 948ff06f 8f4ff06f 00100793 02f12a23 00050593 03012603 00090513 00100993 775000ef 00a12e23 0379dc63 00000993 01c12783 01c12703 0107a783 00279793 00f707b3 0107a503 315000ef 03412703 02000793 40a787b3 02e12823 940ff06f 02412783 fc0794e3 00cc9793 fc0790e3 014cd793 7ff7f793 fa078ae3 001c0c13 001d0d13 fadff06f 01812c23 03412603 00040593 00090513 6fd000ef 00050413 00100593 00090513 349000ef 03012783 00a12e23 e20782e3 01812c03 02012a23 00000a13 00050593 f4dff06f 03412783 fffd8613 36c7d063 03412783 03012703 00100593 40f607b3 00f707b3 02f12823 01812783 00090513 00c12e23 01b78c33 2f1000ef 01812783 01c12603 01bd0d33 00050a13 02078063 00fd5463 000d0793 01812703 40fc0c33 40fd0d33 40f70733 00e12c23 00040593 00090513 659000ef 00050413 804ff06f 03100793 002b0b93 00f48023 c7cff06f 00100993 03312423 d95ff06f 00100793 00000993 02f12423 d85ff06f 05412783 00178793 04f12a23 03100793 f60ff06f 07812783 03600713 fff00693 40f70733 01812783 03412983 02d12e23 00ed0d33 00e78c33 00068d93 00012823 efdfe06f 03412603 f79ff06f 40978733 00e12c23 02f12c23 00000d13 8f8ff06f 004a2583 00090513 6b8000ef 00050993 22050a63 010a2603 00ca0593 00c50513 00260613 00261613 d61fd0ef 00098593 00090513 00100613 745000ef 00050d13 addff06f 07c12783 000d8a93 06012b03 06812d03 04812b83 06c12c83 05c12d83 0007c663 00fb2793 a40790e3 03412783 fffd8613 40c789b3 e8c7c6e3 01812783 01bd0d33 01b78c33 e55fe06f 05412783 000c8c13 00178b93 ff1fe06f 05012c03 00070613 00080693 00070513 00080593 00f12823 40d0a0ef 000c8613 000d0693 00050a13 00058a93 2c50b0ef 01012783 001b0b93 02a04a63 000c8613 000d0693 000a0513 000a8593 00f12823 2250b0ef 00050463 f95fe06f 0019f993 01012783 00099463 f85fe06f 05612a23 de4ff06f 00000a13 00050593 d29ff06f 02f12823 00000993 ea5fe06f 02012b03 000a0a93 02412483 000c8993 000d0a13 001b0b93 a78ff06f 03000693 000c0713 fffc4783 fffc0c13 fed78ae3 05412783 00070c13 00178b93 f25fe06f 03900793 000a0a93 00f98023 000d0a13 00198993 001b0b93 a58ff06f 00100793 409787b3 00f12c23 00000d13 02012c23 fff00b13 f59fe06f 01812c03 00000a13 00050593 c95ff06f 03900793 00048993 02012b03 02412483 fafc04e3 abb056e3 031c8c13 aa5ff06f 00048993 02012b03 02412483 a95ff06f 03c12d83 000c0b13 e45fe06f 05012c03 851ff06f a6051ee3 001c7793 a60792e3 a71ff06f 00200993 ab4ff06f 05412783 05012c03 00178b93 e71fe06f 06022223 00000593 ad5fe06f 000b0713 01912823 00048993 02012b03 02412483 a0e042e3 a31ff06f 000126b7 00012537 3d868693 3ec50513 00000613 2ef00593 258060ef 03412783 40c789b3 e00ddae3 01812783 00078c13 41b787b3 00f12c23 c61fe06f 000126b7 00012537 3d868693 3ec50513 00000613 1af00593 21c060ef 3c448493 841fe06f fe010113 01212823 00013937 00812c23 00912a23 01312623 00058413 00112e23 00050993 e2c90913 4b5070ef 00892783 00001737 0047a483 ffc4f493 7f048793 7ff78793 40878433 00c45413 fff40413 00c41413 00e44e63 00000593 00098513 f50fd0ef 00892783 009787b3 02f50663 00098513 485070ef 01c12083 01812403 01412483 01012903 00c12983 00000513 02010113 00008067 408005b3 00098513 f10fd0ef fff00793 04f50663 00013737 00892683 3f072783 408484b3 0014e493 00098513 408787b3 0096a223 3ef72823 429070ef 01c12083 01812403 01412483 01012903 00c12983 00100513 02010113 00008067 00000593 00098513 eb4fd0ef 00892703 00f00693 40e507b3 f6f6d2e3 000136b7 e246a603 0017e793 000136b7 40c50533 00f72223 3ea6a823 f45ff06f 12058463 fe010113 00812c23 00b12623 00050413 00112e23 395070ef 00c12583 00013837 e2c80813 ffc5a503 ff858713 00882883 ffe57793 00f70633 00462683 00157313 ffc6f693 18c88863 00d62223 00d608b3 0048a883 0018f893 08031a63 ff85a303 000135b7 e3458593 40670733 00872503 006787b3 12b50a63 00c72303 00652623 00a32423 18088e63 0017e693 00d72223 00f62023 1ff00693 0af6e263 ff87f693 00868693 00482583 00d806b3 0006a603 0057d513 00100793 00a797b3 00b7e7b3 ff868593 00c72423 00b72623 00f82223 00e6a023 00e62623 00040513 01812403 01c12083 02010113 2dd0706f 02089e63 000135b7 00d787b3 e3458593 00862683 0017e893 00f70533 16b68263 00c62603 00c6a623 00d62423 01172223 00f52023 f75ff06f 00008067 00156513 fea5ae23 00f62023 1ff00693 f6f6f2e3 0097d693 00400613 0ed66263 0067d693 03968593 00359593 03868613 00b805b3 0005a683 ff858593 00d59863 1200006f 0086a683 00d58863 0046a603 ffc67613 fec7e8e3 00c6a583 00b72623 00d72423 00040513 01812403 01c12083 00e5a423 00e6a623 02010113 2210706f 0a089263 00c62583 00862603 00f686b3 0016e793 00b62623 00c5a423 00f72223 00d70733 00d72023 f09ff06f 00d786b3 02031063 ff85a783 40f70733 00872603 00f686b3 00c72783 00f62623 00c7a423 000137b7 0016e613 e287a783 00c72223 00e82423 ecf6e6e3 8501a583 00040513 cb5ff0ef ebdff06f 00d787b3 ed9ff06f 01400613 02d67863 05400613 06d66863 00c7d693 06f68593 00359593 06e68613 f11ff06f 0017e693 00d72223 00f62023 e81ff06f 05c68593 00359593 05b68613 ef1ff06f 00e82a23 00e82823 00b72623 00b72423 01172223 00f52023 e55ff06f 00482503 40265613 00100793 00c797b3 00a7e7b3 00f82223 ee5ff06f 15400613 00d66c63 00f7d693 07868593 00359593 07768613 e9dff06f 55400613 00d66c63 0127d693 07d68593 00359593 07c68613 e81ff06f 3f800593 07e00613 e75ff06f 07022783 fe010113 00112e23 00058693 00050813 02078a63 00269713 00e78733 00072783 04078e63 0007a683 00d72023 0007a823 0007a623 01c12083 00078513 02010113 00008067 00b12623 02100613 00400593 00a12423 5e9050ef 06a22823 00812803 00c12683 00050793 fc0506e3 00269713 00e78733 00072783 fa0796e3 00100593 00d59733 00570613 00080513 00261613 00d12623 00e12423 5a5050ef 00050793 f8050ae3 00c12683 00812703 00d52223 00e52423 f79ff06f 02058063 0045a703 07022783 00271713 00e787b3 0007a703 00e5a023 00b7a023 00008067 0105ae03 00058e93 00068313 01458813 00000893 00082783 00480813 00188893 01079713 01075713 0107d693 02c707b3 02c686b3 006787b3 0107d713 01079793 0107d793 00e686b3 01069713 00f707b3 fef82e23 0106d313 fbc8cee3 02030063 008ea783 02fe5063 002e1713 00ee8733 00672a23 001e0793 00fea823 000e8513 00008067 00050793 07022503 fd010113 02112623 004ea803 0a050063 00180813 00281713 00e50533 00052703 0e070463 00072783 00f52023 00072823 010ea603 00ce8593 00072623 00260613 00261613 00c70513 00612c23 01c12a23 01d12823 00e12623 d04fd0ef 01012e83 004ea603 07022783 01412e03 00261693 00d787b3 0007a683 01812303 002e1713 00dea023 01d7a023 00c12e83 02c12083 001e0793 00ee8733 00672a23 00fea823 000e8513 03010113 00008067 00078513 02100613 00400593 00612e23 01d12c23 01c12a23 01012823 00f12623 409050ef 06a22823 00c12783 01012803 01412e03 01812e83 01c12303 f20514e3 000126b7 00012537 3d868693 45050513 00000613 0ba00593 385050ef 00100593 010598b3 00588613 00078513 00261613 00612e23 01d12c23 01c12a23 01012823 01112623 3a5050ef 00050713 fa050ae3 01012803 00c12883 01c12303 01812e83 01412e03 01052223 01152423 ed5ff06f 00010737 00050793 04e57063 01051793 01800693 01000513 01000737 00e7f663 00879793 00068513 10000737 02e7e463 40000737 04e7f463 00279713 04074863 00350513 00008067 00800693 00000513 fc9ff06f 00479713 400006b7 00450513 02d77063 00679793 0207c263 00179713 fc0748e3 02000513 00008067 00078713 fe074ce3 00150513 00008067 00250513 00008067 07022783 fe010113 00112e23 00058693 00050813 02078863 0047a503 06050663 00052703 01c12083 00e7a223 00100793 00052623 00d52a23 00f52823 02010113 00008067 00b12623 02100613 00400593 00a12423 291050ef 06a22823 00812803 00c12683 00050793 fa0518e3 000126b7 00012537 3d868693 45050513 00000613 14500593 215050ef 00080513 01c00613 00100593 00d12423 24d050ef fc0508e3 00812683 01c12083 00200793 00f52423 00100713 00100793 00e52223 00052623 00d52a23 00f52823 02010113 00008067 fd010113 02912223 03212023 0105a483 01062903 02812423 01312e23 02112623 00058993 00060413 00050813 0124cc63 00090713 00058413 00048913 00060993 00070493 00842783 07022503 00442703 00990333 0067a7b3 00f70733 1e050663 00271793 00f507b3 0007a503 22050463 00052703 00e7a023 01450893 00231813 00052623 01088833 00088793 0108f863 0007a023 00478793 ff07ece3 01498593 00249e13 01c58e33 17c5f263 00291693 01440f13 00df06b3 01540e93 01d6beb3 40868633 001ece93 feb60613 0180006f 0102d293 0a029663 00458593 00488893 13c5f663 0005a283 01029413 01045413 fe0400e3 00088393 000f0293 00000493 0002a783 0003af83 00438393 01079713 01075713 02870733 0107d793 010f9913 01095913 010fdf93 00428293 028787b3 01270733 00970733 01f787b3 01075f93 01f787b3 01071713 01075713 01079f93 00efe733 fee3ae23 0107d493 fad2e2e3 00000793 000e8463 ffc67793 00f887b3 0097a223 0005a283 0102d293 f4028ee3 0008a783 00088393 000f0f93 00078493 00000413 000fd703 0104d993 01079793 02570733 0107d793 004f8f93 0043a483 00438393 01049913 01095913 00870733 01370733 01071413 00f467b3 fef3ae23 ffefd783 01075713 025787b3 012787b3 00e787b3 0107d413 fadfe6e3 00000713 000e8463 ffc67713 00e88733 00f72223 00458593 00488893 edc5eee3 00604863 0180006f fff30313 00030863 ffc82783 ffc80813 fe0788e3 02c12083 02812403 00652823 02412483 02012903 01c12983 03010113 00008067 00080513 02100613 00400593 00612623 00e12423 01012223 7b4050ef 06a22823 00412803 00812703 00c12303 de0516e3 000126b7 00012537 3d868693 45050513 00000613 16200593 738050ef 00100593 00e597b3 00578613 00080513 00261613 00612623 00e12423 00f12223 760050ef fc0500e3 00812703 00412783 00c12303 00e52223 00f52423 da9ff06f fe010113 00812c23 01212823 01412423 00112e23 00367793 00060413 00050913 00058a13 0c079e63 40245413 0a040c63 01312623 00912a23 06c22483 0e048463 00147793 40145413 00079e63 0004a503 04050a63 00050493 00147793 40145413 fe0786e3 00048613 000a0593 00090513 cbdff0ef 020a0063 004a2703 07022783 00271713 00e787b3 0007a703 00ea2023 0147a023 02040863 00050a13 0004a503 fa051ae3 00048613 00048593 00090513 c7dff0ef 00a4a023 00052023 00050493 f99ff06f 01c12083 01812403 01412483 00c12983 01012903 00812a03 02010113 00008067 01c12083 01812403 01012903 000a0513 00812a03 02010113 00008067 00012737 6b070713 00279793 00f707b3 ffc7a603 00000693 8c9ff0ef 00050a13 f09ff06f 07022503 02050a63 00452483 06048063 0004a783 00f52223 06922623 27100713 00100793 0004a623 0004a023 00e4aa23 00f4a823 ee9ff06f 02100613 00400593 00090513 5d8050ef 06a22823 fa051ee3 000126b7 00012537 3d868693 45050513 00000613 14500593 568050ef 01c00613 00100593 00090513 5a4050ef 00050493 fc0508e3 00100713 00200793 00e52223 00f52423 f85ff06f 0105ae83 40565813 0085a783 fd010113 01d80eb3 02112623 001e8313 0045a703 00058e13 00060693 00050f93 0067d863 00179793 00170713 fe67cce3 07022f03 100f0c63 00271793 00ff07b3 0007a503 16050c63 00052703 00e7a023 00052823 00052623 01450593 03005463 00580713 00271713 00e50733 00058793 00478793 fe07ae23 fef71ce3 00281813 010585b3 010e2803 014e0793 01f6f613 00281813 01078833 08060463 02000f93 40cf8fb3 00058893 00000693 0007a703 00488893 00478793 00c71733 00d76733 fee8ae23 ffc7a683 01f6d6b3 ff07e0e3 015e0793 00000713 00f86863 41c80833 feb80813 ffc87713 00e585b3 00d5a223 00068463 00030e93 004e2783 02c12083 01d52823 00279793 00ff0f33 000f2783 00fe2023 01cf2023 03010113 00008067 0007a703 00478793 00458593 fee5ae23 fd07f4e3 0007a703 00478793 00458593 fee5ae23 fd07eee3 fb1ff06f 000f8513 02100613 00400593 00d12e23 01c12c23 00e12a23 00612823 01012623 01d12423 01f12223 404050ef 06a22823 00412f83 00812e83 00c12803 01012303 01412703 01812e03 01c12683 00050f13 e8051ee3 000126b7 00012537 3d868693 45050513 00000613 1de00593 374050ef 00100593 00e597b3 00578613 000f8513 00261613 00d12e23 01c12c23 00612a23 01012823 01d12623 00e12423 00f12223 38c050ef fa0508e3 00812703 00412783 07022f03 01c12683 01812e03 01412303 01012803 00c12e83 00e52223 00f52423 e35ff06f 01052703 0105a783 00050613 40f70533 04f71263 00279793 01460613 01458593 00f585b3 00f607b3 0080006f 02f67463 ffc7a683 ffc5a703 ffc78793 ffc58593 fee686e3 00100513 00e6f663 fff00513 00008067 00008067 0105a703 01062783 fd010113 02112623 00058f13 00060393 00050313 40f706b3 1af71063 00279693 01458613 01438713 00d607b3 00d70733 0080006f 20f67063 ffc7a503 ffc72683 ffc78793 ffc70713 fed506e3 00100893 16d57663 07022503 0043a703 16050e63 00271793 00f507b3 0007a503 20050263 00052703 00e7a023 00052823 010f2283 01152623 0103a883 00229293 01438393 00289793 014f0813 01450613 00f38eb3 005802b3 00038e13 00060313 00000f93 000e2783 00082683 00430313 01079713 01069593 01075713 0105d593 40b70733 01f70733 0106d693 0107d793 40d787b3 41075693 00d787b3 01071713 01075713 01079693 00e6e733 00480813 fee32e23 004e0e13 4107df93 fa5864e3 015f0693 00000793 00d2e863 41e282b3 feb28293 ffc2f793 00778e33 004e0e13 00f607b3 000e0593 40760633 00478f13 05de7c63 0005a683 00c58333 00458593 01069793 0107d793 01f787b3 01f68733 4107d793 0106d693 00d787b3 01071713 01075713 01079693 00d76733 00e32023 4107df93 fdd5e0e3 fffe8793 41c787b3 ffc7f793 01e787b3 00071a63 ffc7a703 ffc78793 fff88893 fe070ae3 02c12083 01152823 03010113 00008067 0a06c863 00038793 000f0393 00078f13 07022503 00000893 0043a703 e80516e3 00030513 02100613 00400593 00712e23 01e12c23 01112a23 00e12823 00612623 100050ef 06a22823 00c12303 01012703 01412883 01812f03 01c12383 e40516e3 000126b7 00012537 3d868693 45050513 00000613 24500593 07c050ef 07022783 08078463 0007a503 0c050063 00052703 00e7a023 02c12083 00100793 00052623 00052a23 00f52823 03010113 00008067 00100893 de9ff06f 00100593 00e597b3 00578613 00030513 00261613 00712e23 01e12c23 01112a23 00e12823 00f12623 060050ef f6050ee3 01012703 00c12783 01c12383 01812f03 01412883 00e52223 00f52423 dbdff06f 00030513 02100613 00400593 00612623 028050ef 06a22823 00c12303 00050793 f4051ee3 000126b7 00012537 3d868693 45050513 00000613 23700593 7b1040ef 00030513 01800613 00100593 7ed040ef fc050ae3 00100793 00052223 00f52423 f2dff06f 07022803 fd010113 02112623 00058e13 00060793 00050313 28080e63 00482503 2e050863 00052603 00c82223 0147d813 00c79613 00052623 7ff87813 00c65613 00080663 001007b7 00f66633 000e0593 060e0863 007e7793 14078263 001e7793 1e079663 002e7793 32078a63 001e5593 01f00793 00100893 00f617b3 00f5e5b3 01165633 00c037b3 00178793 00b52a23 00c52c23 00f52823 04080c63 bcd80813 02c12083 01180833 03500793 0106a023 411787b3 00f72023 03010113 00008067 00767793 08078c63 00167793 18079463 00267793 2c078c63 00165613 02100893 00100793 00c52a23 00f52823 fa0818e3 00279613 00c50633 01062603 bce88893 0116a023 000106b7 00579793 18d67463 01061613 01800813 01000693 010005b7 00b67663 00861613 00080693 100005b7 12b66c63 400005b7 16b67463 00261593 1005ce63 00368693 40d787b3 02c12083 00f72023 03010113 00008067 01061793 0107d793 0c079663 01065613 04000893 f60608e3 00f67793 26078e63 01000893 00367793 28078263 00167793 26079a63 00165613 02188893 f49ff06f 010e1793 0107d793 04079663 010e5593 0ff5f793 01000893 00079663 01800893 0085d593 00f5f793 00488313 04078063 0035f793 18078463 0015f793 20079863 00188893 02000793 0015d593 411787b3 e8dff06f 0ffe7793 18078263 00fe7793 1c079463 00400313 00000893 0045d593 0035f793 14078663 0015f793 1c079063 00588893 02000793 411787b3 0015d593 e4dff06f 0ff67793 14078663 00f67793 16079e63 00400893 00465613 f39ff06f 00000893 e35ff06f 02000893 e89ff06f 00268693 40d787b3 ee9ff06f 00461593 40000837 00468693 0305f863 00661613 fe0640e3 00161593 ec05c0e3 02000693 40d787b3 ebdff06f 00800813 00000693 e81ff06f 00060593 ea05c2e3 00168693 40d787b3 e9dff06f 00c12e23 00b12c23 02100613 00400593 00e12a23 00d12823 00a12623 505040ef 06a22823 00c12303 01012683 01412703 01812e03 01c12783 00050813 d20516e3 000126b7 00012537 3d868693 45050513 00000613 30f00593 47d040ef 00030513 01c00613 00100593 00f12c23 01c12a23 00e12823 00d12623 4a9040ef fc0502e3 00100593 00200613 01812783 01412e03 01012703 00c12683 00b52223 00c52423 cd9ff06f 00088313 0025d593 0015f793 0a078e63 00230893 02000793 411787b3 d05ff06f 00800893 e41ff06f 00865613 00f67793 00800893 de079ae3 00c00893 00465613 de9ff06f 002e5593 01e00793 00200893 cd1ff06f 00265613 02200893 d2dff06f 00365613 02300893 d21ff06f 002e5593 01d00793 00300893 0015d593 ca5ff06f 02000793 406787b3 00030893 c95ff06f 02000793 411787b3 c89ff06f 03400893 00100613 ce5ff06f 02088893 cddff06f 00265793 0017f593 02058263 02288893 00078613 cc5ff06f 00330893 02000793 411787b3 0015d593 c49ff06f 00365613 02388893 ca5ff06f f2010113 0c112e23 0c812c23 0d212823 00058413 0d412423 0bb12623 00068a13 00060d93 00050913 444040ef 00052783 00078513 00f12e23 159040ef 00c45783 02a12423 0807f793 00078663 01042783 72078c63 0c912a23 0d312623 0d512223 0d612023 0b712e23 0b812c23 0b912a23 0ba12823 000127b7 7b078793 00f12c23 00012a23 02012223 02012023 02012623 00012823 000d8b93 01412623 000bc783 000b8493 fdb78713 02070263 02078063 0014c783 00148493 00078663 fdb78713 fe0718e3 417489b3 05749263 1e078e63 00148493 04010ba3 fff00993 00000a93 00000a13 0004cb03 00148b93 fe0b0793 05800713 08f76063 01812703 00279793 00e787b3 0007a783 00078067 000b8613 00098693 00040593 00090513 0cd030ef fff00793 1af50263 01012783 013787b3 00f12823 0004c783 f95ff06f fd0b0793 00000a93 00900693 002a9713 000bcb03 01570ab3 001a9a93 01578ab3 fd0b0793 001b8b93 fef6f2e3 fe0b0793 05800713 f8f774e3 140b0a63 00100813 07610c23 04010ba3 00080493 00000993 00000713 07810d93 084a7c13 4e0c1a63 409a8d33 47a04ae3 05714783 4a079a63 410989b3 0d304663 100a7793 3a078ee3 06500793 2d67d8e3 02412503 02012583 00000613 00000693 02e12823 7cd090ef 03012703 4c050ee3 05c12783 00f04463 0140106f 01412783 00070d13 00e7d463 00078d13 4fa04463 000d5463 00000d13 41a70d33 01a05463 7a10006f 05c12d03 01412783 58fd4ae3 001a7793 580796e3 01412783 41a78d33 40e789b3 013d5463 2dc0106f 0009d463 00000993 413d0d33 01a05463 0700106f 004a7e13 000e0663 409a89b3 1f3048e3 009ad463 00048a93 01012783 015787b3 00f12823 e25ff06f 01000c13 00013637 313c58e3 02912a23 91460d13 00098493 fff00c93 02e12823 03012c23 00060993 00c0006f ff048493 2c9c5ae3 01000693 000d0613 00040593 00090513 728030ef ff9512e3 00c45783 0407f793 00078463 5e80106f 0d412483 0cc12983 0c412a83 0c012b03 0bc12b83 0b812c03 0b412c83 0b012d03 0dc12083 0d812403 01012503 0d012903 0c812a03 0ac12d83 0e010113 00008067 010a6a13 000b8493 dc5ff06f 00c12783 0007aa83 00478793 00f12623 fe0ad4e3 41500ab3 004a6a13 000b8493 da1ff06f 008a7793 740786e3 00c12783 04010513 0007a783 0007a703 04e12023 0047a703 04e12223 0087a703 04e12423 00c7a783 04f12623 7710a0ef 00c12783 02b12023 02a12223 00478793 00f12623 00058713 000127b7 6a87ac03 6ac7ac83 02412d03 00171493 0014d593 000d0513 000c0613 000c8693 5510a0ef 00051e63 000d0513 0014d593 000c0613 000c8693 721090ef 14a046e3 02412703 02012783 00070613 00078693 00070513 00078593 5190a0ef 00050463 63c0106f fff00793 100a6c93 fdfb7493 00f99463 18c0106f 04700793 00f48463 1840106f 02012783 00099463 52c0106f 0007d463 6bc0106f 00078d13 01312a23 00000c13 02412703 000d0613 06410893 00070593 06010813 05c10793 00098713 00200693 00090513 c15fc0ef 00050d93 001a7793 00078463 4000106f 06412783 05c12703 41b787b3 00f12a23 ffd72793 00079663 00e9c463 2780106f ffeb0b13 fff70793 07610423 04f12e23 02b00693 0007d863 00100793 40e787b3 02d00693 06d104a3 00900713 00f74463 44c0106f 07710613 ccccd837 00060513 ccd80813 06300893 0307b733 00078593 00050f13 fff50513 00375713 00271693 00e686b3 00169693 40d787b3 03078793 00f50023 00070793 fcb8c8e3 03070793 fef50fa3 ffef0593 00c5e463 6400106f 41e608b3 00188813 00400693 000f0713 0106e463 6380106f 06f10523 00054783 06c10813 ffc8f693 06f105a3 00080513 00df05b3 00174783 00074e03 00274303 00879793 01c7e7b3 01031313 00f36333 00374783 00470713 00450513 01879793 0067e7b3 fef52e23 fce596e3 04d88863 00d806b3 0005c703 00158793 00e68023 02c7fe63 0015c703 00258793 00e680a3 02c7f663 0025c703 00358793 00e68123 00c7fe63 0035c703 00458793 00e681a3 00c7f663 0045c783 00f68223 01180833 06810793 40f807b3 02f12623 00078693 01412703 00100793 00d70833 00e7c463 32c0106f 02812783 00f80833 00080493 00085463 0e40106f 00000713 000c1463 1dc0106f 02d00793 00148493 000c8a13 04f10ba3 00000993 23c0006f ffca8d13 00300813 00400493 00000993 00000713 7ba04e63 00000c13 03012a23 02e12823 00100693 05710613 00040593 00090513 370030ef fff00793 03012703 03412803 c4f500e3 08000793 b0fc1ee3 409a8d33 b1a05ae3 01000c13 00013637 1fac52e3 02912a23 fff00c93 02e12823 000d0493 03012c23 00c0006f ff048493 1a9c58e3 000137b7 01000693 91478613 00040593 00090513 30c030ef ff9510e3 be5ff06f 000d0693 000d8613 00040593 00090513 02e12823 2ec030ef fff00793 03012703 aef51ee3 bbdff06f 00c12783 00478613 010a7793 00060693 0e079e63 00c12783 040a7593 0007a703 00070793 5a0598e3 0e074c63 1009c463 00e9e733 f7fa7593 480716e3 05714783 004a7713 00f034b3 00071463 78d0006f 00079463 50c0106f 00c12623 00058a13 00000813 00000993 00000713 0a010d93 00400c13 eddff06f 04000593 00090513 abdfa0ef 00a42023 00a42823 00051463 4800106f 0c912a23 0d312623 0d512223 0d612023 0b712e23 0b812c23 0b912a23 0ba12823 04000793 00f42a23 8a9ff06f 010a7793 1c079463 00c12783 040a7713 04010ba3 00478693 4c0700e3 0007d783 0409ca63 00f9e4b3 f7fa7613 10049ae3 004a7713 720718e3 00060a13 4290006f 00c12783 010a6a13 00478613 00c12783 00060693 0007a703 00070793 f00758e3 02d00793 04f10ba3 40e007b3 0009c463 f7fa7a13 00900513 0cf568e3 03078793 08f10fa3 00098493 01304463 00100493 05714783 7c078c63 00148493 00d12623 00100813 00000713 09f10d93 084a7c13 de0c10e3 919ff06f 00c12783 00100813 04010ba3 0007a783 00080493 00000993 06f10c23 00c12783 00000713 07810d93 00478793 00f12623 8ddff06f 00c12703 010a7793 00470713 36079863 040a7e13 360e0463 00c12783 01012683 00e12623 0007a783 00d79023 fb4ff06f 010a6a13 00c12783 04010ba3 0007a703 00478693 0009ca63 00e9e633 f7fa7793 4c060863 00078a13 0a010d93 00777793 000d8613 03078793 00375713 fefd8fa3 fffd8d93 fe0714e3 fd078793 48078663 001a7793 48078263 ffe60613 03000793 0a010713 40c70733 fefd8fa3 00098493 00e9d463 00070493 00060d93 084a7c13 000c1463 2a00106f 05714783 00d12623 00070813 00000713 cc079ee3 d05ff06f 040a6a13 000b8493 f50ff06f 010a6a13 00c12783 04010ba3 00478693 0007a783 e809cce3 00f9e733 f7fa7613 74071c63 004a7493 00d12623 00060a13 00000813 00000993 3a049ae3 00000713 0a010d93 fc0ff06f 010a7793 f00796e3 00c12703 040a7793 00470693 2a0782e3 04010ba3 00075703 f009d2e3 f11ff06f 000087b7 83078793 04f11c23 00c12783 04010ba3 00478713 0007a783 1609cee3 00f9e6b3 f7fa7593 20068ce3 00012637 00f7f693 4d860613 00c686b3 0006c683 0047d793 08d10fa3 00079463 1440106f 00e12623 0025ea13 00200713 07800b13 09f10d93 00f7f693 00d606b3 0006c683 0047d793 fffd8d93 00dd8023 fe0794e3 0a010793 41b78833 00098493 0109d463 00080493 00071463 1c40106f 084a7c13 00248493 0c0c04e3 05714783 06079ee3 00000713 03012a23 02e12823 00200693 05810613 ba5ff06f 05714783 840794e3 02000793 04f10ba3 000b8493 e00ff06f 001a6a13 000b8493 df4ff06f 02b00793 04f10ba3 000b8493 de4ff06f 080a6a13 000b8493 dd8ff06f 008a6a13 000b8493 dccff06f 000bcb03 02a00793 001b8b93 00fb1463 7d50006f fd0b0793 00900693 00000713 00000993 daf6e663 00271993 000bcb03 00e989b3 00199993 00f98733 fd0b0793 001b8b93 fef6f2e3 00070993 d8075263 fff00993 d7cff06f 00c12783 04010ba3 0007ad83 00478c13 3c0d88e3 3e09cce3 00098613 00000593 000d8513 685030ef 05714783 320506e3 41b50833 00080493 30084ce3 3e078ce3 00148493 01812623 00000993 00000713 cb9ff06f 00012637 4c460613 05800593 00c12703 010a7793 00470693 3c078263 00072783 001a7713 36070463 68078063 04b10ca3 03000593 04b10c23 00f7f593 04010ba3 00b605b3 0005c583 0e09c2e3 f7fa7e13 08b10fa3 0047d793 002e6a13 00079463 7950006f 00d12623 00200713 e35ff06f 00c12783 01012683 0007a783 00d7a023 00e12623 c50ff06f 01000c13 00013637 3f3c5e63 92460d13 fff00c93 00060a13 00c0006f ff098993 3f3c5063 01000693 000d0613 00040593 00090513 565020ef ff9512e3 e3cff06f 01412783 00100693 00f6c663 00da77b3 44078a63 00100693 000d8613 00040593 00090513 535020ef fff00993 e1350663 02812683 01c12603 00040593 00090513 519020ef df350a63 01412783 02412503 02012583 00000613 00000693 01378d33 4b4090ef 32051663 01412703 00100793 46e7ca63 02c12683 06810613 00040593 00090513 4d5020ef fff00793 d2f51c63 da8ff06f 02412503 02012583 00000613 00000693 f7fa7493 5bc090ef 7e054263 04700713 05714783 2f6756e3 00012db7 4b8d8d93 7e079263 004a7e13 000e1663 ffda8d13 09a04e63 00300813 00048a13 00080493 00080693 000d8613 f91ff06f 00098613 03012703 00048993 03812803 03412483 00098693 91460613 00040593 00090513 03012a23 02e12823 43d020ef fff00793 03012703 03412803 bef51c63 d08ff06f 0a010793 41b78733 00098493 b8e9dce3 00070493 b91ff06f 001a7493 2c049e63 0847f713 640706e3 05714703 600702e3 00d12623 00078a13 975ff06f 00300813 00048a13 00000993 00080493 00000713 02012823 01000c13 00013637 05ac5c63 02912c23 fff00c93 02e12a23 000d0493 03012e23 00c0006f ff048493 029c5263 000137b7 01000693 92478613 00040593 00090513 391020ef ff9510e3 c68ff06f 00048d13 03412703 03c12803 03812483 00013637 000d0693 92460613 00040593 00090513 03012c23 02e12a23 fff00c13 355020ef c3850863 05714783 03412703 03812803 54079263 03012783 ae078e63 00000c13 c05ff06f 00012637 3d460613 00100693 00040593 00090513 319020ef fff00793 bef50863 05c12783 01412703 00e7c663 001a7793 b6078463 02812683 01c12603 00040593 00090513 2e9020ef fff00993 bd350063 01412783 01378d33 b5a05063 00013637 01000c93 91460c13 00060b13 01acc863 4b40006f ff0d0d13 4bacd463 01000693 000c0613 00040593 00090513 2a1020ef ff3512e3 b78ff06f 04010ba3 3a09c463 00f9e5b3 f7fa7513 4c058263 00f7f593 00b605b3 0005c583 0047d793 00d12623 08b10fa3 00050a13 ae0792e3 00098493 01304463 00100493 00050a13 00100713 09f10d93 9c9ff06f 040a7793 2c078063 00075783 c39ff06f 02812683 01c12603 00040593 00090513 02e12823 221020ef fff00793 aef50c63 01412783 05c12d03 03012703 41a78d33 40e789b3 013d5463 000d0993 a5305863 00ed8633 00098693 00040593 00090513 1e5020ef fff00793 aaf50e63 05c12d03 01412783 41a78d33 a24ff06f 000d0693 001d8613 00040593 00090513 1b9020ef cd3518e3 a90ff06f 00d12623 00100813 00000713 09f10d93 948ff06f 000a0613 00098693 92460613 00040593 00090513 185020ef fff00793 9ef51c63 a58ff06f 00048d13 03012703 03812803 03412483 00013637 000d0693 91460613 00040593 00090513 03012a23 02e12823 149020ef fff00793 a2f50063 03412803 03012703 410989b3 8f8ff06f 03000713 08e10fa3 0847f713 74070a63 05714703 300704e3 00d12623 00078a13 00048813 00000993 00000713 09f10d93 00400c13 d70ff06f 000d8613 00040593 00090513 0e9020ef fff00793 bef51ee3 9bcff06f 00060a13 f30ff06f ccccd837 ccd80813 0a010d93 0307b733 00078593 fffd8d93 00375713 00271613 00e60633 00161613 40c787b3 03078793 00fd8023 00070793 fcb56ae3 0a010793 41b78733 00098493 30e9cc63 05714783 00f037b3 00f484b3 ff8ff06f 01100793 00013637 64e7d063 91460c13 01000c93 00060b13 00c0006f ff0d0d13 63acd263 01000693 000c0613 00040593 00090513 041020ef ff3512e3 918ff06f 01000993 00013637 61a9de63 02912823 91460c93 000d0493 fff00c13 00070b13 00060d13 00c0006f ff048493 5e99d463 01000693 000c8613 00040593 00090513 7f4020ef ff8512e3 8ccff06f 00012637 3d460613 00100693 00040593 00090513 7d4020ef fff00993 8b350663 05c12783 01412683 001a7713 00f6e7b3 00e7e7b3 24078e63 02812683 01c12603 00040593 00090513 7a0020ef 01351463 878ff06f 05c12783 4207c463 01412683 000d8613 aa9ff06f 00072783 97dff06f 04010ba3 2e09ce63 f7fa7793 5c098263 03000613 08c10fa3 00078a13 00098493 09f10d93 ed4ff06f 00c12783 00778793 ff87f793 0007a703 00878793 02e12223 ffc7a703 00f12623 02e12023 8dcff06f 01000993 00013637 11a9dc63 91460c93 fff00c13 00060b13 00c0006f ff0d0d13 0fa9de63 01000693 000c8613 00040593 00090513 6f4020ef ff8512e3 fcdfe06f 00f7f593 00b605b3 0005c583 0047d793 00d12623 08b10fa3 f4079863 00100493 00048713 09f10d93 e40ff06f 00000c13 00100693 05710613 00040593 00090513 03012823 6a4020ef fff00793 03012803 00f51463 f75fe06f f60ff06f 0025ea13 00e12623 00000813 00200493 07800b13 0a010d93 409a8d33 01a04c63 05714783 fa0796e3 00000713 00000c13 f30ff06f 00200793 00000713 02f12823 a7dff06f 00012637 00f7f693 4d860613 00c686b3 0006c683 0047d793 002a6a13 08d10fa3 080786e3 00e12623 07800b13 00200713 e98ff06f 00058a13 c6cff06f 000b0613 000d0693 91460613 925ff06f 00100693 05710613 00040593 00090513 03012c23 02e12a23 5e4020ef 01851463 ebdfe06f 03012783 03412703 03812803 a8079ce3 410989b3 d8dfe06f 004a7493 00050a13 08049c63 00d12623 00000813 00000993 0a010d93 d59fe06f 004a7993 f00988e3 00e12623 0025ea13 00000813 00200493 00000993 00000713 0a010d93 07800b13 00400c13 e48ff06f 00070493 ce9ff06f 00012637 4d860613 07800593 f48ff06f 00012a23 dc1fe06f 04010ba3 00072703 c609d263 c70ff06f 0007a783 b809cc63 00f9e5b3 f7fa7613 c4059ce3 004a7493 b4048463 00060a13 00000813 00000993 00d12623 00000493 0a010d93 410989b3 cd1fe06f 01071713 41075713 00070793 a48ff06f 08b10fa3 0047d793 002a6a13 f2079663 00070813 00d12623 00100493 09f10d93 d90ff06f 000d0993 d25fe06f 02d00793 04f10ba3 04700793 3967de63 00012db7 4b8d8d93 004a7e13 00048a13 900e0263 00100693 05710613 00040593 00090513 494020ef fff00793 00f51463 d69fe06f 00300813 00400493 809ff06f 03000793 08f10fa3 00070493 09f10d93 be8ff06f 00000993 00000493 00000713 0a010d93 410989b3 c19fe06f 00600993 02012783 3007c463 00078d13 00000c13 06600793 3efb1063 02412703 05c10793 00300693 00070593 000d0613 00098713 06410893 06010813 00090513 a9dfb0ef 00054683 03000713 00050d93 013507b3 46e68863 05c12703 02412503 00e78833 000d0593 00000613 00000693 01012a23 395080ef 01412803 3e050e63 06412783 3f07f263 03000693 00178713 06e12223 00d78023 06412783 ff07e8e3 41b787b3 04700693 00f12a23 05c12703 00d49463 e39fe06f 06600793 00fb0463 e41fe06f 001a7793 0137e7b3 4ee05463 42079463 00070493 00070813 06600b13 fa9fe06f ff000713 40f00d33 00013637 2ee7d463 91460c93 01000c13 00060b13 00c0006f ff0d0d13 2dac5663 01000693 000c8613 00040593 00090513 330020ef ff3512e3 c09fe06f 00000493 ce8ff06f 01812623 34078a63 00198493 00098813 00000713 00000993 998ff06f 00058a13 00c12623 00000813 00000993 0a010d93 aa1fe06f 00000493 00000713 f1dfe06f 01412783 1cf74263 001a7e13 1e0e1063 00070493 00075463 00000493 00070813 06700b13 ef5fe06f 00000813 00000993 00060a13 00d12623 00000713 0a010d93 410989b3 a61fe06f 00600793 00098493 0137f463 00078493 00012db7 01812623 4ecd8d93 00048813 00000993 00000713 a19fe06f 000d8513 20c030ef 00050813 00050493 00054663 05714783 c18ff06f 05714783 00000493 c0cff06f 01812623 00000993 00000713 9e1fe06f 000b0613 000d0693 91460613 935ff06f 000d0613 00048d13 03012483 000b0713 000d0693 91460613 00040593 00090513 02e12823 1fc020ef fff00793 03012703 00f50463 a1dfe06f ac9fe06f 05714783 06078063 00148493 000c8a13 00000993 864ff06f 00078a13 00d12623 00048813 00000993 09f10d93 96dfe06f 00012db7 4b4d8d93 d18ff06f 004a7493 00d12623 00078a13 00000813 98048263 00000493 00000713 0a010d93 410989b3 94dfe06f 000c8a13 00000993 925fe06f 02412503 000d0593 00000613 00000693 121080ef 00050e63 01412703 06412783 00ed8833 d907e6e3 41b787b3 00f12a23 05c12703 be1fe06f 80000d37 01a7cd33 02d00c13 cf9ff06f fff00793 00f12823 a15fe06f 00012db7 4b4d8d93 c69ff06f 02812683 00d78833 00e04663 40e80833 00180813 00080493 00084e63 06700b13 d31fe06f 02812783 00f70833 00080493 fe0856e3 00000493 06700b13 d15fe06f 03078793 06f105a3 03000793 06f10523 00400793 02f12623 00078693 cc9fe06f 00fa7733 00070463 cd1fe06f 00080493 00084463 cddfe06f 00000493 cd5fe06f 1607ce63 00078d13 00100793 00000c13 00f12a23 00078993 ad5fe06f 000b0613 000d0693 91460613 00040593 00090513 064020ef fff00793 8cf518e3 939fe06f 02412603 fbb48793 0017b793 013787b3 00060593 00f12a23 00078713 000d0613 05c10793 06410893 06010813 00200693 00090513 eb0fb0ef 04700793 00050d93 00f49463 a95fe06f 02412503 000d0593 00000613 00000693 7b8080ef 2a050063 01412703 06412783 00ed8833 c307e2e3 41b787b3 05c12703 00f12a23 c45ff06f 41b807b3 05c12703 00f12a23 c41ff06f 00098813 00098493 00000713 00000993 f60fe06f 02012783 f7fa7493 0e07d463 02d00793 04f10ba3 04700793 1367d863 00012db7 4c0d8d93 addff06f 02412503 000d0593 00000613 00000693 00f12a23 730080ef 01412783 0c051263 05c12703 00e787b3 41b787b3 00f12a23 bd1ff06f 02812783 00e98833 00f80833 00080493 02084063 06600b13 b79fe06f 02812783 00178813 01380833 00080493 fe0854e3 00000493 06600b13 b59fe06f 80000d37 01a7cd33 00100793 02d00c13 00f12a23 00078993 959fe06f 80000d37 01312a23 01a7cd33 02d00c13 945fe06f 00c12783 0007a983 00478793 0009c863 00f12623 000b8493 dccfe06f fff00993 00f12623 ff1ff06f 04700713 05714783 05675e63 00012db7 4c0d8d93 a18ff06f 00100713 41370733 04e12e23 aadff06f f60790e3 00100493 00048813 06600b13 ac5fe06f 00200793 02f12623 00078693 a89fe06f 06a10693 06c10813 a21fe06f 00012db7 4bcd8d93 9b1ff06f 00012db7 4bcd8d93 9c0ff06f 00098493 01304463 00100493 00e12623 0025ea13 00100813 09f10d93 07800b13 eedfe06f 00098493 01304463 00100493 00070813 00d12623 09f10d93 ed1fe06f 00048813 00000993 00078a13 00d12623 09f10d93 410989b3 dc0fe06f 00000813 00000993 00078a13 00d12623 0a010d93 410989b3 da4fe06f 00070813 00d12623 00000713 d80fe06f 00c00713 06e22023 fff00793 00f12823 ec8fe06f 00078a13 00d12623 00000813 00000993 0a010d93 d54fe06f 00100493 00e12623 00048813 09f10d93 07800b13 e45fe06f 00c12683 00080713 cfdfe06f 00000813 00000993 00058a13 00c12623 00000713 0a010d93 410989b3 d24fe06f 05c12703 809fe06f f2010113 0c112e23 0c812c23 0d212823 0d412423 0bb12623 00068a13 00060d93 00058413 00050913 7ac020ef 00052783 00078513 00f12e23 4c1020ef 05c22783 02a12423 6c0788e3 06442703 00c41783 00177713 00071663 2007f713 66070063 0087f793 22078a63 01042783 22078663 000137b7 93478793 0b712e23 0c912a23 0d312623 0d512223 0d612023 0b812c23 0b912a23 0ba12823 00f12c23 00012a23 02012223 02012023 02012623 00012823 000d8b93 01412623 000bc783 000b8493 fdb78713 02070263 02078063 0014c783 00148493 00078663 fdb78713 fe0718e3 417489b3 05749263 22078a63 00148493 04010ba3 fff00993 00000a93 00000a13 0004cb03 00148b93 fe0b0793 05800713 08f76063 01812703 00279793 00e787b3 0007a783 00078067 000b8613 00098693 00040593 00090513 381010ef fff00793 1cf50e63 01012783 013787b3 00f12823 0004c783 f95ff06f fd0b0793 00000a93 00900693 002a9713 000bcb03 01570ab3 001a9a93 01578ab3 fd0b0793 001b8b93 fef6f2e3 fe0b0793 05800713 f8f774e3 180b0663 00100813 07610c23 04010ba3 00080493 00000993 00000713 07810d93 084a7c13 560c1063 409a8d33 4ba048e3 05714783 52079063 410989b3 11304263 100a7793 3e078ce3 06500793 3167d6e3 02412503 02012583 00000613 00000693 02e12823 318080ef 03012703 520502e3 05c12783 00f04463 0240106f 01412783 00070d13 00e7d463 00078d13 55a04a63 000d5463 00000d13 41a70d33 01a05463 0600106f 05c12d03 01412783 5cfd4ee3 001a7793 5c079ae3 01412783 41a78d33 40e789b3 013d5463 36c0106f 0009d463 00000993 413d0d33 01a05463 0c80106f 004a7e13 000e0663 409a89b3 233046e3 009ad463 00048a93 01012783 015787b3 00f12823 e25ff06f 00040593 00090513 380020ef dc0506e3 06442783 0017f793 00079a63 00c45783 2007f793 00079463 1250106f fff00793 00f12823 08c0006f 01000c13 00013637 313c5ae3 02912a23 a9860d13 00098493 fff00c93 02e12823 03012c23 00060993 00c0006f ff048493 2c9c5ce3 01000693 000d0613 00040593 00090513 1a5010ef ff9512e3 06442703 00c41783 00177713 04070863 0407f793 00078463 5680106f 0d412483 0cc12983 0c412a83 0c012b03 0bc12b83 0b812c03 0b412c83 0b012d03 0dc12083 0d812403 01012503 0d012903 0c812a03 0ac12d83 0e010113 00008067 2007f713 fa0718e3 05842503 6bc040ef 00c41783 fa1ff06f 010a6a13 000b8493 d69ff06f 00c12783 0007aa83 00478793 00f12623 fe0ad4e3 41500ab3 004a6a13 000b8493 d45ff06f 008a7793 70078ce3 00c12783 04010513 0007a783 0007a703 04e12023 0047a703 04e12223 0087a703 04e12423 00c7a783 04f12623 260090ef 00c12783 02b12023 02a12223 00478793 00f12623 00058713 000127b7 6a87ac03 6ac7ac83 02412d03 00171493 0014d593 000d0513 000c0613 000c8693 040090ef 00051e63 000d0513 0014d593 000c0613 000c8693 210080ef 12a046e3 02412703 02012783 00070613 00078693 00070513 00078593 008090ef 00050463 5ec0106f fff00793 100a6c93 fdfb7493 00f99463 15c0106f 04700793 00f48463 1540106f 02012783 00099463 4bc0106f 0007d463 6780106f 00078d13 01312a23 00000c13 02412703 000d0613 06410893 00070593 06010813 05c10793 00098713 00200693 00090513 f05fa0ef 00050d93 001a7793 00078463 3bc0106f 06412783 05c12703 41b787b3 00f12a23 ffd72793 00079663 00e9c463 2480106f ffeb0b13 fff70793 07610423 04f12e23 02b00693 0007d863 00100793 40e787b3 02d00693 06d104a3 00900713 00f74463 3fc0106f 07710613 ccccd837 00060513 ccd80813 06300893 0307b733 00078593 00050f13 fff50513 00375713 00271693 00e686b3 00169693 40d787b3 03078793 00f50023 00070793 fcb8c8e3 03070793 fef50fa3 ffef0593 00c5e463 6080106f 41e608b3 00188813 00400693 000f0713 0106e463 6000106f 06f10523 00054783 06c10813 ffc8f693 06f105a3 00080513 00df05b3 00174783 00074e03 00274303 00879793 01c7e7b3 01031313 00f36333 00374783 00470713 00450513 01879793 0067e7b3 fef52e23 fce596e3 04d88863 00d806b3 0005c703 00158793 00e68023 02c7fe63 0015c703 00258793 00e680a3 02c7f663 0025c703 00358793 00e68123 00c7fe63 0035c703 00458793 00e681a3 00c7f663 0045c783 00f68223 01180833 06810793 40f807b3 02f12623 00078693 01412703 00100793 00d70833 00e7c463 2f80106f 02812783 00f80833 00080493 00085463 0b40106f 00000713 000c1463 18c0106f 02d00793 00148493 000c8a13 04f10ba3 00000993 2580006f 05842503 34c040ef 00c41783 999ff06f ffca8d13 00300813 00400493 00000993 00000713 79a04663 00000c13 03012a23 02e12823 00100693 05710613 00040593 00090513 5b8010ef fff00793 03012703 03412803 c0f506e3 08000793 aafc18e3 409a8d33 aba054e3 01000c13 00013637 19ac5ee3 02912a23 fff00c93 02e12823 000d0493 03012c23 00c0006f ff048493 169c54e3 000137b7 01000693 a9878613 00040593 00090513 554010ef ff9510e3 bb1ff06f 000d0693 000d8613 00040593 00090513 02e12823 534010ef fff00793 03012703 a8f518e3 b89ff06f 00c12783 00478613 010a7793 00060693 10079463 00c12783 040a7593 0007a703 00070793 560590e3 10074263 1009ca63 00e9e733 f7fa7593 480714e3 05714783 004a7713 00f034b3 740708e3 00079463 4580106f 00c12623 00058a13 00000813 00000993 00000713 0a010d93 00400c13 ee1ff06f 00c12783 04010ba3 0007ad83 00478c13 760d80e3 0009d463 7950006f 00098613 00000593 000d8513 550020ef 05714783 6c0508e3 41b50833 00080493 6e0840e3 74078ee3 00148493 01812623 00000993 00000713 0b00006f 05714783 b20796e3 02000793 04f10ba3 000b8493 889ff06f 001a6a13 000b8493 87dff06f 02b00793 04f10ba3 000b8493 86dff06f 080a6a13 000b8493 861ff06f 00c12783 010a6a13 00478613 00c12783 00060693 0007a703 00070793 f00752e3 02d00793 04f10ba3 40e007b3 0009c463 f7fa7a13 00900513 0af56ae3 03078793 08f10fa3 00098493 01304463 00100493 05714783 7a078463 00148493 00d12623 00100813 00000713 09f10d93 084a7c13 dc0c1ae3 8a1ff06f 000bcb03 02a00793 001b8b93 00fb1463 1cc0106f fd0b0793 00900693 00000713 00000993 fcf6e463 00271993 000bcb03 00e989b3 00199993 00f98733 fd0b0793 001b8b93 fef6f2e3 00070993 fa075063 fff00993 f98ff06f 040a6a13 000b8493 f84ff06f 010a6a13 00c12783 04010ba3 0007a703 00478693 0009ca63 00e9e633 f7fa7793 48060a63 00078a13 0a010d93 00777793 000d8613 03078793 00375713 fefd8fa3 fffd8d93 fe0714e3 fd078793 44078863 001a7793 44078463 ffe60613 03000793 0a010713 40c70733 fefd8fa3 00098493 00e9d463 00070493 00060d93 084a7c13 000c1463 29c0106f 05714783 00d12623 00070813 00000713 cc0798e3 cf9ff06f 010a6a13 00c12783 04010ba3 00478693 0007a783 ea09c2e3 00f9e733 f7fa7613 74071463 004a7493 00d12623 00060a13 00000813 00000993 36049ae3 00000713 0a010d93 f54ff06f 008a6a13 000b8493 e90ff06f 00c12783 00100813 04010ba3 0007a783 00080493 00000993 06f10c23 00c12783 00000713 07810d93 00478793 00f12623 f0cff06f 010a7793 f6079ce3 00c12783 040a7713 04010ba3 00478693 6a071a63 0007a783 e009c8e3 00f9e5b3 f7fa7613 6a059a63 004a7493 00060a13 1c048ce3 00000813 00000993 00d12623 00000493 0a010d93 410989b3 ed0ff06f 010a7793 e80790e3 00c12703 040a7793 00470693 20078ce3 04010ba3 00075703 e609dce3 e85ff06f 000087b7 83078793 04f11c23 00c12783 04010ba3 00478713 0007a783 0e09c0e3 00f9e6b3 f7fa7593 16068ee3 00012637 00f7f693 4d860613 00c686b3 0006c683 0047d793 08d10fa3 00079463 0ec0106f 00e12623 0025ea13 00200713 07800b13 09f10d93 00f7f693 00d606b3 0006c683 0047d793 fffd8d93 00dd8023 fe0794e3 0a010793 41b78833 00098493 0109d463 00080493 00071463 0180106f 084a7c13 00248493 020c06e3 05714783 7c079863 00000713 03012a23 02e12823 00200693 05810613 b0dff06f 00c12703 010a7793 00470713 08079a63 040a7e13 080e0663 00c12783 01012683 00e12623 0007a783 00d79023 c9cff06f 00012637 4c460613 05800593 00c12703 010a7793 00470693 3c078863 00072783 001a7713 36070a63 6a078e63 04b10ca3 03000593 04b10c23 00f7f593 04010ba3 00b605b3 0005c583 1209cce3 f7fa7e13 08b10fa3 0047d793 002e6a13 00079463 7710006f 00d12623 00200713 efdff06f 00c12783 01012683 0007a783 00d7a023 00e12623 c14ff06f 01000c13 00013637 453c5863 aa860d13 fff00c93 00060a13 00c0006f ff098993 433c5a63 01000693 000d0613 00040593 00090513 7dd000ef ff9512e3 e38ff06f 01412783 00100693 00f6c663 00da77b3 46078063 00100693 000d8613 00040593 00090513 7ad000ef fff00993 e1350463 02812683 01c12603 00040593 00090513 791000ef df350863 01412783 02412503 02012583 00000613 00000693 01378d33 7c4070ef 32051c63 01412703 00100793 48e7ca63 02c12683 06810613 00040593 00090513 74d000ef fff00793 cef51e63 da4ff06f 02412503 02012583 00000613 00000693 f7fa7493 0cd070ef 7a054463 04700713 05714783 2b675ee3 00012db7 4b8d8d93 7a079463 004a7e13 000e1663 ffda8d13 09a04e63 00300813 00048a13 00080493 00080693 000d8613 f91ff06f 00098613 03012703 00048993 03812803 03412483 00098693 a9860613 00040593 00090513 03012a23 02e12823 6b5000ef fff00793 03012703 03412803 baf51e63 d04ff06f 0a010793 41b78733 00098493 bce9dae3 00070493 bcdff06f 001a7493 2e049463 0847f713 5e0704e3 05714703 62070ee3 00d12623 00078a13 9a1ff06f 00300813 00048a13 00000993 00080493 00000713 02012823 01000c13 00013637 05ac5c63 02912c23 fff00c93 02e12a23 000d0493 03012e23 00c0006f ff048493 029c5263 000137b7 01000693 aa878613 00040593 00090513 609000ef ff9510e3 c64ff06f 00048d13 03412703 03c12803 03812483 00013637 000d0693 aa860613 00040593 00090513 03012c23 02e12a23 fff00c13 5cd000ef c3850663 05714783 03412703 03812803 56079863 03012783 ac078063 00000c13 ccdff06f 00090513 910f90ef 92cff06f 00012637 3d460613 00100693 00040593 00090513 585000ef fff00793 bef50063 05c12783 01412703 00e7c663 001a7793 b2078063 02812683 01c12603 00040593 00090513 555000ef fff00993 bb350863 01412783 01378d33 afa05c63 00013637 01000c93 a9860c13 00060b13 01acc863 4d40006f ff0d0d13 4dacd463 01000693 000c0613 00040593 00090513 50d000ef ff3512e3 b68ff06f 04010ba3 3a09cc63 00f9e5b3 f7fa7513 4e058263 00f7f593 00b605b3 0005c583 0047d793 00d12623 08b10fa3 00050a13 ba0790e3 00098493 01304463 00100493 00050a13 00100713 09f10d93 9f9ff06f 040a7793 32078063 00075783 c2dff06f 02812683 01c12603 00040593 00090513 02e12823 48d000ef fff00793 aef50463 01412783 05c12d03 03012703 41a78d33 40e789b3 013d5463 000d0993 a1305463 00ed8633 00098693 00040593 00090513 451000ef fff00793 aaf50663 05c12d03 01412783 41a78d33 9dcff06f 000d0693 001d8613 00040593 00090513 425000ef cd3512e3 a80ff06f 00d12623 00100813 00000713 09f10d93 900ff06f 00048d13 03012703 03812803 03412483 00013637 000d0693 a9860613 00040593 00090513 03012a23 02e12823 3d9000ef fff00793 a2f50a63 03412803 03012703 410989b3 8d4ff06f 000a0613 00098693 aa860613 00040593 00090513 3a9000ef fff00793 96f51463 a00ff06f 03000713 08e10fa3 0847f713 70070c63 05714703 2c070ce3 00d12623 00078a13 00048813 00000993 00000713 09f10d93 00400c13 d94ff06f 000d8613 00040593 00090513 355000ef fff00793 bef518e3 9acff06f 0007d783 f609c063 00f9e733 f7fa7613 94070ae3 00060a13 f4cff06f ccccd837 ccd80813 0a010d93 0307b733 00078593 fffd8d93 00375713 00271613 00e60633 00161613 40c787b3 03078793 00fd8023 00070793 fcb56ae3 0a010793 41b78733 00098493 32e9ca63 05714783 00f037b3 00f484b3 815ff06f 01100793 00013637 5ee7d863 a9860c13 01000c93 00060b13 00c0006f ff0d0d13 5dacda63 01000693 000c0613 00040593 00090513 299000ef ff3512e3 8f4ff06f 00012637 3d460613 00100693 00040593 00090513 279000ef fff00993 8d350a63 05c12783 01412683 001a7713 00f6e7b3 00e7e7b3 2a078a63 02812683 01c12603 00040593 00090513 245000ef 8b350263 05c12783 4407c463 01412683 000d8613 ad9ff06f 01000993 00013637 57a9d463 02912823 a9860c93 000d0493 fff00c13 00070b13 00060d13 00c0006f ff048493 5299da63 01000693 000c8613 00040593 00090513 1e9000ef ff8512e3 844ff06f 00c12783 00778793 ff87f793 0007a703 00878793 02e12223 ffc7a703 00f12623 02e12023 910ff06f 04010ba3 2809c263 f7fa7793 54098c63 03000613 08c10fa3 00078a13 00098493 09f10d93 ed4ff06f 00072783 911ff06f 01000993 00013637 13a9d463 a9860c93 fff00c13 00060b13 00c0006f ff0d0d13 11a9d663 01000693 000c8613 00040593 00090513 151000ef ff8512e3 fadfe06f 00f7f593 00b605b3 0005c583 0047d793 00d12623 08b10fa3 fe079e63 00100493 00048713 09f10d93 e60ff06f 00000c13 00100693 05710613 00040593 00090513 03012823 101000ef fff00793 03012803 80f51ae3 06442703 00c41783 00177713 00070463 f55fe06f f9dfe06f 0025ea13 00e12623 00000813 00200493 07800b13 0a010d93 409a8d33 01a04c63 05714783 f8079ee3 00000713 00000c13 fccff06f 00200793 00000713 02f12823 a51ff06f 00012637 00f7f693 4d860613 00c686b3 0006c683 0047d793 002a6a13 08d10fa3 76078e63 00e12623 07800b13 00200713 f34ff06f 00058a13 c7cff06f 000b0613 000d0693 a9860613 8f9ff06f 00100693 05710613 00040593 00090513 03012c23 02e12a23 031000ef 01851463 e8dfe06f 03012783 03412703 03812803 a60796e3 410989b3 d25fe06f 004a7493 00050a13 e2049863 00d12623 00000813 00000993 0a010d93 cf1fe06f 004a7993 f00988e3 00e12623 0025ea13 00000813 00200493 00000993 00000713 0a010d93 07800b13 00400c13 ee4ff06f 00012637 4d860613 07800593 f24ff06f 00070493 ccdff06f 00012a23 d59fe06f 01071713 41075713 00070793 a98ff06f 04010ba3 00072703 c609d263 c70ff06f 02d00793 04f10ba3 04700793 3b67d463 00012db7 4b8d8d93 004a7e13 00048a13 960e0863 00100693 05710613 00040593 00090513 748000ef fff00793 00f51463 da1fe06f 00300813 00400493 845ff06f 03000793 08f10fa3 00070493 09f10d93 c60ff06f 08b10fa3 0047d793 002a6a13 ec079c63 00070813 00d12623 00100493 09f10d93 e04ff06f 000d0993 c95fe06f 00000993 00000493 00000713 0a010d93 410989b3 bedfe06f 00600993 02012783 2e07ca63 00078d13 00000c13 06600793 38fb1e63 02412703 05c10793 00300693 00070593 000d0613 00098713 06410893 06010813 00090513 dbdf90ef 00054683 03000713 00050d93 013507b3 44e68863 05c12703 02412503 00e78833 000d0593 00000613 00000693 01012a23 6b5060ef 01412803 3e050863 06412783 3b07f063 03000693 00178713 06e12223 00d78023 06412783 ff07e8e3 41b787b3 04700693 00f12a23 05c12703 00d49463 e69fe06f 06600793 00fb0463 e71fe06f 001a7793 0137e7b3 4ee05063 40079463 00070493 00070813 06600b13 fd9fe06f ff000713 40f00d33 00013637 34e7d463 a9860c93 01000c13 00060b13 00c0006f ff0d0d13 33ac5663 01000693 000c8613 00040593 00090513 5b8000ef ff3512e3 c15fe06f 01812623 32078663 00198493 00098813 00000713 00000993 9ecff06f 00000493 920ff06f 00058a13 00c12623 00000813 00000993 0a010d93 a75fe06f 00000493 00000713 f4dfe06f 01412783 1af74263 001a7e13 1c0e1063 00070493 00075463 00000493 00070813 06700b13 f25fe06f 00600793 00098493 0137f463 00078493 00012db7 01812623 4ecd8d93 00048813 00000993 00000713 a0dfe06f 01812623 00000993 00000713 9fdfe06f 000d8513 53c010ef 00050813 00050493 00054663 05714783 87cff06f 05714783 00000493 870ff06f 000b0613 000d0693 a9860613 971ff06f 000d0613 00048d13 03012483 000b0713 000d0693 a9860613 00040593 00090513 02e12823 4a4000ef fff00793 03012703 00f50463 a11fe06f af5fe06f 05714783 06078063 00148493 000c8a13 00000993 8d0ff06f 00078a13 00d12623 00048813 00000993 09f10d93 961fe06f 00012db7 4b4d8d93 d48ff06f 004a7493 00d12623 00078a13 00000813 9e048263 00000493 00000713 0a010d93 410989b3 941fe06f 000c8a13 00000993 919fe06f fff00793 00f12823 a95fe06f 02412503 000d0593 00000613 00000693 455060ef 00050e63 01412703 06412783 00ed8833 db07e0e3 41b787b3 00f12a23 05c12703 c25fe06f 80000d37 01a7cd33 02d00c13 d0dff06f 00012db7 4b4d8d93 c5dff06f 02812683 00d78833 00e04663 40e80833 00180813 00080493 00084e63 06700b13 d81fe06f 02812783 00f70833 00080493 fe0856e3 00000493 06700b13 d65fe06f 03078793 06f105a3 03000793 06f10523 00400793 02f12623 00078693 d19fe06f 1e07c863 00078d13 00100793 00000c13 00f12a23 00078993 b45fe06f 00fa7733 00070463 d05fe06f 00080493 00084463 d11fe06f 00000493 d09fe06f 02412603 fbb48793 0017b793 013787b3 00060593 00f12a23 00078713 000d0613 05c10793 06410893 06010813 00200693 00090513 a15f90ef 04700793 00050d93 00f49463 b09fe06f 02412503 000d0593 00000613 00000693 31d060ef 2a050e63 01412703 06412783 00ed8833 c707e4e3 41b787b3 05c12703 00f12a23 c89ff06f 000b0613 000d0693 a9860613 00040593 00090513 28c000ef fff00793 84f518e3 8e5fe06f 00098813 00098493 00000713 00000993 f64fe06f 41b807b3 05c12703 00f12a23 c4dff06f 02012783 f7fa7493 0c07d663 02d00793 04f10ba3 04700793 1167d063 00012db7 4c0d8d93 ad1ff06f 02412503 000d0593 00000613 00000693 00f12a23 271060ef 01412783 0c051263 05c12703 00e787b3 41b787b3 00f12a23 bf1ff06f 02812783 00e98833 00f80833 00080493 02084063 06600b13 bc9fe06f 02812783 00178813 01380833 00080493 fe0854e3 00000493 06600b13 ba9fe06f 00c12783 0007a983 00478793 0009c863 00f12623 000b8493 df0fe06f fff00993 00f12623 ff1ff06f 80000d37 01312a23 01a7cd33 02d00c13 989fe06f 04700713 05714783 05675463 00012db7 4c0d8d93 a64ff06f 80000d37 01a7cd33 00100793 02d00c13 00f12a23 00078993 955fe06f 00100713 41370733 04e12e23 acdff06f 00012db7 4bcd8d93 9d5ff06f 00012db7 4bcd8d93 a20ff06f f40794e3 00100493 00048813 06600b13 afdfe06f 00200793 02f12623 00078693 ac1fe06f 06a10693 06c10813 a59fe06f 00100493 00e12623 00048813 09f10d93 07800b13 ff1fe06f 00c12683 00080713 e1dfe06f 05842503 659020ef ed8fe06f 00098493 01304463 00100493 00070813 00d12623 09f10d93 fbdfe06f 00048813 00000993 00078a13 00d12623 09f10d93 410989b3 da8fe06f 00078a13 00d12623 00000813 00000993 0a010d93 d7cfe06f 00000813 00000993 00058a13 00c12623 00000713 0a010d93 410989b3 d70fe06f 00098493 01304463 00100493 00e12623 0025ea13 00100813 09f10d93 07800b13 f45fe06f 00000813 00000993 00078a13 00d12623 0a010d93 410989b3 d30fe06f 00070813 00d12623 00000713 d0cfe06f 05c12703 861fe06f fe010113 01412423 00112e23 00d60a33 06068a63 00812c23 00912a23 01212823 01312623 00060413 00050993 00058913 fff00493 0080006f 03440e63 00044583 00090613 00098513 634000ef 00140413 fe9514e3 01812403 01c12083 01412483 01012903 00c12983 00812a03 02010113 00008067 01812403 01412483 01012903 00c12983 01c12083 00812a03 00000513 02010113 00008067 fe010113 01212823 0085a903 00812c23 00912a23 00112e23 00050893 00058413 0005a503 00068493 00060793 0d26ee63 00c59703 48077693 04069463 00090493 00078593 00048613 249000ef 00842703 00042783 00000513 41270733 009787b3 00e42423 00f42023 01c12083 01812403 01412483 01012903 02010113 00008067 0145a803 0105a583 00148693 00181613 01060633 01f65913 00c90933 40b50833 40195913 010686b3 00090613 00d97663 00068913 00068613 40077713 04070a63 00060593 00088513 00f12423 01012223 f94f70ef 08050663 01042583 00412603 00a12623 951f80ef 00c45683 00412803 00c12703 b7f6f693 0806e693 00812783 00d41623 0300006f 00068913 f35ff06f 00088513 00f12623 01012423 01112223 154010ef 00812803 00c12783 00050713 02050263 01070533 41090833 01242a23 00e42823 00a42023 01042423 00048913 ef1ff06f 01042583 00412503 f25fa0ef 00c45703 04076713 00c00693 00e41623 06d22023 fff00513 ef1ff06f ff010113 00112623 01212023 0e058263 05c22783 00812423 00912223 00058413 00050493 10078263 990f80ef 06442783 00c41703 0017f793 0a079463 20077713 0e070863 00040593 00048513 118000ef 02c42783 00050913 00078a63 01c42583 00048513 000780e7 0a054063 00c45783 0807f793 0a079263 03042583 00058c63 04040793 00f58663 00048513 e79fa0ef 02042823 04442583 00058863 00048513 e65fa0ef 04042223 06442783 00041623 0017f793 0a078263 05842503 281020ef 900f80ef 00c12083 00812403 00412483 00090513 00012903 01010113 00008067 f60712e3 8dcf80ef 00812403 00412483 00c12083 00000913 00090513 00012903 01010113 00008067 00c45783 fff00913 0807f793 f60782e3 01042583 00048513 de5fa0ef f55ff06f 834f80ef efdff06f 05842503 20d020ef 00c41783 f00794e3 06442783 0017f793 f8079ee3 05842503 225020ef f91ff06f 05842503 219020ef f59ff06f 00c59783 fe010113 00812c23 01312623 00112e23 0087f713 00058413 00050993 0e071263 0045a703 16e05463 02842703 0a070e63 01212823 00912a23 06022483 06022023 01379693 1606c063 01c42583 00100693 00000613 00098513 000700e7 fff00713 18e50663 00c41783 02842703 0047f793 00078e63 00442683 03042783 40d50533 00078663 03c42783 40f50533 01c42583 00050613 00000693 00098513 000700e7 fff00713 00c41683 10e50263 01042783 00042223 00f42023 01369793 1207c463 03042583 06922023 0c058863 04040793 00f58663 00098513 cc5fa0ef 01412483 01012903 02042823 00000513 01c12083 01812403 00c12983 02010113 00008067 01212823 0105a903 08090a63 00912a23 0005a483 0037f793 0125a023 412484b3 00000713 00079463 0145a703 00e42423 00904863 0640006f 00a90933 04905e63 02442783 01c42583 00048693 00090613 00098513 000780e7 40a484b3 fca04ee3 00c45783 01c12083 01412483 0407e793 00f41623 01812403 01012903 00c12983 fff00513 02010113 00008067 03c5a703 e8e04ce3 f55ff06f 01412483 01012903 f49ff06f 05042503 ec5ff06f 06022603 01d00793 06c7ec63 20400737 00170713 00c75733 00177713 06070263 01042783 00042223 00f42023 01369793 ee07d2e3 ee0610e3 04a42823 ed9ff06f 06022783 e6078ae3 fe378713 02070263 fea78793 00078e63 00c45783 01412483 01012903 0407e793 00f41623 ed5ff06f 06922023 01012903 01412483 ec1ff06f 0406e693 01412483 01012903 00d41623 eb1ff06f 05c22783 fe010113 00112e23 00050693 08078c63 00c59783 04078263 0645a703 00177713 00071663 2007f793 04078063 00068513 00b12423 d85ff0ef 00812583 00050793 0645a703 00177713 00071863 00c5d703 20077713 02070863 01c12083 00078513 02010113 00008067 0585a503 00d12623 00b12423 720020ef 00c12683 00812583 fadff06f 00a12423 0585a503 73c020ef 00812783 01c12083 00078513 02010113 00008067 00b12623 00a12423 d05f70ef 00c12583 00812683 f59ff06f 05c22783 fe010113 00112e23 00050713 08078e63 06462783 0017f793 00079863 00c65783 2007f793 06078063 00070513 00c12223 098000ef 00412603 00050713 06462783 0017f793 00079863 00c65783 2007f793 00078a63 01c12083 00070513 02010113 00008067 00a12223 05862503 69c020ef 00412703 01c12083 00070513 02010113 00008067 05862503 00b12623 00e12423 00c12223 640020ef 00c12583 00812703 00412603 f85ff06f 00c12623 00b12423 00a12223 c3df70ef 00c12603 00812583 00412703 f4dff06f 05c22783 fe010113 00112e23 00050693 0c078c63 06462783 0017f793 00079863 00c65783 2007f793 06078e63 00862783 0ff5f713 fff78793 00f62423 0007da63 01862503 04a7c463 ff670793 04078063 00062783 0ff5f593 00178693 00d62023 00e78023 06462783 0017f793 00079863 00c65783 2007f793 04078863 01c12083 00058513 02010113 00008067 00068513 00c12223 074000ef 00412603 00050593 fc5ff06f 05862503 00b12623 00d12423 00c12223 558020ef 00c12583 00812683 00412603 f69ff06f 05862503 00b12223 570020ef 00412583 01c12083 00058513 02010113 00008067 00c12623 00b12423 00a12223 b35f70ef 00c12603 00812583 00412683 f11ff06f 05c22783 fe010113 00812c23 00912a23 00112e23 00058413 00050493 0e078663 01862703 00c65783 00e62423 0087f793 06078863 01062783 06078463 00062703 01462683 40f707b3 08d7d263 00178793 00862683 00170593 00b62023 fff68693 00d62423 00870023 01462703 0ff47413 08f70063 ff640793 00079863 00c65783 0017f793 06079663 01c12083 00040513 01812403 01412483 02010113 00008067 00060593 00048513 00c12623 06c000ef 04051863 00c12603 01062783 00062703 01462683 40f707b3 f8d7c2e3 00060593 00048513 00c12623 c95ff0ef 00c12603 02051063 00062703 00100793 f65ff06f 00060593 00048513 c75ff0ef f80506e3 fff00413 f85ff06f 00c12623 a15f70ef 00c12603 f0dff06f 05c22783 fe010113 00112e23 00050613 00058713 14078063 00c71783 0087f693 02068a63 01072683 04068a63 0017f693 0a068663 01472783 00072423 40f007b3 00f72c23 00000513 01c12083 02010113 00008067 0107f693 14068263 0047f693 08069863 01072683 0087e793 01079793 4107d793 00f71623 fa069ae3 00c72583 20000513 2805f593 0aa58a63 00060513 00070593 00e12423 545010ef 00812703 00c71783 01072683 0017f613 0c060263 01472603 00072423 40c00633 00c72c23 f80692e3 0807f693 f6068ee3 0407e793 00f71623 fff00513 f71ff06f 0027f793 04079a63 01472783 00f72423 f59ff06f 03072583 02058663 04070693 02d58063 00060513 00e12623 00c12423 ea4fa0ef 00c12703 00812603 00c71783 02072823 01072683 fdb7f793 00072223 00d72023 f39ff06f 00072423 f0dff06f 0017f613 04061463 0027f613 02060a63 00072423 f75ff06f 00a12423 00000513 00b12623 8a9f70ef 00c12703 00812603 eadff06f 0027f613 00000593 00061463 01472583 00b72423 f3dff06f 01472683 00072423 40d006b3 00d72c23 f2dff06f 0407e793 00900613 00f71623 06c22023 fff00513 e99ff06f 00013537 33450513 00008067 04b56a63 00c587b3 1ef56663 00400793 1ec7e063 3e060063 0005c703 fff60793 00e50023 02078663 0015c683 00100713 00d500a3 00e78e63 0025c703 00300793 00e50123 00f60663 0035c783 00f501a3 00008067 00c507b3 faf5fae3 00300713 32c77c63 00a5e733 00377713 32071a63 02300293 00050793 06c2f263 0005af83 0045af03 0085ae83 00c5ae03 0105a303 0145a883 0185a803 01c5a683 0205a703 fdc60613 01f7a023 01e7a223 01d7a423 01c7a623 0067a823 0117aa23 0107ac23 00d7ae23 02e7a023 02458593 02478793 fac2e6e3 00300713 08c77863 0005a803 ffc60693 00300713 0107a023 06d77663 0045a803 ff860693 0107a223 04d77e63 0085a803 ff460693 0107a423 04d77663 00c5a803 ff060693 0107a623 02d77e63 0105a803 fec60693 0107a823 02d77663 0145a803 fe860693 0107aa23 00d77e63 0185a803 fe460693 0107ac23 00d77663 01c5a703 00e7ae23 ffc67713 00e787b3 00e585b3 00367613 ee0604e3 0005c683 fff60713 00d78023 ec070ce3 0015c803 00200693 010780a3 ecd604e3 00d58833 ffd60613 00d786b3 00084803 01068023 ea0608e3 0035c603 00300693 00c781a3 ead700e3 0045c603 00400693 00c78223 e8d708e3 0055c603 00500693 00c782a3 e8d700e3 0065c603 00600693 00c78323 e6d708e3 0075c703 00e783a3 00008067 db5f706f 00300693 00c50733 10c6fe63 00f766b3 0036f693 00078813 1c069263 02300293 06c2f263 fdc7af83 fe07af03 fe47ae83 fe87ae03 fec7a303 ff07a883 ff47a803 ff87a583 ffc7a683 fdc60613 fdf72e23 ffe72023 ffd72223 ffc72423 fe672623 ff172823 ff072a23 feb72c23 fed72e23 fdc78793 fdc70713 fac2e6e3 00300693 0ac6f263 ffc7a803 ffc60593 00300693 ff072e23 06b6f663 ff87a803 ff860593 ff072c23 04b6fe63 ff47a803 ff460593 ff072a23 04b6f663 ff07a803 ff060593 ff072823 02b6fe63 fec7a803 fec60593 ff072623 02b6f663 fe87a803 fe860593 ff072423 00b6fe63 fe47a803 fe460593 ff072223 00b6f663 fe07a683 fed72023 00265693 fff68693 40d006b3 00269693 ffc78793 ffc70713 00d787b3 00d70733 00367613 1e060e63 fff7c583 fff60693 feb70fa3 d20684e3 ffe7c803 00200593 ff070f23 d0b60ce3 ffd60613 ffd7c583 feb70ea3 d00604e3 ffc7c583 00300613 feb70e23 cec68ce3 ffb7c583 00400613 feb70da3 cec684e3 ffa7c583 00500613 feb70d23 ccc68ce3 ff97c583 00600613 feb70ca3 ccc684e3 ff87c783 fef70c23 00008067 00050793 dcdff06f 00800713 04c76a63 0005c783 fff60713 00258813 00f50023 0015c783 ffd60613 00250693 00f500a3 00050793 dcdff06f 00800693 0ac6e863 fff7c583 fff60693 ffd60613 feb70fa3 ffe7c583 feb70f23 f51ff06f 00008067 0035f713 00050693 02070063 0005c603 00158593 0035f713 00c68023 00168693 fe0716e3 40d78633 ffc60713 00275f13 001f0e93 002e9e93 01d68eb3 00058813 00068793 00082703 00478793 00480813 00875e13 01075313 01875893 fee78e23 ffc78ea3 fe678f23 ff178fa3 fdd79ce3 002f1713 00458593 00468793 00e585b3 00e787b3 00367613 ce9ff06f 0037f693 02068263 fff7c583 fff78793 0037f693 feb70fa3 fff70713 fe0696e3 00f60633 41060633 ffc60f13 002f5f13 ffff4e93 002e9e93 01d70eb3 00078813 00070693 ffc82583 ffc68693 ffc80813 0085de13 0105d313 0185d893 01c680a3 00668123 011681a3 00b68023 fdd69ce3 41e006b3 00269693 ffc70713 ffc78793 00d70733 00d787b3 00367613 e09ff06f 00008067 00357793 00050713 04079c63 7f7f86b7 f7f68693 fff00593 00072603 00470713 00d677b3 00d787b3 00c7e7b3 00d7e7b3 feb784e3 ffc74683 40a707b3 04068463 ffd74683 02068c63 ffe74503 00a03533 00f50533 ffe50513 00008067 fa0688e3 00074783 00170713 00377693 fe0798e3 40a70733 fff70513 00008067 ffd78513 00008067 ffc78513 00008067 00357693 00050713 0ff5f813 02068c63 00400793 40d787b3 0cf66463 00200693 0cd78e63 00300693 0cd78463 00100693 00d79863 00074683 0d068e63 00170713 40f60633 ffc67513 00a70533 06a77863 0ff5f593 00859893 00b888b3 01089793 7f7f85b7 00f888b3 f7f58593 fff00313 00c0006f 00470713 04a77063 00072683 00d8c6b3 00b6f7b3 00b787b3 00d7e7b3 00b7e7b3 fe6780e3 00074783 07078c63 00174783 09078063 00274783 00370513 07078663 00008067 00367613 00c706b3 00070513 00061863 0440006f 00150513 02d50e63 00054783 ff079ae3 00008067 00060793 00200693 f2d79ee3 0100006f 00074683 03068063 00170713 00074683 01068a63 00170713 f2dff06f 00000513 00008067 00070513 00008067 00270513 00008067 00170513 00008067 ff010113 00060813 00112623 00050313 00058713 05022503 00068613 02080063 000127b7 4f478793 000125b7 00030693 50458593 684000ef 72c010ef 000127b7 50078793 00078813 fe1ff06f 02c5b7b3 02c585b3 06079463 fe010113 00112e23 ea4f60ef 00050793 04050263 ffc52603 02400693 ffc67613 ffc60613 04c6ea63 01300593 00050713 00c5fc63 00052023 00052223 01b00713 04c76c63 00850713 00072023 00072223 00072423 01c12083 00078513 02010113 00008067 00c00713 06e22023 00000793 00078513 00008067 00000593 00a12623 e58f70ef 00c12783 01c12083 00078513 02010113 00008067 00052423 00052623 00d60663 01050713 fa1ff06f 00052823 00052a23 01850713 f91ff06f 24058e63 fe010113 00812c23 00912a23 00058413 00112e23 00050493 00c12023 199010ef 00012583 01600713 00b58793 12f77663 ff87f793 00078613 01f7d713 24b7ea63 24071863 ffc42503 ff840893 ffc57713 18c75e63 000136b7 e2c68e93 008ea303 00e88833 00482683 25030663 ffe6f313 00680333 00432303 00137313 1c031063 ffc6f693 00e686b3 2ec6dc63 00157513 02051263 ff842303 40688333 00432503 ffc57513 00a686b3 32c6dc63 00a706b3 0ac6dc63 00048513 00e12423 01112223 00f12023 d28f60ef 00012783 00412883 00812703 00050693 42050063 ffc42603 ff850593 ffe67613 00c88633 2ab60663 ffc70613 02400793 2cc7ea63 01300713 2ac76463 00050793 00040713 00072603 00c7a023 00472603 00c7a223 00872703 00e7a423 00040593 00048513 00d12023 cd9f90ef 00048513 099010ef 00012683 01c12083 01812403 01412483 00068513 02010113 00008067 01000613 00060793 00000713 ed9ff06f 00c32583 00832503 ffc70613 02400813 00b52623 00a5a423 00830713 2ec86263 01300513 00070593 02c57c63 00042503 01b00593 00a32423 00442503 00a32623 34c5f263 00842583 00b32823 00c42583 00b32a23 29060863 01040413 01830593 00042603 00c5a023 00442603 00c5a223 00842603 00c5a423 00070413 00030893 00068713 0048a683 40f70533 00f00593 0016f693 00e88633 06a5e063 00d766b3 00d8a223 00462783 0017e793 00f62223 00048513 7b4010ef 00040693 01c12083 01812403 01412483 00068513 02010113 00008067 00157513 e6051ae3 ff842303 40688333 00432503 ffc57513 e59ff06f 00060593 b90f606f 00d7e6b3 00d8a223 00f885b3 00156513 00a5a223 00462783 00858593 00048513 0017e793 00f62223 b81f90ef f8dff06f 01c12083 01812403 00c00713 06e22023 00000693 01412483 00068513 02010113 00008067 ffc6f693 00e686b3 01078e13 1fc6dc63 00157513 de0516e3 ff842303 40688333 00432503 ffc57513 00a68833 ddc846e3 00c32683 00832583 ffc70613 02400713 00d5a623 00b6a423 00830693 22c76463 01300593 00068713 02c5f263 00042583 01b00713 00b32423 00442583 00b32623 22c76e63 00840413 01030713 00042603 00c72023 00442603 00c72223 00842603 00c72423 00f30633 40f80733 00cea423 00176713 00e62223 00432703 00048513 00d12023 00177713 00f767b3 00f32223 65c010ef 00012683 ea9ff06f 00c82603 00882583 00068713 00c5a623 00b62423 e59ff06f ffc52683 ffc6f693 00d70733 e49ff06f 00042583 01b00713 00b52023 00442583 00b52223 0cc76e63 00840713 00850793 d45ff06f 00040593 00a12023 c44ff0ef 00012683 d49ff06f 00c82583 00882503 ffc70613 02400813 00b52623 00a5a423 00832503 00c32583 00830713 00b52623 00a5a423 04c86e63 01300513 00070593 dac578e3 00042503 01b00593 00a32423 00442503 00a32623 0ac5fe63 00842503 02400593 00a32823 00c42503 00a32a23 d6b61ce3 01042603 02030593 01840413 00c32c23 ffc42603 00c32e23 d65ff06f 00070513 00040593 00612623 00f12423 00d12223 00e12023 b98ff0ef 00012703 00412683 00812783 00c12303 d4dff06f 00842703 00e52423 00c42703 00e52623 06f60263 01040713 01050793 c59ff06f 00f888b3 40f68733 011ea423 00176713 00e8a223 ffc42703 00048513 00177713 00f767b3 fef42e23 4f0010ef 00040693 d3dff06f 00840413 01030593 cd5ff06f 00a12023 00048513 4d0010ef 00012683 d1dff06f 01042603 01840713 01850793 00c52823 01442603 00c52a23 be9ff06f 00068513 00040593 00612623 00f12423 01012223 00d12023 ad8ff0ef 000137b7 e2c78e93 00c12303 00812783 00412803 00012683 dedff06f 00842583 02400713 00b32823 00c42583 00b32a23 00e60863 01040413 01830713 db1ff06f 01042603 02030713 01840413 00c32c23 ffc42603 00c32e23 d95ff06f fc010113 02810313 00058e13 02c12423 02d12623 00050593 000e0613 00030693 00000513 00112e23 02e12823 02f12a23 03012c23 03112e23 00612623 010000ef 01c12083 04010113 00008067 05c22783 f7010113 08912223 09212023 07312e23 07712623 08112623 00060493 00068b93 00058913 00050993 14078ce3 06492703 00c91783 00177713 00071663 2007f713 26070463 0087f793 1e078663 01092783 1e078263 000137b7 ab878793 08812423 07412c23 07512a23 07612823 07812423 07912223 07a12023 05b12e23 00f12a23 00012623 0004c783 00048413 fdb78713 02070263 02078063 00144783 00140413 00078663 fdb78713 fe0718e3 40940a33 04941263 12078463 00140413 020101a3 fff00c13 00000a93 00000a13 00044703 00140493 fe070793 05800693 08f6e063 01412683 00279793 00d787b3 0007a783 00078067 00048613 000a0693 00090593 00098513 dfcfe0ef fff00793 0cf50863 00c12783 014787b3 00f12623 00044783 f95ff06f fd070793 00000a93 00900613 002a9693 0004c703 015686b3 00169693 00d78ab3 fd070793 00148493 fef672e3 fe070793 05800693 f8f6f4e3 08070063 00100793 02e10423 00f12823 020101a3 00078b13 00000c13 02810413 084a7c93 540c9863 416a8db3 7fb04863 02314783 080794e3 01012783 40fc0d33 69a05063 000137b7 01000c13 00f12c23 c1c78d93 fff00c93 01ac4863 6440006f ff0d0d13 63ac5e63 01000693 000d8613 00090593 00098513 d2cfe0ef ff9512e3 06492703 00c91783 00177713 08070063 0407f793 320796e3 08812403 07812a03 07412a83 07012b03 06812c03 06412c83 06012d03 05c12d83 08c12083 00c12503 08412483 08012903 07c12983 06c12b83 09010113 00008067 00090593 00098513 e2dfe0ef e0050ae3 06492783 0017f793 00079863 00c95783 2007f793 38078ee3 fff00793 00f12623 fb1ff06f 2007f713 f80710e3 05892503 214010ef 00c91783 f71ff06f 010a6a13 00048413 e45ff06f 000baa83 004b8b93 fe0ad8e3 41500ab3 004a6a13 00048413 e29ff06f 05892503 1a8010ef 00c91783 d91ff06f 004b8693 010a7793 00068613 32079a63 000ba783 040a7593 00078713 100592e3 3207c863 340c4063 00fc67b3 f7fa7593 060796e3 02314783 004a7c13 00f03b33 2a0c04e3 300782e3 00058a13 00068b93 00012823 00000c13 05010413 00400c93 39c0006f 0004c703 02a00793 00148493 22f708e3 fd070793 00900613 00000c13 d8f66ee3 002c1693 0004c703 018686b3 00169693 00f68c33 fd070793 00148493 fef672e3 d60c5ce3 fff00c13 d71ff06f 010a7793 2e079e63 040a7793 020101a3 004b8613 020786e3 000bd703 2e0c5a63 05010413 00777793 00040693 03078793 00375713 fef40fa3 fff40413 fe0714e3 fd078793 52078a63 001a7793 52078663 ffe68693 03000793 05010713 40d705b3 fef40fa3 000c0b13 00bc5463 00058b13 00068413 084a7c93 1a0c84e3 02314783 00b12823 00060b93 2c079263 2dc0006f 000087b7 83078793 02f11223 020101a3 000ba783 004b8713 6c0c4a63 00fc66b3 f7fa7613 080692e3 004a7c13 00012823 00070b93 00266a13 00200b13 7c0c1863 05010413 416a8db3 4bb04c63 02314783 00000c93 38078863 00100693 02310613 00090593 00098513 aa0fe0ef fff00793 36f51a63 06492703 00c91783 00177713 d6071ae3 dedff06f 000ba403 020101a3 004b8b93 6c040863 6e0c4663 000c0613 00000593 00040513 b2cff0ef 02314783 060500e3 40850733 00e12823 00070b13 7a074263 68078863 001b0b13 00000c13 084a7c93 1e0c9463 cb5ff06f 010a7793 004b8713 30079663 040a7a13 300a0263 000ba783 00c12683 00070b93 00d79023 b8dff06f 010a6a13 020101a3 000ba703 004b8613 100c4863 00ec67b3 f7fa7693 60079463 004a7b13 6c0b1463 00068a13 00060b93 00012823 00000c13 05010413 c4dff06f 000ba783 00100713 00e12823 020101a3 02f10423 004b8b93 00070b13 00000c13 02810413 c1dff06f 010a7793 f8079ce3 040a7793 00f12823 020101a3 004b8613 62079c63 000ba703 080c4c63 00ec66b3 f7fa7793 64069063 004a7b13 7a0b1463 00078a13 00060b93 00000c13 05010413 bd9ff06f 02314783 cc0798e3 02000793 02f101a3 00048413 b09ff06f 001a6a13 00048413 afdff06f 02b00793 02f101a3 00048413 aedff06f 080a6a13 00048413 ae1ff06f 010a6a13 004b8693 000ba783 00068613 00078713 cc07dce3 02d00713 02e101a3 40f00733 000c4463 f7fa7a13 00900513 40e56263 03070713 04e107a3 000c0b13 01804463 00100b13 02314783 34078663 00100793 001b0b13 00060b93 00f12823 04f10413 e75ff06f 040a6a13 00048413 a6dff06f 010a6a13 020101a3 000ba703 004b8613 d00c4ae3 00ec66b3 f7fa7793 40069263 001a7b13 300b1a63 0847fc13 400c0a63 02314703 6c070c63 00078a13 00060b93 00012823 00000c13 05010413 00400c93 00100693 02310613 00090593 00098513 83cfe0ef fff00793 b0f508e3 08000793 acfc90e3 416a8d33 aba05ce3 000137b7 01000c93 00f12c23 fff00d93 01acc863 2dc0006f ff0d0d13 2dacda63 000137b7 01000693 c1c78613 00090593 00098513 fedfd0ef ffb510e3 ac1ff06f 000126b7 4c468693 05800713 010a7793 004b8613 16079663 040a7793 16078263 001a7593 000bd783 16058263 34078063 02e102a3 03000713 02e10223 00f7f713 020101a3 00e68733 00074703 560c4263 f7fa7a13 04e107a3 0047d793 002a6a13 62078a63 00060b93 00200593 04f10413 00f7f713 00e68733 00074703 0047d793 fff40413 00e40023 fe0794e3 05010793 408787b3 00f12823 000c0b13 00fc5463 00078b13 5c058863 084a7c93 002b0b13 c60c86e3 02314783 c6079ce3 00200693 02410613 ed9ff06f 000ba783 00c12683 00070b93 00d7a023 88dff06f 01812783 000d0693 00090593 c1c78613 00098513 ef1fd0ef fff00793 9cf502e3 01012683 00040613 00090593 00098513 ed5fd0ef fff00793 9af504e3 004a7a13 000a0663 416a8cb3 01904e63 016ad463 000b0a93 00c12783 015787b3 00f12623 829ff06f 000137b7 01000413 00f12c23 c2c78c13 fff00a13 01944863 17c0006f ff0c8c93 17945a63 01000693 000c0613 00090593 00098513 e6dfd0ef ff4512e3 941ff06f 001a7593 000ba783 ea0592e3 020101a3 200c4463 00fc6733 f7fa7513 3a071463 004a7b13 340b1c63 00050a13 00060b93 00012823 00000c13 05010413 8a9ff06f 05010793 408785b3 000c0b13 aebc58e3 00058b13 ae9ff06f 00200793 00f12e23 000137b7 01000c93 00f12c23 fff00d13 01bcc863 02c0006f ff0d8d93 03bcd263 000137b7 01000693 c2c78613 00090593 00098513 dcdfd0ef ffa510e3 8a1ff06f 01812783 000d8693 00090593 c2c78613 00098513 dadfd0ef fff00c93 899500e3 02314783 1c079263 01c12783 820784e3 00000c93 e69ff06f 00012e23 f85ff06f 8f0f60ef ea8ff06f 00100793 00060b93 00f12823 04f10413 fe4ff06f 03000713 04e107a3 0847fc13 460c0863 02314703 46070e63 00078a13 00060b93 01612823 00000c13 04f10413 00400c93 ce9ff06f 01812783 000d0693 c1c78613 00090593 00098513 d1dfd0ef fff00793 faf51463 fecff06f 01812783 000c8693 00090593 c2c78613 00098513 cf9fd0ef fff00793 e2f51ce3 fc8ff06f 00100693 02310613 fbdff06f ccccd837 ccd80813 05010413 030736b3 fff40413 00070593 0036d693 00269793 00d787b3 00179793 40f707b3 03078793 00f40023 00068713 fcb56ae3 05010793 408785b3 000c0b13 00bc5463 00058b13 02314783 00f037b3 00fb0b33 95dff06f 00078a13 901ff06f 020101a3 260c4263 f7fa7793 1a0c1063 004a7b13 280b1463 00078a13 00060b93 00012823 05010413 ed0ff06f 00f7f713 00e68733 00074703 0047d793 00060b93 04e107a3 ca079ee3 00100b13 000b0593 04f10413 8fdff06f 000126b7 00f7f613 4d868693 00d60633 00064603 0047d793 002a6a13 04c107a3 00070b93 00200593 c80790e3 00100b13 01612823 04f10413 cadff06f 00068a13 af9ff06f 00100693 02310613 00090593 00098513 bc9fd0ef e39516e3 e9cff06f 000c0b13 01812823 00000c13 e2cff06f 00058a13 ac5ff06f 00600793 000c0b13 0b87e863 00012437 4ec40413 01612823 00000c13 e04ff06f 00040513 bc1fe0ef 00a12823 00050b13 0c054263 02314783 929ff06f 000126b7 4d868693 07800713 b89ff06f 000ba703 ac0c56e3 fd8ff06f 000bd703 a60c42e3 00ec67b3 00f12823 00ec66b3 f7fa7793 9c0684e3 00078a13 a49ff06f 01079793 4107d793 00078713 ef4ff06f 00060b93 00068a13 00012823 00000b13 00000c13 05010413 d94ff06f 00000c13 05010413 00400c93 bcdff06f 00078b13 f51ff06f 00060b93 00050a13 00012823 00000b13 00000c13 05010413 d60ff06f 03000713 04e107a3 00078a13 000c0b13 04f10413 f90ff06f 02314783 00000b13 865ff06f 00000b13 85dff06f 00f7f713 00e68733 00074703 0047d793 00050a13 04e107a3 00060b93 b00796e3 000c0b13 01804463 00100b13 00050a13 00100593 04f10413 f40ff06f 000126b7 00f7f593 4d868693 00d585b3 0005c583 0047d793 04b107a3 10078a63 00266a13 00070b93 00200593 ac1ff06f 04e107a3 0047d793 002a6a13 aa0794e3 00b12823 00060b93 00100b13 04f10413 ad9ff06f 03000793 04f107a3 00058b13 04f10413 ed8ff06f e2078ee3 001c0b13 01812823 00000c13 fb0ff06f fff00793 00f12623 cd0ff06f 00060b93 00078a13 00012823 00000b13 05010413 c58ff06f 00060b93 00078a13 00000b13 00000c13 05010413 c40ff06f 000bac03 004b8b93 d20c5263 fff00c13 00048413 b60ff06f 00060b93 00078a13 00012823 00000c13 05010413 c10ff06f 00b12823 00060b93 bf4ff06f 01012583 000b8613 e40ff06f 00058a13 00068b93 00012823 05010413 bd4ff06f 000c0b13 01804463 00100b13 00b12823 00060b93 04f10413 9fdff06f 000c0b13 01804463 00100b13 00100793 00070b93 00266a13 00f12823 04f10413 9d9ff06f 05892503 690000ef c60ff06f 00068b93 00058a13 00012823 00000c13 05010413 b80ff06f 00078a13 00060b93 01612823 04f10413 b5cff06f 00060b93 00078a13 01612823 00000c13 04f10413 b54ff06f 00c59703 00277793 00078e63 04358793 00100713 00f5a023 00f5a823 00e5aa23 00008067 00058793 00e59583 f8010113 06812c23 06112e23 00050413 0a05c263 01810613 00f12423 134000ef 00812783 08054663 40000593 00040513 06912a23 00f12423 01c12483 950f50ef 00812783 0c050863 00c7d703 40000693 00d7aa23 08076713 00e79623 40c4d713 00a7a023 00a7a823 00f77713 00200693 0cd71c63 00e79583 00040513 00f12423 120000ef 0c050263 00812783 07412483 00c7d703 ffc77713 00176713 00e79623 07c12083 07812403 08010113 00008067 00c79703 08077713 04071863 40000693 00068593 00040513 00f12623 00d12423 8bcf50ef 00812683 00c12783 02050e63 00c7d703 07c12083 07812403 08076713 00a7a023 00a7a823 00d7aa23 00e79623 08010113 00008067 04000693 00068593 fb5ff06f 07412483 00c79703 20077693 f80690e3 ffc77713 04378693 00276713 00100613 00e79623 00d7a023 00d7a823 00c7aa23 f5dff06f 07412483 f55ff06f ff010113 00812423 00058513 00060593 00112623 9801a823 244000ef fff00793 00f50a63 00c12083 00812403 01010113 00008067 9901a783 fe0786e3 00c12083 00812403 06f22023 01010113 00008067 ff010113 00812423 00058513 00112623 9801a823 210000ef fff00793 00f50a63 00c12083 00812403 01010113 00008067 9901a783 fe0786e3 00c12083 00812403 06f22023 01010113 00008067 ff010113 00600513 00112623 0a4000ef 00100513 1a0000ef 02058463 04060663 00068c63 00064783 00f5a023 00064503 00a03533 00008067 ffe00513 00008067 ff010113 00c10593 02060463 02068663 00064783 00f5a023 00064503 00a03533 01010113 00008067 00000513 00008067 00000513 fedff06f ffe00513 fe5ff06f 00058c63 0ff00793 00c7ec63 00c58023 00100513 00008067 00000513 00008067 08a00713 06e22023 fff00513 00008067 01f00793 08a7e663 07422783 fe010113 00112e23 00050613 02078e63 00251713 00e787b3 0007a703 02070663 00100693 00d70a63 fff00613 04c70063 0007a023 000700e7 01c12083 00000513 02010113 00008067 00000513 00c12623 094000ef 00c12603 01c12083 00050593 00000513 02010113 02c0006f 01c12083 01600713 06e22023 00068513 02010113 00008067 01600713 06e22023 fff00513 00008067 ff010113 00812423 00058513 00060593 00112623 9801a823 0b0000ef fff00793 00f50a63 00c12083 00812403 01010113 00008067 9901a783 fe0786e3 00c12083 00812403 06f22023 01010113 00008067 0300006f 00100713 06e22023 fff00513 00008067 30501073 00100073 0000006f 00100713 06e22023 fff00513 00008067 00100513 00008067 f9010113 00810593 06112623 fddff0ef fff00793 00f50e63 00c12503 06c12083 00d55513 00157513 07010113 00008067 06c12083 00000513 07010113 00008067 01600713 06e22023 fff00513 00008067 00100713 06e22023 fff00513 00008067 b281a683 000017b7 f807c703 00068863 f8e78023 00d00693 00d70863 00e50023 00100513 00008067 00a00693 f8d78023 00e50023 00100513 00008067 000137b7 3b07a783 02f55a63 00000793 00061663 00078513 00008067 000137b7 3b47a703 00251793 00058513 00f70733 00072783 00060593 00078067 fff00793 fd5ff06f 00013637 df062703 000246b7 c4068693 00e507b3 00d7e863 000136b7 df46a683 00d7ea63 00c00713 06e22023 fff00513 00008067 00070513 def62823 00008067 00050793 02b05063 000016b7 f8068693 00b50633 0007c703 00178793 00e68023 fef61ae3 00058513 00008067 000137b7 3bc7a783 02f55a63 000137b7 3c07a703 00251793 00f70733 00072783 00078a63 00060863 00058513 00060593 00078067 00000513 00008067 fff00513 00008067 ff010113 00112623 618000ef 00c12083 b2c18513 01010113 0780006f ff010113 b2c18513 00112623 09c000ef 00c12083 01010113 6100006f ff010113 00812423 00050413 01800513 00112623 bd5f40ef 00052023 00052223 00052423 00052623 00052823 00052a23 00000793 0ef5272f 00c50713 0ef727af 00c12083 00a42023 00812403 01010113 00008067 ba1f406f ff010113 00812423 00112623 00050413 fff00593 fff00613 00040513 334020ef fe0508e3 00c12083 00812403 01010113 00008067 0050106f fe010113 00112e23 00900793 00050713 02a7ee63 ccccd7b7 ccd78793 02f737b3 00001637 0037d793 00279693 00f687b3 00179793 40f70733 03070713 f8e60023 01c12083 02010113 00008067 ccccd537 ccd50513 02a73533 00e12623 00355513 fa1ff0ef 00c12703 fadff06f 00054783 00078e63 00001737 f8070713 00f70023 00154783 00150513 fe079ae3 00008067 00c3a703 0083a603 0043a583 00472783 00c72683 00c78533 00a72223 06068c63 06058a63 0003a703 00e7e463 40e787b3 40f70833 00f68533 06c87063 fd010113 00080613 02112623 00712823 01012623 00f12c23 00e12e23 00d12a23 c55f50ef 01012383 01c12703 01812783 0083a603 00c12803 0043a583 01412503 02c12083 40e60633 00f60633 010585b3 03010113 c21f506f 00008067 c19f506f 00c3a783 0103c683 0087a703 02069463 0083a683 0043a603 00d706b3 0ac6e063 0047a583 40c686b3 00d7a423 40c586b3 00d7a223 00c7a783 0003a503 06078e63 06050c63 0043a683 00d76463 40d70733 0083a603 40e68833 00e785b3 06c87463 fd010113 00080613 02112623 00712823 01012623 00e12c23 00d12e23 00f12a23 b95f50ef 01012383 01c12683 01812703 0083a603 00c12803 0003a503 01412583 02c12083 40d60633 00e60633 01050533 03010113 b61f506f 00008067 00d7a423 f75ff06f b51f506f 340027f3 08078a63 f14027f3 01052703 00e78663 fff00893 00000073 00452683 00279793 ee018713 00f707b3 08a68263 0007a703 04e50263 00052783 00f6a023 00d7a223 00052023 00052223 06070863 340027f3 00078463 00008067 04422783 06078463 fff78793 04f22223 fe0796e3 30046073 00008067 0086a703 00d7a023 00c6a683 35d69073 34d71073 0007a703 00452683 fa5ff06f 04422783 00178713 04e22223 f60792e3 30047073 f5dff06f 00052023 00052223 0007a023 08000793 3047b073 f8dff06f fff00893 00000073 00008067 340027f3 0387a683 fff00713 00e68863 00e7ae23 00100513 00008067 00012537 fe010113 54450513 00112e23 00f12623 d75ff0ef f1402573 d01ff0ef 00012537 55450513 d61ff0ef 00c12783 00900613 05700713 07c7a783 01c7d593 00058693 1eb67e63 00d70733 000016b7 f8e68023 0187d713 00f77713 00900613 05700693 1ae67a63 00d70733 000016b7 f8e68023 0147d713 00f77713 00900613 05700693 16e67663 00d70733 000016b7 f8e68023 0107d713 00f77713 00900613 05700693 12e67263 00d70733 000016b7 f8e68023 00c7d713 00f77713 00900613 05700693 0ce67e63 00d70733 000016b7 f8e68023 0087d713 00f77713 00900613 05700693 08e67a63 00d70733 000016b7 f8e68023 0047d713 00f77713 00900693 05700613 04e6f863 000016b7 00c70733 f8e68023 00f7f793 00900693 05700713 02f6f663 00f70733 000016b7 00012537 f8e68023 55850513 c51ff0ef 00000793 12078463 00100073 0000006f 03000713 fd5ff06f 03000613 000016b7 00c70733 f8e68023 00f7f793 00900693 05700713 faf6eae3 fd9ff06f 03000693 00d70733 000016b7 f8e68023 0047d713 00f77713 00900693 05700613 f6e6e8e3 fb9ff06f 03000693 00d70733 000016b7 f8e68023 0087d713 00f77713 00900613 05700693 f2e664e3 fb5ff06f 03000693 00d70733 000016b7 f8e68023 00c7d713 00f77713 00900613 05700693 eee660e3 fb5ff06f 03000693 00d70733 000016b7 f8e68023 0107d713 00f77713 00900613 05700693 e8e66ce3 fb5ff06f 03000693 00d70733 000016b7 f8e68023 0147d713 00f77713 00900613 05700693 e4e668e3 fb5ff06f 03000713 00d70733 000016b7 f8e68023 0187d713 00f77713 00900613 05700693 e0e664e3 fb5ff06f 30501073 00100073 ed9ff06f 340027f3 00078463 00008067 04422783 00178713 04e22223 fe0798e3 30047073 00008067 340027f3 00078463 00008067 04422783 00078c63 fff78793 04f22223 fe0796e3 30046073 00008067 fff00893 00000073 00008067 c80027f3 c0002573 c80025f3 fef59ae3 00008067 340027f3 0e078a63 f14027f3 00052303 10030463 00452703 0a070c63 01052683 00f68663 fff00893 00000073 12a70263 ee018813 00279893 01180e33 000e2683 0aa68663 00672023 00e32223 00f52823 00b52423 00c52623 00068793 00069a63 1040006f 0ec70063 0047a783 0cd78063 00c7a703 fee678e3 0007a703 00a7a023 00f52223 00e52023 00a72223 0ed78c63 0086a583 00c6a603 35d61073 34d59073 08000793 3047a073 340027f3 00078463 00008067 04422783 0c078063 fff78793 04f22223 fe0796e3 30046073 00008067 fff00893 00000073 ee018813 00279893 01180e33 000e2683 f4a69ee3 00ee2023 00070693 f51ff06f 04422783 00178713 04e22223 f00792e3 30047073 f14027f3 00052303 f00310e3 ee018813 00279893 01180733 00072683 f25ff06f 0006a783 00a6a023 00d52223 00f52023 00a7a223 f51ff06f 0087a703 f2e5f0e3 f2dff06f 00f52823 00b52423 00c52623 00279893 ee018813 01180833 00a82023 00a52223 00a52023 f25ff06f fff00893 00000073 00008067 01180833 00a82023 f0dff06f 00151e93 00050813 00ae8533 bd018e13 fd010113 00451513 02112623 00ae07b3 00100713 0ee7a6af fe069ee3 010e86b3 00469693 00de06b3 0046a883 16088a63 0048a603 01850513 0116a423 00c6a223 00ae0533 10488663 00c6a603 0cc77463 c8002773 c0002673 c80026f3 fed71ae3 010e86b3 00469693 00de06b3 00c6a583 bc81a683 0308a303 0348af03 02b6d6b3 0208a823 0208aa23 00f12e23 01012c23 01d12a23 01112823 00668333 00d336b3 00c305b3 01e686b3 0065b633 00e68733 00e60633 00c12623 00b12423 da5ff0ef bd018e13 00812583 00c12603 01012883 01412e83 01812803 01c12783 010e8733 00471713 00ee0733 00b72823 00c72a23 00000713 0ee7a72f 12020263 04822783 12078863 02c12083 00088513 03010113 bf5f306f 0186a703 02070663 01012a23 01d12823 01112623 00f12423 965ff0ef bd018e13 01412803 01012e83 00c12883 00812783 00000593 00000613 f91ff06f 0186a703 02070263 01012823 01d12623 00f12423 92dff0ef bd018e13 01012803 00c12e83 00812783 010e86b3 00469693 00de0733 00072823 00072a23 00000713 0ee7a72f 02c12083 03010113 00008067 0106a703 0146a603 0006a423 00c76733 04070463 0186a703 02070663 01850513 00ae0533 01012823 01d12623 00f12423 8c1ff0ef 01012803 00c12e83 00812783 bd018e13 010e8733 00471713 00ee0733 00072823 00072a23 00000713 0ee7a72f 04020263 04822783 04078263 02c12083 00000513 03010113 aedf306f 34001073 02c12083 00088513 03010113 ad9f306f 00000213 02c12083 00088513 03010113 ac5f306f 34001073 fc5ff06f 00000213 fbdff06f f1402573 d99ff06f f1402573 d91ff06f 00100693 ff850793 0ed7a7af 18079a63 ff052603 00050713 22d60263 ff452783 fd010113 02112623 fe850313 00078e63 0ed7a62f fe061ee3 ff472683 1cd78e63 00000693 0ed7a6af 02472e03 f14027f3 00fe0663 fff00893 00000073 001e1893 01c88533 00451513 bd018813 00a807b3 00100693 0ed7a62f fe061ee3 01c886b3 00469693 00d806b3 0046a683 16068e63 0006a603 0066a023 fed72623 fec72423 00662223 fec72603 01c886b3 00469693 00d806b3 00c6a223 00c6a603 0106af03 0146ae83 00160613 00c6a623 00100613 fec72823 0086af83 0066a423 c80026f3 c00025f3 c8002673 fec69ae3 020f8063 11d6f663 40bf0633 40de8eb3 00cf3f33 41ee8eb3 03dfaa23 02cfa823 01c88633 00461613 00c80633 00c62e83 01850513 00100f13 00a80533 07df6e63 01862683 02068a63 01112a23 00612823 00e12623 00f12423 01c12223 ee4ff0ef bd018813 01412883 01012303 00c12703 00812783 00412e03 00000593 00000613 01c888b3 00489893 01180833 00b82823 00c82a23 00000693 0ed7a62f ff870793 0ed7a6af 02c12083 00030513 03010113 905f306f 00008067 bc81a603 01112e23 00612c23 03d65633 00e12a23 00f12823 01c12623 00b605b3 00c5b633 00d60633 00c12423 00b12223 a29ff0ef 00412583 00812603 00c12e03 01012783 01412703 01812303 01c12883 bd018813 f75ff06f f0de98e3 f1e5f6e3 ef1ff06f fe672623 fe672423 00030613 e95ff06f fec72683 02d30a63 0087a603 02c30263 fe872603 00c6a023 00d62223 fe072a23 e09ff06f ff850713 0ef727af 00008067 00d7a423 fddff06f 0007a423 fe072a23 de9ff06f fe010113 00112e23 340027f3 f14026f3 0887a703 800007b7 00778793 0cf70063 800007b7 00b78793 0af71263 00100713 ed818693 0ee6a6af fe069ce3 00100713 ed418693 0ee6a6af fe069ce3 f14025f3 000016b7 00359593 0055e593 f0068693 0eb6a72f 00377713 fe071ce3 0ee6a5af 4035d593 ed418693 0ee6a72f ffe00713 04e58063 ed818813 00482703 02070a63 0000e6b7 00812c23 00912a23 00070613 ce468493 00100413 00872683 0eb68463 00472703 fec71ae3 01812403 01412483 00000713 ed818793 0ee7a72f 01c12083 00000513 02010113 00008067 00812c23 00269693 ee018413 00d40433 00042503 06050263 c80027f3 c00026f3 c8002773 fee79ae3 00c52703 04e7e663 0cf70c63 00452783 04a78a63 0087a703 00f42023 00c7a783 35d79073 34d71073 00052783 00452703 01452683 00f72023 00e7a223 00052023 00052223 000680e7 00042503 fa0512e3 01812403 01c12083 00000513 02010113 00008067 00042023 08000793 3047b073 01452783 00052023 00052223 000780e7 00042503 f60516e3 01812403 fc9ff06f 00000693 ed818613 0ed626af 00c72683 00b12623 04969663 00e12423 f1402573 97dff0ef 00812703 00c12583 ed818813 ed818693 0e86a6af fe069ce3 00472703 ee0702e3 00482603 ecc716e3 ed9ff06f 00852783 f2f6f4e3 01812403 f69ff06f 00070513 00e12423 000680e7 00c12583 00812703 ed818813 fb9ff06f ed01a503 00008067 ff010113 00112623 00100793 00f52423 00050e93 00a52223 00a52023 00052623 00000793 01050713 0ef727af 0000e737 0000e7b7 bb818613 fff00693 cec70713 ce478793 00052a23 00052c23 00052e23 02052823 02052a23 02052c23 02052e23 04050023 04052223 02e52623 04d52423 00d62423 00062023 00062223 00f62623 340027f3 30078c63 00100713 ed818693 0ee6a6af fe069ce3 00062703 32070463 fff00893 00000073 ed818693 0046a703 30070263 00072683 00c72023 00e62223 00d62023 00c6a223 00000713 ed818793 0ee7a72f 340027f3 2a078463 00100793 ed418693 0ef6a6af fe069ce3 f1402673 000016b7 00361613 00566613 f0068693 0ec6a7af 0037f793 fe079ce3 0ef6a62f ed418693 0ef6a7af ed01a783 000016b7 f0068693 00178793 ecf1a823 00800e13 00100593 ffe00313 fff00f13 08000f93 ed01a883 002e6613 ed418793 0eb7a7af fe079ce3 0ec6a7af 0037f793 fe079ce3 0ef6a52f 40355513 ed418293 0ef2a7af fc650ce3 01e50a63 ed01a783 ff178ee3 008e0e13 fbfe1ee3 ed01a703 bd018793 00100693 01d7a223 01d7a423 00d7a623 18070063 0000e737 ed01a603 cdc70713 0007ac23 0007ae23 02e7a623 16c6f263 ed01a603 0407a423 0407a623 04e7ae23 00200693 14c6f663 ed01a603 0607ac23 0607ae23 08e7a623 00300693 12c6fa63 ed01a603 0a07a423 0a07a623 0ae7ae23 00400693 10c6fe63 ed01a603 0c07ac23 0c07ae23 0ee7a623 00500693 10c6f263 ed01a603 1007a423 1007a623 10e7ae23 00600693 0ec6f663 ed01a603 1207ac23 1207ae23 14e7a623 00700693 0cc6fa63 ed01a603 1607a423 1607a623 16e7ae23 00800693 0ac6fe63 ed01a603 1807ac23 1807ae23 1ae7a623 00900693 0ac6f263 ed01a603 1c07a423 1c07a623 1ce7ae23 00a00693 08c6f663 ed01a603 1e07ac23 1e07ae23 20e7a623 00b00693 06c6fa63 ed01a603 2207a423 2207a623 22e7ae23 00c00693 04c6fe63 ed01a603 2407ac23 2407ae23 26e7a623 00d00693 04c6f263 ed01a603 2807a423 2807a623 28e7ae23 00e00693 02c6f663 ed01a603 2a07ac23 2a07ae23 2ce7a623 00f00693 00c6fa63 ed01a683 2e07a423 2e07a623 2ee7ae23 cc002573 3e700793 02a7f663 3e800613 00000693 00000593 e0cf30ef 03200793 02f507b3 00c12083 bcf1a423 01010113 00008067 03200793 02f535b3 3e800613 00000693 02f50533 ddcf30ef 00c12083 00050793 bcf1a423 01010113 00008067 04422783 04078663 fff78793 04f22223 d40796e3 30046073 d45ff06f 04422783 00178713 04e22223 ce0790e3 30047073 cd9ff06f 00c62223 00c62023 00c6a223 d09ff06f 00462703 cc071ce3 cddff06f fff00893 00000073 d05ff06f 00100793 ed418713 0ef7272f fe071ce3 f1402673 00001737 00361613 00566613 f0070713 0ec727af 0037f793 fe079ce3 0ef7262f ed418713 0ef727af 00008067 fd010113 03212023 01312e23 01412c23 02112623 02812423 02912223 00050993 00060a13 00050913 10050863 000137b7 000134b7 dd478793 dfc48493 40978433 00b40433 00013637 00890433 de060613 40f60633 00078593 00040513 00d12623 00c12423 a85f40ef 00812603 000137b7 de078793 00c40533 00000593 40f48633 8c5f40ef fb040513 fa042823 fa042a23 fa042c23 fa042e23 00000793 fc040713 0ef727af 0000e7b7 00100713 cec78793 fc042423 fc042623 fe042023 fe042223 fce42223 fcf42e23 00c12683 00098463 00000913 ff242423 f1402673 ff057593 fff64613 f7058793 0000f737 fec42623 fe040823 fe042a23 fef42c23 02c12083 02812403 eb470713 f6e5a823 00800713 f945a423 f8d5a223 fe05a223 fee5a423 02412483 02012903 01c12983 01812a03 03010113 00008067 00058513 00d12623 00b12423 fbcf30ef 00812583 00c12683 00050913 ec051ce3 fff00893 00000073 ecdff06f 00050313 00058793 34002773 18070863 00430a63 04832703 00070663 ed01a703 00e7e663 fff00893 00000073 01030713 00100693 0ed725af fe059ee3 00832703 14d70263 01832703 00070463 02832783 00c32703 02070063 00100693 0ed725af fe059ee3 00c32683 22d70663 00000693 0ed726af 03c32703 00179e13 00fe0533 41f75713 00f74733 00451513 bd018893 02e32e23 04c30023 00a88833 00100713 0ee826af fe069ee3 00fe0733 00471713 00e88733 00472703 1a070463 00072683 00672023 00e32223 00d32023 0066a223 00fe0733 00471713 00e88733 00c72603 00872f03 01072e83 00160613 01472683 00672223 00c72623 00100713 00e32423 c8002673 c00025f3 c8002773 fee61ae3 020f0063 0ad67e63 40be8fb3 40c68733 01febeb3 41d70733 02ef2a23 03ff2823 f1402773 0ae78463 00379793 00001737 0027e613 f0070713 00100593 ffe00893 ed418793 0eb7a7af fe079ce3 0ec727af 0037f793 fe079ce3 0ef7252f ed418e13 0efe27af 40355793 fd178ce3 00000793 0ef827af 00000793 01030713 0ef727af 340027f3 02078063 00008067 04422703 00170693 04d22223 e60714e3 30047073 e61ff06f 04422783 0c078863 fff78793 04f22223 fc079ae3 30046073 00008067 f6c690e3 f5d5fee3 f41ff06f 01850513 fd010113 00a88533 01c12e23 00f12c23 00612a23 01012823 00b12623 00c12423 02112623 804ff0ef 01812783 01c12e03 00c12583 00812603 00fe07b3 00479793 bd018893 00f888b3 01412303 01012803 00b8a823 00c8aa23 00000793 0ef827af 00000793 01030713 0ef727af 340027f3 00078e63 02c12083 03010113 00008067 00632223 00632023 e69ff06f 04422783 04078463 fff78793 04f22223 fc079ce3 30046073 fd1ff06f fff00893 00000073 00008067 00432683 02668663 00872583 02b30863 00032583 00b6a023 00d5a223 00032623 db9ff06f fff00893 00000073 f95ff06f 00072423 00032623 da1ff06f 00d72423 fd1ff06f ff010113 00112623 00812423 00912223 01212023 340027f3 0e078263 00100793 bb418713 0ef7272f fe071ce3 ed01a583 b7418493 12058863 00048613 bdc18693 00000593 fff00893 01c0006f ed01a803 0117f663 00078893 00058713 00158593 0905f463 00062803 0006a783 00460613 03068693 00f807b3 fc079ae3 00259913 012487b3 00180813 0107a023 bb418713 00000793 0ef727af 04054603 c8dff0ef 00100713 bb418793 0ee7a7af fe079ce3 012484b3 0004a703 fff70713 00e4a023 bb418713 0ef727af 340027f3 04078463 00c12083 00812403 00412483 00012903 01010113 00008067 00271793 00f487b3 0007a803 00070593 f85ff06f 04422783 00178713 04e22223 f0079ae3 30047073 f0dff06f 04422783 02078663 fff78793 04f22223 fa0796e3 30046073 00c12083 00812403 00412483 00012903 01010113 00008067 fff00893 00000073 00c12083 00812403 00412483 00012903 01010113 00008067 0004a803 f15ff06f 00452703 00050793 00470663 fff00893 00000073 0087a703 00100693 00e6f863 fff70713 00e7a423 00008067 34002773 08070c63 00100713 0ee7a6af fe069ee3 0007a423 0007a223 34002773 00071663 0d80006f 04070c63 0107a703 0147a503 fe050ae3 01852703 fe010113 00112e23 04054603 08070463 02852583 00f12623 b3dff0ef 00c12783 34002773 0e070a63 00000713 0ee7a72f 340027f3 10078063 01c12083 02010113 00008067 34002773 08070863 00000713 0ee7a72f 340027f3 02078063 00008067 04422703 00170693 04d22223 f60710e3 30047073 f59ff06f 04422783 06078c63 fff78793 04f22223 fc079ae3 30046073 00008067 ed01a683 00f12623 00100713 00d77463 06060463 03c52703 41f75593 00e5c5b3 aa1ff0ef 00c12783 f65ff06f 04422703 00170693 04d22223 f20712e3 30047073 f1dff06f 04422703 02070263 fff70713 04e22223 f60712e3 30046073 f5dff06f fff00893 00000073 00008067 fff00893 00000073 f45ff06f d21ff0ef 00c12783 f0dff06f 04422703 02070a63 fff70713 04e22223 f00710e3 30046073 ef9ff06f 04422783 02078263 fff78793 04f22223 ee079ae3 30046073 eedff06f fff00893 00000073 ed1ff06f fff00893 00000073 ed5ff06f 340027f3 06078463 00c52783 02078063 00100713 0ee7a6af fe069ee3 00c52703 14e78063 00000713 0ee7a72f 00852683 00100793 04f68863 00068663 fff00893 00000073 340027f3 00078463 00008067 04422783 12078c63 fff78793 04f22223 fe0796e3 30046073 00008067 04422783 00178713 04e22223 f80798e3 30047073 f89ff06f 03c52783 bd018313 00179593 00f58733 00471713 00e30733 0ed7262f fe061ee3 00452683 0ea68863 00f58633 00461613 00c30633 00462803 0ca80463 00052603 00c6a023 00d62223 00f586b3 00469693 00d30333 00c32603 00000693 fff60613 00c32623 0ed726af f1402773 04e78c63 00832703 04e51863 00379793 00001737 0027e613 f0070713 00100593 ffe00893 ed418793 0eb7a7af fe079ce3 0ec727af 0037f793 fe079ce3 0ef7282f ed418e13 0efe27af 40385793 fd178ce3 00832783 fca788e3 00052423 00052023 00052223 340027f3 ee079ae3 ef5ff06f 00452703 04a70463 0087a683 04d50663 00052683 00d72023 00e6a223 00052623 ea5ff06f 00d62223 f39ff06f fff00893 00000073 00008067 00f586b3 00469693 00d306b3 0006a223 f25ff06f 0007a423 00052623 e71ff06f 00e7a423 fb5ff06f fe010113 00112e23 340027f3 0e078263 00020513 340027f3 0e078c63 00a12623 e21ff0ef 00c12503 04052423 340027f3 10078663 f1402573 340027f3 12078263 ed01a783 00f56663 fff00893 00000073 f14027f3 06f50263 00351613 00001737 00266613 f0070713 00100593 ffe00813 ed418793 0eb7a7af fe079ce3 0ec727af 0037f793 fe079ce3 0ef7252f ed418893 0ef8a7af 40355793 fd078ce3 340027f3 02078263 fff00893 00000073 01c12083 02010113 00008067 b0dfe0ef 340027f3 fe0792e3 04422783 0a078e63 fff78793 04f22223 fc0798e3 30046073 fff00893 00000073 01c12083 02010113 00008067 04422783 00178713 04e22223 f0079ae3 30047073 00020513 340027f3 f00798e3 04422783 00178713 04e22223 f00790e3 30047073 00a12623 d19ff0ef 00c12503 04052423 340027f3 ee079ee3 04422783 02078c63 fff78793 04f22223 ee0794e3 30046073 f1402573 340027f3 ee0792e3 04422783 00178713 04e22223 ec079ae3 30047073 ecdff06f fff00893 00000073 eb5ff06f fff00893 00000073 fff00893 00000073 01c12083 02010113 00008067 fd010113 02812423 02912223 03212023 02112623 00050413 00058493 00060913 340027f3 1e078463 00021663 fff00893 00000073 fff00793 1ef49663 1e991463 03c22803 f14027f3 00f80663 fff00893 00000073 00181e13 010e0533 00451513 bd018313 00a307b3 00100713 0ee7a6af fe069ee3 010e06b3 00422603 00469693 00d306b3 0046ae83 26460263 1bd20663 00c6a683 1ad77263 00022703 00e62023 00c72223 004ea603 010e0733 00471713 00e30733 00c72683 00c72223 01d72423 fff68693 00d72623 01850513 00022423 00100713 00a30533 1cd77263 c8002773 c00025f3 c80026f3 fed71ae3 010e06b3 00469693 00d306b3 00c6a883 bc81a683 030ea603 020ea823 0316d6b3 034ea883 020eaa23 00f12e23 01012c23 01c12a23 01d12823 00c68633 00d636b3 00b605b3 011686b3 00c5b633 00e686b3 00d60633 00c12623 00b12423 f4cfe0ef bd018313 00812583 00c12603 01012e83 01412e03 01812803 01c12783 010e0833 00481813 01030833 00b82823 00c82a23 00000713 0ee7a72f 18040063 00822623 00100793 0ef4272f fe071ee3 00842783 16078a63 0007a703 0047a023 00f22223 00e22023 00472223 00442783 00078663 fff78793 00f42223 00000793 0ef427af 000e8513 d68f20ef fff00793 10f48663 01822783 00078663 01820513 adcfe0ef 340027f3 04078c63 02c12083 02812403 02412483 02012903 03010113 00008067 04422783 00178713 04e22223 e0079ee3 30047073 e09ff06f 00048593 00090613 01820513 e64fe0ef e0dff06f fff00893 00000073 00422603 e55ff06f 04422783 0c078a63 fff78793 04f22223 f8079ee3 30046073 02c12083 02812403 02412483 02012903 03010113 00008067 00c6a603 06e61a63 0006a223 0006a623 0006a423 01850513 00a30533 00022423 00000e93 010e0733 00471713 00e30733 01872703 02070663 01c12a23 00f12823 01012623 01d12423 a04fe0ef bd018313 01412e03 01012783 00c12803 00812e83 00000593 00000613 e89ff06f ee991ce3 f05ff06f f9d606e3 fff00893 00000073 00000613 00000e93 da9ff06f 00022023 00022223 ec1ff06f 00422223 00422023 00442423 e99ff06f fff00893 00000073 02c12083 02812403 02412483 02012903 03010113 00008067 fd010113 02812423 01612823 01712623 02112623 00050413 00058b13 00060b93 340027f3 1e078663 017b67b3 0c078a63 00100793 0ef4272f fe071ee3 00842783 0c078a63 02912223 03212023 01312e23 01812423 01912223 01412c23 01512a23 fff00c13 00c40913 00000c93 00000993 00100493 078b1463 076b9263 0e9927af fe079ee3 01042703 00170713 00e42823 0ef9272f 0ef427af 0b8b1a63 0b6b9863 fff00593 fff00613 00090513 c15ff0ef 0e9427af fe079ee3 00842703 18070063 1979fe63 419b07b3 00fb3b33 413b8bb3 416b8bb3 00078b13 fb8b00e3 c8002a73 c0002af3 c80027f3 f8fa0ae3 c8002a73 c0002af3 c80027f3 fefa12e3 f81ff06f 00100793 0ef427af 12079063 00842703 00071863 00100793 00442223 00f42423 00000713 0ee4272f 34002773 0a070863 02c12083 02812403 01012b03 00c12b83 00078513 03010113 00008067 340027f3 06078a63 c80027f3 c0002673 c8002773 fee79ae3 016605b3 017787b3 00c5b633 00f60633 00090513 b49ff0ef 340027f3 02078463 c80027f3 c00026f3 c8002773 fee79ae3 41568cb3 414787b3 0196b6b3 40d789b3 f0dff06f 04422783 08078263 fff78793 04f22223 fc0796e3 30046073 fc5ff06f 04422783 00178713 04e22223 f80792e3 30047073 f7dff06f 04422703 0a070263 fff70713 04e22223 f40712e3 30046073 02c12083 02812403 01012b03 00c12b83 00078513 03010113 00008067 04422783 00178713 04e22223 e00796e3 30047073 e05ff06f 00000793 efdff06f fff00893 00000073 f4dff06f 02412483 02012903 01c12983 01812a03 01412a83 00812c03 00412c83 ebdff06f 013b9463 e76ce2e3 02412483 02012903 01c12983 01812a03 01412a83 00812c03 00412c83 ea1ff06f fff00893 00000073 02c12083 02812403 01012b03 00c12b83 00078513 03010113 00008067 00452783 00478463 d51ff06f 00852883 fff00793 00f89463 00000073 00188893 01152423 00100513 00008067 340027f3 00079663 0980006f 04070263 00452703 00852783 fe078ae3 0187a703 ff010113 00112623 0407c603 04070663 0287a583 00078513 840ff0ef 340027f3 08078863 00c12083 01010113 00008067 340027f3 00078463 00008067 04422783 04078c63 fff78793 04f22223 fe0796e3 30046073 00008067 ed01a683 00100713 00d77463 04060063 03c7a703 00078513 41f75593 00e5c5b3 fe1fe0ef fa1ff06f 04422783 00178713 04e22223 f60792e3 30047073 f5dff06f fff00893 00000073 00008067 00078513 a88ff0ef f71ff06f 04422783 00078c63 fff78793 04f22223 f60792e3 30046073 f5dff06f fff00893 00000073 f51ff06f fa010113 06010793 05612023 03712e23 04112e23 02a12423 02b12023 02c12223 00068b13 00070b93 02f12623 340027f3 2a078e63 01052783 00f12e23 00c7f663 fff00893 00000073 017b67b3 22078a63 00100713 02812783 0ee7a6af fe069ce3 02812783 02412683 01c12603 0047a703 0087a583 00e68733 40b70733 30e67263 04812c23 05312623 05412423 05512223 04912a23 05212823 fff00a13 00000993 00000a93 00100413 0d4b1a63 0d6b9863 02812783 01478793 0e87a62f fe061ae3 02812783 0187a703 01478793 00170713 00e7a223 0ec7a72f 02812783 0ec7a62f 134b1063 116b9e63 02812503 fff00593 fff00613 01450513 ffcff0ef 02812783 0e87a62f fe061ce3 02812783 02412683 01c12603 0047a703 0087a583 00e68733 40b70733 24e67263 34002773 00071663 0b80006f 02060263 0187a603 01c7a503 fe050ae3 01852783 04054603 10078a63 02852583 e2dfe0ef 340027f3 04078263 057afe63 413b07b3 00fb3b33 415b8bb3 416b8bb3 00078b13 f34b0ae3 c80024f3 c0002973 c80027f3 f2f484e3 c80024f3 c0002973 c80027f3 fef492e3 f15ff06f 04422783 1e078a63 fff78793 04f22223 fa0798e3 30046073 fb7ae6e3 015b9463 fb69e2e3 02812783 05812403 05412483 05012903 04c12983 04812a03 04412a83 00000693 0e00006f 04422703 00170693 04d22223 f40712e3 30047073 f3dff06f 340027f3 12078863 02812503 01450513 c80027f3 c0002673 c8002773 fee79ae3 016605b3 017787b3 00c5b633 00f60633 ec4ff0ef 340027f3 10078a63 c80027f3 c00026f3 c8002773 fee79ae3 412689b3 409787b3 0136b6b3 40d78ab3 ea1ff06f ed01a783 00f47463 16060863 03c52783 41f7d593 00f5c5b3 d09fe0ef eddff06f 00100793 0ef527af 10079e63 02812783 02412683 01c12603 0047a703 0087a583 00e68733 40b70733 12e66c63 0c069c63 02078513 00d12623 c51ff0ef 02812783 00c12683 00000713 0ee7a72f 340027f3 02078a63 05c12083 04012b03 03c12b83 00068513 06010113 00008067 04422783 00178713 04e22223 d2079ee3 30047073 d35ff06f 04422783 0a078263 fff78793 04f22223 fc0790e3 30046073 05c12083 04012b03 03c12b83 00068513 06010113 00008067 04422783 00178713 04e22223 ec0794e3 30047073 ec1ff06f 04422783 06078e63 fff78793 04f22223 ee0790e3 30046073 ed9ff06f 05812403 05412483 05012903 04c12983 04812a03 04412a83 f40682e3 01c10393 8cdfd0ef 02812783 02412683 f1dff06f fff00893 00000073 dc1ff06f 00000693 f25ff06f fff00893 00000073 05c12083 04012b03 03c12b83 00068513 06010113 00008067 fff00893 00000073 e69ff06f e81fe0ef d7dff06f 00000693 ee1ff06f fa010113 05512223 00078a93 06010793 05412423 04112e23 02a12223 00b12c23 02c12023 02d10423 00070a13 02f12623 340027f3 0c078863 01052703 00160793 00e12e23 00078863 00c77663 fff00893 00000073 015a6733 04071463 04078263 00100793 0ef527af 32079663 02412683 02012783 0046a703 0086a603 40c70733 32f76e63 1e079663 01468513 00f12623 a91ff0ef 02412683 00c12783 0400006f 05212823 00100793 02412683 0ef6a72f fe071ce3 02412683 fff00913 0046a703 0086a783 40f70733 29260a63 02012783 06f76e63 28079a63 05012903 00000713 0ee6a72f 34002773 02070a63 05c12083 04812a03 04412a83 00078513 06010113 00008067 04422783 00178713 04e22223 f20794e3 30047073 f21ff06f 04422703 26070e63 fff70713 04e22223 fc0710e3 30046073 05c12083 04812a03 04412a83 00078513 06010113 00008067 04812c23 04912a23 05312623 05612023 03712e23 00000493 00000993 00100413 0d2a1663 0d4a9463 02412683 02068793 0e87a62f fe061ae3 02412783 0247a703 02078793 00170713 00e7a223 0ec7a72f 02412783 0ec7a62f 0f2a1c63 0f4a9a63 02412503 fff00593 fff00613 02050513 b50ff0ef 02412683 0e86a62f fe061ce3 02412683 02012783 0046a703 0086a603 40c70733 1ef77c63 340027f3 00079663 0980006f 02060263 0246a603 0286a503 fe050ae3 01852783 04054603 0e078a63 02852583 989fe0ef 340027f3 02078e63 1d59fa63 409a07b3 00fa3a33 413a8ab3 414a8ab3 00078a13 f32a0ee3 c80027f3 c00026f3 c8002773 fee79ae3 00068b13 00078b93 f25ff06f 04422783 0e078c63 fff78793 04f22223 fa079ce3 30046073 fb1ff06f 01810393 e94fd0ef 02412683 02012783 e09ff06f 04422783 00178713 04e22223 f60792e3 30047073 f5dff06f 340027f3 06078e63 02412503 02050513 c8002773 c0002673 c80027f3 fef71ae3 014605b3 01570733 00c5b633 00e60633 a40ff0ef 340027f3 06078063 c80026f3 c0002773 c80027f3 fef69ae3 416704b3 417686b3 00973733 40e689b3 ec9ff06f ed01a783 00f47463 0c060663 03c52783 41f7d593 00f5c5b3 885fe0ef efdff06f 04422783 00178713 04e22223 f6079ee3 30047073 f75ff06f 04422783 08078663 fff78793 04f22223 f8079ae3 30046073 f8dff06f fff00893 00000073 ec5ff06f 02e12023 00070793 d6078ae3 01810393 d9cfd0ef 02412683 02012783 05012903 01468513 00f12623 f9cff0ef 02412683 00c12783 d4dff06f 00000793 d4dff06f fff00893 00000073 05c12083 04812a03 04412a83 00078513 06010113 00008067 00000793 d1dff06f fff00893 00000073 f0dff06f aa1fe0ef e41ff06f 05812403 05412483 04c12983 04012b03 03c12b83 ce9ff06f 013a9463 e344e6e3 02412683 05812403 05412483 05012903 04c12983 04012b03 03c12b83 00000793 cc5ff06f 0000006f 0000006f 0000006f 0000006f 0000006f 0000006f 0000006f 0000006f 0000006f 0000006f 0000006f 0000006f 0000006f 0000006f fe010113 0145d713 00c59793 00812c23 0097d793 7ff77413 01d55713 0146d893 00f767b3 00c69713 00912a23 7ff8f893 01f5d493 00975713 01d65593 00112e23 01212823 01312623 01f6d693 00351513 00e5e733 00361613 41140833 7ff00313 30d49463 17005663 0a089063 00c766b3 02068463 fff40813 00081e63 00c50633 00e787b3 00a63533 00a787b3 00100413 0c80006f 08641063 01d79693 00355513 7ff00713 00a6e6b3 0037d793 00e41e63 00f6e6b3 00000793 00068863 000807b7 00000693 00000493 7ff47713 00c79793 01c12083 01812403 00c7d793 01471713 01f49593 00f76733 00b767b3 01412483 01012903 00c12983 00068513 00078593 02010113 00008067 28640a63 008006b7 00d76733 03800693 0b06c663 01f00693 02000893 0706c863 410888b3 011716b3 010655b3 011618b3 00b6e6b3 011038b3 0116e6b3 01075833 00a68633 00f80833 00d636b3 00d807b3 00879713 1c075e63 00140413 7ff00713 5ce40063 ff800737 fff70713 00e7f7b3 00165713 00167613 00c76733 01f79613 00e66633 0017d793 1a80006f fe080693 00d756b3 00000593 01180863 04000593 410585b3 00b715b3 00c5e5b3 00b035b3 00b6e6b3 00000813 f89ff06f 00c766b3 00d036b3 ff1ff06f 0c080663 408886b3 06041a63 00a7e5b3 00059a63 00070793 00060513 00068413 ea9ff06f fff68593 e80582e3 fe6684e3 03800693 08b6c663 01f00693 02000313 04b6c863 40b30333 006796b3 00b55833 00651333 0106e6b3 00603333 0066e6b3 00b7d5b3 00c68633 00e585b3 00d636b3 00d587b3 00088413 f11ff06f 4e688a63 008005b7 00b7e7b3 00068593 fa5ff06f fe058693 00d7d6b3 00000813 00658863 04000813 40b80833 01079833 00a86833 01003833 0106e6b3 00000593 fa9ff06f 00a7e6b3 00d036b3 ff1ff06f 00140693 7fe6f593 06059663 00a7e6b3 04041263 44068463 00c766b3 44068463 00c506b3 00e787b3 00a6b533 00a787b3 00879713 00068613 2c075463 ff800737 fff70713 00e7f7b3 00068513 00100413 dadff06f 44068863 00c76733 00030413 d8070ee3 00000493 004007b7 00000513 d8dff06f 40668a63 00c50633 00e787b3 00a63533 00a787b3 01f79713 00165613 00c76633 0017d793 00068413 00767713 3c071663 00060513 00879713 d40758e3 00140413 7ff00713 3ce40a63 ff800737 fff70713 00e7f7b3 d35ff06f 0f005063 02089c63 00c766b3 d20682e3 fff40813 00081e63 40c50633 40e787b3 00c53533 40a787b3 00100413 0600006f 00641c63 7ff00413 cf9ff06f ce640ae3 008006b7 00d76733 03800693 0906c463 01f00693 02000893 0506c663 410888b3 011716b3 010655b3 011618b3 00b6e6b3 011038b3 0116e6b3 01075833 40d50633 41078833 00c53533 40a807b3 00879713 f40750e3 00979913 00995913 00060993 20c0006f fe080693 00d756b3 00000593 01180863 04000593 410585b3 00b715b3 00c5e5b3 00b035b3 00b6e6b3 00000813 fadff06f 00c766b3 00d036b3 ff1ff06f 0e080a63 40888833 08041e63 00a7e5b3 00059c63 00068493 00070793 00060513 00080413 c2dff06f fff80593 02059063 40a60533 00a635b3 40f707b3 00050613 40b787b3 00068493 f01ff06f fc6804e3 03800813 08b84a63 01f00813 02000e13 04b84c63 40be0e33 00b55333 01c79833 01c51e33 00686833 01c03e33 01c86533 00b7d5b3 40a60533 00a637b3 40b705b3 00050613 40f587b3 00088413 00068493 f0dff06f 24688863 008005b7 00b7e7b3 00080593 f9dff06f fe058813 0107d833 00000313 01c58863 04000313 40b30333 00679333 00a36333 00603333 00686533 00000593 fa1ff06f 00a7e533 00a03533 ff1ff06f 00140593 7fe5f593 0a059063 00a7e833 00c765b3 06041863 00081a63 00070793 02059e63 00000493 1c40006f 18058c63 40c50833 010538b3 40e785b3 411585b3 00859893 0208d663 40a60533 00a635b3 40f707b3 00050613 40b787b3 00068493 00c7e533 0e050263 00000413 d91ff06f 00b86533 18050063 00058793 00080613 fe1ff06f 00081c63 16059c63 00000493 00000513 004007b7 dc9ff06f 00030413 aa058ee3 d21ff06f 40c505b3 00b53833 40e78933 41090933 00891813 00058993 06085e63 40a609b3 40f70933 01363633 40c90933 00068493 06090e63 00090513 4c9010ef ff850713 02000793 40e787b3 00e91933 00f9d7b3 0127e7b3 00e99633 0a874463 40870733 00170513 01f00693 02000593 06a6c263 40a585b3 00b79733 00a656b3 00b615b3 00d76733 00b035b3 00b76633 00a7d7b3 f29ff06f 0125e533 f8051ce3 00000493 00000793 00000413 a0dff06f 00098513 451010ef 01850713 01f00793 f8e7d2e3 ff850793 00f997b3 00000613 f8dff06f fe170713 00e7d733 00000693 00b50863 04000693 40a686b3 00d796b3 00d666b3 00d036b3 00d76633 00000793 ebdff06f 40e40433 ff800737 fff70713 00e7f7b3 c45ff06f 00070793 ea1ff06f 00050613 e99ff06f 00f67713 00400693 c2d708e3 00d60533 00c53633 00c787b3 c25ff06f 00068413 00000793 bddff06f 00000493 00000793 961ff06f 00068493 00070793 00060513 c55ff06f fd010113 03212023 01512a23 00050913 00050a93 0145d513 02812423 02912223 01312e23 01712623 00c59413 02112623 01412c23 01612823 7ff57513 00060b93 00068493 00c45413 01f5d993 38050063 7ff00793 3ef50263 01dad593 00341413 0085e5b3 008007b7 003a9913 00f5ea33 c0150a93 00000b13 0144d713 00c49413 7ff77713 000b8813 00c45413 01f4d493 3e070063 7ff00793 44f70263 01dbd793 00341413 00f46433 008007b7 00f467b3 003b9813 c0170713 00000693 40ea8533 002b1713 00d76733 00700613 0099c8b3 42e64e63 00100613 60c70663 ffe70593 00500313 44b37663 0147e663 48fa1e63 49096c63 01fa1693 00195713 01f91293 001a5a13 00e6e933 00879793 0107df13 01885313 00f36333 03ea57b3 01031e93 010ede93 01095613 00881e13 03ea75b3 02fe8733 01059593 00b66633 00e67a63 00c30633 00e67463 44667663 fff78793 40e60633 03e65733 01091693 0106d693 03e67633 02ee85b3 01061613 00c6e6b3 00b6fa63 00d306b3 0066e463 42b6e263 fff70713 01079793 00e7e7b3 01079713 010e1f93 0107d393 01075713 010fdf93 40b686b3 010e5593 03f70433 03f384b3 02e58733 02b383b3 00970633 01045713 00c70733 00977663 00010637 00c383b3 01075613 01041413 01071713 01045413 00760633 00870733 00c6e663 02c69863 02e2f663 01c283b3 0053b433 00640933 012686b3 fff78493 00038293 3ad36063 00d31463 38040c63 00048793 40e28733 40c686b3 00e2b633 40c686b3 3ed30663 03e6d3b3 01075613 03e6f6b3 027e82b3 01069693 00d666b3 0056fa63 00d306b3 0056f463 3666fe63 fff38393 405686b3 03e6d2b3 01071713 01075713 03e6f6b3 025e8eb3 01069693 00d76733 01d77a63 00e30733 00676463 35d76a63 fff28293 01039613 00566633 01061693 0106d693 41d70733 01065e93 02df8f33 03df8fb3 03d58eb3 02d585b3 010f5693 01f585b3 00b686b3 01f6f663 000105b7 00be8eb3 0106d593 010f1f13 01069693 010f5f13 01d585b3 01e686b3 00b76663 30b71c63 30068a63 00e30eb3 000e8713 006ee863 2ebee463 00be9463 2ede6063 fff60613 40b70733 40de0e33 00e03733 01c03e33 01c76733 00c76833 3ff50713 2ee05a63 00787693 02068063 00f87693 00400613 00c68a63 00c806b3 0106b633 00c787b3 00068813 00779693 0006da63 ff000737 fff70713 00e7f7b3 40050713 7fe00693 36e6ca63 01d79613 00385813 01066633 0037d793 02c12083 02812403 00c79793 01471713 00c7d793 00f76733 01f89893 02412483 02012903 01c12983 01812a03 01412a83 01012b03 00c12b83 00060513 011765b3 03010113 00008067 01546a33 080a0063 04040063 00040513 7bc010ef 00050793 ff550713 01d00593 ff878693 40e585b3 00d41433 00bad5b3 0085ea33 00da9433 c0d00513 40f50ab3 00040913 c65ff06f 000a8513 780010ef 01550713 01c00693 02050793 fce6d0e3 ff850593 00ba9a33 fd1ff06f 01546a33 020a1263 00000913 00050a93 00200b13 c2dff06f 00000913 00000a93 00100b13 c1dff06f 00040a13 00050a93 00300b13 c0dff06f 017467b3 06078e63 04040063 00040513 718010ef 00050693 ff550713 01d00793 ff868613 40e787b3 00c41433 00fbd7b3 0087e7b3 00cb9433 c0d00713 40d70733 00040813 c05ff06f 000b8513 6dc010ef 01550713 01c00793 02050693 fce7d0e3 ff850793 00fb97b3 fd1ff06f 017467b3 02079063 00000813 00200693 bd1ff06f 00000813 00000713 00100693 bc1ff06f 00040793 00300693 bb5ff06f ff670713 00500613 1ce66863 00013637 00271713 d4060613 00c70733 00072703 00070067 00e61633 05467593 04059263 08867613 0c061663 ba6712e3 000807b7 7ff00713 00000893 e31ff06f 00098893 000a0793 00090813 00200713 16eb0e63 00300713 16eb0463 00100713 daeb18e3 00000793 00000613 1140006f fff50513 00000293 b79ff06f ffe78793 00660633 bb5ff06f ffe70713 006686b3 bddff06f 00c6e663 c6d614e3 c6e3f2e3 007e02b3 01c2b3b3 006383b3 ffe78793 007686b3 c51ff06f ffe38393 006686b3 c85ff06f ffe28293 00670733 cadff06f 00981813 01c83733 00670733 ffe60613 00ee8733 00080e13 d11ff06f 00000e13 d09ff06f 00048893 00068b13 f51ff06f fff00813 d0dff06f 08070063 fc900693 f4d74ae3 fe200693 06d74c63 00100693 40e686b3 41e50513 00d85733 00a81833 01003833 00a79533 00a86833 01076733 00d7d7b3 00777693 02068063 00f77693 00400613 00c68a63 00c706b3 00e6b633 00c787b3 00068713 00879693 0606c863 01d79613 00375713 00e66633 0037d793 00000713 ce9ff06f 00100693 f99ff06f fe100593 40e586b3 00d7d6b3 00000613 00b70663 43e50513 00a79633 01066633 00c03633 00c6e733 00000793 f89ff06f 000807b7 00000613 e6dff06f 00000793 00000613 7ff00713 c95ff06f 00000793 00000613 00100713 c85ff06f 0145d713 00c59793 00c69893 0146d813 7ff77713 7ff00313 00c7d793 01f5d593 00c8d893 7ff87813 01f6d693 00671c63 00a7e333 04030063 00100613 00060513 00008067 00681663 00c8e333 fe0316e3 ff0714e3 ff1792e3 fec510e3 00000613 fcd58ee3 fc071ae3 00a7e7b3 00f03633 fcdff06f fce812e3 fd1ff06f 0145d313 00c59893 00c69713 0146d813 7ff37313 7ff00793 00c8d893 01f5d593 00c75713 7ff87813 01f6d693 02f30863 7ff00e13 00080793 03c81c63 00c76e33 020e1263 02030a63 04d59463 07035263 00159793 fff78793 0100006f 00a8e7b3 fc0788e3 ffe00793 00078513 00008067 00000e13 00031663 00a8ee33 001e3e13 00081e63 00c76eb3 000e9a63 fc0e1ee3 40b005b3 0015e793 fd1ff06f 00169793 fa0e1ae3 fed596e3 fe6844e3 fa1ff06f ff1760e3 40e887b3 00a67463 fc078ae3 f8e8e8e3 00c57463 f80784e3 00000793 f99ff06f 0145d313 00c59893 00c69713 0146d813 7ff37313 7ff00793 00c8d893 01f5d593 00c75713 7ff87813 01f6d693 02f30863 7ff00e13 00080793 03c81c63 00c76e33 020e1263 02030a63 04d59463 07035263 00159793 fff78793 0100006f 00a8e7b3 fc0788e3 00200793 00078513 00008067 00000e13 00031663 00a8ee33 001e3e13 00081e63 00c76eb3 000e9a63 fc0e1ee3 40b005b3 0015e793 fd1ff06f 00169793 fa0e1ae3 fed596e3 fe6844e3 fa1ff06f ff1760e3 40e887b3 00a67463 fc078ae3 f8e8e8e3 00c57463 f80784e3 00000793 f99ff06f fd010113 01412c23 0145da13 02812423 02912223 01312e23 01512a23 01712623 00c59493 02112623 03212023 01612823 7ffa7a13 00050413 00060b93 00068993 00c4d493 01f5da93 0c0a0263 7ff00793 12fa0463 00349493 01d55793 0097e7b3 008004b7 0097e4b3 00351913 c01a0a13 00000b13 0149d713 00c99413 7ff77713 00c45413 01f9d993 12070063 7ff00793 18f70463 00341413 01dbd793 0087e7b3 00800437 0087e433 c0170713 003b9793 00000813 00ea0a33 002b1713 01076733 00b00693 001a0513 1ae6c663 00200613 013ac5b3 00100693 16e64863 fff70713 1ae6ea63 00080b13 00200713 4ceb0e63 00300713 18eb0663 00100713 34eb1863 00000413 00000613 4800006f 00a4e933 06090e63 04048263 00048513 154010ef 00050713 ff550693 01d00793 ff870613 40d787b3 00c494b3 00f457b3 0097e7b3 00c414b3 c0d00a13 00048913 40ea0a33 00078493 f1dff06f 118010ef 01550693 01c00793 02050713 fcd7d0e3 ff850793 00f417b3 fd1ff06f 00a4e933 02091063 00000493 00200b13 eedff06f 00000493 00000a13 00100b13 eddff06f 00050913 00300b13 ed1ff06f 017467b3 08078063 04040263 00040513 0b8010ef 00050793 ff550713 01d00693 ff878613 40e686b3 00c41433 00dbd6b3 0086e6b3 00cb9433 c0d00713 40f70733 00040793 00068413 ec1ff06f 000b8513 078010ef 01550713 01c00693 02050793 fae6dee3 ff850693 00db96b3 fcdff06f 017467b3 02079063 00000413 00200813 e8dff06f 00000413 00000713 00100813 e7dff06f 000b8793 00300813 e71ff06f 00e69733 53077693 2a069663 00001637 88860613 00c77633 28061a63 24077713 02070663 00080437 0180006f 00f00793 000a8593 28f71063 00080437 00000613 7ff00713 00000593 2180006f 01095893 01079e13 01091913 0107d613 01095913 010e5e13 03c907b3 03c88333 0107d813 03260733 02c886b3 00670733 00e80833 00687663 00010737 00e686b3 01045713 01079793 01041413 0107d793 01045413 01085f93 01081813 02890f33 00f80833 02e90933 010f5313 028887b3 02e888b3 00f90933 01230333 00f37663 000107b7 00f888b3 010f1f13 010f5f13 01031793 01e787b3 0104df13 01049493 0104d493 029e02b3 01035e93 011e8eb3 00ff8fb3 03ee0e33 0102d893 03e603b3 02960633 01c60633 00c888b3 01c8f663 00010637 00c383b3 02940633 01029293 0108d313 0102d293 01089893 00730333 005888b3 03e40433 01065e13 03e70f33 02970733 00870733 00ee0e33 008e7663 00010737 00ef0f33 01061613 010e1713 01065613 01f686b3 00c70733 01d70eb3 00f6b7b3 00fe87b3 011688b3 00678333 00d8b6b3 00eeb633 00d306b3 01d7beb3 00f33733 01d66633 0066b333 010e5e13 00989793 01c60633 00676733 00c70733 0107e7b3 01e70733 00f037b3 0178d893 00971713 0176d413 0117e7b3 00969693 00d7e7b3 00771693 00876433 0c06dc63 0017d713 0017f793 00f76733 01f41793 00f767b3 00145413 3ff50713 0ce05063 0077f693 02068063 00f7f693 00400613 00c68a63 00c786b3 00f6b633 00c40433 00068793 00741693 0006da63 ff000737 fff70713 00e47433 40050713 7fe00693 12e6ca63 01d41613 0037d793 00f66633 00345413 00c41413 00c45413 01471713 02c12083 00876733 02812403 01f59593 00b767b3 02412483 02012903 01c12983 01812a03 01412a83 01012b03 00c12b83 00060513 00078593 03010113 00008067 00098593 bedff06f 00048413 00090793 be5ff06f 000a0513 f41ff06f 08070063 fc900693 bed744e3 fe200693 06d74c63 00100693 40e68733 41e50513 00e7d6b3 00a797b3 00f037b3 00a41533 00a7e7b3 00d7e7b3 00e45433 0077f713 02070063 00f7f713 00400693 00d70a63 00d78733 00f736b3 00d40433 00070793 00841713 06074263 01d41613 0037d793 00f66633 00345413 00000713 f1dff06f 00100713 f99ff06f fe100813 40e806b3 00d456b3 00000613 01070663 43e50513 00a41633 00c7e7b3 00f037b3 00f6e7b3 00000413 f89ff06f 00000413 00000613 7ff00713 ed5ff06f 00000413 00000613 00100713 ec5ff06f fe010113 0145d713 00c59793 00812c23 0097d793 7ff77413 01d55713 00f767b3 00c69713 0146d893 00912a23 00975713 01f5d493 01d65593 00e5e733 00112e23 01212823 01312623 7ff8f893 7ff00593 00351513 01f6d693 00361613 00b89663 00c765b3 00059463 0016c693 41140833 7ff00313 30969263 17005663 0a089063 00c766b3 02068463 fff40813 00081e63 00c50633 00e787b3 00a63533 00a787b3 00100413 0c80006f 08641063 01d79693 00355513 7ff00713 00a6e6b3 0037d793 00e41e63 00f6e6b3 00000793 00068863 000807b7 00000693 00000493 7ff47713 00c79793 01c12083 01812403 00c7d793 01471713 01f49593 00f76733 00b767b3 01412483 01012903 00c12983 00068513 00078593 02010113 00008067 28640863 008006b7 00d76733 03800693 0b06c663 01f00693 02000893 0706c863 410888b3 011716b3 010655b3 011618b3 00b6e6b3 011038b3 0116e6b3 01075833 00a68633 00f80833 00d636b3 00d807b3 00879713 1c075c63 00140413 7ff00713 5ae40e63 ff800737 fff70713 00e7f7b3 00165713 00167613 00c76733 01f79613 00e66633 0017d793 1a40006f fe080693 00d756b3 00000593 01180863 04000593 410585b3 00b715b3 00c5e5b3 00b035b3 00b6e6b3 00000813 f89ff06f 00c766b3 00d036b3 ff1ff06f 0c080663 408886b3 06041a63 00a7e5b3 00059a63 00070793 00060513 00068413 ea9ff06f fff68593 e80582e3 fe6684e3 03800693 08b6c663 01f00693 02000313 04b6c863 40b30333 006796b3 00b55833 00651333 0106e6b3 00603333 0066e6b3 00b7d5b3 00c68633 00e585b3 00d636b3 00d587b3 00088413 f11ff06f 4e688863 008005b7 00b7e7b3 00068593 fa5ff06f fe058693 00d7d6b3 00000813 00658863 04000813 40b80833 01079833 00a86833 01003833 0106e6b3 00000593 fa9ff06f 00a7e6b3 00d036b3 ff1ff06f 00140693 7fe6f593 06059463 00a7e6b3 04041063 44068263 00c766b3 44068263 00c50633 00e787b3 00a63533 00a787b3 00879713 2c075463 ff800737 fff70713 00e7f7b3 00060513 00100413 db1ff06f 44068863 00c76733 00030413 da0700e3 00000493 004007b7 00000513 d91ff06f 40668a63 00c50633 00e787b3 00a63533 00a787b3 01f79713 00165613 00c76633 0017d793 00068413 00767713 3c071663 00060513 00879713 d4075ae3 00140413 7ff00713 3ce40a63 ff800737 fff70713 00e7f7b3 d39ff06f 0f005063 02089c63 00c766b3 d20684e3 fff40813 00081e63 40c50633 40e787b3 00c53533 40a787b3 00100413 0600006f 00641c63 7ff00413 cfdff06f ce640ce3 008006b7 00d76733 03800693 0906c463 01f00693 02000893 0506c663 410888b3 011716b3 010655b3 011618b3 00b6e6b3 011038b3 0116e6b3 01075833 40d50633 41078833 00c53533 40a807b3 00879713 f40750e3 00979913 00995913 00060993 20c0006f fe080693 00d756b3 00000593 01180863 04000593 410585b3 00b715b3 00c5e5b3 00b035b3 00b6e6b3 00000813 fadff06f 00c766b3 00d036b3 ff1ff06f 0e080a63 40888833 08041e63 00a7e5b3 00059c63 00068493 00070793 00060513 00080413 c31ff06f fff80593 02059063 40a60533 00a635b3 40f707b3 00050613 40b787b3 00068493 f01ff06f fc6804e3 03800813 08b84a63 01f00813 02000e13 04b84c63 40be0e33 00b55333 01c79833 01c51e33 00686833 01c03e33 01c86533 00b7d5b3 40a60533 00a637b3 40b705b3 00050613 40f587b3 00088413 00068493 f0dff06f 24688863 008005b7 00b7e7b3 00080593 f9dff06f fe058813 0107d833 00000313 01c58863 04000313 40b30333 00679333 00a36333 00603333 00686533 00000593 fa1ff06f 00a7e533 00a03533 ff1ff06f 00140593 7fe5f593 0a059063 00c765b3 00a7e833 06041863 00081a63 00070793 02059e63 00000493 1c40006f 18058c63 40c50833 010538b3 40e785b3 411585b3 00859893 0208d663 40a60533 00a635b3 40f707b3 00050613 40b787b3 00068493 00c7e533 0e050263 00000413 d91ff06f 00b86533 18050063 00058793 00080613 fe1ff06f 00081c63 16059c63 00000493 00000513 004007b7 dc9ff06f 00030413 ac0580e3 d21ff06f 40c505b3 00b53833 40e78933 41090933 00891813 00058993 06085e63 40a609b3 40f70933 01363633 40c90933 00068493 06090e63 00090513 65c000ef ff850713 02000793 40e787b3 00e91933 00f9d7b3 0127e7b3 00e99633 0a874463 40870733 00170513 01f00693 02000593 06a6c263 40a585b3 00b79733 00a656b3 00b615b3 00d76733 00b035b3 00b76633 00a7d7b3 f29ff06f 0125e533 f8051ce3 00000493 00000793 00000413 a11ff06f 00098513 5e4000ef 01850713 01f00793 f8e7d2e3 ff850793 00f997b3 00000613 f8dff06f fe170713 00e7d733 00000693 00b50863 04000693 40a686b3 00d796b3 00d666b3 00d036b3 00d76633 00000793 ebdff06f 40e40433 ff800737 fff70713 00e7f7b3 c45ff06f 00070793 ea1ff06f 00050613 e99ff06f 00f67713 00400693 c2d708e3 00d60533 00c53633 00c787b3 c25ff06f 00068413 00000793 bddff06f 00000493 00000793 965ff06f 00068493 00070793 00060513 c55ff06f 00c59713 0145d593 00c69793 7ff5f593 0146d693 7ff00813 00c75713 00c7d793 7ff6f693 01059863 00a76733 00100513 00071a63 00000513 01069663 00c7e7b3 00f03533 00008067 0145d713 00c59793 7ff77713 3fe00693 00c7d793 01f5d593 04e6de63 41d00693 00e6da63 80000537 fff50513 00a58533 00008067 001006b7 00d7e7b3 41300693 02e6d463 bed70693 00d797b3 43300693 40e68733 00e55533 00a7e533 00058e63 40a00533 00008067 40e686b3 00d7d533 fedff06f 00000513 00008067 ff010113 00112623 00812423 00912223 00050793 08050063 41f55713 00a74433 40e40433 01f55493 00040513 43c000ef 41e00793 00a00713 40a787b3 04a74463 00b00713 40a70733 01550513 00e45733 00a41433 00c12083 00040513 00c71713 00812403 01479793 00c75713 01f49493 00e7e7b3 0097e5b3 00412483 01010113 00008067 ff550513 00a41733 00000413 fc5ff06f 00000493 00000713 ff1ff06f ff010113 00812423 00112623 00050413 06050063 3b4000ef 41e00713 00a00793 40a70733 02a7ce63 00b00793 40a787b3 01550513 00f457b3 00a41433 00c12083 00040513 00812403 00c79793 01471713 00c7d793 00f765b3 01010113 00008067 ff550513 00a417b3 00000413 fd1ff06f 00000793 00000713 fc5ff06f 00c52583 00852783 fe010113 00452703 00052683 00f12423 00f12c23 01059793 0107d793 00f12e23 00159793 00e12223 00b12623 00e12a23 00d12023 0117d713 00d12823 01f5d593 01010613 01c10793 0007a503 ffc7a803 ffc78793 00351513 01d85813 01056533 00a7a223 fef612e3 00369513 00170693 01169813 00a12823 01285813 1e080c63 ffffc6b7 40068693 00d70733 7fe00693 28e6c863 04e05463 01812803 01c12783 01412603 01c85693 00479793 00d7e7b3 00461693 00a6e6b3 01c65613 00481813 00d036b3 01066633 00c6e6b3 0076f613 22061c63 00068613 2000006f fcc00693 20d74e63 01c12e03 000806b7 00060813 00de6e33 03d00693 40e68733 40575e93 01c12e23 01f77713 00000513 00000693 00082883 00150513 00480813 0116e6b3 feae98e3 002e9813 02071663 01060833 00082703 ffee8793 0017b793 00e12823 00200713 00ee9463 01c12a23 00178793 0480006f 01060533 00052503 02000313 40e30333 00651533 00a6e6b3 00300513 41d50533 00f807b3 00000f13 0de51863 00251513 00400793 00a60533 00ee5733 41d787b3 00e52023 00400713 40f70733 00279793 00f60633 00271793 00800713 00e7ea63 00062023 00062223 ff878793 00e60633 00400713 00e7e463 00062023 01012783 00d036b3 00f6e6b3 01412783 00f6e633 12061a63 00000793 00000713 00365613 01d79693 00c6e6b3 7ff00613 0037d793 00c71e63 00f6e6b3 00000793 00068863 00000593 000807b7 00000693 7ff77713 00c79793 00c7d793 01471713 01f59593 00f76733 00b767b3 00068513 00078593 02010113 00008067 0007a883 0047af83 410782b3 00e8d8b3 006f9fb3 01f8e8b3 0112a023 001f0f13 00478793 f0dff06f 01412683 01812783 01c12803 00f6e633 01066633 00a66633 02071063 00000793 00100693 f4060ce3 00468613 00d636b3 00d787b3 0300006f 08060263 00479713 01c6d693 01c7d793 00481813 00e6e6b3 0107e7b3 00400737 00e7e7b3 ff86f613 7ff00713 00879693 f006dae3 00170713 7ff00693 04d70863 ff8006b7 fff68693 00d7f7b3 ef9ff06f 00000713 00100693 00000793 00f6f613 00400513 f8a616e3 dc1ff06f 00000713 db1ff06f 00000793 00000613 7ff00713 ec5ff06f 00000793 ff5ff06f 00000793 00000613 eb1ff06f 000107b7 02f57a63 10053793 0017b793 00379793 00012737 00f55533 56070713 00a70733 00074503 02000693 40f686b3 40a68533 00008067 01000737 01800793 fce57ae3 01000793 fcdff06f 00000000 0000ff64 0000ff68 0000ff6c 0000ff70 0000ff74 0000ff78 0000ff7c 0000ff80 0000ff84 0000ff88 0000ff98 0000d5ec 0000ff8c 0000ff90 0000ff98 0000ff94 64342e25 00000000 636c6143 74616c75 69662065 20747372 64206425 74696769 666f2073 20695020 65646e69 646e6570 6c746e65 79622079 20642520 65726874 2e736461 0000000a 76206950 65756c61 6c616320 616c7563 20646574 74207962 61657268 25232064 25203a64 00000a73 6f727245 23203a72 21206425 2523203d 00000a64 206c6c41 74206425 61657268 65207364 75636578 20646574 25207962 6f632064 20736572 25206e69 736d2064 0000000a 69666e49 7974696e 00000000 004e614e 00000030 6c6c6142 7320636f 65636375 64656465 00000000 6d6f682f 74772f65 65626d61 636f442f 6e656d75 722f7374 2d757076 6c697562 2e2e2f64 7076722f 77732f75 7369722f 672d7663 742d756e 636c6f6f 6e696168 77656e2f 2f62696c 6c77656e 6c2f6269 2f636269 6c647473 642f6269 2e616f74 00000063 6d6f682f 74772f65 65626d61 636f442f 6e656d75 722f7374 2d757076 6c697562 2e2e2f64 7076722f 77732f75 7369722f 672d7663 742d756e 636c6f6f 6e696168 77656e2f 2f62696c 6c77656e 6c2f6269 2f636269 6c647473 6d2f6269 63657270 0000632e 00464e49 00666e69 004e414e 006e616e 33323130 37363534 42413938 46454443 00000000 33323130 37363534 62613938 66656463 00000000 6c756e28 0000296c 7566202c 6974636e 203a6e6f 00000000 65737361 6f697472 2522206e 66202273 656c6961 66203a64 20656c69 22732522 696c202c 2520656e 25732564 00000a73 00000043 49534f50 00000058 0000002e 3d3d3d3d 504f4f20 50432053 00000055 00783020 3d3d3d20 00000a3d 02020100 03030303 04040404 04040404 05050505 05050505 05050505 05050505 06060606 06060606 06060606 06060606 06060606 06060606 06060606 06060606 07070707 07070707 07070707 07070707 07070707 07070707 07070707 07070707 07070707 07070707 07070707 07070707 07070707 07070707 07070707 07070707 08080808 08080808 08080808 08080808 08080808 08080808 08080808 08080808 08080808 08080808 08080808 08080808 08080808 08080808 08080808 08080808 08080808 08080808 08080808 08080808 08080808 08080808 08080808 08080808 08080808 08080808 08080808 08080808 08080808 08080808 08080808 08080808 00000000 3ff80000 636f4361 3fd287a7 8b60c8b3 3fc68a28 509f79fb 3fd34413 00000000 3ff00000 00000000 40240000 00000000 401c0000 00000000 40140000 00000000 3fe00000 ffffffff 7fefffff 00000005 00000019 0000007d 00000000 37e08000 4341c379 b5056e17 4693b8b5 e93ff9f5 4d384f03 f9301d32 5a827748 7f73bf3c 75154fdd 00000000 3ff00000 00000000 40240000 00000000 40590000 00000000 408f4000 00000000 40c38800 00000000 40f86a00 00000000 412e8480 00000000 416312d0 00000000 4197d784 00000000 41cdcd65 20000000 4202a05f e8000000 42374876 a2000000 426d1a94 e5400000 42a2309c 1e900000 42d6bcc4 26340000 430c6bf5 37e08000 4341c379 85d8a000 43763457 674ec800 43abc16d 60913d00 43e158e4 78b58c40 4415af1d d6e2ef50 444b1ae4 064dd592 4480f0cf c7e14af6 44b52d02 79d99db4 44ea7843 00007718 00006dbc 00006dbc 00007730 00006dbc 00006dbc 00006dbc 00006dbc 00006dbc 00006dbc 00006f6c 0000773c 00006dbc 00006f84 00007764 00006dbc 0000774c 00006d84 00006d84 00006d84 00006d84 00006d84 00006d84 00006d84 00006d84 00006d84 00006dbc 00006dbc 00006dbc 00006dbc 00006dbc 00006dbc 00006dbc 00006dbc 00006dbc 00006dbc 00007458 00006f90 00006dbc 00006f90 00006dbc 00006dbc 00006dbc 00006dbc 00007758 00006dbc 00006dbc 00007534 00006dbc 00006dbc 00006dbc 00006dbc 00006dbc 000075e0 00006dbc 00006dbc 00007810 00006dbc 00006dbc 00006dbc 00006dbc 00006dbc 00006dbc 00006dbc 00006dbc 00006dbc 00006dbc 000074d0 00007358 00006f90 00006f90 00006f90 000075d4 00007358 00006dbc 00006dbc 00006f60 00006dbc 00007504 00007628 00007650 00006f60 00006dbc 000077bc 00006dbc 00007418 00006dbc 00006dbc 000080c8 30303030 30303030 30303030 30303030 20202020 20202020 20202020 20202020 00009144 00008a70 00008a70 0000915c 00008a70 00008a70 00008a70 00008a70 00008a70 00008a70 00008c7c 00009168 00008a70 00008c94 000091fc 00008a70 00009178 00008a38 00008a38 00008a38 00008a38 00008a38 00008a38 00008a38 00008a38 00008a38 00008a70 00008a70 00008a70 00008a70 00008a70 00008a70 00008a70 00008a70 00008a70 00008a70 00009184 00008ca0 00008a70 00008ca0 00008a70 00008a70 00008a70 00008a70 00009348 00008a70 00008a70 00009260 00008a70 00008a70 00008a70 00008a70 00008a70 00009300 00008a70 00008a70 00009500 00008a70 00008a70 00008a70 00008a70 00008a70 00008a70 00008a70 00008a70 00008a70 00008a70 00009354 00009078 00008ca0 00008ca0 00008ca0 00009254 00009078 00008a70 00008a70 00008c70 00008a70 000094d0 000093e0 00009408 00008c70 00008a70 000090ec 00008a70 00009388 00008a70 00008a70 00009ddc 30303030 30303030 30303030 30303030 20202020 20202020 20202020 20202020 0000c448 0000bff4 0000bff4 0000c460 0000bff4 0000bff4 0000bff4 0000bff4 0000bff4 0000bff4 0000c124 0000c46c 0000bff4 0000c134 0000c1b4 0000bff4 0000c47c 0000bfbc 0000bfbc 0000bfbc 0000bfbc 0000bfbc 0000bfbc 0000bfbc 0000bfbc 0000bfbc 0000bff4 0000bff4 0000bff4 0000bff4 0000bff4 0000bff4 0000bff4 0000bff4 0000bff4 0000bff4 0000c488 0000bff4 0000bff4 0000bff4 0000bff4 0000bff4 0000bff4 0000bff4 0000bff4 0000bff4 0000bff4 0000c4fc 0000bff4 0000bff4 0000bff4 0000bff4 0000bff4 0000c394 0000bff4 0000bff4 0000c5b8 0000bff4 0000bff4 0000bff4 0000bff4 0000bff4 0000bff4 0000bff4 0000bff4 0000bff4 0000bff4 0000c3d4 0000c150 0000bff4 0000bff4 0000bff4 0000c4f0 0000c150 0000bff4 0000bff4 0000c118 0000bff4 0000c36c 0000c200 0000c290 0000c118 0000bff4 0000c318 0000bff4 0000c3fc 0000bff4 0000bff4 0000ca30 30303030 30303030 30303030 30303030 20202020 20202020 20202020 20202020 20202000 20202020 28282020 20282828 20202020 20202020 20202020 20202020 10108820 10101010 10101010 10101010 04040410 04040404 10040404 10101010 41411010 41414141 01010101 01010101 01010101 01010101 01010101 10101010 42421010 42424242 02020202 02020202 02020202 02020202 02020202 10101010 00000020 00000000 00000000 00000000 00000000 00000000 00000000 00000000 00000000 00000000 00000000 00000000 00000000 00000000 00000000 00000000 00000000 00000000 00000000 00000000 00000000 00000000 00000000 00000000 00000000 00000000 00000000 00000000 00000000 00000000 00000000 00000000 00000000 00010dc0 00010cf4 00010c40 00010c40 00010c40 00010dc0 00000010 00000000 00527a03 01017c01 00020c1b 00000010 00000018 fffeed30 000003c4 00000000 00000000 00000000 00000000 00000000 00000000 00000000 00000000 00000000 00000000 00000000 00000000 00000000 00000000 00000000 00000000 00000000 00000000 00000000 00000000 00000000 00000000 000134f4 0001348c 00013424 00001574 000018f0 000018a8 00000000 00000000 00000000 00000000 00000000 00000000 00000000 00000001 00000000 00000000 00000000 00000000 00000000 00000000 ffffffff 00020000 00000000 00000000 00012e2c 00012e2c 00012e34 00012e34 00012e3c 00012e3c 00012e44 00012e44 00012e4c 00012e4c 00012e54 00012e54 00012e5c 00012e5c 00012e64 00012e64 00012e6c 00012e6c 00012e74 00012e74 00012e7c 00012e7c 00012e84 00012e84 00012e8c 00012e8c 00012e94 00012e94 00012e9c 00012e9c 00012ea4 00012ea4 00012eac 00012eac 00012eb4 00012eb4 00012ebc 00012ebc 00012ec4 00012ec4 00012ecc 00012ecc 00012ed4 00012ed4 00012edc 00012edc 00012ee4 00012ee4 00012eec 00012eec 00012ef4 00012ef4 00012efc 00012efc 00012f04 00012f04 00012f0c 00012f0c 00012f14 00012f14 00012f1c 00012f1c 00012f24 00012f24 00012f2c 00012f2c 00012f34 00012f34 00012f3c 00012f3c 00012f44 00012f44 00012f4c 00012f4c 00012f54 00012f54 00012f5c 00012f5c 00012f64 00012f64 00012f6c 00012f6c 00012f74 00012f74 00012f7c 00012f7c 00012f84 00012f84 00012f8c 00012f8c 00012f94 00012f94 00012f9c 00012f9c 00012fa4 00012fa4 00012fac 00012fac 00012fb4 00012fb4 00012fbc 00012fbc 00012fc4 00012fc4 00012fcc 00012fcc 00012fd4 00012fd4 00012fdc 00012fdc 00012fe4 00012fe4 00012fec 00012fec 00012ff4 00012ff4 00012ffc 00012ffc 00013004 00013004 0001300c 0001300c 00013014 00013014 0001301c 0001301c 00013024 00013024 0001302c 0001302c 00013034 00013034 0001303c 0001303c 00013044 00013044 0001304c 0001304c 00013054 00013054 0001305c 0001305c 00013064 00013064 0001306c 0001306c 00013074 00013074 0001307c 0001307c 00013084 00013084 0001308c 0001308c 00013094 00013094 0001309c 0001309c 000130a4 000130a4 000130ac 000130ac 000130b4 000130b4 000130bc 000130bc 000130c4 000130c4 000130cc 000130cc 000130d4 000130d4 000130dc 000130dc 000130e4 000130e4 000130ec 000130ec 000130f4 000130f4 000130fc 000130fc 00013104 00013104 0001310c 0001310c 00013114 00013114 0001311c 0001311c 00013124 00013124 0001312c 0001312c 00013134 00013134 0001313c 0001313c 00013144 00013144 0001314c 0001314c 00013154 00013154 0001315c 0001315c 00013164 00013164 0001316c 0001316c 00013174 00013174 0001317c 0001317c 00013184 00013184 0001318c 0001318c 00013194 00013194 0001319c 0001319c 000131a4 000131a4 000131ac 000131ac 000131b4 000131b4 000131bc 000131bc 000131c4 000131c4 000131cc 000131cc 000131d4 000131d4 000131dc 000131dc 000131e4 000131e4 000131ec 000131ec 000131f4 000131f4 000131fc 000131fc 00013204 00013204 0001320c 0001320c 00013214 00013214 0001321c 0001321c 00013224 00013224 00000000 00000003 00013424 00013714 00000043 00000000 00000000 00000000 00000000 00000000 00000000 00000000 00000043 00000000 00000000 00000000 00000000 00000000 00000000 00000000 00000043 00000000 00000000 00000000 00000000 00000000 00000000 00000000 00000043 00000000 00000000 00000000 00000000 00000000 00000000 00000000 00000043 00000000 00000000 00000000 00000000 00000000 00000000 00000000 00000043 00000000 00000000 00000000 00000000 00000000 00000000 00000000 00000043 00000000 00000000 00000000 00000000 00000000 00000000 00000000 0000cf74 0000cf0c 00000000 00012c3c 00012540 00012500 00012500 00012500 00012500 00012500 00012500 00012500 00012500 00012500 ffffffff ffffffff ffffffff 0000ffff 53410001 00494943 00000000 00000000 00000000 00000000 00000000 00000000 53410000 00494943 00000000 00000000 00000000 00000000 00000000 00000000 00000000 00000001 000133b8 0000d12c 00000003 000133c4 00000000 0000d1ec 0000d1ec 