0000e197 e9418193 00000297 77c28293 30529073 30047073 000012b7 80028293 30429073 34001073 f1402473 04040863 e3c18493 0004a283 fe541ee3 0000d117 0a810113 00012103 e0010113 00000213 558090ef 0004a283 00128293 0054a023 00941413 20040413 0000e117 cb810113 00810133 30046073 10500073 0000d617 06062603 02061863 0000d597 05458593 0000d617 60460613 40b60633 40c10133 00010513 0000d297 02c2ac23 5d9010ef 0180006f 0000d517 02850513 40c10133 00010593 5c1010ef 0000d517 5d050513 00010617 c5060613 40a60633 00000593 4c9010ef 0000d517 fec50513 0000d617 00060613 40a60633 40c10133 00010513 00000593 4a5010ef 0000d597 fbc58593 0000d617 fc060613 40b60633 40c10133 00010513 561010ef f8810113 00010213 ff017113 0000d297 fac28293 00010317 be430313 0062a023 0000d297 f9c28293 0022a023 00020513 0bc090ef 00002517 bf050513 0e4010ef 349010ef 00000513 00000593 00000613 034000ef 0040006f ff010113 00000593 00812423 00112623 00050413 048020ef 98c1a783 00078463 000780e7 00040513 5bc080ef 0000d537 fc010113 7b850513 02112e23 02812c23 02912a23 03212823 03312623 03412423 03512223 03612023 588010ef 000026b7 83c18713 a9468693 00d72823 00072023 00072223 00002737 82418793 b9070713 0007a023 0007a223 00e7a823 211080ef 00050493 00058913 cc002573 3e700793 50a7f863 3e800613 00000693 00000593 3e9000ef 00251713 01e55693 00259613 00a707b3 00c6e633 00b60633 00e7b6b3 00c686b3 01f7d713 00169693 00179793 00d76733 00f485b3 00e90633 0095b4b3 00c48633 83c18513 1b9080ef 1a1080ef 00050493 00058913 cc002573 3e700793 46a7f263 3e800613 00000693 00000593 379000ef 00251713 01e55693 00259613 00a707b3 00c6e633 00b60633 00e7b6b3 00c686b3 01f7d713 00169693 00179793 00d76733 00f485b3 00e90633 0095b4b3 00c48633 82418513 149080ef 000029b7 01000793 000015b7 00810693 c8c98613 80058593 00f12623 00000513 00800793 00f12823 00012423 2d0090ef 00050413 7a0090ef f1402573 6ed090ef cc0027f3 095080ef 0e9080ef 00050493 00058913 cc002573 3e700793 36a7f863 3e800613 00000693 00000593 2c1000ef 00251713 01e55693 00259613 00a707b3 00c6e633 00b60633 00e7b6b3 00c686b3 01e7d713 00269693 00279793 00d76733 00f485b3 00e90633 0095b4b3 00c48633 00000513 205090ef 045080ef 00100793 00f12a23 000015b7 01400793 01410693 c8c98613 80058593 00f12c23 00000513 00a00793 00f12e23 214090ef 00050493 6e4090ef f1402573 631090ef cc0027f3 7d8080ef 02d080ef 00050913 00058993 cc002573 3e700793 26a7fc63 3e800613 00000693 00000593 205000ef 00251713 01e55693 00259613 00a707b3 00c6e633 00b60633 00e7b6b3 00c686b3 01e7d713 00269693 00279793 00d76733 00f905b3 0125b933 00e98633 00c90633 00000513 149090ef 788080ef 0000e937 0000da37 3e700993 7ac080ef 00050613 98090593 7c8a0513 0f8010ef cc0027f3 73c080ef 790080ef 00050a93 00058b13 cc002573 08a9f463 3e800613 00000693 00000593 16d000ef 00451693 01c55613 00459713 40a687b3 00e66733 00f6b6b3 40b70733 40d70733 01e7d613 00271713 00279793 00e66633 00fa85b3 0155bab3 00cb0633 00ca8633 00000513 0b1090ef 6f0080ef 06040263 03842783 06078863 00048a63 0384a783 f60790e3 00048513 06d090ef 00000493 f51ff06f 00451713 40a70833 01c55793 01073733 40e787b3 00279793 01e85593 3e800613 00f5e5b3 00000693 00281513 0c9000ef 00050793 00058613 f85ff06f 02048063 0384a783 0c078663 00000413 f01ff06f 00040513 00d090ef fe0494e3 0000d537 98090593 7d850513 7ed000ef cc0027f3 630080ef 684080ef 00050413 00058493 cc002573 3e700793 08a7fa63 3e800613 00000693 00000593 05d000ef 00251713 01e55693 00259613 00a707b3 00c6e633 00b60633 00e7b6b3 00c686b3 01d7d713 00369693 00379793 00d76733 00f405b3 0085b433 00e48633 00c40633 00000513 7a0090ef 5e0080ef 03c12083 03812403 03412483 03012903 02c12983 02812a03 02412a83 02012b03 04010113 00008067 00048513 74c090ef f45ff06f 00251793 00a78733 00f737b3 01e55513 00a787b3 01d75593 00379793 00371513 00f5e5b3 3e800613 00000693 7ac000ef 00050793 00058713 f79ff06f 00251793 00a78733 00f737b3 01e55513 00a787b3 01e75593 00279793 00271513 00f5e5b3 3e800613 00000693 770000ef 00050793 00058713 d95ff06f 00251793 00a78733 00f737b3 01e55513 00a787b3 01e75593 00279793 00271513 00f5e5b3 3e800613 00000693 734000ef 00050793 00058713 c9dff06f 00251793 00a78733 00f737b3 01e55513 00a787b3 01f75593 00179793 00171513 00f5e5b3 3e800613 00000693 6f8000ef 00050793 00058713 ba9ff06f 00251793 00a78733 00f737b3 01e55513 00a787b3 01f75593 00179793 00171513 00f5e5b3 3e800613 00000693 6bc000ef 00050793 00058713 afdff06f 00000793 00078863 00003537 d4c50513 2cd0006f 00008067 f7410113 00021c63 34031373 00031663 34001073 0840006f 34031373 00112023 00512423 00612623 00712823 00812a23 00912c23 00a12e23 02b12023 02c12223 02d12423 02e12623 02f12823 03012a23 03112c23 03212e23 05312023 05412223 05512423 05612623 05712823 05812a23 05912c23 05a12e23 07b12023 07c12223 07d12423 07e12623 07f12823 08c10293 00512223 34002373 300023f3 34102e73 34302ef3 34b02f73 34202ff3 06612a23 06712c23 07c12e23 09d12023 09e12223 09f12423 34011073 000fd663 7c4080ef 0300006f 002f9293 0000c317 ed430313 0000c397 f0c38393 005302b3 0072f863 0002a283 000280e7 0080006f 2c1090ef 07c12e03 00050463 004e0e13 341e1073 07812383 30039073 07412303 34031073 00021463 06030e63 00012083 00812283 00c12303 01012383 01412403 01812483 01c12503 02012583 02412603 02812683 02c12703 03012783 03412803 03812883 03c12903 04012983 04412a03 04812a83 04c12b03 05012b83 05412c03 05812c83 05c12d03 06012d83 06412e03 06812e83 06c12f03 07012f83 00412103 30200073 08c10113 30046073 10500073 04020863 34002373 06622623 04031263 02122a23 02222c23 02822e23 04922023 05222223 05322423 05422623 05522823 05622a23 05722c23 05822e23 07922023 07a22223 07b22423 300023f3 06722823 02051463 f14022f3 00929293 20028293 0000d117 39010113 00510133 00000213 30046073 10500073 00050213 06c22303 00030863 00030113 00000513 ec9ff06f 07022383 03422083 03822103 34031073 30039073 02c22e03 000e5e63 41c00e33 fffe0e13 03c22623 04022e83 03c22503 000e8067 03c22403 04022483 04422903 04822983 04c22a03 05022a83 05422b03 05822b83 05c22c03 06022c83 06422d03 06822d83 00008067 ff010113 00812423 0000e437 69844783 00112623 02079263 00000793 00078a63 0000e537 02050513 00000097 000000e7 00100793 68f40c23 00c12083 00812403 01010113 00008067 00000793 00078e63 0000e5b7 0000e537 69c58593 02050513 00000317 00000067 00008067 ff010113 000016b7 0000d7b7 00812423 00112623 00912223 01212023 00050413 77078793 07400713 f8068693 00e68023 0017c703 00178793 fe071ae3 14c080ef 00050493 00058913 cc002573 3e700793 06a7f863 3e800613 00000693 00000593 324000ef 00251713 01e55693 00259613 00a707b3 00c6e633 00b60633 00e7b6b3 00c686b3 01f7d713 00169693 00179793 00d76733 00f485b3 0095b4b3 00e90633 00040513 00812403 00c12083 00012903 00c48633 00412483 01010113 0e00806f 00251793 00a78733 00f737b3 01e55513 00a787b3 01f75593 00179793 00171513 00f5e5b3 3e800613 00000693 298000ef 00050793 00058713 f9dff06f ff010113 000016b7 0000d7b7 00812423 00112623 00912223 01212023 00050413 77c78793 07400713 f8068693 00e68023 0017c703 00178793 fe071ae3 050080ef 00050493 00058913 cc002573 3e700793 06a7f863 3e800613 00000693 00000593 228000ef 00251713 01e55693 00259613 00a707b3 00c6e633 00b60633 00e7b6b3 00c686b3 01e7d713 00269693 00279793 00d76733 00f485b3 0095b4b3 00e90633 00040513 00812403 00c12083 00012903 00c48633 00412483 01010113 7e50706f 00251793 00a78733 00f737b3 01e55513 00a787b3 01e75593 00279793 00271513 00f5e5b3 3e800613 00000693 19c000ef 00050793 00058713 f9dff06f fe010113 01212823 01312623 01612023 00052983 00452903 00852b03 01412423 01512223 00112e23 00812c23 00912a23 0000da37 3e700a93 759070ef 00050693 00090613 00098593 788a0513 0a1000ef 10090463 fff90913 05697463 cc0027f3 00000493 00000413 fcfaf8e3 cc002573 00148793 0097b733 3e800613 00000693 00000593 00870433 00078493 100000ef fcb46ee3 fa8592e3 fca4eae3 f9dff06f cc0027f3 695070ef 6e9070ef 00050413 00058493 cc002573 06aaf263 3e800613 00000693 00000593 0c4000ef 00451693 01c55613 00459713 40a687b3 00e66733 00f6b633 40b706b3 40c686b3 01e7d713 00269693 00279793 00d76733 00f405b3 0085b433 00e48633 00c40633 00000513 008090ef 649070ef f21ff06f 00451713 40a70833 01073733 01c55793 40e787b3 00279793 01e85593 00f5e5b3 3e800613 00000693 00281513 044000ef 00050793 00058713 fa9ff06f 01812403 01c12083 01412483 01012903 00812a03 00412a83 00012b03 00098593 00c12983 0000d537 7a050513 02010113 7640006f 00050893 00058313 00060713 00050813 00058793 28069263 0000e5b7 98858593 0ec37663 000106b7 0cd67863 10063693 0016b693 00369693 00d65533 00a585b3 0005c583 02000513 00d586b3 40d505b3 00d50c63 00b317b3 00d8d6b3 00b61733 00f6e7b3 00b89833 01075593 02b7d333 01071613 01065613 02b7f7b3 00030513 026608b3 01079693 01085793 00d7e7b3 0117fe63 00f707b3 fff30513 00e7e863 0117f663 ffe30513 00e787b3 411787b3 02b7d8b3 01081813 01085813 02b7f7b3 031606b3 01079793 00f86833 00088793 00d87c63 01070833 fff88793 00e86663 00d87463 ffe88793 01051513 00f56533 00000593 00008067 01000537 01800693 f2a67ce3 01000693 f31ff06f 00000693 00060c63 000107b7 0cf67063 10063693 0016b693 00369693 00d657b3 00f585b3 0005c783 00d787b3 02000693 40f685b3 0af69663 40c307b3 00100593 01075893 0317de33 01071613 01065613 01085693 0317f7b3 000e0513 03c60333 01079793 00f6e7b3 0067fe63 00f707b3 fffe0513 00e7e863 0067f663 ffee0513 00e787b3 406787b3 0317d333 01081813 01085813 0317f7b3 026606b3 01079793 00f86833 00030793 00d87c63 01070833 fff30793 00e86663 00d87463 ffe30793 01051513 00f56533 00008067 010007b7 01800693 f4f674e3 01000693 f41ff06f 00b61733 00f356b3 01075513 00b31333 00f8d7b3 0067e7b3 02a6d333 01071613 01065613 00b89833 02a6f6b3 026608b3 01069593 0107d693 00b6e6b3 00030593 0116fe63 00d706b3 fff30593 00e6e863 0116f663 ffe30593 00e686b3 411686b3 02a6d8b3 01079793 0107d793 02a6f6b3 03160633 01069693 00d7e7b3 00088693 00c7fe63 00f707b3 fff88693 00e7e863 00c7f663 ffe88693 00e787b3 01059593 40c787b3 00d5e5b3 eb9ff06f 18d5e663 000107b7 04f6f463 1006b713 00173713 00371713 0000e7b7 00e6d5b3 98878793 00b787b3 0007c783 00e787b3 02000713 40f705b3 02f71663 00100513 e066eee3 00c8b533 00153513 00008067 010007b7 01800713 fcf6f0e3 01000713 fb9ff06f 00f65733 00b696b3 00d766b3 00f35733 00b31333 00f8d7b3 0067e7b3 0106d313 02675eb3 01069813 01085813 00b61633 02677733 03d80e33 01071513 0107d713 00a76733 000e8513 01c77e63 00e68733 fffe8513 00d76863 01c77663 ffee8513 00d70733 41c70733 02675e33 01079793 0107d793 02677733 03c80833 01071713 00e7e7b3 000e0713 0107fe63 00f687b3 fffe0713 00d7e863 0107f663 ffee0713 00d787b3 01051513 00010e37 00e56533 fffe0693 00d57733 410787b3 00d676b3 01055813 01065613 02d70333 02d806b3 02c70733 02c80833 00d70633 01035713 00c70733 00d77463 01c80833 01075693 010686b3 02d7e663 ced79ee3 000107b7 fff78793 00f77733 01071713 00f37333 00b898b3 00670733 00000593 cce8fee3 fff50513 cd1ff06f 00000593 00000513 00008067 00050593 00000693 00000613 00000513 69d0006f 0000e637 000085b7 0e860613 03458593 00000513 2540006f 08022583 ff010113 0000e7b7 00812423 00112623 6e878793 00050413 00f58463 5a1050ef 07c22583 0000e7b7 75078793 00f58663 00040513 589050ef 07822583 92418793 00f58c63 00040513 00812403 00c12083 01010113 5690506f 00c12083 00812403 01010113 00008067 fe010113 000027b7 00812c23 25c78793 0000e437 0000e537 6e840413 00112e23 00912a23 01212823 01312623 01412423 98f1a623 00800613 00400793 00000593 74450513 00f42623 00042023 00042223 00042423 06042223 00042823 00042a23 00042c23 265000ef 00002a37 000029b7 00003937 000034b7 0000e537 76ca0a13 7c898993 85090913 8c848493 74050513 03442023 03342223 03242423 02942623 00842e23 5dc070ef 000107b7 00978793 00800613 00000593 91818513 06f42a23 06042423 06042623 06042823 0c042623 06042c23 06042e23 08042023 1ed000ef 0000e7b7 75078793 91418513 08f42223 09442423 09342623 09242823 08942a23 580070ef 000207b7 01278793 00800613 00000593 98018513 0cf42e23 0c042823 0c042a23 0c042c23 12042a23 0e042023 0e042223 0e042423 191000ef 92418793 0f442823 0f342a23 0f242c23 0e942e23 0ef42623 01812403 01c12083 01412483 01012903 00c12983 00812a03 97c18513 02010113 50c0706f ff010113 00812423 b9018513 00112623 540070ef 08422703 00071c63 98c1a683 00002737 27470713 08e22223 00068c63 b9018513 00812403 00c12083 01010113 5440706f e45ff0ef b9018513 00812403 00c12083 01010113 52c0706f b9018513 4f00706f b9018513 51c0706f fd010113 03212023 01312e23 01412c23 01512a23 01612823 01712623 02112623 02812423 02912223 00050b13 00058b93 00060a93 00000a13 00100993 fff00913 004aa483 008aa403 fff48493 0204c863 00c45783 00f9fe63 00e41783 00040593 000b0513 01278663 000b80e7 00aa6a33 fff48493 06840413 fd249ce3 000aaa83 fc0a90e3 02c12083 02812403 02412483 02012903 01c12983 01412a83 01012b03 00c12b83 000a0513 01812a03 03010113 00008067 fc010113 02f12a23 02c12423 02d12623 02b12223 02e12823 03012c23 03112e23 07c22583 02410693 00050613 00000513 00112e23 00d12623 45c040ef 01c12083 04010113 00008067 08422703 fe010113 00812c23 00912a23 01212823 00112e23 07c22403 00050913 00058493 16070a63 06442703 00c41783 00177713 00071663 2007f713 14070663 0087f793 0c078463 01042783 0c078063 01312623 01412423 fff00993 00a00a13 00842783 0004c703 00148493 fff78793 00f42423 04070463 0007de63 01842683 00040613 00070593 00090513 0cd7c863 0d470663 00042783 00148493 00178693 00d42023 00e78023 00842783 fff4c703 fff78793 00f42423 fc0710e3 0a07da63 00040613 00a00593 00090513 244000ef fff00793 08f50863 06442783 00c12983 00812a03 0017f793 00a00493 04078063 01c12083 01812403 01012903 00048513 01412483 02010113 00008067 00040593 00090513 354000ef f2050ce3 06442783 fff00493 0017f793 fc0794e3 00c45783 2007f793 fa079ee3 05842503 2e0070ef 01c12083 01812403 01012903 00048513 01412483 02010113 00008067 1b4000ef f13510e3 00c12983 00812a03 fb1ff06f 00042783 00178713 00e42023 00a00713 00e78023 f55ff06f 05842503 25c070ef 00c41783 eadff06f d01ff0ef e8dff06f 00050593 00000513 e59ff06f ff010113 00812423 00058413 00e59583 00112623 488000ef 02054063 05042783 00c12083 00a787b3 04f42823 00812403 01010113 00008067 00c45783 fffff737 fff70713 00e7f7b3 00c12083 00f41623 00812403 01010113 00008067 00c59783 fe010113 00812c23 00912a23 01212823 01312623 00112e23 1007f713 00058413 00050493 00060913 00068993 04071063 fffff737 fff70713 00e7f7b3 00e41583 00f41623 01812403 01c12083 00098693 00090613 00c12983 01012903 00048513 01412483 02010113 4280006f 00e59583 00200693 00000613 370000ef 00c41783 fb1ff06f ff010113 00812423 00058413 00e59583 00112623 350000ef fff00793 02f50863 00c45783 00001737 00c12083 00e7e7b3 01079793 4107d793 04a42823 00f41623 00812403 01010113 00008067 00c45783 fffff737 fff70713 00e7f7b3 01079793 4107d793 00c12083 00f41623 00812403 01010113 00008067 00e59583 29c0006f 08422783 fe010113 00812c23 00912a23 01212823 00112e23 00050913 00058493 00060413 12078063 01842703 00c45783 00e42423 0087f793 08078863 01042783 08078463 00042703 01442683 01312623 40f707b3 0ff4f993 0ff4f493 08d7ce63 00040593 00090513 27d050ef 0e051063 00042703 00842683 00100793 00170613 fff68693 00c42023 00d42423 01370023 01442703 08f71463 00040593 00090513 245050ef 0a051463 00c12983 01c12083 01812403 01012903 00048513 01412483 02010113 00008067 00040593 00090513 088000ef 06051e63 01042783 00042703 01442683 01312623 40f707b3 0ff4f993 0ff4f493 f6d7d6e3 00842683 00170613 00c42023 fff68693 00d42423 01370023 01442703 00178793 f8f700e3 00c45783 0017f793 f80782e3 00a00793 f6f49ee3 00040593 00090513 1ad050ef f60506e3 00c0006f a45ff0ef ee1ff06f 00c12983 fff00493 f59ff06f 08422783 ff010113 00812423 00912223 00112623 00050493 00058413 10078063 00c41783 0087f713 04070063 01042703 04070c63 0017f693 06068e63 01442683 00042423 00000513 40d006b3 00d42c23 08070063 00c12083 00812403 00412483 01010113 00008067 0107f713 0a070e63 0047f713 06071a63 01042703 0087e793 00f41623 fa0718e3 2007f693 00068663 0807f693 fa0680e3 00040593 00048513 285050ef 00c41783 01042703 0017f693 f80696e3 0027f693 00000613 00069463 01442603 00c42423 00000513 f80714e3 0807f713 f80700e3 0407e793 00f41623 fff00513 f71ff06f 03042583 00058e63 04040713 00e58863 00048513 2b8020ef 00c41783 02042823 01042703 fdb7f793 00042223 00e42023 f65ff06f 00000513 911ff0ef efdff06f 0407e793 00900693 08d22423 00f41623 fff00513 f19ff06f ff010113 00812423 00058513 00112623 9801a823 3d9060ef fff00793 00f50a63 00c12083 00812403 01010113 00008067 9901a783 fe0786e3 00c12083 00812403 08f22423 01010113 00008067 ff010113 00812423 00058513 00060593 00068613 00112623 9801a823 409060ef fff00793 00f50a63 00c12083 00812403 01010113 00008067 9901a783 fe0786e3 00c12083 00812403 08f22423 01010113 00008067 ff010113 00812423 00058513 00060593 00068613 00112623 9801a823 409060ef fff00793 00f50a63 00c12083 00812403 01010113 00008067 9901a783 fe0786e3 00c12083 00812403 08f22423 01010113 00008067 ff010113 00812423 00058513 00060593 00068613 00112623 9801a823 469060ef fff00793 00f50a63 00c12083 00812403 01010113 00008067 9901a783 fe0786e3 00c12083 00812403 08f22423 01010113 00008067 ff010113 00812423 0000e7b7 0000e437 01212023 0d078793 0d040713 00112623 00912223 40e78933 02e78263 40295913 0d040413 00000493 00042783 00148493 00440413 000780e7 ff24e8e3 0000e437 0000e7b7 0d878793 0d040713 40e78933 40295913 02e78063 0d040413 00000493 00042783 00148493 00440413 000780e7 ff24e8e3 00c12083 00812403 00412483 00012903 01010113 00008067 ff010113 00812423 0000e7b7 0000e437 0d878793 0dc40413 40f40433 00912223 00112623 40245493 02048063 ffc40413 00f40433 00042783 fff48493 ffc40413 000780e7 fe0498e3 00c12083 00812403 00412483 01010113 00008067 00f00313 00050713 02c37e63 00f77793 0a079063 08059263 ff067693 00f67613 00e686b3 00b72023 00b72223 00b72423 00b72623 01070713 fed766e3 00061463 00008067 40c306b3 00269693 00000297 005686b3 00c68067 00b70723 00b706a3 00b70623 00b705a3 00b70523 00b704a3 00b70423 00b703a3 00b70323 00b702a3 00b70223 00b701a3 00b70123 00b700a3 00b70023 00008067 0ff5f593 00859693 00d5e5b3 01059693 00d5e5b3 f6dff06f 00279693 00000297 005686b3 00008293 fa0680e7 00028093 ff078793 40f70733 00f60633 f6c378e3 f3dff06f 00a5c7b3 0037f793 00c508b3 08079e63 00300793 08c7fa63 00357793 00050713 04079a63 ffc8f613 40e606b3 02000793 10d7c463 00058693 00070793 02c77863 0006a803 00478793 00468693 ff07ae23 fec7e8e3 fff60793 40e787b3 ffc7f793 00478793 00f70733 00f585b3 05176263 00008067 0005c683 00170713 00377793 fed70fa3 00158593 f8078ee3 0005c683 00170713 00377793 fed70fa3 00158593 fc079ae3 f81ff06f 00050713 13157c63 40e88833 fff80613 00500693 00070793 00c6f863 00b766b3 0036f693 00068e63 0005c783 00170713 00158593 fef70fa3 fee898e3 00008067 ffc87313 00658633 0005a683 00458593 00478793 fed7ae23 feb618e3 00670733 f66804e3 00064683 00170793 00d70023 f517fce3 00164683 00270793 00d700a3 f517f4e3 00264783 00f70123 00008067 ff010113 00812623 02000413 0005a383 0045a283 0085af83 00c5af03 0105ae83 0145ae03 0185a303 01c5a803 0205a683 02470713 40e607b3 fc772e23 fe572023 fff72223 ffe72423 ffd72623 ffc72823 fe672a23 ff072c23 fed72e23 02458593 faf446e3 00058693 00070793 02c77863 0006a803 00478793 00468693 ff07ae23 fec7e8e3 fff60793 40e787b3 ffc7f793 00478793 00f70733 00f585b3 01176a63 00c12403 01010113 00008067 00008067 40e88833 fff80613 00500693 00070793 00c6f863 00b766b3 0036f693 00068e63 0005c783 00170713 00158593 fef70fa3 fee898e3 fbdff06f ffc87313 00658633 0005a683 00458593 00478793 fed7ae23 feb618e3 00670733 f8680ce3 00064683 00170793 00d70023 f917f4e3 00164683 00270793 00d700a3 f717fce3 00264783 00f70123 f6dff06f fe010113 01212823 0000e937 00812c23 00050413 0f492503 00912a23 01312623 01412423 00112e23 00058493 00060a13 00068993 081060ef b241a783 08078663 0047a703 01f00593 0f492503 08e5c863 00271593 02041e63 00170713 00e7a223 00b787b3 0097a423 081060ef 00000513 01c12083 01812403 01412483 01012903 00c12983 00812a03 02010113 00008067 00b78833 09482423 1887a683 00100613 00e61633 00c6e6b3 18d7a423 11382423 00200693 fad412e3 18c7a683 00c6e6b3 18d7a623 f95ff06f 0000f7b7 82878693 b2d1a223 82878793 f69ff06f 00d060ef fff00513 f8dff06f fd010113 01712623 0000ebb7 01612823 00050b13 0f4ba503 01512a23 03212023 01312e23 02112623 00058993 7a0060ef b241a903 18090063 01412c23 01812423 02812423 02912223 00100c13 fff00a13 08098263 01912223 00492403 fff40493 1404c063 00241413 00890433 0100006f fff48493 ffc40413 13448463 10442783 ff3798e3 00492c83 00442683 fffc8793 0e978863 00042223 fc068ce3 18892783 009c1733 00f777b3 0a079e63 000680e7 00492703 b241a783 01971463 faf90ae3 0e078063 00078913 f91ff06f 10070c63 00070913 00492783 fff78413 10044463 00279493 009904b3 fff78713 00078993 0044a783 06e40263 0004a223 02078e63 18892703 008c16b3 00e6f733 08070663 18c92703 0844a583 00e6f6b3 0a068e63 00058513 000780e7 00492783 b241a703 f8f99ee3 f8e91ce3 fff40413 ffc48493 0b440263 00492783 fff78713 00078993 0044a783 fae412e3 00892223 00040993 f9dff06f 18c92783 08442583 00f77733 00071e63 000b0513 000680e7 f35ff06f 00992223 00048c93 f11ff06f 00058513 000680e7 f1dff06f 000780e7 f8dff06f 02812403 02412483 01812a03 00812c03 00412c83 0f4ba503 02c12083 02012903 01c12983 01412a83 01012b03 00c12b83 03010113 62c0606f 000b0513 000780e7 f49ff06f 02812403 02412483 01812a03 00812c03 fc1ff06f fe010113 00912a23 01052783 0105a483 00112e23 1c97c063 fff48493 00249313 00812c23 01458413 01312623 01412423 006409b3 01450a13 0009a783 006a0333 00032703 01212823 01512223 00178793 02f75933 00050a93 0af76a63 00010537 00040893 000a0813 00000e93 00000693 fff50513 0008a703 00082e03 00480813 00a77633 01075713 00ae77b3 010e5e13 00488893 03260633 03270733 01d60633 00a67eb3 41d787b3 01065613 00d787b3 4107d693 00a7f7b3 00c70733 00a77633 40c686b3 01c686b3 01069613 00c7e7b3 fef82e23 01075e93 4106d693 f919fce3 00032783 02079463 ffc30313 006a6863 0180006f fff48493 006a7863 00032783 ffc30313 fe0788e3 009aa823 000a8513 5ed020ef 08054c63 00010537 000a0593 00000713 fff50513 0005a683 00042603 00458593 00a6f7b3 00a67833 410787b3 00e787b3 4107d713 01065613 0106d693 40c70733 00d70733 01071693 00a7f7b3 00d7e7b3 00440413 fef5ae23 41075713 fa89fce3 00249793 00fa07b3 0007a703 02071463 ffc78793 00fa6863 0180006f fff48493 00fa7863 0007a703 ffc78793 fe0708e3 009aa823 00190913 01812403 01c12083 00c12983 00812a03 00412a83 01412483 00090513 01012903 02010113 00008067 01c12083 01412483 00000513 02010113 00008067 f4010113 0b212823 09022303 0a812c23 0a912a23 0b312623 0b512223 09a12823 09b12623 0a112e23 0b412423 00e12a23 00f12823 01112223 02b12223 00058d93 00060413 00050493 00068a93 00080993 00060d13 02030263 08c22703 00100793 00030593 00e797b3 00f32423 00e32223 310020ef 08022823 00040a13 00000693 00045a63 00141413 00145d13 000d0a13 00100693 7ff00737 00d9a023 00ea76b3 66e68863 000d8513 000d0593 00000613 00000693 01b12c23 01a12e23 355080ef 04051e63 01012703 00100793 00f72023 00412703 00070863 0000d7b7 7fd78793 00f72023 0000d9b7 7fc98993 0bc12083 0b812403 0b412483 0b012903 0a812a03 0a412a83 09012d03 08c12d83 00098513 0ac12983 0c010113 00008067 07810713 07c10693 000d0613 000d8593 00048513 0b612023 09712e23 09812c23 09912a23 014a5993 771020ef 00050413 60099463 07812c03 07c12983 02000793 013c09b3 43298713 38e7d6e3 04000793 40e787b3 41298513 00fa17b3 00add533 00a7e533 3e1090ef fe1007b7 00100693 00050713 00b787b3 fff98993 04d12023 0000e6b7 a886a603 a8c6a683 00070513 00078593 294090ef 0000e7b7 a907a603 a947a683 495080ef 0000e7b7 a987a603 a9c7a683 3d1070ef 00050b13 00098513 00058a13 2d9090ef 0000e7b7 aa07a603 aa47a683 465080ef 00050613 00058693 000b0513 000a0593 39d070ef 00050b93 00058b13 229090ef 00050a13 000b0593 000b8513 00000613 00000693 351080ef 02055063 000a0513 285090ef 000b8613 000b0693 1d1080ef 00a03533 40aa0a33 413c09b3 01600793 fff98b13 2347e6e3 0000e737 003a1793 b1070713 00e787b3 0007a603 0047a683 01812503 01c12583 2fd080ef 240558e3 fffa0a13 02012a23 00012423 4e0b4663 4e0a5e63 00812783 03412023 414787b3 00f12423 414007b3 02f12823 00900793 00000a13 4f57e663 00500793 2357dee3 ffca8a93 00300793 00000b93 6afa82e3 6557d2e3 00400793 58fa96e3 00100793 02f12423 01412603 66c05ce3 04c12223 00060c13 01700693 00100713 00400793 00c6c463 39c0106f 00179793 01478693 00070593 00170713 fed678e3 08b22623 00048513 7b1010ef 00050993 00051463 3540106f 08a22823 00e00793 5587e463 540b8263 02012683 66d054e3 00f6f793 0000e737 b1070713 00379793 4046dc93 00e787b3 010cf693 0007a803 0047a703 58068ae3 0000e7b7 b087a603 b0c7a683 01812503 01c12583 04e12423 03012c23 1a0080ef 03812803 04812703 00fcfc93 00050313 00058893 00300913 060c8663 0000ebb7 ae8b8b93 02812c23 04912423 00090413 000b8493 00088913 00030b93 00070593 001cf693 00068e63 0004a603 0044a683 00080513 00140413 265080ef 00050813 401cdc93 00848493 fc0c9ce3 00090893 04812483 00040913 03812403 000b8313 00058713 00070693 00080613 00030513 00088593 108080ef 00050713 00058793 03412683 02068a63 0000e6b7 aa86a603 aac6a683 00070513 00078593 04e12423 02f12c23 11d080ef 03812783 04812703 00055463 0a80106f 00090513 04f12c23 02e12c23 03d090ef 03812703 05812783 00070613 00078693 04e12423 02f12c23 1bd080ef 0000e6b7 ab86a603 abc6a683 0f9070ef fcc006b7 03812783 04812703 00050c93 00b68bb3 360c0c63 02012683 05812c23 06d12023 00070513 00078593 04e12423 02f12c23 758090ef 05812783 0000e637 00050913 fff78693 00369693 b1060793 00d786b3 0046a803 06f12223 0006a783 05012a23 05912e23 04f12823 7a0090ef 03812783 04812703 00058693 00050613 00078593 00070513 711080ef 02812683 00198c93 03090793 03912c23 06b12423 0ff7f793 62068ee3 0000e6b7 05012603 acc6a583 06a12223 ac86a503 05412683 04f12423 7c5070ef 05c12603 000b8693 6c9080ef 06412703 06812803 04812783 00070613 00080693 00f98023 04e12e23 05012823 00050913 00058b93 6f4080ef 04812783 05012803 05c12703 00a05463 0580106f 0000e6b7 aa86a603 aac6a683 05812823 04c12423 04d12623 0000e6b7 ab06a603 ab46a683 05412e23 07612223 02d12e23 00000693 07512423 07a12623 02c12c23 05812d03 00068c13 00078a13 00070a93 00080b13 0940006f 001c0c13 01ac4463 0040106f 03812603 03c12683 00090513 000b8593 021080ef 03812603 03c12683 00050913 00058b93 000a8513 000b0593 005080ef 00058a93 00050b13 5dc090ef 00050a13 654090ef 00050613 00058693 000b0513 000a8593 030a0a13 5c9080ef 001c8c93 0ffa7a13 00090613 000b8693 ff4c8fa3 00050a93 00058b13 6dc080ef 00055463 7710006f 04812503 04c12583 000a8613 000b0693 58d080ef 00090613 000b8693 6b4080ef f40558e3 06012703 000a0793 000c8b93 00170c13 03900693 0140006f 01371463 6c50006f fff74783 00070b93 fffb8713 fed786e3 00178793 0ff7f793 00f70023 000c0d93 4e00006f 01012683 00002737 00ca1793 70f70713 00c7d793 00e6a023 01b7e7b3 0a078063 00412783 0000d9b7 7f898993 9a0788e3 0000d7b7 7fb78793 00412703 00f72023 99dff06f 01c12783 3ff006b7 07812c03 00c79793 00c7d793 01812703 00d7e7b3 c0198993 04012023 a25ff06f 00100793 413787b3 00f12423 00000b13 b00a46e3 03412023 02012823 00900793 014b0b33 b157fee3 00100793 00100b93 00000a93 02f12423 fff00c13 00012a23 08022623 05812223 00000593 b5dff06f 00412783 0000d9b7 7ec98993 90078ae3 0000d7b7 7f478793 f65ff06f 00090513 04f12c23 02e12c23 4c4090ef 03812703 05812783 00070613 00078693 04e12423 02f12c23 644080ef 0000e6b7 ab86a603 abc6a683 580070ef 03812783 04812703 fcc006b7 00050c93 00b68bb3 0000e6b7 ac06a603 ac46a683 00070513 00078593 3f9080ef 000c8613 000b8693 02a12c23 00058913 43c080ef 54a04ae3 800007b7 03812503 0177c7b3 000c8613 00078693 00090593 4f8080ef 06054863 07c12783 1a07c263 02012683 00e00713 18d74c63 0000e737 00369793 b1070713 00e787b3 0007aa03 0047aa83 01412783 0407da63 05804863 020c1a63 0000e7b7 ac07a603 ac47a683 000a0513 000a8593 57c080ef 00050613 00058693 01812503 01c12583 48c080ef 4ca044e3 00098b93 00012c23 00000913 01412783 fff7cd93 6ac0006f 00198793 02f12c23 00078b93 01812b03 01c12903 000a0613 000a8693 000b0513 00090593 405070ef 304090ef 00050d13 37c090ef 000a0613 000a8693 50c080ef 00058693 00050613 00090593 000b0513 2e9080ef 030d0793 0ff7f793 00f98023 00100693 00050713 00058813 0edc0ae3 0000e6b7 ab06a603 ab46a683 00100d93 00c12423 00d12623 0640006f 000a0613 000a8693 000b0513 00090593 38d070ef 28c090ef 00050d13 304090ef 000a0613 000a8693 494080ef 00050613 00058693 000b0513 00090593 271080ef 030d0793 001b8b93 0ff7f793 001d8d93 fefb8fa3 00050713 00058813 078d8ce3 00812603 00c12683 00070513 00080593 44c080ef 00000613 00000693 00050b13 00058913 1f4080ef f6051ce3 02012783 00178d93 1c00006f 02812703 26071263 03012b83 00812c83 02012423 00000913 020c8263 03605063 000c8793 679b4863 00812703 40fc8cb3 40fb0b33 40f70733 00e12423 03012783 02078263 02812783 00078463 080b9ee3 03012603 00040593 00048513 6d5010ef 00050413 00100593 00048513 355010ef 00a12c23 520a1463 00100793 5757d463 016787b3 01f7f793 1c078c63 02000713 40f70733 00400693 58e6d863 01c00713 40f707b3 00812703 00fc8cb3 00fb0b33 00f70733 00e12423 00812783 12f04c63 01605c63 01812583 000b0613 00048513 004020ef 00a12c23 03412783 12079863 45805c63 02812783 24079c63 02012783 00178d93 01812a83 00100a13 0200006f 00040593 00000693 00a00613 00048513 065010ef 00050413 001a0a13 000a8593 00040513 ac4ff0ef 03050d13 014987b3 ffa78fa3 fd8a46e3 00100a13 55804863 01498a33 00000a93 00040593 00100613 00048513 781010ef 01812583 00050413 184020ef 50a05263 03900713 0080006f 61498263 fffa4783 000a0b93 fffa0a13 fee788e3 00178793 00fa0023 01812583 00048513 7bc010ef 02090263 000a8a63 012a8863 000a8593 00048513 7a4010ef 00090593 00048513 798010ef 00040593 00048513 78c010ef 01012783 000b8023 01b7a023 00412783 34078663 0177a023 0a012b03 09c12b83 09812c03 09412c83 cccff06f 00040593 00078613 00048513 6d5010ef 00050413 eb9ff06f 01812583 00040513 0d0020ef ec0554e3 02012783 00040593 00000693 00a00613 00048513 fff78b13 740010ef 02812783 00050413 0c079e63 04412c03 4d805e63 02012d83 ea5ff06f 00100793 02f12a23 e00ff06f 01c00793 e41ff06f 00100713 4f575063 03012783 fffc0b93 4377c263 41778bb3 00812783 41878cb3 120c5ee3 00100593 00048513 12d010ef 00050913 d7dff06f 02012a23 00012423 ab304ce3 00100793 413787b3 00f12423 00000b13 aa5ff06f 40e787b3 00fd9533 c88ff06f 00300793 00100b93 46fa8863 dd57c863 00200793 1afa8ee3 00000593 00048513 08022623 5b8010ef 00050993 160500e3 00100793 02f12423 fff00793 08a22823 04f12223 fff00c13 00012a23 b41ff06f 00090593 00000693 00a00613 00048513 648010ef 04412c03 00050913 0d805ae3 03612023 01905c63 00090593 000c8613 00048513 585010ef 00050913 00090b13 540a1463 02412783 01812c83 fff98d13 0017f793 018d0bb3 00f12423 01312a23 01b12e23 000c8593 00040513 860ff0ef 00050c13 00090593 00040513 74d010ef 00050a13 000b0613 000c8593 00048513 791010ef 00c52703 030c0d13 00050d93 08071c63 00050593 00040513 71d010ef 00050713 000d8593 00048513 00070d93 574010ef 015de6b3 0e069c63 00812783 7a078463 7a0a4e63 01a98023 00198a13 6d3b8863 00040593 00000693 00a00613 00048513 564010ef 00050413 00000693 00a00613 00090593 00048513 0b690063 548010ef 000b0593 00050913 00000693 00a00613 00048513 530010ef 00050b13 000a0993 f31ff06f 00050593 00048513 00098c93 01c12d83 01412983 4e8010ef 000a4a63 001df713 015a6a33 01476733 08071063 00040593 00100613 00048513 449010ef 01812583 00050413 64d010ef 24a05c63 03900713 26ed0063 031c0d13 02012783 00090a93 001c8b93 01ac8023 00178d93 000b0913 cc9ff06f 4ac010ef 00050913 00050b13 000a0993 ea9ff06f 7c0a4463 00812783 015a6a33 0147ea33 7a0a0c63 f1b052e3 00098c93 01412983 03900713 20ed0263 02012703 001d0793 00090a93 001c8b93 00170d93 00fc8023 000b0913 c6dff06f 0a012b03 09c12b83 09812c03 09412c83 988ff06f 00200793 bb57d4e3 00098b93 980c16e3 01812583 00000693 00500613 00048513 41c010ef 00050593 00a12c23 00040513 57d010ef 96a052e3 03100793 00f98023 02012783 00198b93 00178d93 01812583 00048513 001d8d93 3c0010ef c0091ee3 c25ff06f 00050593 000a0613 00048513 189010ef 00100793 00a12c23 1157d863 00000a13 00050713 01072783 00378793 00279793 00f707b3 0047a503 568010ef 02000793 40a787b3 aa1ff06f 02412783 02079c63 00cd1793 02079863 014d5713 7ff77713 00000793 00070c63 00812783 001b0b13 00178793 00f12423 00100793 5a0a1063 00078a13 00100793 a5dff06f a8d708e3 03c00713 40f707b3 a71ff06f 00100793 00500a93 02f12423 01412783 02012703 00e787b3 00178c13 04f12223 000c0613 a7804663 00100613 a64ff06f 00051663 001d7793 ae079ce3 03000713 fffa4783 000a0b93 fffa0a13 fee78ae3 b05ff06f 000c0a13 ab1ff06f 000b0793 991ff06f 00812703 40fb87b3 00fa0a33 018707b3 03712823 00070c93 018b0b33 00f12423 00000b93 bcdff06f 02412783 ee0798e3 00cd1793 ee0794e3 f21ff06f 01812303 01c12883 00200913 a9cff06f 00200a93 02012423 9c8ff06f da051ce3 001d7713 da0712e3 dadff06f 03900793 00fc8023 02012783 00090a93 001c8a13 00178d93 000b0913 a49ff06f 00200793 b357d2e3 03612023 e11ff06f 00100793 00100c13 00f12a23 e4cff06f 02012423 efdff06f 04012703 1e070263 00812703 43378793 00fb0b33 00f707b3 03012b83 00070c93 00f12423 b1dff06f 03100793 00f98023 001d8d93 a0dff06f 3e068463 40d00bb3 00fbf793 0000e737 b1070713 00379793 00e787b3 0007a603 0047a683 01812503 01c12583 404bdb93 471070ef 480b8863 0000ecb7 ae8c8c93 00200913 02812c23 04912423 00090413 000c8493 00050713 00000613 00050c93 00058913 001bf693 02068063 0004a603 0044a683 00070513 00140413 425070ef 00050713 00100613 401bdb93 00848493 fc0b9ae3 00058793 04812483 00090593 00040913 03812403 9c061e63 000c8713 00058793 9d0ff06f 00070613 00080693 00070513 00080593 00f12423 321060ef 02012783 000a0613 000a8693 00178c13 00050b13 00058913 201070ef 00812783 000c0d93 c2a04a63 000b0513 00090593 000a0613 000a8693 155070ef 920516e3 001d7d13 00812783 c00d1863 91dff06f 00492583 00048513 7fd000ef 00050a13 3c050663 01092603 00c90593 00c50513 00260613 00261613 dccfe0ef 00100613 000a0593 00048513 7f8010ef 00050b13 a7dff06f 00090593 000b8613 00048513 63c010ef 00040613 00050593 00050913 00048513 370010ef 00050793 00040593 00048513 00078413 034010ef 03012783 417787b3 02f12823 f2078c63 f20ff06f 07812703 00812683 03600793 40e787b3 00fb0b33 00f687b3 03012b83 00068c93 00f12423 935ff06f 05012603 05412683 04a12423 05c12503 000b8593 02f12423 2b1070ef 02812783 00058913 05812583 00f98023 00100613 04a12023 04812703 06812803 00b98bb3 0000e6b7 2ac58063 ab06a603 ab46a683 04812423 02c12423 02d12623 000c8413 04912c23 00070513 00080593 05212823 02812603 02c12683 00140413 24d070ef 00058493 00050913 025080ef 00050c93 09d080ef 00050613 00058693 00090513 00048593 014080ef 030c8793 0ff7f793 fef40fa3 fb741ee3 04812403 05812483 05012903 00050713 00058813 0000ecb7 ac8ca603 accca683 04012503 00090593 02f12423 05012c23 04e12423 129060ef 04812703 05812803 00070613 00080693 04e12823 05012423 0e5070ef 02812783 16054663 04012603 ac8ca503 accca583 00090693 795070ef 05012703 04812803 00070613 00080693 7d8070ef 18a04263 07c12783 d607c463 02012703 00e00793 d4e7ce63 00371793 06412703 03812b83 00f707b3 0007aa03 0047aa83 c20ff06f 02012783 00090a93 01412983 00178d93 000b0913 e68ff06f ac0c0a63 04412683 b6d05663 0000e6b7 00078593 02012783 ab06a603 ab46a683 fff78793 00070513 06f12023 115070ef 00050713 00190513 04e12423 02b12c23 764080ef 04812703 03812783 00070613 00078693 0ed070ef 0000e6b7 ab86a603 abc6a683 029060ef fcc006b7 00b68bb3 04412683 03812783 04812703 00050c93 04d12c23 f39fe06f 01812703 01c12783 00200913 e91fe06f 03100793 001c0c13 950ff06f 00012c23 00000913 9e1ff06f 03900713 00098c93 01412983 b6ed02e3 914042e3 905ff06f 00098c93 01412983 8f9ff06f 01812703 00078a13 a01ff06f 00078c93 018787b3 018b0b33 00f12423 eb8ff06f 06012703 00170c13 8ccff06f 06012783 000c8b93 00178d93 dccff06f 05012c03 05c12a03 06412b03 06812a83 06c12d03 a50ff06f 00200793 f357d663 03612023 929ff06f 03000693 fffbc783 000b8713 fffb8b93 fed78ae3 06012783 00070b93 00178d93 d80ff06f 000c8b93 de5ff06f 00050713 00058793 00200913 db5fe06f 0000e6b7 0000e537 80068693 00000613 1af00593 81450513 5a9030ef 08022623 00000593 c79fe06f 0000e6b7 0000e537 80068693 00000613 2ef00593 81450513 581030ef 02012423 c19fe06f 00098c93 01412983 fdb04a63 ffcff06f fe010113 01312623 0000e9b7 00812c23 00912a23 01212823 01412423 00112e23 00058a13 00050913 10098993 45d040ef 0089a703 000017b7 fef78793 00472483 00001737 ffc4f493 00f48433 41440433 00c45413 fff40413 00c41413 00e44e63 00000593 00090513 425030ef 0089a783 009787b3 02f50863 00090513 429040ef 01c12083 01812403 01412483 01012903 00c12983 00812a03 00000513 02010113 00008067 408005b3 00090513 3e1030ef fff00793 04f50863 b2818793 0007a703 0089a683 408484b3 0014e493 40870733 00090513 0096a223 00e7a023 3c9040ef 01c12083 01812403 01412483 01012903 00c12983 00812a03 00100513 02010113 00008067 00000593 00090513 381030ef 0089a703 00f00693 40e507b3 f4f6dee3 0000e6b7 0f86a683 0017e793 00f72223 40d50533 b2a1a423 f41ff06f 18058263 ff010113 00812423 00912223 00058413 00050493 00112623 331040ef ffc42503 ff840713 0000e5b7 ffe57793 00f70633 10058593 00462683 0085a803 ffc6f693 1ac80263 00d62223 00157513 00d60833 0a051063 ff842303 00482803 0000e537 40670733 00872883 10850513 006787b3 00187813 14a88263 00c72303 0068a623 01132423 1a080863 0017e693 00d72223 00f62023 1ff00693 06f6ec63 ff87f693 00868693 0045a503 00d586b3 0006a603 0057d813 00100793 010797b3 00a7e7b3 ff868513 00a72623 00c72423 00f5a223 00e6a023 00e62623 00812403 00c12083 00048513 00412483 01010113 2790406f 00482503 00157513 08050663 0017e693 fed42e23 00f62023 1ff00693 f8f6f8e3 0097d693 00400613 12d66263 0067d693 03968513 03868613 00351513 00a58533 00052683 ff850513 00d51863 1580006f 0086a683 00d50863 0046a603 ffc67613 fec7e8e3 00c6a503 00a72623 00d72423 00812403 00e52423 00c12083 00048513 00412483 00e6a623 01010113 1e90406f 00008067 0000e537 00d787b3 10850513 00862683 0ca68e63 00c62803 0017e513 00f70633 0106a623 00d82423 00a72223 00f62023 ee1ff06f 12081e63 00862583 00c62603 00f686b3 0016e793 00c5a623 00b62423 00f72223 00d70733 00d72023 ef9ff06f 00157513 00d786b3 02051063 ff842503 40a70733 00c72783 00872603 00a686b3 00f62623 00c7a423 0000e7b7 0016e613 0fc7a783 00c72223 00e5a423 eaf6ece3 b581a583 00048513 c95ff0ef ea9ff06f 00d787b3 f59ff06f 01400613 02d67063 05400613 06d66463 00c7d693 06f68513 06e68613 00351513 ed1ff06f 05c68513 05b68613 00351513 ec1ff06f 00e5aa23 00e5a823 0017e693 00a72623 00a72423 00d72223 00f70733 00f72023 e49ff06f 0045a803 40265613 00100793 00c797b3 0107e7b3 00f5a223 eadff06f 15400613 00d66c63 00f7d693 07868513 07768613 00351513 e65ff06f 55400613 00d66c63 0127d693 07d68513 07c68613 00351513 e49ff06f 3f800513 07e00613 e3dff06f 0017e693 00d72223 00f62023 dd9ff06f fd010113 03212023 02112623 02812423 02912223 01312e23 00b58793 01600713 00050913 08f76263 01000793 20b7e663 015040ef 01800793 00200593 01000493 0000e9b7 10098993 00f987b3 0047a403 ff878713 34e40463 00442783 00c42683 00842603 ffc7f793 00f407b3 0047a703 00d62623 00c6a423 00176713 00090513 00e7a223 7dc040ef 00840513 02c12083 02812403 02412483 02012903 01c12983 03010113 00008067 ff87f493 1807c663 18b4e463 790040ef 1f700793 3e97fa63 0094d793 18078263 00400713 34f76063 0064d793 03978593 03878813 00359613 0000e9b7 10098993 00c98633 00462403 ff860613 02860863 00f00513 0140006f 00c42683 28075863 00d60e63 00068413 00442783 ffc7f793 40978733 fee552e3 00080593 0109a403 0000e837 10880813 25040e63 00442783 00f00693 ffc7f793 40978733 36e6cc63 0109aa23 0109a823 34075063 1ff00713 0049a303 24f76863 ff87f713 00870713 00e98733 00072683 0057d613 00100793 00c797b3 00f36333 ff870793 00f42623 00d42423 0069a223 00872023 0086a623 4025d793 00100613 00f61633 0ac36a63 006677b3 02079463 00161613 ffc5f593 006677b3 00458593 00079a63 00161613 006677b3 00458593 fe078ae3 00f00893 00359e13 01c98e33 000e0513 00c52783 00058e93 24f50263 0047a703 00078413 00c7a783 ffc77713 409706b3 24d8c263 fe06c2e3 00e40733 00472683 00842603 00090513 0016e693 00d72223 00f62623 00c7a423 634040ef 00840513 e59ff06f 00c00713 08e22423 00000513 e49ff06f 20000613 04000593 03f00813 e8dff06f 0089a403 01612823 00442703 ffc77b13 009b6863 409b07b3 00f00713 0cf74a63 01512a23 0000eab7 01412c23 0f8aa603 b581aa03 01912223 01712623 fff00693 01640cb3 01448a33 3cd60263 000016b7 00f68693 00da0a33 fffff6b7 00da7a33 000a0593 00090513 588030ef fff00693 00050b93 44d50663 01812423 23956c63 b2818c13 000c2783 00fa07b3 00fc2023 2aac9463 01451713 2a071063 0089ab83 014b0a33 001a6a13 014ba223 b541a683 00f6f463 b4f1aa23 b501a683 00f6f463 b4f1a823 00812c03 000b8413 ffca7a13 409a07b3 389a6863 00f00713 38f75463 01812a03 01412a83 00c12b83 00412c83 0014e713 00e42223 009404b3 0099a423 0017e793 00090513 00f4a223 4fc040ef 02c12083 00840513 02812403 01012b03 02412483 02012903 01c12983 03010113 00008067 0049a303 e09ff06f 00842603 cd1ff06f 00c7a403 00258593 d88780e3 cb1ff06f 0097d713 00400693 14e6f263 01400693 32e6e263 05c70613 05b70693 00361613 00c98633 00062703 ff860613 00e61863 2900006f 00872703 00e60863 00472683 ffc6f693 fed7e8e3 00c72603 00c42623 00e42423 00862423 00872623 d91ff06f 01400713 10f77863 05400713 2ef76263 00c4d793 06f78593 06e78813 00359613 cb5ff06f 001e8e93 003ef793 00850513 10078063 00c52783 da9ff06f 00842603 0014e593 00b42223 00f62623 00c7a423 009404b3 0099aa23 0099a823 0016e793 0104a623 0104a423 00f4a223 00e40733 00090513 00d72023 3dc040ef 00840513 c01ff06f 00f407b3 0047a703 00090513 00176713 00e7a223 3bc040ef 00840513 be1ff06f 0034d593 00848793 b89ff06f 0014e693 00d42223 009404b3 0099aa23 0099a823 00176693 0104a623 0104a423 00d4a223 00f407b3 00090513 00e7a023 374040ef 00840513 b99ff06f 0067d713 03970613 03870693 00361613 ec5ff06f 07340a63 0089a403 00812c03 00442a03 e09ff06f 05c78593 05b78813 00359613 bb5ff06f 008e2783 fff58593 01c79e63 0035f793 ff8e0e13 fe0796e3 fff64793 00f37333 0069a223 00161613 d0c360e3 ce060ee3 006677b3 00079a63 00161613 006677b3 004e8e93 fe078ae3 000e8593 c5dff06f b2818c13 000c2783 00fa07b3 00fc2023 0f8aa603 fff00693 18d60663 419b8733 00f707b3 00fc2023 007bfc93 0c0c8c63 419b8bb3 000017b7 008b8b93 00878793 014b8a33 419787b3 414787b3 01479793 0147da93 000a8593 00090513 26c030ef fff00793 18f50063 41750533 01550a33 000c2783 0179a423 001a6a13 00fa87b3 00fc2023 014ba223 cf340ee3 00f00613 0b667063 00442683 ff4b0713 ff877713 0016f693 00e6e6b3 00d42223 00500593 00e406b3 00b6a223 00b6a423 00e66663 004baa03 cc1ff06f 00840593 00090513 ea8ff0ef 0089ab83 000c2783 004baa03 ca5ff06f 010a0a13 c51ff06f 4026d693 00100793 00d797b3 00f36333 0069a223 d79ff06f 014b87b3 40f007b3 01479793 0147da93 000a8593 00090513 1ac030ef fff00793 f4f512e3 00000a93 f45ff06f 00812c03 00100793 00fba223 00090513 1a0040ef 00000513 01812a03 01412a83 01012b03 00c12b83 00412c83 9b1ff06f 05400693 04e6e463 00c7d713 06f70613 06e70693 00361613 cd5ff06f 15400713 04f76463 00f4d793 07878593 07778813 00359613 9cdff06f 0089a403 00442a03 c05ff06f 0f7aac23 e81ff06f 15400693 04e6e463 00f7d713 07870613 07770693 00361613 c89ff06f 55400713 04f76463 0124d793 07d78593 07c78813 00359613 981ff06f ff8c8c93 019a0a33 417a0a33 00000a93 e7dff06f 55400693 02e6e463 0127d713 07d70613 07c70693 00361613 c3dff06f 3f800613 07f00593 07e00813 941ff06f 3f800613 07e00693 c21ff06f ff010113 01212023 09822783 00812423 00912223 00112623 00050493 00058413 02078e63 00241713 00e787b3 0007a503 04050663 00052703 00e7a023 00052823 00052623 00c12083 00812403 00412483 00012903 01010113 00008067 02100613 00400593 15c030ef 08a22c23 00050793 fa051ae3 00000513 fcdff06f 00100913 00891933 00590613 00261613 00100593 00048513 12c030ef fc050ee3 00852223 01252423 f99ff06f 02058063 0045a703 09822783 00271713 00e787b3 0007a703 00e5a023 00b7a023 00008067 fd010113 02912223 0105a483 00010337 02812423 03212023 01312e23 02112623 00058913 00050993 00068413 01458813 00000893 fff30313 00082783 00480813 00188893 0067f733 02c70733 0107d693 02c686b3 008707b3 0107d713 0067f7b3 00e686b3 01069713 00f707b3 fef82e23 0106d413 fc98c2e3 02040263 00892783 02f4de63 00448793 00279793 00f907b3 0087a223 00148493 00992823 02c12083 02812403 02412483 01c12983 00090513 02012903 03010113 00008067 01512a23 01612823 09822503 00492b03 01412c23 001b0b13 08050263 002b1793 00f50533 00052a03 0a0a0663 000a2783 00f52023 000a2823 01092603 00c90593 000a2623 00260613 00ca0513 00261613 c18fd0ef 00492703 09822783 00271713 01412a83 00e787b3 0007a703 01012b03 00e92023 0127a023 00448793 000a0913 00279793 00f907b3 01812a03 00148493 0087a223 00992823 f49ff06f 02100613 00400593 00098513 791020ef 08a22c23 f60516e3 01712623 0000e6b7 0000e537 80068693 00000613 0ba00593 87450513 719020ef 01712623 00100b93 016b9bb3 005b8613 00261613 00100593 00098513 749020ef 00050a13 fc0500e3 01752423 01652223 00c12b83 f2dff06f 00010737 00050793 04e57463 01051793 01800693 01000513 01000737 00e7f663 00879793 00068513 10000737 00e7f663 00450513 00479793 40000737 02e7e063 fff7c793 01f7d793 00f50533 00008067 00800693 00000513 fc1ff06f 00279793 0007ca63 00179713 00074a63 02000513 00008067 00250513 00008067 00350513 00008067 ff010113 01212023 09822783 00812423 00912223 00112623 00050493 00058413 02078e63 0047a503 06050463 00052703 00e7a223 00c12083 00852a23 00812403 00100793 00052623 00f52823 00412483 00012903 01010113 00008067 02100613 00400593 645020ef 08a22c23 00050793 fa051ae3 0000e6b7 0000e537 80068693 00000613 14500593 87450513 5cd020ef 01c00613 00100593 00048513 60d020ef fc050ae3 00100793 00f52223 00200793 00f52423 f81ff06f fd010113 03212023 01612823 0105a903 01062b03 02912223 01412c23 01712623 02112623 02812423 01312e23 01512a23 00058b93 00060493 00050a13 01694c63 000b0713 00058493 00090b13 00060b93 00070913 0084a703 0044a983 09822783 012b0433 00872733 00e989b3 1e078463 00299713 00e787b3 0007a503 20050863 00052703 00e7a023 01450313 00241893 00052823 00052623 011308b3 00030793 01137863 0007a023 00478793 ff17ece3 014b8593 00291e13 01448e93 002b1813 01c58e33 010e8833 13c5f663 01548793 00400f13 16f87663 000106b7 fff68693 0180006f 010fdf93 080f9863 00458593 00430313 11c5f063 0005af83 00dff3b3 fe0382e3 00030293 000e8f93 00000493 000fa783 0002a603 00428293 00d7f733 02770733 0107d793 00d67933 01065613 004f8f93 027787b3 01270733 00970733 01075493 00d77733 00c787b3 009787b3 01079613 00e66733 fee2ae23 0107d493 fb0fe8e3 01e307b3 0097a023 0005af83 010fdf93 f60f8ce3 00032703 00030293 000e8613 00070493 00000393 00062783 0104d993 00d77733 00d7f7b3 03f787b3 0042a483 00428293 00460613 00d4f933 007787b3 013787b3 01079393 00e3e733 fee2ae23 ffe65703 0107d793 03f70733 01270733 00f70733 01075393 fb0668e3 01e307b3 00e7a023 00458593 00430313 f1c5e4e3 00804863 0180006f fff40413 00040863 ffc8a783 ffc88893 fe0788e3 02c12083 00852823 02812403 02412483 02012903 01c12983 01812a03 01412a83 01012b03 00c12b83 03010113 00008067 409807b3 feb78793 ffc7f793 00478f13 e89ff06f 02100613 00400593 000a0513 391020ef 08a22c23 00050793 e00512e3 0000e6b7 0000e537 80068693 00000613 16200593 87450513 319020ef 00100a93 013a9ab3 005a8613 00261613 00100593 000a0513 34d020ef fc0504e3 01352223 01552423 dd5ff06f fe010113 00812c23 01212823 01312623 00112e23 00367793 00060413 00050993 00058913 0c079063 40245413 06040e63 01412423 00912a23 09422483 0c048863 00147793 02079063 40145413 04040a63 0004a503 06050863 00050493 00147793 fe0784e3 00048613 00090593 00098513 cd9ff0ef 02090063 00492703 09822783 00271713 00e787b3 0007a703 00e92023 0127a023 40145413 00050913 fa041ae3 01412483 00812a03 01c12083 01812403 00c12983 00090513 01012903 02010113 00008067 00048613 00048593 00098513 c79ff0ef 00a4a023 00052023 00050493 f7dff06f fff78793 0000e737 ad870713 00279793 00f707b3 0007a603 00000693 945ff0ef 00050913 f21ff06f 09822503 02050a63 00452483 06048063 0004a783 00f52223 27100793 08922a23 00f4aa23 00100793 0004a623 00f4a823 0004a023 f01ff06f 02100613 00400593 00098513 1e9020ef 08a22c23 fa051ee3 0000e6b7 0000e537 80068693 00000613 14500593 87450513 175020ef 01c00613 00100593 00098513 1b5020ef 00050493 fc0508e3 00100793 00f52223 00200793 00f52423 f85ff06f fd010113 01412c23 0105aa03 01312e23 0085a783 40565993 01498a33 02812423 02912223 03212023 01512a23 01612823 02112623 01712623 001a0913 0045a403 00058493 00060a93 00050b13 0127d863 00179793 00140413 ff27cce3 09822583 12058e63 00241793 00f587b3 0007a503 16050463 00052703 00e7a023 00052823 00052623 01450813 03305463 00598993 00299993 01350733 00080793 00478793 fe07ae23 fef71ce3 fec98993 01380833 0104a883 01448793 01faf613 00289893 011788b3 0a060663 02000e13 40ce0e33 00080313 00000693 0007a703 00430313 00478793 00c71733 00d76733 fee32e23 ffc7a683 01c6d6b3 ff17e0e3 01548793 00400713 00f8ea63 409887b3 feb78793 ffc7f793 00478713 00e80833 00d82023 00069463 000a0913 0044a783 02c12083 01252823 00279793 00f585b3 0005a783 02812403 02012903 00f4a023 0095a023 01c12983 02412483 01812a03 01412a83 01012b03 00c12b83 03010113 00008067 0007a703 00478793 00480813 fee82e23 fb17f2e3 0007a703 00478793 00480813 fee82e23 fd17eee3 f8dff06f 00400593 02100613 000b0513 7ec020ef 08a22c23 00050593 ea0518e3 01812423 0000e6b7 0000e537 80068693 00000613 1de00593 87450513 770020ef 01812423 00100c13 008c1c33 005c0613 00261613 00100593 000b0513 7a0020ef fc0502e3 01852423 09822583 00812c03 00852223 e71ff06f 01052703 0105a783 00050813 40f70533 04f71263 00279793 01480813 01458593 00f80733 00f587b3 0080006f 02e87463 ffc72603 ffc7a683 ffc70713 ffc78793 fed606e3 00100513 00d67663 fff00513 00008067 00008067 0105a703 01062783 fe010113 00812c23 00912a23 01212823 00112e23 01312623 00058413 00060493 00050913 40f706b3 1cf71263 00279693 01458613 01448713 00d607b3 00d70733 0080006f 20f67663 ffc7a583 ffc72683 ffc78793 ffc70713 fed586e3 01412423 01512223 00100993 18d5fa63 09822783 0044aa83 1a078263 002a9713 00e787b3 0007a503 20050863 00052703 00e7a023 00052823 0104a303 01042283 01448613 00231e13 01440893 00229293 01450f93 00010eb7 01352623 01c60e33 005882b3 000f8593 00060f13 00000693 fffe8e93 000f2703 0008a803 00458593 01d777b3 01d873b3 407787b3 00d787b3 01075713 01085813 4107d693 41070733 00d70733 01071693 01d7f7b3 00d7e7b3 00488893 fef5ae23 004f0f13 41075693 fa58eae3 01540713 40828433 feb40413 00e2b2b3 0012cf13 00245413 00400713 00029663 00140713 00271713 00e60633 00ef88b3 00010eb7 00088593 00060813 fffe8e93 17c67063 00082783 00458593 00480813 01d7f733 00d70733 0107df13 41075713 01e70733 00d787b3 01d7f7b3 01071693 00d7e7b3 fef5ae23 41075693 fdc864e3 fffe0e13 40ce0e33 ffce7e13 01c88733 00079a63 ffc72783 fff30313 ffc70713 fe078ae3 01c12083 01812403 00652823 00812a03 00412a83 01412483 01012903 00c12983 02010113 00008067 01412423 01512223 00100993 e606cae3 00048793 00040493 00078413 09822783 0044aa83 00000993 e60792e3 02100613 00400593 00090513 500020ef 08a22c23 00050793 e40514e3 0000e6b7 0000e537 80068693 00000613 24500593 87450513 488020ef 09822783 06078e63 0007a503 0a050a63 00052703 00e7a023 01c12083 01812403 00100793 00052623 00f52823 00052a23 01412483 01012903 00c12983 02010113 00008067 00100a13 015a1a33 005a0613 00261613 00100593 00090513 478020ef f80502e3 01552223 01452423 dd5ff06f 00000713 060f1863 00ef8733 ee5ff06f 02100613 00400593 00090513 448020ef 08a22c23 00050793 f60518e3 0000e6b7 0000e537 80068693 00000613 23700593 87450513 01412423 01512223 3c8020ef 01800613 00100593 00090513 408020ef fc0506e3 00100793 00052223 00f52423 f39ff06f 00241713 00ef8733 e75ff06f fe010113 01412423 09822783 00812c23 00912a23 01212823 01312623 01512223 00112e23 00050993 00058a93 00060413 00068913 00070493 28078463 0047a503 2a050a63 00052703 00e7a223 00100737 01445793 fff70613 00052823 00052623 7ff7f693 00867633 00068463 00e66633 000a8813 0a0a8a63 007af793 1a078263 001af793 00000593 02079063 002af793 2e078063 01f61813 001ad713 00165613 00100593 01076833 00c037b3 00178793 01052a23 00c52c23 00f52823 0a069063 00279713 00e50733 01072603 bce58593 00b92023 00010737 00579793 0ce67e63 01061613 01800593 01000713 010006b7 00d67663 00861613 00058713 100006b7 00d67663 00470713 00461613 400006b7 08d66463 fff64613 01f65613 00c70733 40e787b3 04c0006f 00767793 08078c63 00167793 02000593 00079a63 00267793 22078263 00165613 02100593 00100793 00c52a23 00f52823 f60684e3 bcd68793 00b787b3 00f92023 03500793 40b787b3 01c12083 01812403 00f4a023 01012903 01412483 00c12983 00812a03 00412a83 02010113 00008067 00261613 10064c63 00161693 00370713 f606cce3 02000713 40e787b3 fbdff06f 00800593 00000713 f2dff06f 01061793 0107d793 0c079a63 01065713 00070593 01800813 01000793 00059663 00875713 00080793 00f77593 00059663 00478793 00475713 00377593 00059663 00278793 00275713 00177593 12058e63 02078593 00070613 f31ff06f 000107b7 fff78793 0157f7b3 06078263 000a8713 00800813 00000593 0ff77793 00079663 00875713 00080593 00f77793 0e079063 00475713 00377793 00458593 0a078e63 00177793 00079863 00175713 00158593 10070a63 02000813 40b80833 01061833 01076833 00b65633 e1dff06f 010ad713 01800813 01000593 fa1ff06f 0ff67593 00060713 00800813 00000793 f31ff06f 00270713 40e787b3 eb5ff06f 02100613 00400593 11c020ef 08a22c23 00050793 d60514e3 0000e6b7 0000e537 80068693 00000613 30f00593 87450513 0a4020ef 01c00613 00100593 00098513 0e4020ef fc050ae3 00100793 00f52223 00200793 00f52423 d35ff06f 00275713 00177793 00258593 f40782e3 f4dff06f 00377793 fe0784e3 00177793 f20788e3 00070813 d60582e3 f31ff06f 00175713 04000593 de070ce3 02178593 00070613 dedff06f 00265613 02200593 de1ff06f 01e61813 002ad713 00265613 00200593 01076833 d25ff06f 01566833 02000593 00000613 00100793 d19ff06f f2010113 0c112e23 0c812c23 0c912a23 0d612023 0ba12823 00058413 00060d13 00068b13 00050493 651010ef 00052783 00078513 02f12623 735010ef 08422783 02a12423 360782e3 06442703 00c41783 00177713 00071663 2007f713 44070663 0087f793 28078c63 01042783 28078863 0000e7b7 bd878793 0d312623 0b712e23 0d212823 0d412423 0d512223 0b812c23 0b912a23 0bb12623 00012c23 02012023 02012223 02012823 02012a23 00012623 02500993 00f12a23 000d0b93 01612823 000bc783 1e078063 000b8913 25378e63 00194783 00190913 fe079ae3 41790a33 1d790263 000a0693 000b8613 00040593 00048513 494010ef fff00793 1af50463 00c12703 00094783 01470733 00e12623 18078a63 00190913 04010da3 fff00a93 00000a13 00000d93 00094c03 00190b93 fe0c0793 05800713 04f76863 01412703 00279793 00e787b3 0007a783 00078067 00000a13 fd0c0793 00900693 000bcc03 002a1713 01470a33 001a1a13 01478a33 fd0c0793 001b8b93 fef6f2e3 fe0c0793 05800713 faf77ce3 100c0e63 07810c23 04010da3 00100c93 00100713 07810d13 084df893 000d8913 00000a93 00012e23 00000693 72088263 220696e3 08000793 00f89663 419a0db3 19b044e3 40ea8ab3 75504263 10097793 0a078ce3 06500793 0187dae3 02012703 02412783 00000613 00070513 00078593 00000693 5c4050ef 1e050ce3 06012783 3ef05ce3 01812783 01c12703 00078d93 00f75463 00070d93 35b044e3 01c12703 fffdc793 41f7d793 00fdf7b3 40f70ab3 435046e3 06012d83 01812783 24fdc6e3 00197793 240792e3 01812783 01c12703 41b78db3 40e78ab3 635dcce3 fffac793 41f7d793 00faf6b3 40dd8db3 5bb04ae3 00497913 00090663 419a0933 61204a63 019a5463 000c8a13 00c12783 014787b3 00f12623 000bc783 e20794e3 06442703 00c41783 00177713 08070263 0407f793 0d012903 0cc12983 0c812a03 0c412a83 0bc12b83 0b812c03 0b412c83 0ac12d83 04079263 0dc12083 0d812403 00c12503 0d412483 0c012b03 0b012d03 0e010113 00008067 00040593 00048513 d19fb0ef d60504e3 06442783 0017f793 00079463 2540106f fff00793 00f12623 fb9ff06f 41790a33 df7904e3 db5ff06f 2007f713 f6071ee3 05842503 491020ef 00c41783 f6dff06f 010ded93 000b8913 dd5ff06f 01012783 0007aa03 00478793 00f12823 fe0a54e3 41400a33 004ded93 000b8913 db1ff06f 008df793 480780e3 01012703 04010513 00072783 00470b13 0007a703 04e12023 0047a703 04e12223 0087a703 04e12423 00c7a783 04f12623 5dc060ef 02a12023 02b12223 01612823 02412b03 0000e7b7 ad07ac83 ad47ad03 02012783 001b1913 00195913 00078513 00090593 000c8613 000d0693 3ac060ef 2a0516e3 02012783 00090593 000c8613 00078513 000d0693 51c050ef 28a058e3 02012703 000b0593 00000613 00070513 00000693 500050ef 46054ae3 05b14683 04700793 5787c2e3 0000e837 8d480d13 00012e23 f7fdf913 00300c93 00300713 00000a93 00068463 001c8c93 00297793 08497893 d40786e3 002c8c93 46088263 74069063 03112e23 02e12c23 00200693 05c10613 00040593 00048513 0f8010ef fff00793 03812703 03c12883 d0f51ee3 e01ff06f 05842503 2f1020ef 00c41783 badff06f 01012683 010df793 0006a703 00468693 00d12823 00079c63 040df693 00070793 00068863 01071713 41075713 00070793 00074ae3 05b14683 600ac663 f7fdf913 60071063 00100713 1c0a9c63 68071c63 001df713 0a010d13 00070863 03000793 08f10fa3 09f10d13 000a8c93 00ead463 00070c93 00012e23 f20696e3 f2dff06f 01012783 04010da3 0007ad03 00478b13 3c0d0ee3 400acee3 000a8613 00000593 000d0513 059010ef 3a0500e3 41a50733 fff74c93 41fcdc93 05b14683 01977cb3 01612823 000d8913 00000a93 00012e23 fa9ff06f 05b14783 dc0790e3 02000793 04f10da3 000b8913 b89ff06f 001ded93 000b8913 b7dff06f 02b00793 04f10da3 000b8913 b6dff06f 080ded93 000b8913 b61ff06f 01012783 010ded93 0007a703 00478793 00f12823 00070793 f05ff06f 000bcc03 02a00793 001b8b93 74fc08e3 fd0c0793 00900613 00000713 00900693 00000a93 b2f662e3 000bcc03 00271a93 00ea8ab3 001a9a93 00fa8733 fd0c0793 001b8b93 fef6f2e3 00070a93 ae075ee3 fff00a93 af5ff06f 040ded93 000b8913 ae1ff06f 01012703 010ded93 00072783 00470713 00e12823 00000713 00000693 04d10da3 000ac863 f7fdf913 e80786e3 00090d93 00100613 46c70e63 00200613 06c70463 0a010d13 0077f713 03070713 feed0fa3 0037d793 000d0613 fffd0d13 fe0794e3 001df793 06078263 03000793 04f70e63 ffe60613 fefd0fa3 0a010793 40c78733 000d8913 00060d13 e4dff06f 00100793 44f70ee3 00200793 00090d93 1cf714e3 00000793 03012603 0a010d13 00f7f713 00e60733 00074703 0047d793 fffd0d13 00ed0023 fe0794e3 0a010793 41a78733 000d8913 e01ff06f 01012703 010ded93 00072783 00470713 00e12823 00100713 f29ff06f 008ded93 000b8913 9e1ff06f 01012703 04010da3 00100c93 00072783 00470713 00e12823 06f10c23 00100713 07810d13 a31ff06f 01012683 010df713 0006a783 00468693 00d12823 fa0718e3 040df713 fa0704e3 01079793 0107d793 00100713 ec5ff06f 01012683 010df713 0006a783 00468693 00d12823 ea0714e3 040df713 ea0700e3 01079793 0107d793 00000713 e95ff06f 01012683 00008737 83070713 0000ec37 04e11e23 00468713 00e12823 8f8c0713 02e12823 0006a783 002ded93 00200713 07800c13 e5dff06f 010df793 00079663 040dfd93 060d96e3 01012783 00c12703 0007a783 00e7a023 01012783 00478793 00f12823 889ff06f 0000e7b7 8e478793 05800613 02f12823 01012683 010df713 0006a783 00468693 00d12823 00071a63 040df713 00070663 01079793 0107d793 001df693 00200713 de0684e3 de0782e3 03000693 04d10e23 04c10ea3 002ded93 dd1ff06f 01000793 0000edb7 fff00d13 0127ca63 4a00006f ff090913 01000793 4927da63 01000693 d4cd8613 00040593 00048513 4c1000ef ffa510e3 9d5ff06f 00200893 419a0b33 1d604063 0c069063 8e0884e3 02e12c23 00200693 05c10613 00040593 00048513 48d000ef fff00793 03812703 98f50ee3 40ea8ab3 8d5052e3 01000793 0000eb37 2157d663 03212c23 fff00d93 000a8913 00070a93 0100006f ff090913 01000713 1f275063 01000693 d3cb0613 00040593 00048513 439000ef ffb510e3 94dff06f 000b0893 03c12703 00090b13 03812903 000b0693 d4cd8613 00040593 00048513 03112e23 02e12c23 405000ef fff00793 90f50ce3 05b14783 03812703 03c12883 f40784e3 00100693 05b10613 00040593 00048513 03112e23 02e12c23 fff00d93 3cd000ef 8fb502e3 03c12883 03812703 800880e3 00200693 05c10613 00040593 00048513 02e12c23 3a5000ef 03812703 ffb51063 8b5ff06f 01812703 00100793 00100693 000d0613 00040593 00048513 00e7c663 00197793 3a078063 371000ef fff00d93 89b502e3 02812683 02c12603 00040593 00048513 355000ef 87b506e3 02412783 02012703 00000613 00078593 01812783 00070513 00000693 fff78a93 565040ef 2a051663 01812783 00100713 34f74c63 03412683 06810613 00040593 00048513 309000ef fff00793 fef51863 819ff06f 00070693 000d0613 fe1ff06f 01000693 0000edb7 ed66d4e3 03212c23 02e12e23 000b0913 00088b13 0100006f ff090913 01000713 e9275ce3 01000693 d4cd8613 00040593 00048513 2b1000ef fff00793 fcf51ee3 06442703 00c41783 00177713 fc071263 841ff06f 00090d93 00900713 28f76463 03078793 08f10fa3 000d8913 00100713 09f10d13 a09ff06f 000a8713 00090a93 03812903 000a8693 d3cb0613 00040593 00048513 02e12c23 24d000ef fff00793 03812703 e8f51663 f58ff06f 01000693 0000eb37 1fb6d063 03212c23 000d8913 000b8d93 00070b93 0100006f ff090913 01000713 1b275863 01000693 d3cb0613 00040593 00048513 1fd000ef fff00793 fcf51ee3 f0cff06f 00000713 0a010d13 97dff06f 00048513 ea1fa0ef c98ff06f 00100693 05b10613 00040593 00048513 03112e23 02e12c23 1bd000ef fff00793 03812703 03c12883 88f51ee3 ec4ff06f 03112e23 02e12c23 00100693 05b10613 895ff06f 0000d637 00100693 7fc60613 00040593 00048513 17d000ef fff00793 e8f50863 06012783 01812703 00e7c663 00197793 e4078863 02812683 02c12603 00040593 00048513 14d000ef fff00793 e6f50063 01812783 fff78d93 e3b05463 01000793 0000eb37 fff00d13 01b7ca63 4000006f ff0d8d93 01000793 3fb7da63 01000693 d3cb0613 00040593 00048513 105000ef ffa510e3 e18ff06f 02812683 02c12603 00040593 00048513 0e9000ef fff00793 def50e63 01812783 01c12703 06012d83 40e78ab3 41b78db3 015dd463 000d8a93 d9505e63 01c12783 000a8693 00040593 00fd0633 00048513 0a9000ef fff00793 daf50e63 06012d83 01812783 41b78db3 d6cff06f 40e007b3 02d00693 00100713 961ff06f 000a8693 001d0613 00040593 00048513 06d000ef d5b518e3 d80ff06f 000b8713 000d8b93 00090d93 03812903 02e12c23 000d8693 d3cb0613 bb1ff06f 00090693 d4cd8613 00040593 00048513 031000ef fff00793 d2f51463 d40ff06f 000d8693 000d0613 00040593 00048513 011000ef fff00793 caf51263 d20ff06f 0a010d13 00a00613 00900513 02c7f733 fffd0d13 00078593 03070713 00ed0023 02c7d7b3 feb564e3 965ff06f 7d4000ef fff00793 caf51ae3 ce4ff06f 01100713 0000eb37 fff00d13 00f74a63 3740006f ff0a8a93 01000793 3757d463 01000693 d3cb0613 00040593 00048513 794000ef ffa510e3 ca8ff06f 0000d637 00100693 7fc60613 00040593 00048513 774000ef fff00a93 c9550463 06012783 01812683 00197713 00f6e7b3 00e7e7b3 c4078263 02812683 02c12603 00040593 00048513 740000ef c5550c63 06012783 2607c263 01812683 000d0613 c19ff06f 01000713 0000eb37 fff00d93 01574a63 3040006f ff0a8a93 01000793 2f57dc63 01000693 d3cb0613 00040593 00048513 6f4000ef ffb510e3 c08ff06f 02012803 02412783 00080613 00080513 00078693 00078593 0e5050ef 5a051463 fff00793 100de913 fdfc7c93 22fa8663 04700793 2cfc8a63 02412703 00000f13 00070313 00075863 800007b7 00e7c333 02d00f13 06600793 000a8b13 00300693 44fc1e63 02012703 07010893 06010793 00070513 00030613 00050593 06410813 000b0713 00048513 01e12e23 00612c23 c81fb0ef 06600793 01812303 01c12f03 00050d13 016508b3 00fc1c63 000d4703 03000793 48f70e63 06012783 00f888b3 02012783 00030593 00000613 00078513 00000693 01e12e23 01112c23 045040ef 01812883 01c12f03 3a050e63 07012683 0116fe63 03000713 00168793 06f12823 00e68023 07012683 ff16e8e3 06012783 00f12e23 41a68733 04700793 00e12c23 26fc8263 06600793 26fc1863 01c12703 001df793 0157e7b3 52e05c63 4c079263 00070c93 06600c13 340f0063 02d00793 04f10da3 00000a93 02d00693 c60ff06f 01012783 00778b13 ff8b7b13 000b2783 02f12023 004b2783 02f12223 008b0793 00f12823 ba0ff06f 01000793 0000eb37 fff00d13 01b7ca63 02c0006f ff0d8d93 01000793 03b7d063 01000693 d3cb0613 00040593 00048513 530000ef ffa510e3 a44ff06f 000d8693 d3cb0613 a0dff06f 0000e7b7 8f878793 07800613 02f12823 fccff06f 01012783 00c12703 0007a783 00e79023 f98ff06f 000d8a93 9c8ff06f 02d00793 04f10da3 02d00693 b88ff06f 00000793 dd8ff06f ff000713 40f00ab3 0000eb37 fff00d93 00e7ca63 3700006f ff0a8a93 01000793 3757d263 01000693 d3cb0613 00040593 00048513 49c000ef ffb510e3 9b0ff06f 00600a93 dddff06f 05b14683 01612823 00012e23 000a8c93 000a8713 000d8913 00000a93 b4069063 b40ff06f 00600793 000a8713 0157f463 00600713 0000e837 00070c93 01612823 90c80d13 85cff06f 000a8693 d3cb0613 00040593 00048513 430000ef fff00793 90f518e3 940ff06f 000d0513 601000ef 00050713 bf4ff06f 000a8693 d3cb0613 00040593 00048513 400000ef fff00793 00f50463 8a8ff06f 90cff06f 0000e837 8d880d13 aa0ff06f 200a8a63 02412703 00000f13 00070313 00075863 800007b7 00e7c333 02d00f13 02012703 06010793 00030613 00070513 00050593 07010893 06410813 000a8713 00200693 00048513 01e12e23 00612c23 9b9fb0ef 001df793 01812303 01c12f03 00050d13 14079463 06012783 00f12e23 07012783 40a787b3 00f12c23 01c12703 ffd00793 00f74463 0cead863 ffec0c13 01c12683 07810423 02b00713 fff68793 06f12023 0007d863 00100793 40d787b3 02d00713 06e104a3 00900713 10f75663 07710893 00088613 00a00593 06300313 02b7e733 00060693 00078513 fff60613 03070713 fee68fa3 02b7c7b3 fea342e3 03078793 ffe68713 fef60fa3 25177e63 06a10793 00074603 00170713 00178793 fec78fa3 ff1718e3 0a010793 40d786b3 fdb68793 02f12a23 00078713 01812683 00100793 00e68733 0ed7da63 02812783 00012e23 00f70733 fff74c93 41fcdc93 01977cb3 cedff06f 01812783 08f74663 001dfd93 00070793 160d9a63 fff74c93 41fcdc93 01977cb3 06700c13 cc5ff06f 05b14683 00000a93 92069663 92cff06f 00090d93 00000793 fc4ff06f 06012783 00088693 00f12e23 c65ff06f 015508b3 c09ff06f 04500793 e6fc94e3 001a8b13 00200693 b99ff06f 03078793 03000713 06f105a3 00400793 06e10523 02f12a23 00078713 f49ff06f 02812703 00e78733 01c12783 00f04663 40f70733 00170713 fff74c93 41fcdc93 01977cb3 06700c13 c31ff06f 02412783 1007c063 00078313 00000f13 00100a93 df9ff06f 001df793 00f12e23 f00794e3 fff74c93 41fcdc93 01977cb3 bfdff06f 02012703 00030593 00000613 00070513 00000693 03e12c23 01112e23 00612c23 3b0040ef 01812303 01c12883 03812f03 0a051a63 06012783 00f888b3 00f12e23 41a887b3 00f12c23 b95ff06f 000a8693 d3cb0613 00040593 00048513 13c000ef fff00793 00f51463 e4dfe06f 01812683 9fdff06f 02412783 0807c463 05b14683 04700793 0787c863 0000e837 8dc80d13 fc5fe06f 02812703 06700c13 00e78733 fff74c93 41fcdc93 01977cb3 b4dff06f 02812783 00ea8733 06600c13 00f70733 fff74c93 41fcdc93 01977cb3 b2dff06f 80000ab7 00fac333 02d00f13 00100a93 cf9ff06f 00100793 416787b3 06f12023 a7dff06f 0000e837 8e080d13 f59fe06f 02d00793 04f10da3 02d00693 f75ff06f 00200793 02f12a23 00078713 dc9ff06f 00079a63 00100c93 06600c13 00100713 ac9ff06f 02812783 06600c13 00178713 01570733 fff74c93 41fcdc93 01977cb3 aa9ff06f 01012783 0007aa83 00478793 000ac863 00f12823 000b8913 bcdfe06f fff00a93 00f12823 ff1ff06f 00c45783 2007f793 00078463 da5fe06f 05842503 251010ef d99fe06f 08068c63 fe010113 00812c23 00912a23 01212823 01312623 01412423 00112e23 00050913 00058993 00060413 00d604b3 fff00a13 0080006f 02940e63 00044583 00098613 00090513 4b4000ef 00140413 ff4514e3 01c12083 01812403 01412483 01012903 00c12983 00812a03 02010113 00008067 01c12083 01812403 01412483 01012903 00c12983 00812a03 00000513 02010113 00008067 00000513 00008067 ff010113 00112623 01212023 0e058063 08422783 00812423 00912223 00058413 00050493 10078063 06442783 00c41703 0017f793 0a079663 20077713 0e070863 00040593 00048513 124000ef 02c42783 00050913 00078a63 01c42583 00048513 000780e7 0a054063 00c45783 0807f793 0a079263 03042583 00058c63 04040793 00f58663 00048513 d21fc0ef 02042823 04442583 00058863 00048513 d0dfc0ef 04042223 bdcfa0ef 06442783 00041623 0017f793 0a078663 05842503 0b5010ef bc8fa0ef 00c12083 00812403 00412483 00090513 00012903 01010113 00008067 f60710e3 00812403 00412483 00000913 00c12083 00090513 00012903 01010113 00008067 00c45783 fff00913 0807f793 f60782e3 01042583 00048513 c8dfc0ef f55ff06f b00fa0ef f01ff06f 05842503 045010ef 00c41783 f00794e3 06442783 0017f793 fa0790e3 05842503 00000913 059010ef 00812403 00412483 f95ff06f 05842503 045010ef f51ff06f 00c59783 fe010113 00812c23 01312623 00112e23 0087f713 00058413 00050993 0e071263 0045a703 14e05c63 02842703 0a070e63 00912a23 01212823 08822903 08022423 01379693 01c42583 1406c663 00000613 00100693 00098513 000700e7 fff00793 00050613 16f50e63 00c41783 02842703 01c42583 0047f793 00078e63 00442683 03042783 40d60633 00078663 03c42783 40f60633 00000693 00098513 000700e7 fff00793 0ef50c63 01042703 00c45783 00042223 00e42023 01379713 10074e63 03042583 09222423 0c058063 04040793 00f58663 00098513 b61fc0ef 01412483 01012903 02042823 00000513 01c12083 01812403 00c12983 02010113 00008067 01212823 0105a903 08090263 00912a23 0005a483 0037f793 0125a023 412484b3 00000713 00079463 0145a703 00e42423 00904863 0540006f 00a90933 04905663 02442783 01c42583 00048693 00090613 00098513 000780e7 40a484b3 fca04ee3 00c41783 0407e793 01412483 01012903 00f41623 fff00513 f75ff06f 03c5a703 eae044e3 f65ff06f 01412483 01012903 f59ff06f 05042603 eddff06f 08822683 01d00793 00c41703 06d7e063 204007b7 00178793 00d7d7b3 0017f793 04078663 01042783 00042223 00f42023 01371793 ee07d8e3 ee0696e3 04a42823 ee5ff06f 08822783 e80782e3 01d00713 00e78663 01600713 f6e796e3 09222423 01412483 01012903 ee5ff06f 04076793 f5dff06f 08422783 ff010113 00812423 01212023 00112623 00912223 00050913 00058413 0a078a63 00c41783 00000493 04078063 06442703 00177713 00071663 2007f793 04078463 00040593 00090513 da1ff0ef 06442783 00050493 0017f793 00079863 00c45783 2007f793 04078463 00c12083 00812403 00012903 00048513 00412483 01010113 00008067 05842503 568010ef 00040593 00090513 d55ff0ef 06442783 00050493 0017f793 fc0792e3 fb5ff06f 05842503 574010ef 00c12083 00812403 00012903 00048513 00412483 01010113 00008067 fd1f90ef f4dff06f 08422783 fe010113 00812c23 00912a23 00112e23 00050493 00060413 08078863 06442783 0017f793 00079863 00c45783 2007f793 06078263 00048513 00040613 1f4000ef 06442783 00050493 0017f793 00079863 00c45783 2007f793 00078e63 01c12083 01812403 00048513 01412483 02010113 00008067 05842503 4d0010ef 01c12083 01812403 00048513 01412483 02010113 00008067 05842503 00b12623 478010ef 00c12583 f91ff06f 00b12623 f19f90ef 00c12583 f69ff06f 00c59783 f9010113 06812423 06112623 0027f713 00058413 02070463 04358793 00f5a023 00f5a823 00100793 00f5aa23 06c12083 06812403 07010113 00008067 00e59583 06912223 07212023 00050493 0805c063 00810613 2ec000ef 06054863 40000593 00048513 00c12903 b2dfc0ef 0a050c63 00c45783 00a42023 00a42823 0807e793 00f41623 40000793 00f42a23 0000f7b7 00f97933 000027b7 0cf91263 00e41583 00048513 2ec000ef 0a050a63 00c45783 06412483 06012903 ffc7f793 0017e793 00f41623 f69ff06f 00c41783 0807f793 04079463 40000913 40000593 00048513 ab5fc0ef 04050063 00c45783 01242a23 06c12083 0807e793 00a42023 00a42823 00f41623 06812403 06412483 06012903 07010113 00008067 04000913 04000593 fbdff06f 00c41783 2007f713 02071863 ffc7f793 0027e793 04340713 00f41623 00100793 06412483 06012903 00e42023 00e42823 00f42a23 ed5ff06f 06c12083 06812403 06412483 06012903 07010113 00008067 08422783 ff010113 00812423 00912223 01212023 00112623 00050913 00058493 00060413 0c078863 06442783 0017f793 00079863 00c45783 2007f793 08078463 00842783 fff78793 00f42423 0007dc63 01842703 04e7cc63 0ff4f793 00a00713 04e78663 00042783 0ff4f913 00178713 00e42023 00978023 06442783 0017f793 00079863 00c45783 2007f793 04078263 00c12083 00812403 00412483 00090513 00012903 01010113 00008067 00090513 00040613 00048593 954fa0ef 00050913 fb9ff06f 05842503 21c010ef f75ff06f 05842503 244010ef 00c12083 00812403 00412483 00090513 00012903 01010113 00008067 ca1f90ef f31ff06f 00357793 0ff5f693 02078a63 fff60793 02060e63 fff00613 0180006f 00150513 00357713 00070e63 fff78793 02c78063 00054703 fed714e3 00008067 00060793 00300713 00f76863 06079063 00000513 00008067 0ff5f593 00859713 00b705b3 01059713 feff08b7 80808837 00e585b3 eff88893 08080813 00300313 0100006f ffc78793 00450513 fcf370e3 00052703 00e5c733 01170633 fff74713 00e67733 01077733 fc070ee3 00f507b3 00c0006f 00150513 f8f50ce3 00054703 fed71ae3 00008067 0000e537 5f850513 00008067 ff010113 00812423 00058513 00060593 00112623 9801a823 6c9000ef fff00793 00f50a63 00c12083 00812403 01010113 00008067 9901a783 fe0786e3 00c12083 00812403 08f22423 01010113 00008067 ff010113 00812423 00058513 00112623 9801a823 695000ef fff00793 00f50a63 00c12083 00812403 01010113 00008067 9901a783 fe0786e3 00c12083 00812403 08f22423 01010113 00008067 ff010113 00812423 00058513 00112623 9801a823 735000ef fff00793 00f50a63 00c12083 00812403 01010113 00008067 9901a783 fe0786e3 00c12083 00812403 08f22423 01010113 00008067 00357793 00050713 04079c63 7f7f86b7 f7f68693 fff00593 00072603 00470713 00d677b3 00d787b3 00c7e7b3 00d7e7b3 feb784e3 ffc74683 40a707b3 04068463 ffd74683 02068c63 ffe74503 00a03533 00f50533 ffe50513 00008067 fa0688e3 00074783 00170713 00377693 fe0798e3 40a70733 fff70513 00008067 ffd78513 00008067 ffc78513 00008067 ff010113 00068793 00060813 00112623 07822883 00050693 00058713 00078613 02080063 0000e7b7 91478793 0000e5b7 92458593 00088513 0ec000ef 365000ef 0000e837 92080793 92080813 fe1ff06f 02c5b7b3 ff010113 00112623 00812423 02c585b3 06079263 e78fc0ef 00050413 06050063 ffc52603 02400713 ffc67613 ffc60613 06c76263 01300693 00050793 00c6fc63 00052023 00052223 01b00793 06c7e263 00850793 00c12083 00040513 00812403 0007a023 0007a223 0007a423 01010113 00008067 00c00713 08e22423 00000413 00c12083 00040513 00812403 01010113 00008067 00000593 ab8fa0ef 00c12083 00040513 00812403 01010113 00008067 00052423 00052623 01050793 f8e61ce3 00052823 01850793 00052a23 f89ff06f fc010113 02810313 02c12423 02d12623 00058613 00030693 00050593 00000513 00112e23 02e12823 02f12a23 03012c23 03112e23 00612623 010000ef 01c12083 04010113 00008067 08422783 f7010113 09212023 07312e23 07412c23 07a12023 08112623 00050a13 00058913 00060993 00068d13 080780e3 06492703 00c91783 00177713 00071663 2007f713 26070263 0087f793 1e078463 01092783 1e078063 0000e7b7 d5c78793 07512a23 08812423 08912223 07612823 07712623 07812423 07912223 05b12e23 00012c23 00012623 02500a93 00f12e23 0009c783 14078463 00098413 1d578063 00144783 00140413 fe079ae3 413404b3 13340663 00048693 00098613 00090593 000a0513 b60ff0ef fff00793 10f50863 00c12703 00044783 00970733 00e12623 0e078e63 00140793 020101a3 fff00413 00000b93 00000b13 0007c703 00178993 fe070793 05800693 04f6e863 01c12683 00279793 00d787b3 0007a783 00078067 00000b93 fd070793 00900613 0009c703 002b9693 017686b3 00169693 00d78bb3 fd070793 00198993 fef672e3 fe070793 05800693 faf6fce3 08070263 00100793 02e10423 020101a3 00100c93 00f12a23 02810493 00000413 00000713 084b7c13 360c0e63 70071e63 08000793 00fc1663 419b8db3 6db04863 01412783 40f40db3 39b05a63 01000713 0000ec37 fff00413 01b74a63 6900006f ff0d8d93 01000713 69b75263 01000693 ec0c0613 00090593 000a0513 a50ff0ef fe8510e3 06492703 00c91783 00177713 08070063 0407f793 08812403 08412483 07412a83 07012b03 06c12b83 06812c03 06412c83 05c12d83 04079063 08c12083 00c12503 08012903 07c12983 07812a03 06012d03 09010113 00008067 00090593 000a0513 c7df90ef e0050ce3 06492783 0017f793 7c078463 fff00793 00f12623 fbdff06f 413404b3 e93402e3 e51ff06f 2007f713 f80710e3 05892503 3f9000ef 00c91783 f71ff06f 010b6b13 00098793 e71ff06f 000d2b83 004d0d13 fe0bd8e3 41700bb3 004b6b13 00098793 e55ff06f 05892503 38d000ef 00c91783 d95ff06f 010b7793 000d2683 004d0d13 00079c63 040b7713 00068793 00070863 01069693 4106d693 00068793 5e06ca63 02314703 32044a63 f7fb7b13 32069663 70041063 00000c93 00012a23 05010493 00070463 001c8c93 002b7793 e60786e3 084b7c13 002c8c93 4c0c0463 58071a63 00200693 02410613 00090593 000a0513 8f0ff0ef fff00793 e4f516e3 e9dff06f 010b7713 000d2783 004d0d13 00071a63 040b7713 00070663 01079793 0107d793 000b0d93 020101a3 00000713 000d8b13 08044e63 f7fdfb13 08079263 60041c63 5a071c63 001dfc93 01912a23 5e0c8c63 03000793 04f107a3 04f10493 f6dff06f 0000e7b7 8e478793 05800693 00f12c23 010b7713 000d2783 004d0d13 00071a63 040b7713 00070663 01079793 0107d793 001b7713 0a070c63 0a078a63 03000713 02e10223 02d102a3 020101a3 30044663 f7fb7b13 002b6b13 00200713 00100693 62d70463 00200693 2ed70a63 05010493 0077f713 03070713 fee48fa3 0037d793 00048693 fff48493 fe0794e3 001b7793 2e078863 03000793 2ef70463 ffe68693 fef48fa3 05010793 40d787b3 00f12a23 00040c93 00f45463 00078c93 00068493 00000713 ea5ff06f 00008737 83070713 02e11223 0000e737 8f870713 000d2783 002b6b13 004d0d13 00e12c23 020101a3 26044663 000b0d93 00200713 ed9ff06f 000d2483 020101a3 004d0d13 4e048e63 50044a63 00040613 00000593 00048513 f8cff0ef 00812a23 00050663 409507b3 00f12a23 01412783 02314703 00000413 fff7cc93 41fcdc93 0197fcb3 e0071ce3 084b7c13 c80c18e3 419b8db3 2fb04863 2c071063 c80c08e3 00200693 02410613 00090593 000a0513 f09fe0ef fff00793 caf50ce3 01412783 40f40db3 c7b04ae3 01412683 00048613 00090593 000a0513 ee1fe0ef fff00793 c8f508e3 004b7b13 000b0663 419b84b3 1e904e63 019bd463 000c8b93 00c12783 017787b3 00f12623 b1dff06f 0009c703 02a00793 00198993 46f70c63 fd070793 00900693 00000413 00900613 b6f6e4e3 0009c703 00241693 008686b3 00169693 00f68433 fd070793 00198993 fef672e3 b40452e3 fff00413 b3dff06f 010b7793 16079c63 040b7b13 160b0863 000d2783 00c12703 004d0d13 00e79023 aa9ff06f 000d2783 010b6d93 004d0d13 d71ff06f 000d2783 010b6d93 004d0d13 020101a3 00100713 d60454e3 000d8b13 00000713 00900693 2cf6ea63 03078793 0ff7f793 04f107a3 00040c93 00804463 00100c93 00100793 00f12a23 04f10493 cc0710e3 cc1ff06f 000d2783 020101a3 004d0d13 02f10423 00100793 00100c93 00f12a23 02810493 b05ff06f 010b7713 000d2783 004d0d13 00071a63 040b7713 00070663 01079793 0107d793 000b0d93 f71ff06f 02314783 be0792e3 02000793 02f101a3 00098793 a49ff06f 001b6b13 00098793 a3dff06f 02b00793 02f101a3 00098793 a2dff06f 080b6b13 00098793 a21ff06f 000d2683 010b6b13 004d0d13 00068793 bf5ff06f 040b6b13 00098793 a01ff06f 002b6b13 05010493 01812683 00f7f713 fff48493 00e68733 00074703 0047d793 00e48023 fe0792e3 05010793 409787b3 00f12a23 00040c93 d2f458e3 00078c93 00000713 bcdff06f 000d2783 00c12703 004d0d13 00e7a023 93dff06f 01000793 1e97da63 0000e7b7 00f12823 fff00413 0100006f ff048493 01000793 1e97d063 01012783 01000693 00090593 ed078613 000a0513 c95fe0ef fc851ee3 a45ff06f 01012783 000d8693 00090593 ed078613 000a0513 c75fe0ef fff00793 a2f502e3 02314783 d40784e3 00100693 02310613 00090593 000a0513 c51fe0ef fff00793 d2f516e3 9fdff06f 419b8db3 00200c13 d1b05ce3 0000e7b7 01000713 00f12823 01b74a63 f9dff06f ff0d8d93 01000713 f9b758e3 01012783 01000693 00090593 ed078613 000a0513 c01fe0ef fff00793 fcf51ce3 06492703 00c91783 00177713 9a0718e3 a29ff06f 000d8693 ec0c0613 00090593 000a0513 bd1fe0ef fff00793 ccf51ce3 97dff06f 01000713 0000ec37 01b74a63 10c0006f ff0d8d93 01000713 11b75063 01000693 ec0c0613 00090593 000a0513 b95fe0ef fff00793 fcf51ee3 941ff06f 00100693 02310613 a85ff06f 83cf90ef f80ff06f 00100693 02310613 00090593 000a0513 b61fe0ef fff00793 a4f51ce3 90dff06f 02d00793 02f101a3 40d007b3 00044463 f7fb7b13 00900693 02d00713 d2f6fae3 05010493 00a00613 00900513 02c7f6b3 fff48493 00078593 03068693 00d48023 02c7d7b3 feb564e3 05010793 409787b3 00f12a23 00040c93 9cf45ce3 00078c93 9c071ae3 9d5ff06f 00000c93 00012a23 00000713 05010493 9c1ff06f 0000e7b7 00f12823 01012783 00048693 00090593 ed078613 000a0513 ab9fe0ef fff00793 bef516e3 865ff06f 000d8693 ec0c0613 b91ff06f 00000c93 00000713 05010493 979ff06f 00100693 a6d716e3 00000713 03000793 c85ff06f 00812a23 00600793 0287ec63 0000e4b7 01412c83 90c48493 fb0ff06f 00048513 c3cff0ef 00a12a23 b05ff06f 0000e7b7 8f878793 07800693 00f12c23 9cdff06f 00f12a23 fc9ff06f 03000793 c35ff06f 000d2403 004d0d13 880450e3 fff00413 00098793 ee8ff06f 00c95783 2007f793 82079ae3 05892503 448000ef 829ff06f 00000713 bedff06f ff010113 00600513 00112623 0a4000ef 00100513 1ac000ef 02058063 04060263 04068863 00064783 00f5a023 00064503 00a03533 00008067 ff010113 00c10593 02060463 02068a63 00064783 00f5a023 00064503 00a03533 01010113 00008067 00000513 00008067 00000513 fedff06f ffe00513 00008067 ffe00513 fddff06f 02058463 0ff00793 00c7e863 00c58023 00100513 00008067 08a00713 08e22423 fff00513 00008067 00000513 00008067 01f00793 08a7ec63 09c22783 ff010113 00812423 00112623 00050413 04078063 00251713 00e787b3 0007a703 02070863 00100693 00d70a63 fff00693 04d70263 0007a023 000700e7 00c12083 00812403 00000513 01010113 00008067 00000513 09c000ef 00040613 00812403 00c12083 00050593 00000513 01010113 0300006f 00c12083 00812403 01600713 08e22423 00100513 01010113 00008067 01600713 08e22423 fff00513 00008067 ff010113 00812423 00058513 00060593 00112623 9801a823 0b0000ef fff00793 00f50a63 00c12083 00812403 01010113 00008067 9901a783 fe0786e3 00c12083 00812403 08f22423 01010113 00008067 0300006f 00100713 08e22423 fff00513 00008067 30501073 00100073 0000006f 00100713 08e22423 fff00513 00008067 00100513 00008067 f9010113 00810593 06112623 fddff0ef fff00793 00f50e63 00c12503 06c12083 00d55513 00157513 07010113 00008067 06c12083 00000513 07010113 00008067 01600713 08e22423 fff00513 00008067 00100713 08e22423 fff00513 00008067 00001737 f8074783 b5c1a683 f8070713 0ff7f793 00068863 00f70023 00d00693 00d78863 00f50023 00100513 00008067 00a00693 00d70023 00f50023 00100513 00008067 0000e7b7 6747a683 00058713 00050793 02d55863 00000513 00061463 00008067 0000e6b7 6786a683 00279793 00060593 00f686b3 0006a783 00070513 00078067 fff00513 00008067 0000e637 0e062703 000116b7 d2068693 00e507b3 00d7e863 0000e6b7 0e46a683 00d7ea63 00c00713 08e22423 fff00513 00008067 00070513 0ef62023 00008067 00050793 00058513 02b05063 000016b7 00b78633 f8068693 0007c703 00178793 00e68023 fef61ae3 00008067 0000e7b7 6807a703 00058693 02e55a63 0000e737 68472703 00251793 00000513 00f707b3 0007a783 00078463 00061463 00008067 00060593 00068513 00078067 fff00513 00008067 ff010113 00112623 294000ef 00c12083 b6018513 01010113 0680006f ff010113 b6018513 00112623 08c000ef 00c12083 01010113 28c0006f ff010113 00812423 00050413 01800513 00112623 1d1010ef 00c12083 00a42023 00812403 00052023 00052223 00052423 00052623 00052823 00052a23 01010113 00008067 1ad0106f ff010113 00812423 00112623 00050413 fff00593 fff00613 00040513 7e4010ef fe0508e3 00c12083 00812403 01010113 00008067 7fd0006f ff010113 00812423 00112623 00900793 00050413 02a7e463 00a00793 02f47433 000017b7 03040413 f8878023 00c12083 00812403 01010113 00008067 00a00513 02a45533 fbdff0ef fd1ff06f 00054783 00078e63 00001737 f8070713 00f70023 00154783 00150513 fe079ae3 00008067 ff010113 00112623 00812423 34002473 03842703 fff00793 00f70e63 00c12083 00f42e23 00812403 00100513 01010113 00008067 0000e537 96450513 fa1ff0ef f1402573 f4dff0ef 0000e537 97450513 f8dff0ef 07c42703 00900793 00001637 01c75693 01875293 00f2f293 00d7b6b3 01475f93 0057b5b3 00ffff93 01075f13 40d006b3 01f7b8b3 00ff7f13 00c75e93 0276f693 40b005b3 01c75513 01e7b833 00fefe93 00875e13 03068693 0275f593 411008b3 00a686b3 00fe7e13 01d7b533 03058593 00475313 0278f893 41000833 f8d60023 00b282b3 03088893 01c7b5b3 00f37313 02787813 40a00533 f8560023 011f8fb3 03080813 0067b6b3 00f77713 02757513 40b005b3 f9f60023 010f0f33 03050513 00e7b7b3 0275f593 40d006b3 f9e60023 00ae8eb3 03058593 0276f693 40f007b3 f9d60023 00be0e33 03068693 0277f793 f9c60023 00d30333 03078793 f8660023 00f70733 0000e537 f8e60023 97850513 e79ff0ef 30501073 00100073 0000006f 340027f3 00078463 00008067 03022783 00178693 02d22823 fe0798e3 30047073 00008067 340027f3 00078463 00008067 03022783 00078c63 fff78793 02f22823 fe0796e3 30046073 00008067 fff00893 00000073 00008067 c80027f3 c0002573 c80025f3 fef59ae3 00008067 340027f3 0e078663 f14027f3 00052303 10030063 00452703 06070063 06a71263 00b52423 00c52623 e4c18813 00279893 01180833 00a52223 00a52023 00a82023 35d61073 34d59073 08000793 3047a073 340027f3 00078463 00008067 03022783 0e078463 fff78793 02f22823 fe0796e3 30046073 00008067 fff00893 00000073 e4c18813 00279893 011807b3 0007a683 0ca68263 00672023 00e32223 00b52423 00c52623 00068793 00069a63 f85ff06f 08c70663 0047a783 06f68663 00c7a703 fee678e3 0007a703 00a7a023 00f52223 00e52023 00a72223 f6d798e3 01180833 00a82023 35d61073 34d59073 f5dff06f 03022783 00178693 02d22823 f00796e3 30047073 f14027f3 00052303 f00314e3 e4c18813 00279893 011807b3 0007a683 f7dff06f 0006a783 00a6a023 00d52223 00f52023 00a7a223 f11ff06f 0087a703 f6e5fae3 f81ff06f fff00893 00000073 00008067 00e7a023 00070693 f39ff06f 00251313 00a305b3 ff010113 00359593 bbc18813 00112623 00812423 00050893 00b807b3 00100693 0ed7a72f fe071ee3 01130633 00361613 00c80633 00462403 08040e63 00442503 00862423 00a62223 0ee7a72f 06440863 00c62783 04f6f263 01058593 00b80533 c80027f3 c00025f3 c8002773 fee79ae3 01130333 00331313 00680833 bb81a603 00c82703 02e65633 00b605b3 00c5b633 00f60633 e05ff0ef 02020a63 03822783 00079463 00000213 00040513 00812403 00c12083 01010113 ae1f706f 00c12083 00812403 01010113 00008067 34001073 fd9ff06f 00062423 0e87a42f 00020c63 03822783 00079463 00000213 00000513 fbdff06f 34001073 00000513 fb1ff06f f1402573 ef5ff06f f1402573 eedff06f ffc52783 ff010113 00812423 00112623 ff050413 04078663 00100713 0ee7a72f 00070a63 00100713 ffc52783 0ee7a6af fe069ce3 ff452703 ffc52783 12e40063 0087a683 12d40063 ff052683 00d72023 00e6a223 00000713 0ee7a72f fe052e23 01c52303 f14027f3 00f30663 fff00893 00000073 00231813 006805b3 00359593 bbc18613 00b607b3 00100713 0ee7a6af fe069ee3 00680733 00371713 00e60733 00872703 0a070463 00472683 0006a703 0086a023 fed52a23 fee52823 00872223 00680733 00371713 00e60733 00c72883 00d72223 00100e13 00188693 00d72623 ffc52c23 00872423 00000693 0ed7a6af 00c72783 04fe7263 01058513 00a60533 c80027f3 c00025f3 c8002773 fee79ae3 00680833 00381813 01060633 bb81a703 00c62683 02d75633 00b605b3 00c5b633 00f60633 c55ff0ef 00040513 00812403 00c12083 01010113 941f706f fe852a23 fe852823 00040693 f69ff06f 0007a423 ef5ff06f 00e7a423 ee1ff06f fe010113 00112e23 340027f3 f14026f3 0887a703 800007b7 00778793 0cf70e63 800007b7 00b78793 0cf71063 00812c23 01312623 00100793 e4418713 0ef7272f fe071ce3 00100793 e4018713 0ef7272f fe071ce3 f1402673 00001737 00361613 00566613 f0070713 0ec727af 0037f793 fe079ce3 0ef729af 4029d993 e4018713 0ef727af ffe00793 04f98663 01512223 e4418a93 00912a23 004aa483 10048c63 01212823 01412423 00048713 00000a13 00100913 0084a783 11378463 0044a483 fe971ae3 01412483 01012903 00812a03 00412a83 00000793 e4418713 0ef727af 01812403 00c12983 01c12083 00000513 02010113 00008067 00812c23 00269693 e4c18413 00d40433 00042503 00912a23 08000493 06050263 c80027f3 c00026f3 c8002773 fee79ae3 00c52703 04e7e663 0cf70263 00452783 04a78c63 0087a703 00c7a683 00f42023 35d69073 34d71073 00052783 00452703 01052683 00f72023 00e7a223 00052223 00052023 000680e7 00042503 fa0512e3 01812403 01c12083 01412483 00000513 02010113 00008067 00042023 3044b073 01052783 00052223 00052023 000780e7 00042503 f60516e3 fc9ff06f 01412483 00412a83 f19ff06f e4418793 0f47a7af 00c4a783 00048513 000780e7 e4418793 0f27a7af fe079ce3 0044a483 ee0480e3 004aa703 ec9714e3 ed5ff06f 00852783 f2f6fee3 f7dff06f ff010113 00112623 00100793 00f52423 0000a7b7 ea878793 00a52023 ba818613 00a52223 02f52023 fff00793 00f62423 0000a7b7 00052623 ea078793 00050e93 00052823 00052a23 02052423 02052623 02052823 02a52c23 00062023 00062223 00f62623 340027f3 2e078663 00100713 e4418693 0ee6a6af fe069ce3 00062703 2e070663 fff00893 00000073 e4418693 0046a703 2e070263 00072683 00c72023 00e62223 00d62023 00c6a223 00000713 e4418793 0ee7a72f 340027f3 26078e63 e3c1a783 00001737 00100e13 00178793 e2f1ae23 00100593 f0070713 ffe00313 fff00f13 01000f93 e3c1a883 002e1613 00266613 e4018793 0eb7a7af fe079ce3 0ec727af 0037f793 fe079ce3 0ef7252f 40255513 e4018293 0ef2a7af fc650ce3 03e50063 e3c1a783 ff178ee3 001e0e13 fbcffce3 fff00893 00000073 fadff06f e3c1a703 bbc18793 00100693 01d7a223 01d7a423 00d7a623 18070063 0000a737 e3c1a603 e9870713 0007a823 0007aa23 02e7a023 16c6f263 e3c1a603 0207ac23 0207ae23 04e7a423 00200693 14c6f663 e3c1a603 0607a023 0607a223 06e7a823 00300693 12c6fa63 e3c1a603 0807a423 0807a623 08e7ac23 00400693 10c6fe63 e3c1a603 0a07a823 0a07aa23 0ce7a023 00500693 10c6f263 e3c1a603 0c07ac23 0c07ae23 0ee7a423 00600693 0ec6f663 e3c1a603 1007a023 1007a223 10e7a823 00700693 0cc6fa63 e3c1a603 1207a423 1207a623 12e7ac23 00800693 0ac6fe63 e3c1a603 1407a823 1407aa23 16e7a023 00900693 0ac6f263 e3c1a603 1607ac23 1607ae23 18e7a423 00a00693 08c6f663 e3c1a603 1a07a023 1a07a223 1ae7a823 00b00693 06c6fa63 e3c1a603 1c07a423 1c07a623 1ce7ac23 00c00693 04c6fe63 e3c1a603 1e07a823 1e07aa23 20e7a023 00d00693 04c6f263 e3c1a603 2007ac23 2007ae23 22e7a423 00e00693 02c6f663 e3c1a603 2407a023 2407a223 24e7a823 00f00693 00c6fa63 e3c1a683 2607a423 2607a623 26e7ac23 cc002573 3e700793 02a7f663 3e800613 00000693 00000593 915f70ef 06400793 02a787b3 00c12083 baf1ac23 01010113 00008067 06400793 02f535b3 3e800613 00000693 02f50533 8e5f70ef 00c12083 00050793 baf1ac23 01010113 00008067 03022783 04078663 fff78793 02f22823 d6079ce3 30046073 d71ff06f 03022783 00178693 02d22823 d00796e3 30047073 d05ff06f 00462703 d0071ae3 d19ff06f 00c62223 00c62023 00c6a223 d29ff06f fff00893 00000073 d31ff06f 00100793 e4018713 0ef7272f fe071ce3 f1402673 00001737 00361613 00566613 f0070713 0ec727af 0037f793 fe079ce3 0ef7262f e4018713 0ef727af 00008067 fe010113 00812c23 00912a23 01312623 01412423 01512223 00112e23 01212823 01612023 00050493 00058413 00060a13 00068a93 00050993 0e050663 0000e5b7 0000eb37 0c458793 0ecb0b13 40fb0733 0000e937 40e40433 0d090913 00898433 40f90933 00090613 0c458593 00040513 82df80ef 0000e637 0d060613 40cb0633 00000593 01240533 f38f80ef 0014b493 409004b3 0000a7b7 0099f9b3 ea878793 f8840513 f8042623 f8042423 f8042823 f8042a23 f8042c23 f8042e23 faf42423 fb342823 f14027f3 fff7c793 faf42a23 0000b7b7 c8478793 faf42e23 ff057713 00800793 fd542223 fd442423 01c12083 fa042c23 fce42023 fe042a23 fef42c23 01812403 01412483 01012903 00c12983 00812a03 00412a83 00012b03 02010113 00008067 00058513 435000ef 00050993 f00516e3 fff00893 00000073 f01ff06f 340027f3 10078a63 00450663 03852783 12079e63 fff00893 00000073 00c52783 04078663 00100713 0ee7a72f 00070a63 00100713 00c52783 0ee7a6af fe069ce3 00452703 00c52783 1ea70c63 0087a683 24d50863 00052683 00d72023 00e6a223 00000713 0ee7a72f 00052623 00852703 00100793 0ef70263 bbc18813 02c52703 00259613 00b607b3 41f75713 00b74733 00379793 02e52623 00f807b3 00100713 0ee7a6af fe069ee3 00b60733 00371713 00e80733 00472703 16070e63 00072683 00a72023 00e52223 00d52023 00a6a223 00b60733 00371713 00e80833 00c82703 00a82223 00170713 00e82623 00100713 00e52423 00000713 0ee7a72f f14027f3 00f58663 00882783 14078a63 340027f3 02078063 00008067 03022783 00178693 02d22823 ee0792e3 30047073 eddff06f 03022783 10078e63 fff78793 02f22823 fc079ae3 30046073 00008067 e3c1a783 ecf5e6e3 ec1ff06f 02c52783 bbc18813 41f7d313 00f34333 00231e13 006e07b3 00379793 00f807b3 00100713 0ee7a6af fe069ee3 006e0733 00452683 00371713 00e80733 00872603 10a68863 00472883 0aa88463 00052703 00e6a023 00d72223 006e0733 00371713 00e80733 00c72683 fff68693 00d72623 00000713 0ee7a72f f14027f3 ea6784e3 eaa612e3 000016b7 002e6893 00100613 f0068693 ffe00f13 e4018793 0ec7a7af fe079ce3 0f16a7af 0037f793 fe079ce3 0ef6aeaf e4018f93 0effa7af 402ed793 fde78ce3 006e07b3 00379793 00f807b3 0087a783 e4a798e3 0000006f 00a52223 00a52023 e95ff06f 0007a423 e1dff06f 00d72223 f59ff06f fff00893 00000073 00008067 000016b7 00266613 00100593 f0068693 ffe00813 e4018793 0eb7a7af fe079ce3 0ec6a7af 0037f793 fe079ce3 0ef6a52f e4018893 0ef8a7af 40255793 fd078ce3 e71ff06f 00e7a423 db1ff06f 00072223 f05ff06f 00452783 ff010113 00812423 00112623 00050413 00478663 fff00893 00000073 00842783 00100713 00f77e63 fff78793 00f42423 00c12083 00812403 01010113 00008067 00042223 340027f3 06078c63 00100793 0ef4272f fe071ee3 01042783 00042423 01442503 04079463 00050c63 02c52783 00000613 41f7d593 00f5c5b3 cd1ff0ef 00000793 0ef427af 340027f3 fa0792e3 03022783 04078263 fff78793 02f22823 f80798e3 30046073 f89ff06f 00051663 01442503 fe050ee3 00042823 fb1ff06f 03022783 00178693 02d22823 f80790e3 30047073 f79ff06f fff00893 00000073 f51ff06f 02c52783 00000613 41f7d593 00f5c5b3 c59ff06f 340027f3 08078a63 00c52783 04078663 00100713 0ee7a72f 00070a63 00100713 00c52783 0ee7a6af fe069ce3 00452703 00c52783 14a70863 0087a683 16d50263 00052683 00d72023 00e6a223 00000713 0ee7a72f 00052623 00852703 00100793 04f70863 00052423 00052223 00052023 340027f3 00078463 00008067 03022783 10078a63 fff78793 02f22823 fe0796e3 30046073 00008067 03022783 00178693 02d22823 f60792e3 30047073 f5dff06f 02c52883 bbc18813 00289313 011307b3 00379793 00f807b3 00100713 0ee7a6af fe069ee3 01130733 00452683 00371713 00e80733 00872603 0ca68063 00472583 08a58e63 00052703 00e6a023 00d72223 01130733 00371713 00e80733 00c72683 fff68693 00d72623 00000713 0ee7a72f f14027f3 f4f880e3 f2a61ee3 00001737 00236593 00100613 f0070713 ffe00e93 e4018793 0ec7a7af fe079ce3 0eb727af 0037f793 fe079ce3 0ef72e2f e4018f13 0eff27af 402e5793 fdd78ce3 011307b3 00379793 00f80833 00882783 eea794e3 0000006f 0007a423 ec5ff06f 00d72223 f65ff06f fff00893 00000073 00008067 00e7a423 e9dff06f 00072223 f55ff06f ff010113 00812423 00020513 00020413 00112623 e3dff0ef 02042c23 f1402573 340027f3 0a078663 e3c1a783 00f56663 fff00893 00000073 f14027f3 06f50063 00251613 00001737 00266613 00100593 f0070713 ffe00813 e4018793 0eb7a7af fe079ce3 0ec727af 0037f793 fe079ce3 0ef7252f e4018893 0ef8a7af 40255793 fd078ce3 340027f3 02078063 00c12083 00812403 01010113 00008067 870ff0ef 340027f3 fe0794e3 03022783 02078e63 fff78793 02f22823 fc079ae3 30046073 00c12083 00812403 01010113 00008067 03022783 00178693 02d22823 f40796e3 30047073 f45ff06f fff00893 00000073 00c12083 00812403 01010113 00008067 03852783 00078663 fff00893 00000073 02852503 00050463 5b40006f 00008067 ff010113 00812423 00112623 00912223 00050413 340027f3 14078e63 00021663 fff00893 00000073 fff00793 16f59063 14b61e63 02c22303 f14027f3 00f30663 fff00893 00000073 00231813 00680533 00351513 bbc18613 00a607b3 00100713 0ee7a6af fe069ee3 00680733 00422683 00371713 00e60733 00472483 16468263 10920c63 00022703 00e6a023 00d72223 0044a583 00680733 00371713 00e60733 00c72683 00b72223 00972423 fff68693 00d72623 00000713 0ee7a72f 00022423 12040c63 00100793 0ef4272f fe071ee3 00842783 0c078863 0007a683 0047a023 00f22223 00d22023 0046a223 00000793 0ef427af 00822623 006807b3 00379793 00f607b3 00c7a703 00100793 04e7f263 01050513 00a60533 c80027f3 c00025f3 c8002773 fee79ae3 00680833 00381813 01060633 bb81a703 00c62683 02d75633 00b605b3 00c5b633 00f60633 d41fe0ef 00048513 a39f60ef 340027f3 04078c63 00c12083 00812403 00412483 01010113 00008067 03022783 00178693 02d22823 ea0794e3 30047073 e95ff06f 01020513 cfdfe0ef ea1ff06f fff00893 00000073 ee5ff06f 00422223 00422023 00442423 f3dff06f 03022783 04078663 fff78793 02f22823 f8079ee3 30046073 00c12083 00812403 00412483 01010113 00008067 00968663 fff00893 00000073 00000593 00000493 ea1ff06f 00022223 00022023 ef9ff06f fff00893 00000073 00c12083 00812403 00412483 01010113 00008067 ff010113 00812423 00112623 00050413 340027f3 0e078063 00c5e7b3 08078e63 00100793 0ef4272f fe071ee3 00842703 06070463 01442703 18070463 00000793 0ef427af fff00793 16f58063 340027f3 12078a63 00c40513 c80027f3 c00026f3 c8002773 fee79ae3 00b685b3 00d5b6b3 00c78633 00c68633 d69ff0ef 340027f3 0e078463 00100793 0ef4252f fe051ee3 00842783 06079c63 00100793 00f42423 00000793 0ef427af 340027f3 08078e63 00100513 0300006f 00100793 0ef4252f 08051063 00842703 00071663 00f42423 00100513 00000793 0ef427af 340027f3 02078c63 00c12083 00812403 01010113 00008067 03022783 00178693 02d22823 f0079ce3 30047073 f11ff06f 0ea427af 340027f3 fc0798e3 03022783 08078063 fff78793 02f22823 fa079ee3 30046073 00c12083 00812403 01010113 00008067 00000513 f99ff06f 03022783 06078e63 fff78793 02f22823 f4079ce3 30046073 00100513 f81ff06f 03022783 06078663 fff78793 02f22823 f00796e3 30046073 f05ff06f 03022783 00178693 02d22823 ec0792e3 30047073 ebdff06f fff00893 00000073 f41ff06f eab612e3 fff00593 fff00613 00c40513 c29ff0ef ec9ff06f 00f42823 e79ff06f fff00893 00000073 00100513 f11ff06f fff00893 00000073 ea5ff06f 00452783 ff010113 00812423 00112623 00050413 02478a63 e05ff0ef 00051a63 00c12083 00812403 01010113 00008067 00442223 00100513 00c12083 00812403 01010113 00008067 00852783 fff00713 00e79663 fff00893 00000073 00178793 00f42423 00100513 fd1ff06f 340027f3 0c078263 e3c1a783 00f56663 fff00893 00000073 f14027f3 04f50a63 00251613 00001737 00266613 00100593 f0070713 ffe00813 e4018793 0eb7a7af fe079ce3 0ec727af 0037f793 fe079ce3 0ef7252f e4018893 0ef8a7af 40255793 fd078ce3 340027f3 04078263 00008067 ff010113 00112623 b05fe0ef 340027f3 00078863 00c12083 01010113 00008067 03022783 04078c63 fff78793 02f22823 fe0792e3 30046073 fddff06f 03022783 02078863 fff78793 02f22823 fa0798e3 30046073 00008067 03022783 00178693 02d22823 f2079ae3 30047073 f2dff06f fff00893 00000073 00008067 fff00893 00000073 f91ff06f 0000006f 0000006f 0000006f 0000006f 0000006f 0000006f 0000006f 0000006f 0000006f 0000006f 0000006f 0000006f 0000006f 0000006f 00050593 00000513 d99f906f 00050593 00000513 a85f906f 00100837 fff80813 fe010113 00b878b3 0145d713 01d55793 00d87833 00912a23 7ff77493 00389713 0146d893 00381813 01212823 00e7e7b3 7ff8f893 01d65713 00112e23 00812c23 01312623 01f5d913 01f6d693 01076733 00351513 00361613 41148833 2ad91a63 11005c63 04089063 00c766b3 66068063 fff80593 02059063 00c50633 00a636b3 00e78733 00060513 00d707b3 00100493 06c0006f 7ff00693 02d81063 7ff00493 1f80006f 7ff00693 1ed48863 008006b7 00d76733 00080593 03800693 0ab6c863 01f00693 06b6ca63 02000813 40b80833 010716b3 00b658b3 01061833 0116e6b3 01003833 0106e6b3 00b755b3 00a68533 00f585b3 00d536b3 00d587b3 00879713 18075c63 00148493 7ff00713 5ae48a63 ff800737 fff70713 00e7f733 00155793 00157513 00a7e7b3 01f71513 00f56533 00175793 1640006f fe058693 02000893 00d756b3 00000813 01158863 04000813 40b80833 01071833 00c86833 01003833 0106e6b3 00000593 f85ff06f 00c766b3 00d036b3 ff1ff06f 0c080a63 409886b3 02049463 00a7e5b3 50058e63 fff68593 ee0584e3 7ff00813 03069263 00070793 00060513 ef9ff06f 7ff00593 feb888e3 008005b7 00b7e7b3 00068593 03800693 08b6c063 01f00693 04b6c263 02000813 40b80833 010796b3 00b55333 01051833 0066e6b3 01003833 0106e6b3 00b7d5b3 00c68633 00e585b3 00d636b3 00060513 00d587b3 00088493 ef5ff06f fe058693 02000313 00d7d6b3 00000813 00658863 04000813 40b80833 01079833 00a86833 01003833 0106e6b3 00000593 fb5ff06f 00a7e6b3 00d036b3 ff1ff06f 00148693 7fe6f593 08059663 00a7e6b3 06049263 44068863 00c766b3 02068863 00c50633 00a636b3 00e78733 00d707b3 00879713 00060513 00075a63 ff800737 fff70713 00e7f7b3 00100493 00757713 44070863 00f57713 00400693 44d70263 00450713 00a736b3 00d787b3 00070513 4300006f ec068ee3 00c76633 dc060ae3 00000913 004007b7 00000513 7ff00493 4100006f 7ff00593 3cb68c63 00c50633 00a63533 00e78733 00a70733 01f71513 00165613 00c56533 00175793 00068493 f8dff06f 0f005c63 08089e63 00c766b3 3a068863 fff80693 02069063 40c50633 00c536b3 40e78733 00060513 40d707b3 00100493 0540006f 7ff00593 d4b80ae3 03800593 0ad5c663 01f00593 06d5c863 02000813 40d80833 00d658b3 010715b3 01061833 0115e5b3 01003833 0105e633 00d756b3 40c50633 00c53733 40d786b3 00060513 40e687b3 00879713 f00750e3 00800437 fff40413 0087f433 00050993 2100006f 7ff00693 eed482e3 008006b7 00d76733 00080693 f89ff06f fe068593 02000893 00b755b3 00000813 01168863 04000813 40d80833 01071833 00c86833 01003833 0105e633 00000693 f89ff06f 00c76633 00c03633 ff1ff06f 0e080863 40988833 04049263 00a7e5b3 2a058e63 fff80593 00059e63 40a60533 40f70733 00a63633 40c707b3 00068913 f05ff06f 7ff00313 02681463 00070793 00060513 7ff00493 0d00006f 7ff00593 feb886e3 008005b7 00b7e7b3 00080593 03800813 08b84063 01f00813 04b84263 02000313 40b30333 00b55e33 00679833 00651333 01c86833 00603333 00686533 00b7d5b3 40a60533 40b705b3 00a63633 40c587b3 00088493 00068913 ee1ff06f fe058813 02000e13 0107d833 00000313 01c58863 04000313 40b30333 00679333 00a36333 00603333 00686533 00000593 fb5ff06f 00a7e533 00a03533 ff1ff06f 00148593 7fe5f593 08059663 00a7e833 00c765b3 06049063 00081c63 10058e63 00070793 00060513 00068913 d75ff06f d60588e3 40c50833 010538b3 40e785b3 411585b3 00859893 0008dc63 40a60533 40f70733 00a63633 40c707b3 fcdff06f 00b86533 18050463 00058793 00080513 d31ff06f 00081c63 d4058ee3 00070793 00060513 00068913 b1dff06f b0058ce3 d45ff06f 40c505b3 00b53833 40e78433 41040433 00841813 00058993 08085063 40a609b3 40f70433 01363633 40c40433 00068913 06040e63 00040513 5b9010ef ff850693 02000793 40d787b3 00d41433 00f9d7b3 0087e7b3 00d99433 0a96c463 409686b3 00168613 01f00713 06c74263 02000713 40c70733 00e79533 00c456b3 00e41733 00d56533 00e03733 00e56533 00c7d7b3 00000493 c79ff06f 0085e5b3 f8059ae3 00000493 00000913 08c0006f 00098513 541010ef 01850693 01f00793 f8d7d2e3 ff850793 00f997b3 f91ff06f fe168693 00d7d533 02000693 00000713 00d60863 04000713 40c70733 00e79733 00e46733 00e03733 00e56533 00000793 f95ff06f ff800737 fff70713 40d484b3 00e7f7b3 00040513 bf9ff06f 00070793 00060513 c5dff06f 00070793 00060513 be1ff06f 7ff00493 00000793 00000513 0240006f 00080493 bc9ff06f 00070793 00060513 00080493 e41ff06f 00000793 00000913 00879713 00075e63 00148493 7ff00713 08e48263 ff800737 fff70713 00e7f7b3 01d79693 00355513 7ff00713 00a6e6b3 0037d793 00e49e63 00f6e6b3 00000793 00068863 000807b7 00000693 00000913 01449713 7ff00637 00c79793 00c77733 01c12083 01812403 00c7d793 00f767b3 01f91713 00e7e633 01412483 01012903 00c12983 00068513 00060593 02010113 00008067 00000793 00000513 f85ff06f fd010113 0145d813 02912223 03212023 01312e23 01612823 01712623 00c59493 02112623 02812423 01412c23 01512a23 7ff87813 00050b13 00060b93 00068913 00c4d493 01f5d993 0a080063 7ff00793 10f80063 01d55a13 00349493 009a6a33 008007b7 00fa6a33 00351413 c0180a93 00000b13 01495713 00c91493 7ff77713 00c4d493 01f95913 10070263 7ff00793 16f70663 00349493 01dbd793 0097e7b3 008004b7 0097e4b3 003b9f13 c0170713 00000793 40ea8833 002b1713 00f76733 fff70713 00e00693 0129c633 16e6e463 0000e6b7 00271713 fe468693 00d70733 00072703 00070067 00a4ea33 060a0e63 02048e63 00048513 2f9010ef ff550793 01d00a13 ff850713 40fa0a33 00e494b3 014b5a33 009a6a33 00eb14b3 c0d00813 40a80ab3 00048413 f49ff06f 2c5010ef 00050a13 015a0793 01c00713 02050513 fcf750e3 ff8a0a13 014b1a33 fd1ff06f 00a4ea33 020a1263 00000413 7ff00a93 00200b13 f11ff06f 00000413 00000a93 00100b13 f01ff06f 00050413 00048a13 7ff00a93 00300b13 eedff06f 0174ef33 080f0263 04048063 00048513 255010ef ff550713 01d00793 ff850693 40e787b3 00d494b3 00fbd7b3 0097e7b3 00db94b3 c0d00713 00048f13 40a70733 00078493 ee1ff06f 000b8513 219010ef 00050793 01578713 01c00693 02050513 fae6dce3 ff878793 00fb97b3 fc9ff06f 0174ef33 020f1263 00000493 7ff00713 00200793 ea5ff06f 00000493 00000713 00100793 e95ff06f 000b8f13 7ff00713 00300793 e85ff06f 0144e663 349a1c63 35e46a63 01fa1693 00145793 01f41713 001a5a13 00f6e433 00849893 018f5593 0115e5b3 0108d893 031a5eb3 01059313 01035313 01045793 008f1513 031a7a33 000e8693 03d30e33 010a1a13 0147e7b3 01c7fe63 00f587b3 fffe8693 00b7e863 01c7f663 ffee8693 00b787b3 41c787b3 0317df33 01041413 01045413 0317f7b3 000f0e13 03e30eb3 01079793 00f467b3 01d7fe63 00f587b3 ffff0e13 00b7e863 01d7f663 ffef0e13 00b787b3 01069693 00010437 01c6e2b3 fff40e13 01c2f6b3 0102df93 01c57e33 41d787b3 01055e93 02de03b3 03cf84b3 02de86b3 00968f33 0103d693 01e686b3 03df8fb3 0096f463 008f8fb3 0106df13 01ff0f33 00010fb7 ffff8f93 01f6f6b3 01069693 01f3f3b3 007686b3 01e7e863 00028493 05e79863 04d77663 00a70fb3 00efb3b3 00b38433 008787b3 fff28493 000f8713 00f5e663 02f59663 02039463 01e7e663 02ff1063 00dffe63 01f50fb3 000f8713 00afbfb3 00bf8fb3 ffe28493 01f787b3 40d706b3 41e787b3 00d73733 40e787b3 fff00f13 12f58663 0317dfb3 0106d713 0317f7b3 03f30f33 01079793 00f767b3 000f8713 01e7fe63 00f587b3 ffff8713 00b7e863 01e7f663 ffef8713 00b787b3 41e787b3 0317df33 01069693 0106d693 0317f7b3 000f0893 03e30333 01079793 00f6e7b3 0067fe63 00f587b3 ffff0893 00b7e863 0067f663 ffef0893 00b787b3 01071693 0116e6b3 01069713 01075713 406787b3 0106d313 03c70f33 03c30e33 026e8333 02ee8eb3 010f5713 01ce8eb3 01d70733 01c77663 000108b7 01130333 01075893 006888b3 00010337 fff30313 00677733 01071713 006f7f33 01e70733 0117e863 23179c63 00068f13 04070263 00f587b3 fff68f13 00078313 02b7e463 0117e663 21179a63 02e57063 ffe68f13 00151693 00a6b333 00b30333 00678333 00068513 01131463 00a70463 001f6f13 3ff80713 10e05263 007f7793 02078063 00ff7793 00400693 00d78a63 004f0793 01e7b6b3 00d484b3 00078f13 00749793 0007da63 ff0007b7 fff78793 00f4f4b3 40080713 7fe00793 08e7ca63 003f5f13 01d49793 01e7ef33 0034d513 00c51513 02c12083 02812403 00c55513 01471713 00a76733 01f61613 00c767b3 02412483 02012903 01c12983 01812a03 01412a83 01012b03 00c12b83 000f0513 00078593 03010113 00008067 fff80813 00000713 cbdff06f 00098613 000a0493 00040f13 000b0793 00300713 0ee78863 00100713 0ee78e63 00200713 f2e794e3 00000513 00000f13 7ff00713 f75ff06f 00090613 fd5ff06f 000804b7 00000f13 00000613 00300793 fc1ff06f 00100513 40e50533 03800793 0aa7cc63 01f00793 06a7c463 41e80813 010497b3 00af5733 010f1833 00e7e7b3 01003833 0107e7b3 00a4d533 0077f713 02070063 00f7f713 00400693 00d70a63 00478713 00f736b3 00d50533 00070793 00851713 06074863 01d51f13 0037d793 00ff6f33 00355513 00000713 eddff06f fe100793 40e787b3 02000693 00f4d7b3 00000713 00d50663 43e80713 00e49733 01e76733 00e03733 00e7e7b3 00000513 f8dff06f 00080537 00000f13 7ff00713 00000613 e95ff06f 00000513 00000f13 fa9ff06f 00000513 00000f13 00100713 e79ff06f 000f0693 00068f13 e0dff06f 0145d713 001007b7 fff78793 0146d813 00050313 00050e93 7ff77713 7ff00513 00b7f8b3 00060f13 00d7f7b3 01f5d593 7ff87813 01f6d693 00a71c63 0068ee33 00100513 000e1463 00e80663 00008067 00a81863 00c7e633 00100513 fe0618e3 00100513 ff0714e3 fef892e3 ffee90e3 00d58a63 fc071ce3 0068e8b3 01103533 00008067 00000513 00008067 0146d793 0145d893 00100737 fff70713 00050813 00050e13 7ff8f893 7ff7f513 7ff00793 00b77333 00060e93 00d77733 01f5d593 01f6d693 00f89663 010367b3 06079c63 7ff00793 00f51663 00c767b3 06079463 00000793 00089663 01036833 00183793 04051e63 00c76633 00078c63 02060063 00100513 00069c63 fff00513 00008067 04061063 fff00513 04058463 00008067 fea8c0e3 fe6768e3 00e31863 ffcee4e3 00000513 ffde74e3 00100513 fe0590e3 fc9ff06f ffe00513 00008067 fa079ae3 fcb692e3 fd1556e3 fff00513 fc0690e3 00100513 00008067 0146d793 0145d893 00100737 fff70713 00050813 00050e13 7ff8f893 7ff7f513 7ff00793 00b77333 00060e93 00d77733 01f5d593 01f6d693 00f89663 010367b3 06079c63 7ff00793 00f51663 00c767b3 06079463 00000793 00089663 01036833 00183793 04051e63 00c76633 00078c63 02060063 00100513 00069c63 fff00513 00008067 04061063 fff00513 04058463 00008067 fea8c0e3 fe6768e3 00e31863 ffcee4e3 00000513 ffde74e3 00100513 fe0590e3 fc9ff06f 00200513 00008067 fa079ae3 fcb692e3 fd1556e3 fff00513 fc0690e3 00100513 00008067 fd010113 01512a23 0145da93 02812423 02912223 01312e23 01412c23 01612823 00c59493 02112623 03212023 01712623 7ffafa93 00050413 00060b13 00068993 00c4d493 01f5da13 240a8e63 7ff00793 2cfa8063 00349493 01d55793 0097e7b3 008004b7 0097e4b3 00351913 c01a8a93 00000b93 0149d713 00c99413 7ff77713 00c45413 01f9d993 2c070063 7ff00793 32f70463 00341413 01db5793 0087e7b3 00800437 0087e433 c0170693 003b1793 00000713 00da8ab3 002b9693 00e6e6b3 00a00613 001a8513 40d64663 00200613 013a45b3 30d64e63 fff68693 00100613 32d67a63 00010337 fff30e13 01095713 0107d893 01c97933 01c7ff33 03e907b3 03e70eb3 0107d813 03288633 01d60633 00c80833 031706b3 01d87463 006686b3 01085293 01c87833 01c7f7b3 01045613 01c47e33 01081813 00f80833 03c90eb3 03c707b3 03260933 02c70333 00f90933 010ed713 01270733 00f77663 000107b7 00f30333 00010437 01075793 fff40f93 00678333 01f777b3 01fefeb3 01079793 01f4ffb3 01d787b3 0104de93 03ff03b3 00f282b3 03ee8f33 0103d713 03d884b3 03f888b3 01e888b3 01170733 01e77463 008484b3 01075f13 009f0f33 000104b7 fff48413 00877733 0083f3b3 01071713 007708b3 03fe03b3 03ce8e33 03d60eb3 03f60633 0103df93 01c60633 00cf8fb3 01cff463 009e8eb3 008ff733 0083f3b3 01071713 005686b3 00770733 00670333 00f6b7b3 00f307b3 00e33633 011688b3 0067b333 00666633 00d8b6b3 01e78333 00d306b3 00f33733 010fdf93 0066b333 00989793 01f60633 00676733 00c70733 0107e7b3 01d70733 00f037b3 0178d893 00971713 0176d413 0117e7b3 00969693 00d7e7b3 00771693 00876433 0206d063 0017d713 0017f793 00f76733 01f41793 00f767b3 00145413 00050a93 000a8513 18c0006f 00a4e933 08090063 04048063 00048513 01c010ef ff550713 01d00793 ff850693 40e787b3 00d494b3 00f457b3 0097e7b3 00d414b3 c0d00a93 00048913 40aa8ab3 00078493 d89ff06f 7e5000ef 00050793 01578713 01c00693 02050513 fae6dee3 ff878793 00f417b3 fcdff06f 00a4e933 02091263 00000493 7ff00a93 00200b93 d51ff06f 00000493 00000a93 00100b93 d41ff06f 00050913 7ff00a93 00300b93 d31ff06f 016467b3 08078263 04040063 00040513 779000ef ff550693 01d00713 ff850793 40d70733 00f41433 00eb5733 00876733 00fb1433 c0d00693 00040793 40a686b3 00070413 d25ff06f 000b0513 73d000ef 00050793 01578693 01c00713 02050513 fad75ce3 ff878793 00fb1733 fc9ff06f 016467b3 02079263 00000413 7ff00693 00200713 ce9ff06f 00000413 00000693 00100713 cd9ff06f 000b0793 7ff00693 00300713 cc9ff06f 00100613 00d61633 53067693 0e069663 24067813 1a081a63 08867613 cc060ce3 00098593 00200693 18d70863 00300693 1ad70463 00100693 1ad70663 3ff50613 0cc05463 0077f713 02070063 00f7f713 00400693 00d70a63 00478713 00f736b3 00d40433 00070793 00741713 00075a63 ff000737 fff70713 00e47433 40050613 7fe00713 12c74a63 0037d793 01d41693 00f6e6b3 00345713 00c71713 02c12083 02812403 01461613 00c75713 01f59593 00e66633 00b667b3 02412483 02012903 01c12983 01812a03 01412a83 01012b03 00c12b83 00068513 00078593 03010113 00008067 00f00613 0ec68863 00b00613 000a0593 f2c686e3 00048413 00090793 000b8713 f21ff06f 00100713 40c70733 03800693 0ce6c863 01f00693 06e6c463 41e50513 00e7d633 00a416b3 00a79533 00c6e6b3 00a03533 00a6e7b3 00e45733 0077f693 02068063 00f7f693 00400613 00c68a63 00478693 00f6b633 00c70733 00068793 00871693 0806c463 01d71693 0037d793 00f6e6b3 00375713 00000613 f19ff06f fe100693 40c686b3 02000813 00d456b3 00000613 01070663 43e50613 00c41633 00f66633 00c03633 00c6e7b3 00000713 f8dff06f 00000713 00000693 7ff00613 ed5ff06f 00080737 7ff00613 00000593 ec5ff06f 00080737 00000693 fedff06f 00000713 00000693 f91ff06f 00000713 00000693 00100613 e9dff06f 00100837 fff80813 fe010113 00b878b3 0145d713 01d55793 00d87833 01212823 7ff77913 00389713 0146d893 00912a23 00e7e7b3 01f5d493 01d65713 00381813 00112e23 00812c23 01312623 7ff8f893 7ff00593 00351513 01f6d693 01076733 00361613 00b89663 00c765b3 00059463 0016c693 41190833 2a969a63 11005c63 04089063 00c766b3 66068063 fff80593 02059063 00c50633 00a636b3 00e78733 00060513 00d707b3 00100913 06c0006f 7ff00693 02d81063 7ff00913 1f80006f 7ff00693 1ed90863 008006b7 00d76733 00080593 03800693 0ab6c863 01f00693 06b6ca63 02000813 40b80833 010716b3 00b658b3 01061833 0116e6b3 01003833 0106e6b3 00b755b3 00a68533 00f585b3 00d536b3 00d587b3 00879713 18075c63 00190913 7ff00713 5ae90a63 ff800737 fff70713 00e7f733 00155793 00157513 00a7e7b3 01f71513 00f56533 00175793 1640006f fe058693 02000893 00d756b3 00000813 01158863 04000813 40b80833 01071833 00c86833 01003833 0106e6b3 00000593 f85ff06f 00c766b3 00d036b3 ff1ff06f 0c080a63 412886b3 02091463 00a7e5b3 50058e63 fff68593 ee0584e3 7ff00813 03069263 00070793 00060513 ef9ff06f 7ff00593 feb888e3 008005b7 00b7e7b3 00068593 03800693 08b6c063 01f00693 04b6c263 02000813 40b80833 010796b3 00b55333 01051833 0066e6b3 01003833 0106e6b3 00b7d5b3 00c68633 00e585b3 00d636b3 00060513 00d587b3 00088913 ef5ff06f fe058693 02000313 00d7d6b3 00000813 00658863 04000813 40b80833 01079833 00a86833 01003833 0106e6b3 00000593 fb5ff06f 00a7e6b3 00d036b3 ff1ff06f 00190693 7fe6f593 08059663 00a7e6b3 06091263 44068863 00c766b3 02068863 00c50633 00a636b3 00e78733 00d707b3 00879713 00060513 00075a63 ff800737 fff70713 00e7f7b3 00100913 00757713 44070863 00f57713 00400693 44d70263 00450713 00a736b3 00d787b3 00070513 4300006f ec068ee3 00c76633 dc060ae3 00000493 004007b7 00000513 7ff00913 4100006f 7ff00593 3cb68c63 00c50633 00a63533 00e78733 00a70733 01f71513 00165613 00c56533 00175793 00068913 f8dff06f 0f005c63 08089e63 00c766b3 3a068863 fff80693 02069063 40c50633 00c536b3 40e78733 00060513 40d707b3 00100913 0540006f 7ff00593 d4b80ae3 03800593 0ad5c663 01f00593 06d5c863 02000813 40d80833 00d658b3 010715b3 01061833 0115e5b3 01003833 0105e633 00d756b3 40c50633 00c53733 40d786b3 00060513 40e687b3 00879713 f00750e3 00800437 fff40413 0087f433 00050993 2100006f 7ff00693 eed902e3 008006b7 00d76733 00080693 f89ff06f fe068593 02000893 00b755b3 00000813 01168863 04000813 40d80833 01071833 00c86833 01003833 0105e633 00000693 f89ff06f 00c76633 00c03633 ff1ff06f 0e080863 41288833 04091263 00a7e5b3 2a058e63 fff80593 00059e63 40a60533 40f70733 00a63633 40c707b3 00068493 f05ff06f 7ff00313 02681463 00070793 00060513 7ff00913 0d00006f 7ff00593 feb886e3 008005b7 00b7e7b3 00080593 03800813 08b84063 01f00813 04b84263 02000313 40b30333 00b55e33 00679833 00651333 01c86833 00603333 00686533 00b7d5b3 40a60533 40b705b3 00a63633 40c587b3 00088913 00068493 ee1ff06f fe058813 02000e13 0107d833 00000313 01c58863 04000313 40b30333 00679333 00a36333 00603333 00686533 00000593 fb5ff06f 00a7e533 00a03533 ff1ff06f 00190593 7fe5f593 08059663 00c765b3 00a7e833 06091063 00081c63 10058e63 00070793 00060513 00068493 d75ff06f d60588e3 40c50833 010538b3 40e785b3 411585b3 00859893 0008dc63 40a60533 40f70733 00a63633 40c707b3 fcdff06f 00b86533 18050463 00058793 00080513 d31ff06f 00081c63 d4058ee3 00070793 00060513 00068493 b1dff06f b0058ce3 d45ff06f 40c505b3 00b53833 40e78433 41040433 00841813 00058993 08085063 40a609b3 40f70433 01363633 40c40433 00068493 06040e63 00040513 700000ef ff850693 02000793 40d787b3 00d41433 00f9d7b3 0087e7b3 00d99433 0b26c463 412686b3 00168613 01f00713 06c74263 02000713 40c70733 00e79533 00c456b3 00e41733 00d56533 00e03733 00e56533 00c7d7b3 00000913 c79ff06f 0085e5b3 f8059ae3 00000913 00000493 08c0006f 00098513 688000ef 01850693 01f00793 f8d7d2e3 ff850793 00f997b3 f91ff06f fe168693 00d7d533 02000693 00000713 00d60863 04000713 40c70733 00e79733 00e46733 00e03733 00e56533 00000793 f95ff06f ff800737 fff70713 40d90933 00e7f7b3 00040513 bf9ff06f 00070793 00060513 c5dff06f 00070793 00060513 be1ff06f 7ff00913 00000793 00000513 0240006f 00080913 bc9ff06f 00070793 00060513 00080913 e41ff06f 00000793 00000493 00879713 00075e63 00190913 7ff00713 08e90263 ff800737 fff70713 00e7f7b3 01d79693 00355513 7ff00713 00a6e6b3 0037d793 00e91e63 00f6e6b3 00000793 00068863 000807b7 00000693 00000493 01491713 7ff00637 00c79793 00c77733 01c12083 01812403 00c7d793 00f767b3 01f49713 00e7e633 01412483 01012903 00c12983 00068513 00060593 02010113 00008067 00000793 00000513 f85ff06f 001007b7 fff78793 00b7f733 0145d593 fff5c593 00d7f7b3 01559813 0146d693 7ff6f693 00081863 00a76733 00100513 00071c63 7ff00713 00000513 00e69663 00c7e7b3 00f03533 00008067 0145d713 001006b7 fff68793 7ff77713 3fe00613 00b7f7b3 01f5d593 04e65e63 41d00613 00e65a63 80000537 fff50513 00a58533 00008067 00d7e7b3 43300693 40e686b3 01f00613 02d64063 bed70713 00e797b3 00d55533 00a7e533 02058063 40a00533 00008067 41300693 40e68733 00e7d533 fe9ff06f 00000513 00008067 ff010113 00112623 00812423 00912223 08050663 41f55793 00a7c433 40f40433 01f55493 00040513 444000ef 41e00713 00a00793 40a70733 04a7c863 00b00793 40a787b3 01550513 00f457b3 00a41433 00048513 00c79793 00c7d793 01471713 01f51513 00f76733 00c12083 00a767b3 00040513 00812403 00412483 00078593 01010113 00008067 ff550513 00a417b3 00048513 00000413 fbdff06f 00000713 00000793 ff1ff06f ff010113 00812423 00112623 00050413 06050263 3b0000ef 41e00713 00a00793 40a70733 04a7c063 00b00793 40a787b3 01550513 00f457b3 00a41433 00c12083 00040513 00c79793 00812403 01471713 00c7d793 00f766b3 00068593 01010113 00008067 ff550513 00a417b3 00000413 fcdff06f 00000793 00000713 fc1ff06f 00c52583 00852703 00452683 fe010113 00052783 00e12423 00e12c23 01059713 01075713 00d12223 00d12a23 01010613 00159693 00b12623 00e12e23 00f12023 00f12823 0116d693 01f5d593 01c10713 00060893 00072503 ffc72803 ffc70713 00351513 01d85813 01056533 00a72223 fee612e3 00379513 00168793 01179713 00a12823 01275713 1c070263 ffffc7b7 40078793 00f686b3 7fe00793 20d7c463 06d05463 01812603 01c12783 01412703 01c65813 00479793 0107e7b3 00f12a23 00471793 00a7e7b3 01c75713 00461613 00f037b3 00c76733 00e7e7b3 01412703 0077f613 1c060663 00f7f613 00400513 1ca60063 00478613 00f63533 00a70733 00060793 1ac0006f fcc00793 00f6da63 00012a23 00100793 00000693 fc1ff06f 01c12783 00080737 00060813 00f76eb3 03d00793 40d787b3 4057d693 01f7f713 01d12e23 00000513 00000793 00082303 00150513 00480813 0067e7b3 fea698e3 00300513 40d50533 00269813 02071463 01088333 00032303 00170713 00488893 fe68ae23 fee556e3 00400713 40d706b3 04c0006f 02080893 002888b3 ff08a883 02000e13 40ee0e33 01c898b3 0117e7b3 00000f13 010608b3 41000833 06af4463 00251513 02050513 00400813 00250533 00eed733 40d806b3 fee52823 00400513 40d50533 00269693 00d60733 00251693 00800613 00c6ea63 00072023 00072223 ff868693 00870713 00400613 00c6e463 00072023 01012703 00f037b3 00e7e7b3 ef9ff06f 0008a303 0048af83 010882b3 00e35333 01cf9fb3 01f36333 0062a023 001f0f13 00488893 f75ff06f 01412603 01812703 01c12803 00c767b3 0107e7b3 00a7e7b3 00069863 00f037b3 00000713 e71ff06f 0a078e63 00471793 01c65613 01c75713 00481813 004006b7 00f66633 01076733 00d76733 ff867793 7ff00693 e41ff06f 00000713 00000793 7ff00693 00871613 00065e63 00168693 7ff00613 06c68c63 ff800637 fff60613 00c77733 01d71613 0037d793 00f667b3 7ff00613 00375713 00c69e63 00e7e7b3 00000713 00078863 00080737 00000793 00000593 01469693 7ff00637 00c71713 00c75713 00c6f6b3 01f59593 00e6e6b3 00b6e733 00078513 00070593 02010113 00008067 00000713 f79ff06f 00000713 00000793 f91ff06f 000107b7 02f57a63 10053793 0017b793 00379793 0000e737 02000693 40f686b3 00f55533 98870793 00a787b3 0007c503 40a68533 00008067 01000737 01800793 fce57ae3 01000793 fcdff06f 00000000 0000b30c 0000b310 0000b314 0000b318 0000b31c 0000b320 0000b324 0000b328 0000b32c 0000b330 0000b340 00009a50 0000b334 0000b338 0000b340 0000b33c 656d6974 29283072 0000000a 656d6974 29283172 0000000a 64726874 29287525 6425203a 7830203a 78383025 0000000a 64726874 29287525 69786520 676e6974 2e2e2e20 0000000a 72617453 676e6974 2e2e2e20 00000000 29287325 7830203a 78383025 0000000a 29287325 69786520 676e6974 2e2e2e20 0000000a 69666e49 7974696e 00000000 004e614e 00000030 6c6c6142 7320636f 65636375 64656465 00000000 6d6f682f 74772f65 65626d61 636f442f 6e656d75 722f7374 2d757076 6c697562 2e2e2f64 7076722f 69722f75 2d766373 2d756e67 6c6f6f74 69616863 656e2f6e 62696c77 77656e2f 2f62696c 6362696c 6474732f 2f62696c 616f7464 0000632e 6d6f682f 74772f65 65626d61 636f442f 6e656d75 722f7374 2d757076 6c697562 2e2e2f64 7076722f 69722f75 2d766373 2d756e67 6c6f6f74 69616863 656e2f6e 62696c77 77656e2f 2f62696c 6362696c 6474732f 2f62696c 6572706d 00632e63 00464e49 00666e69 004e414e 006e616e 33323130 37363534 42413938 46454443 00000000 33323130 37363534 62613938 66656463 00000000 6c756e28 0000296c 7566202c 6974636e 203a6e6f 00000000 65737361 6f697472 2522206e 66202273 656c6961 66203a64 20656c69 22732522 696c202c 2520656e 25732564 00000a73 00000043 49534f50 00000058 0000002e 3d3d3d3d 504f4f20 50432053 00000055 00783020 3d3d3d20 00000a3d 6e69616d 00000000 02020100 03030303 04040404 04040404 05050505 05050505 05050505 05050505 06060606 06060606 06060606 06060606 06060606 06060606 06060606 06060606 07070707 07070707 07070707 07070707 07070707 07070707 07070707 07070707 07070707 07070707 07070707 07070707 07070707 07070707 07070707 07070707 08080808 08080808 08080808 08080808 08080808 08080808 08080808 08080808 08080808 08080808 08080808 08080808 08080808 08080808 08080808 08080808 08080808 08080808 08080808 08080808 08080808 08080808 08080808 08080808 08080808 08080808 08080808 08080808 08080808 08080808 08080808 08080808 00000000 3ff80000 636f4361 3fd287a7 8b60c8b3 3fc68a28 509f79fb 3fd34413 00000000 3ff00000 00000000 40240000 00000000 401c0000 00000000 40140000 00000000 3fe00000 ffffffff 7fefffff 00000005 00000019 0000007d 00000000 37e08000 4341c379 b5056e17 4693b8b5 e93ff9f5 4d384f03 f9301d32 5a827748 7f73bf3c 75154fdd 00000000 3ff00000 00000000 40240000 00000000 40590000 00000000 408f4000 00000000 40c38800 00000000 40f86a00 00000000 412e8480 00000000 416312d0 00000000 4197d784 00000000 41cdcd65 20000000 4202a05f e8000000 42374876 a2000000 426d1a94 e5400000 42a2309c 1e900000 42d6bcc4 26340000 430c6bf5 37e08000 4341c379 85d8a000 43763457 674ec800 43abc16d 60913d00 43e158e4 78b58c40 4415af1d d6e2ef50 444b1ae4 064dd592 4480f0cf c7e14af6 44b52d02 79d99db4 44ea7843 00006f98 00006b94 00006b94 00006fb0 00006b94 00006b94 00006b94 00006b94 00006b94 00006b94 00006d64 00006fbc 00006b94 00006d7c 00006ff4 00006b94 00006fcc 00006b5c 00006b5c 00006b5c 00006b5c 00006b5c 00006b5c 00006b5c 00006b5c 00006b5c 00006b94 00006b94 00006b94 00006b94 00006b94 00006b94 00006b94 00006b94 00006b94 00006b94 00006fd8 00006d88 00006b94 00006d88 00006b94 00006b94 00006b94 00006b94 0000714c 00006b94 00006b94 00007058 00006b94 00006b94 00006b94 00006b94 00006b94 00007130 00006b94 00006b94 00007248 00006b94 00006b94 00006b94 00006b94 00006b94 00006b94 00006b94 00006b94 00006b94 00006b94 00007158 00006ec4 00006d88 00006d88 00006d88 0000704c 00006ec4 00006b94 00006b94 00006d58 00006b94 00007218 000071b0 000071e0 00006d58 00006b94 00006f44 00006b94 00007180 00006b94 00006b94 00007a7c 30303030 30303030 30303030 30303030 20202020 20202020 20202020 20202020 0000920c 00008cc8 00008cc8 00009224 00008cc8 00008cc8 00008cc8 00008cc8 00008cc8 00008cc8 00008dfc 00009230 00008cc8 00008e0c 000090e8 00008cc8 00009240 00008c90 00008c90 00008c90 00008c90 00008c90 00008c90 00008c90 00008c90 00008c90 00008cc8 00008cc8 00008cc8 00008cc8 00008cc8 00008cc8 00008cc8 00008cc8 00008cc8 00008cc8 0000924c 00008cc8 00008cc8 00008cc8 00008cc8 00008cc8 00008cc8 00008cc8 00008cc8 00008cc8 00008cc8 0000915c 00008cc8 00008cc8 00008cc8 00008cc8 00008cc8 0000916c 00008cc8 00008cc8 00008f14 00008cc8 00008cc8 00008cc8 00008cc8 00008cc8 00008cc8 00008cc8 00008cc8 00008cc8 00008cc8 000091c0 00008e28 00008cc8 00008cc8 00008cc8 00009260 00008e28 00008cc8 00008cc8 00008df0 00008cc8 00009138 00008eb4 00008fdc 00008df0 00008cc8 00009014 00008cc8 000091e4 00008cc8 00008cc8 00009548 30303030 30303030 30303030 30303030 20202020 20202020 20202020 20202020 20202000 20202020 28282020 20282828 20202020 20202020 20202020 20202020 10108820 10101010 10101010 10101010 04040410 04040404 10040404 10101010 41411010 41414141 01010101 01010101 01010101 01010101 01010101 10101010 42421010 42424242 02020202 02020202 02020202 02020202 02020202 10101010 00000020 00000000 00000000 00000000 00000000 00000000 00000000 00000000 00000000 00000000 00000000 00000000 00000000 00000000 00000000 00000000 00000000 00000000 00000000 00000000 00000000 00000000 00000000 00000000 00000000 00000000 00000000 00000000 00000000 00000000 00000000 00000000 00000000 0000c0b4 0000c1a4 0000c0c4 0000c1a4 0000c0cc 0000c1a4 0000c0c4 0000c0b4 0000c0b4 0000c0cc 0000c0c4 0000c08c 0000c08c 0000c08c 0000c0cc 00000010 00000000 00527a03 01017c01 00020c1b 00000010 00000018 ffff3ddc 00000430 00000000 00000000 00000000 00000000 00000000 00000000 00000000 00000000 00000000 00000000 00000000 00000000 00000000 00000000 00000000 00000000 00000000 00000000 00000000 00000000 00000000 00000000 00000000 00000000 00000000 00000000 00000000 00000000 00000000 00000000 00000000 00000000 0000e7b8 0000e750 0000e6e8 0000176c 00001a70 00001a28 00000000 00000000 00000000 00000000 00000003 0000e6e8 0000ea0c ffffffff 00020000 00000000 00000000 0000e100 0000e100 0000e108 0000e108 0000e110 0000e110 0000e118 0000e118 0000e120 0000e120 0000e128 0000e128 0000e130 0000e130 0000e138 0000e138 0000e140 0000e140 0000e148 0000e148 0000e150 0000e150 0000e158 0000e158 0000e160 0000e160 0000e168 0000e168 0000e170 0000e170 0000e178 0000e178 0000e180 0000e180 0000e188 0000e188 0000e190 0000e190 0000e198 0000e198 0000e1a0 0000e1a0 0000e1a8 0000e1a8 0000e1b0 0000e1b0 0000e1b8 0000e1b8 0000e1c0 0000e1c0 0000e1c8 0000e1c8 0000e1d0 0000e1d0 0000e1d8 0000e1d8 0000e1e0 0000e1e0 0000e1e8 0000e1e8 0000e1f0 0000e1f0 0000e1f8 0000e1f8 0000e200 0000e200 0000e208 0000e208 0000e210 0000e210 0000e218 0000e218 0000e220 0000e220 0000e228 0000e228 0000e230 0000e230 0000e238 0000e238 0000e240 0000e240 0000e248 0000e248 0000e250 0000e250 0000e258 0000e258 0000e260 0000e260 0000e268 0000e268 0000e270 0000e270 0000e278 0000e278 0000e280 0000e280 0000e288 0000e288 0000e290 0000e290 0000e298 0000e298 0000e2a0 0000e2a0 0000e2a8 0000e2a8 0000e2b0 0000e2b0 0000e2b8 0000e2b8 0000e2c0 0000e2c0 0000e2c8 0000e2c8 0000e2d0 0000e2d0 0000e2d8 0000e2d8 0000e2e0 0000e2e0 0000e2e8 0000e2e8 0000e2f0 0000e2f0 0000e2f8 0000e2f8 0000e300 0000e300 0000e308 0000e308 0000e310 0000e310 0000e318 0000e318 0000e320 0000e320 0000e328 0000e328 0000e330 0000e330 0000e338 0000e338 0000e340 0000e340 0000e348 0000e348 0000e350 0000e350 0000e358 0000e358 0000e360 0000e360 0000e368 0000e368 0000e370 0000e370 0000e378 0000e378 0000e380 0000e380 0000e388 0000e388 0000e390 0000e390 0000e398 0000e398 0000e3a0 0000e3a0 0000e3a8 0000e3a8 0000e3b0 0000e3b0 0000e3b8 0000e3b8 0000e3c0 0000e3c0 0000e3c8 0000e3c8 0000e3d0 0000e3d0 0000e3d8 0000e3d8 0000e3e0 0000e3e0 0000e3e8 0000e3e8 0000e3f0 0000e3f0 0000e3f8 0000e3f8 0000e400 0000e400 0000e408 0000e408 0000e410 0000e410 0000e418 0000e418 0000e420 0000e420 0000e428 0000e428 0000e430 0000e430 0000e438 0000e438 0000e440 0000e440 0000e448 0000e448 0000e450 0000e450 0000e458 0000e458 0000e460 0000e460 0000e468 0000e468 0000e470 0000e470 0000e478 0000e478 0000e480 0000e480 0000e488 0000e488 0000e490 0000e490 0000e498 0000e498 0000e4a0 0000e4a0 0000e4a8 0000e4a8 0000e4b0 0000e4b0 0000e4b8 0000e4b8 0000e4c0 0000e4c0 0000e4c8 0000e4c8 0000e4d0 0000e4d0 0000e4d8 0000e4d8 0000e4e0 0000e4e0 0000e4e8 0000e4e8 0000e4f0 0000e4f0 0000e4f8 0000e4f8 00000043 00000000 00000000 00000000 00000000 00000000 00000000 00000000 00000043 00000000 00000000 00000000 00000000 00000000 00000000 00000000 00000043 00000000 00000000 00000000 00000000 00000000 00000000 00000000 00000043 00000000 00000000 00000000 00000000 00000000 00000000 00000000 00000043 00000000 00000000 00000000 00000000 00000000 00000000 00000000 00000043 00000000 00000000 00000000 00000000 00000000 00000000 00000000 00000043 00000000 00000000 00000000 00000000 00000000 00000000 00000000 00009624 000095bc 00000000 0000dee0 0000d960 0000d920 0000d920 0000d920 0000d920 0000d920 0000d920 0000d920 0000d920 0000d920 ffffffff ffffffff ffffffff 0000ffff 53410001 00494943 00000000 00000000 00000000 00000000 00000000 00000000 53410000 00494943 00000000 00000000 00000000 00000000 00000000 00000000 00000000 00000001 0000e67c 000097e8 00000003 0000e688 00000000 000098b4 000098b4 