00019197 df818193 00000297 36428293 30529073 30047073 000012b7 80028293 30429073 34001073 f1402473 04040863 9e018493 0004a283 fe541ee3 00018117 01410113 00012103 e0010113 00000213 770120ef 0004a283 00128293 0054a023 00941413 20040413 00019117 f5810113 00810133 30046073 10500073 00018617 fcc62603 02061663 00018597 fc058593 9bc18613 40b60633 40c10133 00010513 00018297 fac2a423 775070ef 0180006f 00018517 f9850513 40c10133 00010593 75d070ef 9bc18513 0001b617 ef860613 40a60633 00000593 669070ef f8010113 00010413 00018517 f5850513 00018617 f7060613 40a60633 40c10133 00010513 00000593 63d070ef 00018597 f2458593 00018617 f2c60613 40b60633 40c10133 00010513 6f9070ef 00010213 00822023 00018297 f1c28293 0001b317 e8830313 0062a023 00018297 f0c28293 0022a023 00040513 659110ef 00008517 32850513 00050863 0000d517 fc050513 314080ef 535070ef 00000513 00000593 00000613 034000ef 0040006f ff010113 00000593 00812423 00112623 00050413 0f0080ef 9c41a783 00078463 000780e7 00040513 5f9100ef fd010113 02112623 02912223 03212023 01612823 02812423 01312e23 01412c23 01512a23 01712623 448020ef 00018537 19050513 1c9070ef 00018537 19850513 1bd070ef 00018b37 19cb0513 1b1070ef 00018537 1b450513 1a5070ef 595110ef 01900793 00050493 01900913 00a7e863 00050913 00051463 00100913 9d21a023 5b4110ef 608110ef 000019b7 00050a13 00058a93 00000413 00004bb7 80098993 00000693 4a8b8613 00098593 00000513 59c120ef f14025f3 008585b3 00158593 0295f5b3 00100613 00140413 6d4120ef fc8918e3 00019537 fff00713 fff00793 00000693 00100613 00000593 05450513 7b1120ef 598110ef 00058413 00050493 558110ef 19cb0513 0f5070ef 00018537 00000613 01a00593 1bc50513 0e1070ef 00018537 1c850513 0d5070ef cc002673 41448a33 0144b4b3 41540433 3e800513 40940433 02850433 00000693 034535b3 03450533 00b405b3 594040ef 00050593 00018537 00090613 1d050513 091070ef 02c12083 02812403 02412483 02012903 01c12983 01812a03 01412a83 01012b03 00c12b83 00000513 03010113 00008067 00000793 00078863 0000e537 12450513 11c0806f 00008067 f6010113 06020e63 00112023 00512823 00612a23 00712c23 00812e23 02912023 02a12223 02b12423 02c12623 02d12823 02e12a23 02f12c23 03012e23 05112023 05212223 05312423 05412623 05512823 05612a23 05712c23 05812e23 07912023 07a12223 07b12423 07c12623 07d12823 07e12a23 07f12c23 0a010293 00512223 34002373 300023f3 34102e73 34302ef3 34b02f73 34202ff3 06612e23 08712023 09c12223 09d12423 09e12623 09f12823 424110ef 08a12c23 08b12e23 34011073 000fd663 159110ef 0300006f 002f9293 00017317 ccc30313 00017397 d0438393 005302b3 0072f863 0002a283 000280e7 0080006f 774130ef 08412e03 00050463 004e0e13 341e1073 08012383 30039073 07c12303 34031073 06020e63 00012083 01012283 01412303 01812383 01c12403 02012483 02412503 02812583 02c12603 03012683 03412703 03812783 03c12803 04012883 04412903 04812983 04c12a03 05012a83 05412b03 05812b83 05c12c03 06012c83 06412d03 06812d83 06c12e03 07012e83 07412f03 07812f83 00412103 30200073 0a010113 30046073 10500073 04020a63 00022283 34002373 0662aa23 04031263 0212ac23 0222ae23 0482a223 0492a423 0522a623 0532a823 0542aa23 0552ac23 0562ae23 0772a023 0782a223 0792a423 07a2a623 07b2a823 300023f3 0672ac23 02051463 f14022f3 00929293 20028293 00019117 a5010113 00510133 00000213 30046073 10500073 04052203 07452303 00030863 00030113 00000513 ec9ff06f 07852383 03852083 03c52103 34031073 30039073 03452e03 000e5e63 41c00e33 fffe0e13 03c52a23 04852e83 04452503 000e8067 04452403 04852483 04c52903 05052983 05452a03 05852a83 05c52b03 06052b83 06452c03 06852c83 06c52d03 07052d83 00008067 ff010113 00812423 9f01c783 00112623 02079263 00000793 00078a63 00019537 00050513 00000097 000000e7 00100793 9ef18823 00c12083 00812403 01010113 00008067 00000793 00078c63 00019537 9f418593 00050513 00000317 00000067 00008067 f9010113 05512a23 05712623 00062a83 0005ab83 06812423 00058413 05612823 05812423 00462b03 00442c03 06912223 000a8593 00050493 000b8513 06112623 07212023 05312e23 05412c23 00070993 05912223 05a12023 03b12e23 00862d03 00068d93 63c060ef 00050913 000b0593 000c0513 62c060ef 00842c83 00050593 00090513 511050ef 00050913 000d0593 000c8513 60c060ef 00050593 00090513 4f5050ef 8801aa03 00050913 000a0593 498060ef 08a05863 00042303 00442883 00842803 800007b7 0157cab3 0167cb33 000d8713 01a7c7b3 00098693 00010613 01010593 00048513 00612823 01112a23 01012c23 01512023 01612223 00f12423 f01ff0ef 06c12083 06812403 06012903 05c12983 05812a03 05412a83 05012b03 04c12b83 04812c03 04412c83 04012d03 03c12d83 00048513 06412483 07010113 00008067 8841a583 00090513 4a8060ef 08054463 00000593 00090513 3ec060ef f4a04ce3 000d8593 00098513 048060ef 00050413 00090593 00090513 524060ef 00050593 000a0513 035060ef 00050993 00040593 00040513 508060ef 00050593 00098513 4fc060ef 00050593 000a0513 00d060ef 00000593 00050993 438060ef 0e055663 00000793 0144a023 00f4a223 00f4a423 f31ff06f 000d8593 00098513 7d5050ef 00050593 00050413 4b4060ef 00000593 4ac060ef 00050593 000a0513 7bc060ef 00050993 00040913 00098513 0c0030ef 00050593 00090513 7a0060ef 000a8593 00050913 478060ef 00050993 00040593 000b8513 468060ef 00050593 00098513 351050ef 00a4a023 000b0593 00090513 44c060ef 00040593 00050993 000c0513 43c060ef 00050593 00098513 325050ef 00a4a223 000d0593 00090513 420060ef 00050793 00040593 000c8513 00078413 40c060ef 00050593 00040513 2f5050ef 00a4a423 e5dff06f 80000537 01254533 00040593 3e8060ef 00050913 f4dff06f fa010113 03712e23 0045ab83 04812c23 03a12823 80000437 0005ad03 0085a583 04912a23 fff40493 00f12623 009bf7b3 05612023 03812c23 03912a23 03b12623 04112e23 05212823 00b12223 00e12823 00f12c23 00052c83 00452c03 00852d83 00080b13 42d05863 03400793 02f686b3 00f12e23 8881a783 05512223 05312623 00f12423 8801a783 05412423 00060413 00f12a23 00d60ab3 01c0006f 00812503 00048593 1e0060ef 1ea04663 03440413 17540063 00042503 000c8593 63c060ef 00050993 00442503 000c0593 62c060ef 00050913 00842503 000d8593 61c060ef 00050493 000d0593 00098513 2f0060ef 00050a13 000b8593 00090513 2e0060ef 00050593 000a0513 1c9050ef 00412583 00050a13 00048513 2c4060ef 00050593 000a0513 1ad050ef 00050793 00098593 00098513 00078993 2a4060ef 00050793 00090593 00090513 00078913 290060ef 00050593 00090513 179050ef 00050793 00048593 00048513 00078493 270060ef 00050593 00048513 159050ef 00050493 00098593 00098513 254060ef 00050593 00048513 564060ef 00c42583 00050913 00058513 238060ef 00050493 00050593 00090513 0d0060ef eea04ae3 00090593 00048513 534060ef 645020ef 00050593 00050913 00098513 520060ef 00000593 00050493 14c060ef ea055ae3 00090593 00098513 0dd050ef 00000593 00050493 130060ef e8055ce3 03440413 eb5414e3 01812503 2c9060ef 000197b7 5f87a603 5fc7a683 111040ef 1ca04c63 01c12783 04c12983 04812a03 8881a403 04412a83 00812483 00040513 00048593 038060ef 28a05663 8a81a583 00048513 0d4060ef 00052513 05c12083 05812403 05412483 05012903 04012b03 03c12b83 03812c03 03412c83 03012d03 02c12d83 06010113 00008067 00048593 000d0513 140060ef 000c8593 02d050ef 00050993 00048593 000b8513 128060ef 000c0593 015050ef 00050913 00412503 00048593 110060ef 000d8593 7fc050ef 01012783 00050a13 0137a023 0127a223 00a7a423 00042583 00098513 404060ef 00442583 00050993 00090513 3f4060ef 00842583 00050913 000a0513 3e4060ef 00050a13 00098593 00098513 0b8060ef 00050793 00090593 00090513 00f12423 0a4060ef 00050593 00812503 78c050ef 00050793 000a0593 000a0513 00f12423 084060ef 00050593 00812503 76c050ef 4a5020ef 00050593 01412503 37d050ef 00098593 00050993 05c060ef 00c12783 00090593 00a7a023 00098513 048060ef 00c12903 000a0593 00a92223 00098513 034060ef 00a92423 01042303 01442883 01842803 01c42503 02042583 02442603 02842683 02c42703 03042783 00912423 006b2023 011b2223 010b2423 00ab2623 00bb2823 00cb2a23 00db2c23 00eb2e23 02fb2023 cb1ff06f 8981a583 000c0513 800004b7 6c4050ef 000b8593 00a4c533 2d9050ef 00000593 00050413 661050ef 0ca05463 000d0593 00040513 7a9050ef 000c8593 694050ef 89c1a583 00050913 fff48513 01257533 6e1050ef dc055ce3 04c12983 04812a03 04412a83 00412503 00040593 771050ef 000d8593 65c050ef 8a01a583 00050493 6b1050ef 06054e63 01c12783 8881a403 db1ff06f 01812503 045060ef 000197b7 5f87a603 5fc7a683 68c040ef 12a05063 8981a583 000c0513 618050ef 000b8593 00a44533 22d050ef 00000593 00050413 5b5050ef 10a04063 8881a403 8a81a583 00040513 64d050ef 00052513 d79ff06f 04c12983 04812a03 04412a83 f8dff06f 8a41a583 00048513 57d050ef f6a05ee3 00812503 00040593 56d050ef f6a056e3 05312623 01012983 00040593 000b8513 0129a023 6a9050ef 000c0593 594050ef 00c12683 00a9a223 0099a423 00000793 8801a703 00f6a023 0009a503 00e6a223 00f6a423 778060ef 8081a603 80c1a683 6a0040ef 8101a603 8141a683 625030ef 428050ef 00050493 0089a503 750060ef 8081a603 80c1a683 678040ef 40c050ef 00a487b3 0017f793 06078263 88c1a783 00078693 88c1a703 04c12983 00fb2c23 00db2e23 00eb2a23 c79ff06f 00000513 c95ff06f 00040593 000d0513 601050ef 000c8593 4ec050ef 89c1a583 00050913 00a4f533 53d050ef ee0550e3 00f12e23 8881a783 00f12423 e5dff06f 8941a683 8901a783 fa1ff06f ea010113 15312623 00060993 14812c23 0009a403 14112e23 02812a23 0089a403 8801a083 0045af83 02812823 0049a403 0085af03 00062e83 00462e03 00862303 0005a283 00000893 00070393 13912a23 14912a23 15512223 02112223 00050c93 02812623 02d12c23 02712423 0c112c23 0c112e23 0f112023 0f112223 0f112423 0f112623 0f112823 0f112a23 0f112c23 0d810813 09010793 08410713 a3c18613 06010593 07010513 06512823 07f12a23 07e12c23 07d12023 07c12223 06612423 929ff0ef 0c051263 00040513 5f8060ef 8181a603 81c1a683 4b1030ef 8081a603 80c1a683 514040ef 6b8060ef 00000593 00050493 4d1050ef 8901a583 00050413 00048513 4c1050ef 00040593 3ac050ef 8ac1a583 00050a93 00048513 4a9050ef 00040593 394050ef 8b01a583 00050413 00048513 491050ef 8b41a583 00050793 00048513 00078493 47d050ef 00050593 00048513 364050ef 008ca223 15c12083 15812403 015ca023 00aca423 15412483 14c12983 14412a83 000c8513 13412c83 16010113 00008067 09012783 13a12823 03412d03 09412483 15212823 09812903 00078513 000d0593 00f12a23 15412423 15612023 00078a13 13712e23 13812c23 13b12623 00912c23 01212e23 3f9050ef 02c12c03 00050413 00048593 000c0513 3e5050ef 00050593 00040513 2cc050ef 03012b83 00050413 00090513 000b8593 3c5050ef 00050593 00040513 2ac050ef 00050593 2a4050ef 00048a93 00050593 00050493 000a0513 39d050ef 00050593 000d0513 6ad050ef 00090b13 00048593 00050913 000a8513 37d050ef 00050593 000c0513 68d050ef 00050413 00048593 000b0513 361050ef 00050593 000b8513 671050ef 00050493 00090593 00090513 345050ef 00050913 00040593 00040513 335050ef 00050593 00090513 21c050ef 00050793 00048593 00048513 00078493 315050ef 00050593 00048513 1fc050ef 734020ef 02412483 00050593 00048513 608050ef 00040593 2ed050ef 0089a783 0009a883 0049a803 06f12c23 09012783 0d812683 00048713 06f12023 09412783 06010613 00050413 06f12223 09812783 07010593 0cc10513 07112823 07012a23 06f12423 c00ff0ef 0cc12583 0d012903 00058513 291050ef 00050493 00090593 00090513 281050ef 00050593 00048513 168050ef 0d412583 00050493 00058513 265050ef 00050593 00048513 14c050ef 684020ef 00050993 00040513 348060ef 8181a603 81c1a683 201030ef 8081a603 80c1a683 264040ef 408060ef 00000593 00050413 221050ef 8901a583 00050493 00040513 211050ef 00048593 0fc050ef 8ac1a583 00050d13 00040513 1f9050ef 00048593 0e4050ef 8b01a583 00050793 00040513 04f12223 1dd050ef 8b41a583 00050793 00040513 00078413 1c9050ef 00050593 00040513 0b0050ef 00050793 02412503 00098593 04f12423 4bc050ef 00090593 1a1050ef 29c060ef 8181a603 81c1a683 155030ef 8081a603 80c1a683 1b8040ef 35c060ef 00000593 00050413 175050ef 8901a583 00050493 00040513 165050ef 00048593 050050ef 8ac1a583 00050d93 00040513 14d050ef 00048593 038050ef 8b01a583 00050793 00040513 00078c13 131050ef 8b41a583 00050793 00040513 00078413 11d050ef 00050593 00040513 004050ef 02812783 00050b93 60f05463 08412783 00000b13 00f12223 08812783 05b12623 a0c18a13 00f12023 08c12783 800009b7 000b0d93 02f12023 8b81a783 05812823 04a12a23 02f12e23 00000793 04f12023 00f12423 05a12c23 05912e23 2400006f 03c12a83 000b8513 000a8593 0a1050ef 00412583 78d040ef 00050b93 01812503 000a8593 089050ef 00012583 775040ef 00050b13 01c12503 000a8593 071050ef 02012583 75d040ef 00050a93 03812683 0fc10813 0c010793 0b410713 a3c18613 06010593 07010513 07712823 07612a23 07512c23 07212023 06912223 06812423 c50ff0ef 32051e63 09012d03 00ca2783 09412c83 000d0593 00090513 00f12623 09812c03 009050ef 00050b93 000c8593 00048513 7f8050ef 00050b13 000c0593 00040513 7e8050ef 00050a93 000b0593 000b8513 6cd040ef 000a8593 6c5040ef 00000593 00a12823 718050ef 01012783 00055463 00000793 00c12503 00078593 0129c933 7a8050ef 00050593 00812503 0099c4b3 0089c433 689040ef 00050793 000b8593 0169c533 00f12423 29d050ef 000a8593 295050ef 00050593 665040ef 00050a93 00050593 000d0513 760050ef 00050593 00090513 271050ef 03412583 00a9c533 748050ef 00050913 000a8593 000c8513 738050ef 00050593 00048513 249050ef 02c12583 00a9c533 720050ef 00050593 00090513 609040ef 00050493 000a8593 000c0513 704050ef 00050593 00040513 215050ef 03012583 00a9c533 6ec050ef 00050593 00048513 5d5040ef 00000593 00050413 628050ef 04054863 00000593 00040513 56c050ef 04a05063 0f812483 00000593 00048513 558050ef 02a05663 00048593 00040513 1c8020ef 00050593 00c12503 694050ef 00050593 04012503 57d040ef 04a12023 02812783 001d8d93 010a0a13 23b78863 00412583 000a2503 185050ef 00050913 00012583 004a2503 175050ef 02012d03 00050493 008a2503 000d0593 161050ef 00050413 00090593 00090513 634050ef 00050a93 00048593 00048513 624050ef 00050593 000a8513 50d040ef 00050a93 00040593 00040513 608050ef 00050593 000a8513 4f1040ef 00050a93 224020ef 00050593 02412503 0fc050ef 00050b13 00050593 00090513 5d8050ef 000b0593 00050913 00048513 5c8050ef 000b0593 00050493 00040513 5b8050ef 00050413 000a8513 1dc020ef 01412b83 00090593 00050c13 000b8513 598050ef 01812b03 00050a93 00048593 000b0513 584050ef 00050593 000a8513 46d040ef 01c12c83 00050a93 00040593 000c8513 564050ef 00050593 000a8513 44d040ef 00000593 4a4050ef ca0550e3 03c12a83 000b8513 000a8593 53c050ef 00050593 00412503 04d050ef 000a8593 00050b93 000b0513 520050ef 00050593 00012503 031050ef 000a8593 00050b13 000c8513 504050ef 00050593 000d0513 015050ef 00050a93 c91ff06f 0b412503 000b8593 001050ef 00050793 0b812503 000b0593 00078b13 7ec050ef 00050793 0bc12503 000a8593 00078a93 7d8050ef 00050793 000b0593 000b0513 00078b13 4a8050ef 00050793 000a8593 000a8513 00078a93 494050ef 00050593 000a8513 37d040ef 00050a93 000b0593 000b0513 478050ef 00050593 000a8513 361040ef 098020ef 00050593 000c0513 304050ef c2a05ae3 02812783 001d8d93 010a0a13 ddb79ce3 04c12d83 05012c03 05412b83 05812d03 05c12c83 0dc12583 00812503 428050ef 00050a13 0e012583 04012503 418050ef 0ec12583 00050493 000a0513 0e412983 404050ef 00048593 2f1040ef 00050413 000d0593 00098513 0e812903 3e8050ef 00050593 00040513 2d1040ef 00050413 000d8593 00090513 3cc050ef 00050593 00040513 2b5040ef 0f012583 00050a93 000a0513 3b0050ef 00048593 29d040ef 04412583 00050413 00098513 398050ef 00050593 00040513 281040ef 00050413 000c0593 00090513 37c050ef 00050593 00040513 265040ef 0f412583 00050413 000a0513 360050ef 00048593 24d040ef 04812583 00050493 00098513 348050ef 00050593 00048513 231040ef 000b8593 00050493 00090513 32c050ef 00050593 00048513 215040ef 15012903 14812a03 14012b03 13c12b83 13812c03 13012d03 12c12d83 e94ff06f 00000793 04f12023 00f12423 ec1ff06f e5010113 19712623 00060b93 1a112623 000ba083 1a812423 1a912223 1b212023 8801a483 004ba903 02112623 008ba083 0045af83 0085af03 00062e83 00462e03 00862303 0005a283 00000893 19a12023 00070393 19812423 02112c23 00050c13 03212a23 02d12423 02712823 12912423 12912623 13112823 13112a23 13112c23 13112e23 15112023 15112223 15112423 12810813 09810793 08c10713 a3c18613 06010593 07010513 06512823 07f12a23 07e12c23 07d12023 07c12223 06612423 e51fe0ef 0c051463 00090513 321050ef 8181a603 81c1a683 1d8030ef 8081a603 80c1a683 23d030ef 3e1050ef 00000593 00050413 1f8050ef 8901a583 00050493 00040513 1e8050ef 00048593 0d5040ef 8ac1a583 00050913 00040513 1d0050ef 00048593 0bd040ef 8b01a583 00050493 00040513 1b8050ef 8b41a583 00050793 00040513 00078413 1a4050ef 00050593 00040513 08d040ef 1ac12083 1a812403 012c2023 009c2223 00ac2423 1a412483 1a012903 18c12b83 18012d03 000c0513 18812c03 1b010113 00008067 09812783 02c12583 19312e23 00078513 09c12983 19412c23 19512a23 19612823 19912223 17b12e23 00078d93 134050ef 03412a83 00050913 00098593 000a8513 120050ef 00050593 00090513 009040ef 0a012a03 03812c83 00050913 000a0513 000c8593 0fc050ef 00050593 00090513 7e4040ef 00050593 7dc040ef 00050913 00050593 000d8513 0d8050ef 00050593 02c12503 000a0b13 3e4050ef 00050a13 00090593 00098513 03312e23 0b4050ef 00050593 000a8513 3c4050ef 00050993 00090593 000b0513 05612023 094050ef 00050593 000c8513 3a4050ef 00050913 000a0593 000a0513 078050ef 00050a93 00098593 00098513 068050ef 00050593 000a8513 750040ef 00050a93 00090593 00090513 04c050ef 00050593 000a8513 734040ef 46d010ef 00050593 00048513 345040ef 00050c93 00050593 000a0513 020050ef 000c8593 00050b13 00098513 010050ef 000c8593 00050a93 00090513 000050ef 008ba783 000ba883 004ba803 06f12c23 09812783 12812683 06010613 06f12023 09c12783 00048713 00050a13 06f12223 0a012783 07010593 11c10513 07112823 07012a23 06f12423 915fe0ef 11c12c83 12012903 12412b83 000c8593 000c8513 79d040ef 00050993 00090593 00090513 78d040ef 00050593 00098513 674040ef 00050993 000b8593 000b8513 771040ef 00050593 00098513 658040ef 391010ef 00050593 00048513 269040ef 00050493 00050593 000c8513 745040ef 00048593 00050993 00090513 735040ef 00048593 00050913 000b8513 725040ef 09412703 05b12223 08c12c83 00050493 000d8513 09012d83 000b0593 00e12a23 01912c23 01b12623 6f9040ef 00050b93 03c12503 000a8593 6e9040ef 00050593 000b8513 5d0040ef 00050b93 04012503 000a0593 6cd040ef 00050593 000b8513 5b4040ef 00000593 60d040ef 8b81a583 52054c63 04412503 6a9040ef 00050793 8b81a583 03c12503 00078c93 04f12423 691040ef 00050793 8b81a583 04012503 00078b93 04f12823 679040ef 01812583 00050793 000c8513 00078d93 04f12623 554040ef 00c12583 00050c93 000b8513 544040ef 01412583 00050b93 000d8513 534040ef 00050793 04412503 00098593 0cf12223 0d712023 0b912e23 625040ef 00050b93 03c12503 00090593 615040ef 00050593 000b8513 4fc040ef 00050b93 04012503 00048593 5f9040ef 00050593 000b8513 4e0040ef 00000593 539040ef 6a054a63 01812583 04812503 4c8040ef 00c12583 00050c93 05012503 4b8040ef 01412583 00050b93 04c12503 4a8040ef 00050793 0cf12823 0bc12783 03012d83 02812683 06f12823 0c012783 000d8713 06010613 06f12a23 0c412783 07010593 0d410513 06f12c23 0d912423 0d712623 07612023 07512223 07412423 fa1fe0ef 0c812783 02812683 000d8713 06f12823 0cc12783 06010613 07010593 06f12a23 0d012783 0e010513 07312023 06f12c23 07212223 06912423 f65fe0ef 63b05663 8801a783 00000d93 04f12a23 00000793 a0c18a13 04f12c23 00f12823 800009b7 000d8c93 05812e23 22c0006f 01812583 04812503 3e0040ef 00c12583 00050b93 05012503 3d0040ef 01412583 00050b13 04c12503 3c0040ef 00050a93 02812683 14c10813 11010793 10410713 a3c18613 06010593 07010513 07712823 07612a23 07512c23 07212023 06912223 06812423 8b5fe0ef 38051263 00ca2783 09812d83 00090513 00f12e23 09c12783 000d8593 0a012c03 00078a93 02f12023 465040ef 000a8593 00050b93 00048513 455040ef 00050b13 000c0593 00040513 445040ef 00050a93 000b0593 000b8513 328040ef 000a8593 320040ef 00000593 02a12223 375040ef 02412783 00055463 00000793 01c12503 00078593 0129c933 405040ef 00050593 01012503 0099c4b3 0089c433 2e4040ef 00050793 000b8593 0169c533 00f12823 6f9040ef 000a8593 6f1040ef 00050593 2c0040ef 00050a93 00050593 000d8513 3bd040ef 00050593 00090513 6cd040ef 02c12583 00a9c533 3a5040ef 00050913 02012503 000a8593 395040ef 00050593 00048513 6a5040ef 03412583 00a9c533 37d040ef 00050593 00090513 264040ef 00050493 000a8593 000c0513 361040ef 00050593 00040513 671040ef 03812583 00a9c533 349040ef 00050593 00048513 230040ef 00000593 00050413 285040ef 04054863 00000593 00040513 1c9040ef 04a05063 14812483 00000593 00048513 1b5040ef 02a05663 00048593 00040513 624010ef 00050593 01c12503 2f1040ef 00050593 05812503 1d8040ef 04a12c23 03012783 001c8c93 010a0a13 27978863 01812b83 000a2503 000b8593 5dd040ef 00050913 00c12583 004a2503 5cd040ef 01412d83 00050493 008a2503 000d8593 5b9040ef 00050413 00090593 00090513 28d040ef 00050a93 00048593 00048513 27d040ef 00050593 000a8513 164040ef 00050a93 00040593 00040513 261040ef 00050593 000a8513 148040ef 00050a93 67c010ef 00050593 05412503 554040ef 00050b13 00050593 00090513 231040ef 00050913 000b0593 00048513 221040ef 000b0593 00050493 00040513 211040ef 00050413 000a8513 634010ef 00050c13 04412503 00090593 1f5040ef 00050a93 03c12503 00048593 1e5040ef 00050593 000a8513 0cc040ef 00050a93 04012503 00040593 1c9040ef 00050593 000a8513 0b0040ef 00000593 109040ef ca055ee3 04812583 000b8513 4c1040ef 05012583 00050b93 00c12503 4b1040ef 04c12583 00050b13 000d8513 4a1040ef 00050a93 cb9ff06f 04412503 175040ef 00050793 8b81a583 03c12503 04f12423 161040ef 00050793 8b81a583 04012503 00078b93 04f12823 149040ef 04812583 00050793 000c8513 04f12623 451040ef 000b8593 00050c93 000d8513 441040ef 04c12583 00050b93 01412503 431040ef 00050793 ad5ff06f 10412503 000b8593 41d040ef 00050793 10812503 000b0593 00078b13 409040ef 00050793 10c12503 000a8593 00078a93 3f5040ef 00050793 000b0593 000b0513 00078b13 0c5040ef 00050793 000a8593 000a8513 00078a93 0b1040ef 00050593 000a8513 799030ef 00050a93 000b0593 000b0513 095040ef 00050593 000a8513 77d030ef 4b4010ef 00050593 000c0513 720040ef bea056e3 03012783 001c8c93 010a0a13 d9979ce3 05c12c03 12c12583 01012503 055040ef 00050993 13012583 05812503 045040ef 13c12583 00050413 00098513 035040ef 00040593 13412a83 71d030ef 0d412583 00050493 000a8513 019040ef 00050593 00048513 13812a03 6fd030ef 0e012583 00050493 000a0513 7f8040ef 00050593 00048513 6e1030ef 14012583 00050913 00098513 7dc040ef 00040593 6c9030ef 0d812583 00050493 000a8513 7c4040ef 00050593 00048513 6ad030ef 0e412583 00050493 000a0513 7a8040ef 00050593 00048513 691030ef 14412583 00050493 00098513 78c040ef 00040593 679030ef 0dc12583 00050413 000a8513 774040ef 00050593 00040513 65d030ef 0e812583 00050413 000a0513 758040ef 00050593 00040513 641030ef 19c12983 19812a03 19412a83 19012b03 18412c83 17c12d83 d9cff06f 04812583 01812503 241040ef 05012583 00050c93 00c12503 231040ef 04c12583 00050b93 01412503 221040ef 00050793 951ff06f 00000793 04f12c23 00f12823 e91ff06f 8801a603 8941a703 88c1a583 8dc1a803 8c41a883 8c81a503 8cc1ae03 ff010113 00812623 00912423 01212223 01312023 8d01a303 a3c18793 8bc1a403 03c7a223 03c7a423 8841ae03 a281ae23 03c7aa23 8c01ae83 8d41ae03 00000693 00d7a223 01d7a423 0117a623 00a7aa23 00b7ac23 00e7ae23 02d7a023 02b7a623 00c7a823 0267a823 03c7ac23 8d81ae03 04a7ac23 8ac1a503 04a7ae23 8e01a503 03c7ae23 06a7a223 8e41a503 0517a023 06a7a623 8ec1a503 8e81ae83 8b01a883 8b41a983 06a7aa23 8f01a503 04d7a423 0537a623 04e7a823 07d7a823 06a7ae23 08e7a023 08d7a223 08d7a423 08b7a623 08e7a823 0507a223 0517aa23 0717a023 0707a423 06c7ac23 89c1ae03 08e7aa23 8f41a703 08e7ae23 8f81a703 0bd7a223 0ad7a823 8981ae83 0ad7ae23 8fc1a683 0ae7a023 9041a503 09c7ac23 0bd7a423 0ac7a623 0bc7aa23 0b17ac23 0cc7a023 0cc7a223 0cc7a423 0cd7a623 9001a783 9081a583 a0c18713 00f72023 90c1a783 00f72c23 9101a783 00a72223 00a72423 00f72e23 01072623 00b72823 00672a23 02b72023 02a72223 9141a783 00c12403 02b72423 02f72623 00812483 00412903 00012983 01010113 00008067 e4010113 1a112e23 04e12823 1a812c23 1a912a23 1b212823 1b312623 1b412423 19912a23 19a12823 00058413 00060c93 00068d13 349030ef 8081a603 80c1a683 4b4020ef 8201a603 8241a683 308030ef 6bd040ef 00050a13 00040513 321030ef 8081a603 80c1a683 48c020ef 00050613 00058693 8281a503 82c1a583 2d8030ef 68d040ef 00050993 000a0593 000a0513 4a0040ef 00050413 00098593 00098513 490040ef 00050593 00040513 379030ef 9181a583 371030ef 0a8010ef 00050593 8801a503 781030ef 00050493 00050593 000a0513 45c040ef 00050793 00048593 00098513 00078a13 02f12e23 444040ef 91c1a583 00050793 00048513 00078993 04f12023 42c040ef 9ac1a683 8801a483 9a81af03 00000893 00050e93 04a12223 13810813 0a810793 09c10713 a3c18613 06010593 07010513 02d12023 03e12623 09412823 09312a23 09d12c23 12912c23 12912e23 15112023 15112223 15112423 15112623 15112823 15112a23 15112c23 06012823 06012a23 06012c23 07412023 07312223 07d12423 fcdfd0ef 0c051663 00098513 49d040ef 8181a603 81c1a683 354020ef 8081a603 80c1a683 3b9020ef 55d040ef 00000593 00050913 374040ef 8901a583 00050413 00090513 364040ef 00040593 251030ef 8ac1a583 00050493 00090513 34c040ef 00040593 239030ef 8b01a583 00050413 00090513 334040ef 8b41a583 00050793 00090513 00078913 320040ef 00050593 00090513 209030ef 009ca023 05012783 008d2023 1bc12083 1b812403 00a7a023 1b412483 1b012903 1ac12983 1a812a03 19412c83 19012d03 1c010113 00008067 0a812783 1b512223 03c12a83 00078593 0ac12983 000a8513 1b612023 19712e23 19812c23 19b12623 00078d93 2ac040ef 04012c03 00050913 00098593 000c0513 298040ef 00050593 00090513 181030ef 0b012a03 04412b83 00050913 000a0593 000b8513 274040ef 00050593 00090513 15d030ef 00050593 155030ef 00050913 00050593 000d8513 250040ef 00050593 000a8513 560040ef 000a0b13 00090593 00050a13 00098513 03312223 22c040ef 00050593 000c0513 53c040ef 00050993 00090593 000b0513 03612423 20c040ef 00050593 000b8513 51c040ef 00050913 000a0593 000a0513 1f0040ef 00050a93 00098593 00098513 1e0040ef 00050593 000a8513 0c9030ef 00050a93 00090593 00090513 1c4040ef 00050593 000a8513 0ad030ef 5e5000ef 00050593 00048513 4bd030ef 00050b93 00050593 000a0513 198040ef 000b8593 00050b13 00098513 188040ef 000b8593 00050a93 00090513 178040ef 09012783 13812683 06010613 06f12823 09412783 00048713 00050a13 06f12a23 09812783 07010593 12c10513 06f12c23 0a812783 06f12023 0ac12783 06f12223 0b012783 06f12423 a8dfd0ef 12c12c03 13012903 13412b83 000c0593 000c0513 114040ef 00050993 00090593 00090513 104040ef 00050593 00098513 7ec030ef 00050993 000b8593 000b8513 0e8040ef 00050593 00098513 7d0030ef 509000ef 00050593 00048513 3e1030ef 00050493 00050593 000c0513 0bc040ef 00048593 00050993 00090513 0ac040ef 00048593 00050913 000b8513 09c040ef 0a412703 03b12823 09c12c03 00050493 000d8513 0a012d83 000b0593 00e12623 01812823 01b12a23 070040ef 00050b93 02412503 000a8593 060040ef 00050593 000b8513 748030ef 00050b93 02812503 000a0593 044040ef 00050593 000b8513 72c030ef 00000593 785030ef 8b81a583 74054263 03012503 020040ef 00050793 8b81a583 02412503 00078c13 02f12a23 008040ef 00050793 8b81a583 02812503 00078b93 04f12423 7f1030ef 01012583 00050793 000c0513 00078d93 02f12c23 6cc030ef 01412583 00050c13 000b8513 6bc030ef 00c12583 00050b93 000d8513 6ac030ef 00050793 03012503 00098593 0cf12a23 0d712823 0d812623 79d030ef 00050b93 02412503 00090593 78d030ef 00050593 000b8513 674030ef 00050b93 02812503 00048593 771030ef 00050593 000b8513 658030ef 00000593 6b1030ef 64054063 01012583 03412503 640030ef 01412583 00050c13 04812503 630030ef 00c12583 00050b93 03812503 620030ef 00050793 0ef12023 0cc12783 02c12d83 02012683 06f12823 0d012783 000d8713 06010613 06f12a23 0d412783 07010593 0e410513 06f12c23 0d812c23 0d712e23 07612023 07512223 07412423 bf1fe0ef 0d812783 02012683 000d8713 06f12823 0dc12783 06010613 07010593 06f12a23 0e012783 0f010513 07312023 06f12c23 07212223 06912423 bb5fe0ef 63b05463 8801a783 a0c18a13 04f12623 00000793 04f12a23 00f12423 00000d93 800009b7 05912c23 05a12e23 2240006f 01012583 03412503 558030ef 01412583 00050b93 04812503 548030ef 00c12583 00050b13 03812503 538030ef 00050a93 02012683 15c10813 12010793 11410713 a3c18613 06010593 07010513 07712823 07612a23 07512c23 07212023 06912223 06812423 a2dfd0ef 30051863 0a812d03 00ca2783 0ac12c83 000d0593 00090513 00f12c23 0b012c03 5e5030ef 00050b93 000c8593 00048513 5d5030ef 00050b13 000c0593 00040513 5c5030ef 00050a93 000b0593 000b8513 4a8030ef 000a8593 4a0030ef 00000593 00a12e23 4f5030ef 01c12783 00055463 00000793 01812503 00078593 0129c933 585030ef 00050593 00812503 0099c4b3 0089c433 464030ef 00050793 000b8593 0169c533 00f12423 078040ef 000a8593 070040ef 00050593 440030ef 00050a93 00050593 000d0513 53d030ef 00050593 00090513 04c040ef 03c12583 00a9c533 525030ef 00050913 000a8593 000c8513 515030ef 00050593 00048513 024040ef 04012583 00a9c533 4fd030ef 00050593 00090513 3e4030ef 00050493 000a8593 000c0513 4e1030ef 00050593 00040513 7f1030ef 04412583 00a9c533 4c9030ef 00050593 00048513 3b0030ef 00000593 00050413 405030ef 04054863 00000593 00040513 349030ef 04a05063 15812483 00000593 00048513 335030ef 02a05663 00048593 00040513 7a4000ef 00050593 01812503 471030ef 00050593 05412503 358030ef 04a12a23 02c12783 001d8d93 010a0a13 21b78263 01012b83 000a2503 000b8593 75d030ef 01412d03 00050913 004a2503 000d0593 749030ef 00c12c83 00050493 008a2503 000c8593 735030ef 00050413 00090593 00090513 409030ef 00050a93 00048593 00048513 3f9030ef 00050593 000a8513 2e0030ef 00050a93 00040593 00040513 3dd030ef 00050593 000a8513 2c4030ef 00050a93 7f8000ef 00050593 04c12503 6d0030ef 00050b13 00050593 00090513 3ad030ef 00050913 000b0593 00048513 39d030ef 000b0593 00050493 00040513 38d030ef 00050413 000a8513 7b0000ef 00050c13 03012503 00090593 371030ef 00050a93 02412503 00048593 361030ef 00050593 000a8513 248030ef 00050a93 02812503 00040593 345030ef 00050593 000a8513 22c030ef 00000593 285030ef cc0550e3 03412583 000b8513 63d030ef 04812583 00050b93 000d0513 62d030ef 03812583 00050b13 000c8513 61d030ef 00050a93 cbdff06f 11412503 000b8593 609030ef 00050793 11812503 000b0593 00078b13 5f5030ef 00050793 11c12503 000a8593 00078a93 5e1030ef 00050793 000b0593 000b0513 00078b13 2b1030ef 00050793 000a8593 000a8513 00078a93 29d030ef 00050593 000a8513 184030ef 00050a93 000b0593 000b0513 281030ef 00050593 000a8513 168030ef 6a0000ef 00050593 000c0513 10d030ef c6a050e3 02c12783 001d8d93 010a0a13 e1b792e3 05812c83 05c12d03 13c12583 00812503 23d030ef 00050993 14012583 05412503 22d030ef 14c12583 00050913 00098513 21d030ef 00090593 14412a83 104030ef 0e412583 00050413 000a8513 201030ef 00050593 00040513 0e8030ef 14812a03 0f012583 00050413 000a0513 1e1030ef 00050593 00040513 0c8030ef 15012583 00050493 00098513 1c5030ef 00090593 0b0030ef 0e812583 00050413 000a8513 1ad030ef 00050593 00040513 094030ef 0f412583 00050413 000a0513 191030ef 00050593 00040513 078030ef 15412583 00050413 00098513 175030ef 00090593 060030ef 0ec12583 00050913 000a8513 15d030ef 00050593 00090513 044030ef 0f812583 00050913 000a0513 141030ef 00050593 00090513 028030ef 1a412a83 1a012b03 19c12b83 19812c03 18c12d83 e0cff06f 03412583 01012503 42d030ef 04812583 00050c13 01412503 41d030ef 03812583 00050b93 00c12503 40d030ef 00050793 9c5ff06f 03012503 0e1030ef 00050793 8b81a583 02412503 02f12a23 0cd030ef 00050793 8b81a583 02812503 00078b93 04f12423 0b5030ef 03412583 00050793 000c0513 02f12c23 3bd030ef 000b8593 00050c13 000d8513 3ad030ef 03812583 00050b93 00c12503 39d030ef 00050793 8c9ff06f 00000793 04f12a23 00f12423 e25ff06f f8010113 06112e23 00200793 9bc18713 06f727af 03100713 00f12a23 30f76863 05a12823 8801ad03 06812c23 06912a23 07212823 07312623 07412423 07512223 07612023 05712e23 05812c23 05912a23 05b12623 01412703 8801ac83 00175793 00178793 00f12c23 00170793 00f12e23 00000413 1d40006f 000d0593 00048513 68c030ef 0ff00a93 0ff00913 00a04e63 9201a583 00048513 7cc030ef 759030ef 0ff57913 00090a93 02c12483 00000593 00048513 704030ef 1c054c63 000d0593 00048513 648030ef 0ff00b13 0ff00a13 00a04e63 9201a583 00048513 788030ef 715030ef 0ff57a13 000a0b13 03012483 00000593 00048513 6c0030ef 1a054863 000d0593 00048513 604030ef 0ff00b93 0ff00c13 00a04e63 9201a583 00048513 744030ef 6d1030ef 0ff57c13 000c0b93 01c12583 03c10713 03810693 03410613 00040513 9f0ff0ef 03412983 00000593 00000493 00098513 660030ef 02054663 000c8593 00098513 5a4030ef 0ff00493 00a04c63 9201a583 00098513 6e8030ef 675030ef 0ff57493 03812983 00000593 00000d93 00098513 620030ef 02054663 000c8593 00098513 564030ef 0ff00d93 00a04c63 9201a583 00098513 6a8030ef 635030ef 0ff57d93 03c12983 00000593 00098513 5e4030ef 00000793 02054663 000c8593 00098513 524030ef 0ff00793 00a04c63 9201a583 00098513 668030ef 5f5030ef 0ff57793 00140413 00991463 0bba0463 01812583 00018537 00f12023 000d8893 000b8793 00048813 000b0713 000a8693 00040613 16450513 4cc040ef 05000793 0af40063 01412583 00040513 03010713 02c10693 02810613 8d8ff0ef 02812483 00000593 00048513 54c030ef e00554e3 02c12483 00000593 00000a93 00048513 00000913 530030ef e20558e3 03012483 00000593 00000b13 00048513 00000a13 514030ef e4055ce3 00000b93 00000c13 e7dff06f f4fc1ee3 01812583 00018537 000b8793 000b0713 000a8693 00040613 14850513 430040ef 05000793 f6f414e3 00200793 9bc18713 06f727af 03100713 00f12a23 d4f77ee3 07812403 07412483 07012903 06c12983 06812a03 06412a83 06012b03 05c12b83 05812c03 05412c83 05012d03 04c12d83 fff00793 9c018713 06f727af 00100713 00e78e63 07c12083 fff00593 fff00613 00000513 08010113 4f80f06f 00019537 00100613 00000593 fff00693 fff00713 05450513 75c0f0ef 07c12083 fff00593 fff00613 00000513 08010113 4c40f06f ff010113 00812423 00912223 01212023 00058413 00112623 00050493 33c000ef 00050913 00040593 00040513 3f9030ef 02051463 00000593 00048513 2dc030ef 04051e63 00000593 00040513 2cc030ef 02051263 8801a903 00c12083 00812403 00412483 00090513 00012903 01010113 00008067 00040513 2cc000ef fc050ee3 00000593 00040513 3a4030ef fc0556e3 02200713 00e22a23 fc1ff06f 00090513 2a4000ef 02050863 00000593 00090513 268030ef fa0512e3 00048513 288000ef f8050ce3 00040513 27c000ef f80506e3 fc1ff06f 00048513 26c000ef fc0506e3 00040513 260000ef fc0500e3 00090593 00090513 331030ef f8050ce3 02100713 00e22a23 f55ff06f ff010113 00812423 00912223 00050413 00112623 058000ef 00050493 00040593 00040513 2f9030ef 02051663 00000593 00040513 2f0030ef 00055e63 02100713 00000593 00e22a23 00058513 699020ef 00050493 00c12083 00812403 00048513 00412483 01010113 00008067 fe010113 00151793 00812c23 00112e23 0017d793 7f800737 00050413 00050593 14e7f063 10078a63 00050793 14054c63 01755713 00912a23 0ff77713 41755413 02071063 00000713 00179793 00879693 00070413 00170713 fe06d8e3 40800433 00800737 fff70693 f8140413 00d7f7b3 00147693 00e7e7b3 00068463 00179793 40145493 00179793 01900613 00000413 00000593 01000737 00e586b3 40d78533 fff60613 0ad7c463 00e685b3 00e40433 00151793 00175713 fe0610e3 00050793 06078063 01212823 01312623 9a41a503 9a01a583 01412423 9a41aa03 5a4030ef 00050593 000a0513 1d0030ef 0aa04e63 9a41a503 9a01a583 9a41a903 15d020ef 00050593 00090513 1b0030ef 0a055663 01012903 00c12983 00812a03 00240413 01749593 40145413 3f0007b7 01412483 00f40433 008585b3 01c12083 01812403 00058513 02010113 00008067 00179693 00175713 f60606e3 00068793 f3dff06f 204030ef 00040593 0f1020ef 01c12083 01812403 00050593 00058513 02010113 00008067 4fc030ef 00050593 4ed020ef 01c12083 01812403 00050593 00058513 02010113 00008067 01012903 00c12983 00812a03 f6dff06f 00140413 01012903 00c12983 00812a03 ffe47413 f55ff06f 00151513 7f8007b7 00155513 00f52533 00008067 800007b7 fb010113 fff78793 04912223 05212023 03412c23 04112623 00b7fa33 00058913 00050493 060a1263 004007b7 00a7c7b3 00179793 ff800737 02f77863 00090593 00048513 02d020ef 00050793 04c12083 04412483 04012903 03812a03 00078513 05010113 00008067 8801a783 04c12083 04412483 04012903 03812a03 00078513 05010113 00008067 04812423 03312e23 03512a23 00a7f433 7f8009b7 00050a93 0689e263 0749e063 03612823 03712623 00058b13 00040b93 08054663 3f3a0463 3f8007b7 48fa0663 400007b7 4ef58063 3f0007b7 4cf59863 04812403 03c12983 03412a83 03012b03 02c12b83 04c12083 04412483 04012903 03812a03 05010113 d19ff06f 3f8007b7 02fa9663 004007b7 0127c7b3 00179793 ff800737 00f76c63 8801a783 04812403 03c12983 03412a83 f1dff06f 04812403 03c12983 03412a83 efdff06f 4b8007b7 3afa7263 3f800737 42ea7863 400007b7 44f58a63 3f0007b7 44f59263 3a1000ef 00050793 35340863 00000993 3a040863 3f800737 38e40863 01f4d713 01b12e23 fff70d93 01b9e6b3 42068c63 03812423 4d0006b7 4746f063 3f8006b7 ff368693 0486fee3 3f8006b7 00768693 0886e6e3 8801a583 00078513 2d8030ef 92c1a583 00050413 7b1020ef 9301a583 00050a13 00040513 7a1020ef 9341a583 00050493 00040513 791020ef 00050593 9381a503 2a0030ef 00040593 77d020ef 00050593 8b41a503 28c030ef 00050793 00040593 00040513 00078413 75d020ef 00050593 00040513 751020ef 93c1a583 fffff437 745020ef 00050593 00048513 254030ef 00050593 00050493 000a0513 61c020ef 00a47433 000a0593 00040513 234030ef 00050593 00048513 228030ef 00050a93 fff98793 01b7e7b3 6e078063 8801a983 00000a13 fffff4b7 0124f4b3 00048593 00090513 1fc030ef 00040593 6d9020ef 00050793 00090593 000a8513 00078913 6c5020ef 00050593 00090513 5ac020ef 00048593 00050913 00040513 6a9020ef 00050593 00050493 00090513 58c020ef 00151793 00050413 00050713 00050613 0017d793 66a05863 430006b7 7af6e063 7ed78863 3f0006b7 00000b13 00000a13 78f6ea63 9641a583 ffff87b7 00f77ab3 000a8513 651020ef 00050b93 00048593 000a8513 15c030ef 00050593 00090513 150030ef 9681a583 62d020ef 96c1a583 00050413 000a8513 61d020ef 00050593 00040513 504020ef 00050413 00050593 000b8513 4f4020ef 000b8593 00050493 110030ef 00050593 00040513 104030ef 00050913 00048593 00048513 5d9020ef 9701a583 00050413 5cd020ef 9741a583 0e0030ef 00040593 5bd020ef 9781a583 4a8020ef 00040593 5ad020ef 97c1a583 0c0030ef 00040593 59d020ef 9801a583 488020ef 00040593 58d020ef 00050593 00048513 09c030ef 00050413 00050593 00048513 571020ef 8c41a583 00050713 00040513 00070413 078030ef 00050593 00040513 065020ef 00050413 00090593 00048513 541020ef 00090593 42c020ef 00050593 00040513 048030ef 00048593 040030ef 00050593 8801a503 034030ef 00ab07b3 4177d713 60e05663 00098593 00078513 501020ef 00050793 04812403 03c12983 03412a83 03012b03 02c12b83 02812c03 01c12d83 badff06f 3f8007b7 10f40c63 0c87f063 00090793 000b5463 00000793 04812403 04c12083 03c12983 03412a83 03012b03 02c12b83 04412483 04012903 03812a03 00078513 05010113 00008067 fb3a0ce3 00200993 00048513 00d000ef 7f800737 00050793 00e40463 c60418e3 000b5a63 8801a503 00078593 778020ef 00050793 f80adee3 c0800737 00e40733 01376733 40071e63 00078593 00078513 75d020ef 00050593 74c020ef 00050793 f71ff06f 00048793 f60b54e3 8801a503 00048593 730020ef 00050793 f55ff06f 00000793 f40b56e3 800007b7 0127c7b3 f41ff06f 417a5693 09600793 40d787b3 40fa56b3 00f697b3 39478e63 faea0ce3 400007b7 00f58663 00000993 f4dff06f 00048593 00048513 3c9020ef 00050793 f01ff06f 8801a783 ef9ff06f 00048593 00048513 6c9020ef 00050593 6b8020ef 00050793 04812403 03c12983 03412a83 03012b03 02c12b83 01c12d83 a55ff06f 0174d693 03912223 03a12023 0ff6f693 00000593 00069c63 9401a583 00078513 361020ef 00050b93 fe800593 00800537 417bd693 fff50793 001cc637 f8168693 00fbf7b3 3f800ab7 47160613 00b686b3 0157eab3 3af65063 005db637 3d660613 42f65863 8801ac83 00000d13 00168693 40aa8ab3 01a12623 00000493 000c8593 000a8513 00d12423 615020ef 00050b93 000c8593 000a8513 1dc020ef 00050593 8801a503 fffff437 5ec020ef 00050593 00a12223 000b8513 2c9020ef 401ad793 dffff5b7 00b7f7b3 200005b7 00b7e7b3 004005b7 00b787b3 00a47b33 009784b3 00050a13 00048593 000b0513 295020ef 00050593 000b8513 5a5020ef 00050793 000c8593 00048513 00078493 591020ef 00050593 000a8513 585020ef 000b0593 261020ef 00050593 00048513 571020ef 00412603 00060593 249020ef 00050a93 000a0593 000a0513 239020ef 9441a583 00050493 22d020ef 9481a583 118020ef 00048593 21d020ef 94c1a583 108020ef 00048593 20d020ef 9381a583 0f8020ef 00048593 1fd020ef 9501a583 0e8020ef 00048593 1ed020ef 8c81a583 0d8020ef 00050793 00048593 00048513 00078493 1d1020ef 00050593 00048513 1c5020ef 00050493 000b0593 000a0513 0a8020ef 000a8593 1ad020ef 00048593 098020ef 00050b93 000b0593 000b0513 195020ef 8ec1a583 00a12223 07c020ef 000b8593 074020ef 00a474b3 00048593 000b0513 171020ef 8ec1a583 00050b13 00048513 47d020ef 00412583 475020ef 00050593 000b8513 469020ef 000a0593 145020ef 00050793 00048593 000a8513 00078493 131020ef 00050593 00048513 018020ef 00050a13 00050593 000b0513 008020ef 9541a583 00a47ab3 000a8513 105020ef 00050493 000b0593 000a8513 411020ef 00050593 000a0513 405020ef 9581a583 0e1020ef 95c1a583 00050a13 000a8513 0d1020ef 00050593 000a0513 7b9010ef 00c12583 7b1010ef 00812683 00050a93 00068513 0a4030ef 00050a13 000a8593 00048513 791010ef 000d0593 789010ef 000a0593 781010ef 00a47433 000a0593 00040513 399020ef 000d0593 391020ef 00048593 389020ef 00050593 000a8513 37d020ef 00050a93 02412c83 02012d03 94dff06f c2ea00e3 400007b7 c6f58ae3 0016f693 00200993 40d989b3 badff06f 00100713 b6e996e3 80000737 00f747b3 b61ff06f 8841a983 00100a13 925ff06f 431606b7 1ef6e863 98d79ce3 00048593 31d020ef 00090593 6a0020ef 1c055c63 00008737 00870733 008006b7 fff68a13 41775793 0ff7f793 01477a33 f8178793 00da6a33 ff8005b7 01700693 40f5d5b3 40f687b3 00e5f5b3 40fa5a33 41400a33 00048513 2c9020ef 00050593 00050493 00090513 691010ef 00050713 017a1b13 931ff06f 00000d13 8801ac83 01a12623 00000493 c79ff06f 040b4063 00000513 04812403 03c12983 03412a83 03012b03 02c12b83 02812c03 01c12d83 04c12083 04412483 04012903 03812a03 05010113 2b80006f fd6054e3 00000513 04812403 03c12983 03412a83 03012b03 02c12b83 02812c03 01c12d83 04c12083 04412483 04012903 03812a03 05010113 2840006f 000a0593 0e8000ef 00050793 9edff06f 9241ad03 9281a783 002004b7 00f12623 8dc1ac83 bd9ff06f 000a0513 fa1ff06f 4177d793 008006b7 f8278793 40f6d7b3 008787b3 fff68a13 4177d713 0ff77713 0147fa33 f8170713 00da6a33 ff8005b7 01700693 40e5d5b3 40e68733 00f5f5b3 40ea5a33 ec065ee3 ed5ff06f 9601a583 00090513 571010ef 00050a93 00048593 00040513 189020ef 00050593 000a8513 508020ef f8a042e3 008006b7 000087b7 008787b3 fff68a13 4177d713 0147fa33 f8170713 00da6a33 ff8005b7 01700693 40e5d5b3 40e68733 00f5f5b3 40ea5a33 e71ff06f 000a0513 ea9ff06f 00151693 00050793 08068863 ff010113 0016d713 00112623 7f8006b7 06d77463 01755693 00812423 0ff6f693 00058413 06069663 9841a583 5dc020ef ffff4737 cb070713 00050793 0ae44c63 41755713 0000c6b7 0ff77713 35068693 fe770713 0486d663 8881a503 0807c263 8881a583 5a4020ef 00812403 00c12083 01010113 00008067 00050593 481010ef 00c12083 01010113 00008067 00008067 0000c6b7 35068693 01775713 fa86cee3 008705b3 0fe00713 fab748e3 04b04c63 fea00713 06e5c663 80800737 01958793 fff70713 9941a583 01779793 00e57533 00a7e533 534020ef 00812403 fa5ff06f 98c1a503 8881a583 520020ef 00812403 f7dff06f 9881a583 510020ef 00812403 f81ff06f 808007b7 fff78793 00f57533 01759593 00812403 00b56533 f65ff06f 9881a503 0007d463 9901a503 9881a583 4d8020ef 00812403 f49ff06f 02200713 00e22a23 00008067 ff010113 00112623 00050e63 80000537 00b54533 4ac020ef 00c12083 01010113 fd5ff06f 00058513 498020ef 00c12083 01010113 fc1ff06f 9981a583 fc5ff06f 99c1a583 fbdff06f 00151513 00155513 00008067 00050893 00058313 00060713 00050813 00058793 28069263 000185b7 3cc58593 0ec37663 000106b7 0cd67863 10063693 0016b693 00369693 00d65533 00a585b3 0005c583 02000513 00d586b3 40d505b3 00d50c63 00b317b3 00d8d6b3 00b61733 00f6e7b3 00b89833 01075593 02b7d333 01071613 01065613 02b7f7b3 00030513 026608b3 01079693 01085793 00d7e7b3 0117fe63 00f707b3 fff30513 00e7e863 0117f663 ffe30513 00e787b3 411787b3 02b7d8b3 01081813 01085813 02b7f7b3 031606b3 01079793 00f86833 00088793 00d87c63 01070833 fff88793 00e86663 00d87463 ffe88793 01051513 00f56533 00000593 00008067 01000537 01800693 f2a67ce3 01000693 f31ff06f 00000693 00060c63 000107b7 0cf67063 10063693 0016b693 00369693 00d657b3 00f585b3 0005c783 00d787b3 02000693 40f685b3 0af69663 40c307b3 00100593 01075893 0317de33 01071613 01065613 01085693 0317f7b3 000e0513 03c60333 01079793 00f6e7b3 0067fe63 00f707b3 fffe0513 00e7e863 0067f663 ffee0513 00e787b3 406787b3 0317d333 01081813 01085813 0317f7b3 026606b3 01079793 00f86833 00030793 00d87c63 01070833 fff30793 00e86663 00d87463 ffe30793 01051513 00f56533 00008067 010007b7 01800693 f4f674e3 01000693 f41ff06f 00b61733 00f356b3 01075513 00b31333 00f8d7b3 0067e7b3 02a6d333 01071613 01065613 00b89833 02a6f6b3 026608b3 01069593 0107d693 00b6e6b3 00030593 0116fe63 00d706b3 fff30593 00e6e863 0116f663 ffe30593 00e686b3 411686b3 02a6d8b3 01079793 0107d793 02a6f6b3 03160633 01069693 00d7e7b3 00088693 00c7fe63 00f707b3 fff88693 00e7e863 00c7f663 ffe88693 00e787b3 01059593 40c787b3 00d5e5b3 eb9ff06f 18d5e663 000107b7 04f6f463 1006b713 00173713 00371713 000187b7 00e6d5b3 3cc78793 00b787b3 0007c783 00e787b3 02000713 40f705b3 02f71663 00100513 e066eee3 00c8b533 00153513 00008067 010007b7 01800713 fcf6f0e3 01000713 fb9ff06f 00f65733 00b696b3 00d766b3 00f35733 00b31333 00f8d7b3 0067e7b3 0106d313 02675eb3 01069813 01085813 00b61633 02677733 03d80e33 01071513 0107d713 00a76733 000e8513 01c77e63 00e68733 fffe8513 00d76863 01c77663 ffee8513 00d70733 41c70733 02675e33 01079793 0107d793 02677733 03c80833 01071713 00e7e7b3 000e0713 0107fe63 00f687b3 fffe0713 00d7e863 0107f663 ffee0713 00d787b3 01051513 00010e37 00e56533 fffe0693 00d57733 410787b3 00d676b3 01055813 01065613 02d70333 02d806b3 02c70733 02c80833 00d70633 01035713 00c70733 00d77463 01c80833 01075693 010686b3 02d7e663 ced79ee3 000107b7 fff78793 00f77733 01071713 00f37333 00b898b3 00670733 00000593 cce8fee3 fff50513 cd1ff06f 00000593 00000513 00008067 00100837 fff80813 fe010113 00b878b3 0145d713 01d55793 00d87833 00912a23 7ff77493 00389713 0146d893 00381813 01212823 00e7e7b3 7ff8f893 01d65713 00112e23 00812c23 01312623 01f5d913 01f6d693 01076733 00351513 00361613 41148833 2ad91a63 11005c63 04089063 00c766b3 66068063 fff80593 02059063 00c50633 00a636b3 00e78733 00060513 00d707b3 00100493 06c0006f 7ff00693 02d81063 7ff00493 1f80006f 7ff00693 1ed48863 008006b7 00d76733 00080593 03800693 0ab6c863 01f00693 06b6ca63 02000813 40b80833 010716b3 00b658b3 01061833 0116e6b3 01003833 0106e6b3 00b755b3 00a68533 00f585b3 00d536b3 00d587b3 00879713 18075c63 00148493 7ff00713 5ae48a63 ff800737 fff70713 00e7f733 00155793 00157513 00a7e7b3 01f71513 00f56533 00175793 1640006f fe058693 02000893 00d756b3 00000813 01158863 04000813 40b80833 01071833 00c86833 01003833 0106e6b3 00000593 f85ff06f 00c766b3 00d036b3 ff1ff06f 0c080a63 409886b3 02049463 00a7e5b3 50058e63 fff68593 ee0584e3 7ff00813 03069263 00070793 00060513 ef9ff06f 7ff00593 feb888e3 008005b7 00b7e7b3 00068593 03800693 08b6c063 01f00693 04b6c263 02000813 40b80833 010796b3 00b55333 01051833 0066e6b3 01003833 0106e6b3 00b7d5b3 00c68633 00e585b3 00d636b3 00060513 00d587b3 00088493 ef5ff06f fe058693 02000313 00d7d6b3 00000813 00658863 04000813 40b80833 01079833 00a86833 01003833 0106e6b3 00000593 fb5ff06f 00a7e6b3 00d036b3 ff1ff06f 00148693 7fe6f593 08059663 00a7e6b3 06049263 44068863 00c766b3 02068863 00c50633 00a636b3 00e78733 00d707b3 00879713 00060513 00075a63 ff800737 fff70713 00e7f7b3 00100493 00757713 44070863 00f57713 00400693 44d70263 00450713 00a736b3 00d787b3 00070513 4300006f ec068ee3 00c76633 dc060ae3 00000913 004007b7 00000513 7ff00493 4100006f 7ff00593 3cb68c63 00c50633 00a63533 00e78733 00a70733 01f71513 00165613 00c56533 00175793 00068493 f8dff06f 0f005c63 08089e63 00c766b3 3a068863 fff80693 02069063 40c50633 00c536b3 40e78733 00060513 40d707b3 00100493 0540006f 7ff00593 d4b80ae3 03800593 0ad5c663 01f00593 06d5c863 02000813 40d80833 00d658b3 010715b3 01061833 0115e5b3 01003833 0105e633 00d756b3 40c50633 00c53733 40d786b3 00060513 40e687b3 00879713 f00750e3 00800437 fff40413 0087f433 00050993 2100006f 7ff00693 eed482e3 008006b7 00d76733 00080693 f89ff06f fe068593 02000893 00b755b3 00000813 01168863 04000813 40d80833 01071833 00c86833 01003833 0105e633 00000693 f89ff06f 00c76633 00c03633 ff1ff06f 0e080863 40988833 04049263 00a7e5b3 2a058e63 fff80593 00059e63 40a60533 40f70733 00a63633 40c707b3 00068913 f05ff06f 7ff00313 02681463 00070793 00060513 7ff00493 0d00006f 7ff00593 feb886e3 008005b7 00b7e7b3 00080593 03800813 08b84063 01f00813 04b84263 02000313 40b30333 00b55e33 00679833 00651333 01c86833 00603333 00686533 00b7d5b3 40a60533 40b705b3 00a63633 40c587b3 00088493 00068913 ee1ff06f fe058813 02000e13 0107d833 00000313 01c58863 04000313 40b30333 00679333 00a36333 00603333 00686533 00000593 fb5ff06f 00a7e533 00a03533 ff1ff06f 00148593 7fe5f593 08059663 00a7e833 00c765b3 06049063 00081c63 10058e63 00070793 00060513 00068913 d75ff06f d60588e3 40c50833 010538b3 40e785b3 411585b3 00859893 0008dc63 40a60533 40f70733 00a63633 40c707b3 fcdff06f 00b86533 18050463 00058793 00080513 d31ff06f 00081c63 d4058ee3 00070793 00060513 00068913 b1dff06f b0058ce3 d45ff06f 40c505b3 00b53833 40e78433 41040433 00841813 00058993 08085063 40a609b3 40f70433 01363633 40c40433 00068913 06040e63 00040513 5c4020ef ff850693 02000793 40d787b3 00d41433 00f9d7b3 0087e7b3 00d99433 0a96c463 409686b3 00168613 01f00713 06c74263 02000713 40c70733 00e79533 00c456b3 00e41733 00d56533 00e03733 00e56533 00c7d7b3 00000493 c79ff06f 0085e5b3 f8059ae3 00000493 00000913 08c0006f 00098513 54c020ef 01850693 01f00793 f8d7d2e3 ff850793 00f997b3 f91ff06f fe168693 00d7d533 02000693 00000713 00d60863 04000713 40c70733 00e79733 00e46733 00e03733 00e56533 00000793 f95ff06f ff800737 fff70713 40d484b3 00e7f7b3 00040513 bf9ff06f 00070793 00060513 c5dff06f 00070793 00060513 be1ff06f 7ff00493 00000793 00000513 0240006f 00080493 bc9ff06f 00070793 00060513 00080493 e41ff06f 00000793 00000913 00879713 00075e63 00148493 7ff00713 08e48263 ff800737 fff70713 00e7f7b3 01d79693 00355513 7ff00713 00a6e6b3 0037d793 00e49e63 00f6e6b3 00000793 00068863 000807b7 00000693 00000913 01449713 7ff00637 00c79793 00c77733 01c12083 01812403 00c7d793 00f767b3 01f91713 00e7e633 01412483 01012903 00c12983 00068513 00060593 02010113 00008067 00000793 00000513 f85ff06f 0146d793 0145d893 00100737 fff70713 00050813 00050e13 7ff8f893 7ff7f513 7ff00793 00b77333 00060e93 00d77733 01f5d593 01f6d693 00f89663 010367b3 06079c63 7ff00793 00f51663 00c767b3 06079463 00000793 00089663 01036833 00183793 04051e63 00c76633 00078c63 02060063 00100513 00069c63 fff00513 00008067 04061063 fff00513 04058463 00008067 fea8c0e3 fe6768e3 00e31863 ffcee4e3 00000513 ffde74e3 00100513 fe0590e3 fc9ff06f ffe00513 00008067 fa079ae3 fcb692e3 fd1556e3 fff00513 fc0690e3 00100513 00008067 fd010113 01512a23 0145da93 02812423 02912223 01312e23 01412c23 01612823 00c59493 02112623 03212023 01712623 7ffafa93 00050413 00060b13 00068993 00c4d493 01f5da13 240a8e63 7ff00793 2cfa8063 00349493 01d55793 0097e7b3 008004b7 0097e4b3 00351913 c01a8a93 00000b93 0149d713 00c99413 7ff77713 00c45413 01f9d993 2c070063 7ff00793 32f70463 00341413 01db5793 0087e7b3 00800437 0087e433 c0170693 003b1793 00000713 00da8ab3 002b9693 00e6e6b3 00a00613 001a8513 40d64663 00200613 013a45b3 30d64e63 fff68693 00100613 32d67a63 00010337 fff30e13 01095713 0107d893 01c97933 01c7ff33 03e907b3 03e70eb3 0107d813 03288633 01d60633 00c80833 031706b3 01d87463 006686b3 01085293 01c87833 01c7f7b3 01045613 01c47e33 01081813 00f80833 03c90eb3 03c707b3 03260933 02c70333 00f90933 010ed713 01270733 00f77663 000107b7 00f30333 00010437 01075793 fff40f93 00678333 01f777b3 01fefeb3 01079793 01f4ffb3 01d787b3 0104de93 03ff03b3 00f282b3 03ee8f33 0103d713 03d884b3 03f888b3 01e888b3 01170733 01e77463 008484b3 01075f13 009f0f33 000104b7 fff48413 00877733 0083f3b3 01071713 007708b3 03fe03b3 03ce8e33 03d60eb3 03f60633 0103df93 01c60633 00cf8fb3 01cff463 009e8eb3 008ff733 0083f3b3 01071713 005686b3 00770733 00670333 00f6b7b3 00f307b3 00e33633 011688b3 0067b333 00666633 00d8b6b3 01e78333 00d306b3 00f33733 010fdf93 0066b333 00989793 01f60633 00676733 00c70733 0107e7b3 01d70733 00f037b3 0178d893 00971713 0176d413 0117e7b3 00969693 00d7e7b3 00771693 00876433 0206d063 0017d713 0017f793 00f76733 01f41793 00f767b3 00145413 00050a93 000a8513 18c0006f 00a4e933 08090063 04048063 00048513 06c020ef ff550713 01d00793 ff850693 40e787b3 00d494b3 00f457b3 0097e7b3 00d414b3 c0d00a93 00048913 40aa8ab3 00078493 d89ff06f 034020ef 00050793 01578713 01c00693 02050513 fae6dee3 ff878793 00f417b3 fcdff06f 00a4e933 02091263 00000493 7ff00a93 00200b93 d51ff06f 00000493 00000a93 00100b93 d41ff06f 00050913 7ff00a93 00300b93 d31ff06f 016467b3 08078263 04040063 00040513 7c9010ef ff550693 01d00713 ff850793 40d70733 00f41433 00eb5733 00876733 00fb1433 c0d00693 00040793 40a686b3 00070413 d25ff06f 000b0513 78d010ef 00050793 01578693 01c00713 02050513 fad75ce3 ff878793 00fb1733 fc9ff06f 016467b3 02079263 00000413 7ff00693 00200713 ce9ff06f 00000413 00000693 00100713 cd9ff06f 000b0793 7ff00693 00300713 cc9ff06f 00100613 00d61633 53067693 0e069663 24067813 1a081a63 08867613 cc060ce3 00098593 00200693 18d70863 00300693 1ad70463 00100693 1ad70663 3ff50613 0cc05463 0077f713 02070063 00f7f713 00400693 00d70a63 00478713 00f736b3 00d40433 00070793 00741713 00075a63 ff000737 fff70713 00e47433 40050613 7fe00713 12c74a63 0037d793 01d41693 00f6e6b3 00345713 00c71713 02c12083 02812403 01461613 00c75713 01f59593 00e66633 00b667b3 02412483 02012903 01c12983 01812a03 01412a83 01012b03 00c12b83 00068513 00078593 03010113 00008067 00f00613 0ec68863 00b00613 000a0593 f2c686e3 00048413 00090793 000b8713 f21ff06f 00100713 40c70733 03800693 0ce6c863 01f00693 06e6c463 41e50513 00e7d633 00a416b3 00a79533 00c6e6b3 00a03533 00a6e7b3 00e45733 0077f693 02068063 00f7f693 00400613 00c68a63 00478693 00f6b633 00c70733 00068793 00871693 0806c463 01d71693 0037d793 00f6e6b3 00375713 00000613 f19ff06f fe100693 40c686b3 02000813 00d456b3 00000613 01070663 43e50613 00c41633 00f66633 00c03633 00c6e7b3 00000713 f8dff06f 00000713 00000693 7ff00613 ed5ff06f 00080737 7ff00613 00000593 ec5ff06f 00080737 00000693 fedff06f 00000713 00000693 f91ff06f 00000713 00000693 00100613 e9dff06f 00100837 fff80813 fe010113 00b878b3 0145d713 01d55793 00d87833 01212823 7ff77913 00389713 0146d893 00912a23 00e7e7b3 01f5d493 01d65713 00381813 00112e23 00812c23 01312623 7ff8f893 7ff00593 00351513 01f6d693 01076733 00361613 00b89663 00c765b3 00059463 0016c693 41190833 2a969a63 11005c63 04089063 00c766b3 66068063 fff80593 02059063 00c50633 00a636b3 00e78733 00060513 00d707b3 00100913 06c0006f 7ff00693 02d81063 7ff00913 1f80006f 7ff00693 1ed90863 008006b7 00d76733 00080593 03800693 0ab6c863 01f00693 06b6ca63 02000813 40b80833 010716b3 00b658b3 01061833 0116e6b3 01003833 0106e6b3 00b755b3 00a68533 00f585b3 00d536b3 00d587b3 00879713 18075c63 00190913 7ff00713 5ae90a63 ff800737 fff70713 00e7f733 00155793 00157513 00a7e7b3 01f71513 00f56533 00175793 1640006f fe058693 02000893 00d756b3 00000813 01158863 04000813 40b80833 01071833 00c86833 01003833 0106e6b3 00000593 f85ff06f 00c766b3 00d036b3 ff1ff06f 0c080a63 412886b3 02091463 00a7e5b3 50058e63 fff68593 ee0584e3 7ff00813 03069263 00070793 00060513 ef9ff06f 7ff00593 feb888e3 008005b7 00b7e7b3 00068593 03800693 08b6c063 01f00693 04b6c263 02000813 40b80833 010796b3 00b55333 01051833 0066e6b3 01003833 0106e6b3 00b7d5b3 00c68633 00e585b3 00d636b3 00060513 00d587b3 00088913 ef5ff06f fe058693 02000313 00d7d6b3 00000813 00658863 04000813 40b80833 01079833 00a86833 01003833 0106e6b3 00000593 fb5ff06f 00a7e6b3 00d036b3 ff1ff06f 00190693 7fe6f593 08059663 00a7e6b3 06091263 44068863 00c766b3 02068863 00c50633 00a636b3 00e78733 00d707b3 00879713 00060513 00075a63 ff800737 fff70713 00e7f7b3 00100913 00757713 44070863 00f57713 00400693 44d70263 00450713 00a736b3 00d787b3 00070513 4300006f ec068ee3 00c76633 dc060ae3 00000493 004007b7 00000513 7ff00913 4100006f 7ff00593 3cb68c63 00c50633 00a63533 00e78733 00a70733 01f71513 00165613 00c56533 00175793 00068913 f8dff06f 0f005c63 08089e63 00c766b3 3a068863 fff80693 02069063 40c50633 00c536b3 40e78733 00060513 40d707b3 00100913 0540006f 7ff00593 d4b80ae3 03800593 0ad5c663 01f00593 06d5c863 02000813 40d80833 00d658b3 010715b3 01061833 0115e5b3 01003833 0105e633 00d756b3 40c50633 00c53733 40d786b3 00060513 40e687b3 00879713 f00750e3 00800437 fff40413 0087f433 00050993 2100006f 7ff00693 eed902e3 008006b7 00d76733 00080693 f89ff06f fe068593 02000893 00b755b3 00000813 01168863 04000813 40d80833 01071833 00c86833 01003833 0105e633 00000693 f89ff06f 00c76633 00c03633 ff1ff06f 0e080863 41288833 04091263 00a7e5b3 2a058e63 fff80593 00059e63 40a60533 40f70733 00a63633 40c707b3 00068493 f05ff06f 7ff00313 02681463 00070793 00060513 7ff00913 0d00006f 7ff00593 feb886e3 008005b7 00b7e7b3 00080593 03800813 08b84063 01f00813 04b84263 02000313 40b30333 00b55e33 00679833 00651333 01c86833 00603333 00686533 00b7d5b3 40a60533 40b705b3 00a63633 40c587b3 00088913 00068493 ee1ff06f fe058813 02000e13 0107d833 00000313 01c58863 04000313 40b30333 00679333 00a36333 00603333 00686533 00000593 fb5ff06f 00a7e533 00a03533 ff1ff06f 00190593 7fe5f593 08059663 00c765b3 00a7e833 06091063 00081c63 10058e63 00070793 00060513 00068493 d75ff06f d60588e3 40c50833 010538b3 40e785b3 411585b3 00859893 0008dc63 40a60533 40f70733 00a63633 40c707b3 fcdff06f 00b86533 18050463 00058793 00080513 d31ff06f 00081c63 d4058ee3 00070793 00060513 00068493 b1dff06f b0058ce3 d45ff06f 40c505b3 00b53833 40e78433 41040433 00841813 00058993 08085063 40a609b3 40f70433 01363633 40c40433 00068493 06040e63 00040513 750010ef ff850693 02000793 40d787b3 00d41433 00f9d7b3 0087e7b3 00d99433 0b26c463 412686b3 00168613 01f00713 06c74263 02000713 40c70733 00e79533 00c456b3 00e41733 00d56533 00e03733 00e56533 00c7d7b3 00000913 c79ff06f 0085e5b3 f8059ae3 00000913 00000493 08c0006f 00098513 6d8010ef 01850693 01f00793 f8d7d2e3 ff850793 00f997b3 f91ff06f fe168693 00d7d533 02000693 00000713 00d60863 04000713 40c70733 00e79733 00e46733 00e03733 00e56533 00000793 f95ff06f ff800737 fff70713 40d90933 00e7f7b3 00040513 bf9ff06f 00070793 00060513 c5dff06f 00070793 00060513 be1ff06f 7ff00913 00000793 00000513 0240006f 00080913 bc9ff06f 00070793 00060513 00080913 e41ff06f 00000793 00000493 00879713 00075e63 00190913 7ff00713 08e90263 ff800737 fff70713 00e7f7b3 01d79693 00355513 7ff00713 00a6e6b3 0037d793 00e91e63 00f6e6b3 00000793 00068863 000807b7 00000693 00000493 01491713 7ff00637 00c79793 00c77733 01c12083 01812403 00c7d793 00f767b3 01f49713 00e7e633 01412483 01012903 00c12983 00068513 00060593 02010113 00008067 00000793 00000513 f85ff06f 0145d713 001006b7 fff68793 7ff77713 3fe00613 00b7f7b3 01f5d593 04e65e63 41d00613 00e65a63 80000537 fff50513 00a58533 00008067 00d7e7b3 43300693 40e686b3 01f00613 02d64063 bed70713 00e797b3 00d55533 00a7e533 02058063 40a00533 00008067 41300693 40e68733 00e7d533 fe9ff06f 00000513 00008067 ff010113 00112623 00812423 00912223 08050663 41f55793 00a7c433 40f40433 01f55493 00040513 4e0010ef 41e00713 00a00793 40a70733 04a7c863 00b00793 40a787b3 01550513 00f457b3 00a41433 00048513 00c79793 00c7d793 01471713 01f51513 00f76733 00c12083 00a767b3 00040513 00812403 00412483 00078593 01010113 00008067 ff550513 00a417b3 00048513 00000413 fbdff06f 00000713 00000793 ff1ff06f 008006b7 fff68693 ff010113 00a6f633 01755713 00812423 01f55413 00361513 0175d613 00b6f6b3 01212023 0ff67613 0ff77913 00112623 00912223 01f5d593 00369793 40c906b3 18b41063 08d05c63 02061663 02078063 fff90693 00069863 00a787b3 00100913 04c0006f 0ff00713 00e91e63 00050793 10c0006f 0ff00713 fee90ae3 04000737 00e7e7b3 01b00613 00100713 00d64e63 02000613 00d7d733 40d606b3 00d796b3 00d036b3 00d76733 00a707b3 00579713 0c075663 00190913 0ff00713 2ce90a63 7e000737 0017f693 fff70713 0017d793 00e7f7b3 00d7e7b3 0a40006f 06068663 41260733 02091063 0c050863 fff70693 f60684e3 0ff00593 02b71063 0ff00913 07c0006f 0ff00693 fed60ae3 040006b7 00d56533 00070693 01b00593 00100713 00d5ce63 02000713 40d70733 00e51733 00d555b3 00e03733 00e5e733 00e787b3 00060913 f69ff06f 00190713 0fe77693 04069c63 04091263 02050263 f00788e3 00a787b3 00579713 00075a63 fc000737 fff70713 00e7f7b3 00100913 0077f713 20070a63 00f7f713 00400693 20d70463 00478793 2000006f f60502e3 16079663 00050793 f59ff06f 0ff00693 1ed70063 00f507b3 0017d793 00070913 fc1ff06f 06d05e63 06061263 ea0782e3 fff90693 00069863 40f507b3 00100913 0340006f 0ff00713 e8e904e3 01b00613 00100713 00d64e63 02000613 00d7d733 40d606b3 00d796b3 00d036b3 00d76733 40e507b3 00579713 f60754e3 040004b7 fff48493 0097f4b3 1080006f 0ff00713 e4e900e3 04000737 00e7e7b3 fb1ff06f 06068e63 41260733 02091663 1a050e63 fff70693 00069863 40a787b3 00058413 f7dff06f 0ff00813 03071063 0ff00913 19c0006f 0ff00693 fed60ae3 040006b7 00d56533 00070693 01b00813 00100713 00d84e63 02000713 40d70733 00e51733 00d55833 00e03733 00e86733 40e787b3 00060913 00058413 f5dff06f 00190713 0fe77713 04071c63 02091c63 00051863 12079e63 00000413 0c00006f d8078ae3 40f50733 00571693 40a787b3 1206c063 00070793 e80716e3 00000793 fd9ff06f ea0510e3 00058413 de079ce3 00000413 020007b7 0ff00913 0800006f 40f504b3 00549713 04075463 40a784b3 00058413 00048513 128010ef ffb50513 00a494b3 03254e63 41250533 00150513 02000713 40a70733 00a4d7b3 00e494b3 009034b3 0097e7b3 00000913 e19ff06f fc0492e3 00000793 00000913 f5dff06f fc0007b7 fff78793 40a90933 00f4f7b3 df5ff06f 0ff00913 00000793 00579713 00075e63 00190913 0ff00713 06e90663 fc000737 fff70713 00e7f7b3 0ff00713 0037d793 00e91863 00078663 004007b7 00000413 00c12083 01791713 01f41513 7f8006b7 00812403 00979793 00d77733 0097d793 00f767b3 00412483 00012903 00a7e533 01010113 00008067 00070913 00058413 d71ff06f 00000793 fa1ff06f fe010113 00912a23 01755493 01212823 01312623 01412423 00951993 00112e23 00812c23 01512223 0ff4f493 00058a13 0099d993 01f55913 08048463 0ff00793 0af48063 00399993 040007b7 00f9e9b3 f8148493 00000a93 017a5793 009a1413 0ff7f793 00945413 01fa5a13 08078a63 0ff00713 0ae78663 00341413 04000737 00e46433 f8178793 00000713 40f484b3 002a9793 00e7e7b3 fff78793 00e00613 014946b3 08f66e63 00018637 00279793 39060613 00c787b3 0007a783 00078067 02098a63 00098513 779000ef ffb50793 f8a00493 00f999b3 40a484b3 f79ff06f 0ff00493 00200a93 f60988e3 00300a93 f69ff06f 00000493 00100a93 f5dff06f 02040a63 00040513 739000ef ffb50793 00f41433 f8a00793 40a787b3 f6dff06f 0ff00793 00200713 f60402e3 00300713 f5dff06f 00000793 00100713 f51ff06f 00541613 1289f263 fff48493 00000793 01065593 02b9d833 00010737 fe070713 00e67733 0107d793 02b9f9b3 00080413 03070533 01099993 0137e7b3 00a7fe63 00f607b3 fff80413 00c7e863 00a7f663 ffe80413 00c787b3 40a787b3 02b7d533 02b7f7b3 00050593 02a70733 01079793 02e7f263 00c78833 00f838b3 fff50593 00080793 00089863 00e87663 ffe50593 00c807b3 01041413 40e787b3 00b46433 00f037b3 00f46433 07f48713 0ce05863 00747793 00078a63 00f47793 00400613 00c78463 00440413 00441793 0007da63 f80007b7 fff78793 00f47433 08048713 0fe00793 06e7ca63 00345793 01c12083 01812403 00979793 01771713 0097d793 00f76733 01f69513 01412483 01012903 00c12983 00812a03 00412a83 00a76533 02010113 00008067 01f99793 0019d993 ee1ff06f 00090693 00098413 000a8713 00300793 08f70663 00100793 08f70a63 00200793 f4f71ae3 00000793 0ff00713 f8dff06f 000a0693 fd9ff06f 00400437 00000693 00300713 fc9ff06f 00100793 40e787b3 01b00713 04f74c63 09e48493 00f457b3 00941433 00803433 0087e7b3 0077f713 00070a63 00f7f713 00400613 00c70463 00478793 00579713 0037d793 02075263 00000793 00100713 f21ff06f 004007b7 0ff00713 00000693 f11ff06f 00000793 00000713 f05ff06f 01755693 008007b7 fff78793 0175d613 0ff6f693 0ff00893 00a7f833 01f55713 00b7f7b3 0ff67613 01f5d593 00100513 01169a63 00081663 00d61463 00078a63 00008067 ff160ee3 fec69ce3 fef81ae3 00000513 feb706e3 00100513 fe0692e3 01003533 00008067 008007b7 fff78793 01755693 00a7f633 01f55713 0ff6f693 0175d513 0ff00813 00b7f7b3 0ff57513 01f5d593 01069463 04061263 0ff00813 01051463 02079c63 04069a63 02051c63 04061863 04078263 00100513 02059e63 fff00513 00008067 fea6c8e3 02c7e263 00000513 02f67263 fe1ff06f ffe00513 00008067 fc060ae3 00e59e63 fcd55ee3 fff00513 00058c63 00008067 fe0516e3 fe0794e3 fff00513 fe0718e3 00100513 00008067 008007b7 fff78793 01755693 00a7f633 01f55713 0ff6f693 0175d513 0ff00813 00b7f7b3 0ff57513 01f5d593 01069463 04061263 0ff00813 01051463 02079c63 04069a63 02051c63 04061863 04078263 00100513 02059e63 fff00513 00008067 fea6c8e3 02c7e263 00000513 02f67263 fe1ff06f 00200513 00008067 fc060ae3 00e59e63 fcd55ee3 fff00513 00058c63 00008067 fe0516e3 fe0794e3 fff00513 fe0718e3 00100513 00008067 fe010113 01212823 01755913 00912a23 01312623 01512223 00951493 00112e23 00812c23 01412423 0ff97913 00058a93 0094d493 01f55993 10090863 0ff00793 12f90463 00349493 040007b7 00f4e4b3 f8190913 00000a13 017ad793 009a9413 0ff7f793 00945413 01fada93 10078e63 0ff00713 12e78a63 00341413 04000737 00e46433 f8178793 00000713 00f90933 002a1793 00e7e7b3 00a00613 00190693 1ef64263 00200613 0159c9b3 10f64e63 fff78793 00100613 12f67a63 00010837 fff80513 0104d613 01045793 00a4f4b3 00a47433 029405b3 02860433 02f60633 029787b3 00878733 0105d793 00e787b3 0087f463 01060633 00a7f733 01071713 00a5f5b3 00b70733 0107d793 00671413 00c787b3 01a75713 00679793 00803433 00e46433 00479713 0087e433 00075a63 00145793 00147413 0087e433 00068913 00090693 0c00006f 02048a63 00048513 205000ef ffb50793 f8a00913 00f494b3 40a90933 ef1ff06f 0ff00913 00200a13 ee0484e3 00300a13 ee1ff06f 00000913 00100a13 ed5ff06f 02040a63 00040513 1c5000ef ffb50793 00f41433 f8a00793 40a787b3 ee5ff06f 0ff00793 00200713 ec040ee3 00300713 ed5ff06f 00000793 00100713 ec9ff06f 00100613 00f617b3 5307f613 0c061063 2407f613 12061263 0887f793 ec078ce3 000a8993 00200793 10f70263 00300793 10f70463 00100793 10f70863 07f68713 08e05c63 00747793 00078a63 00f47793 00400613 00c78463 00440413 00441793 0007da63 f80007b7 fff78793 00f47433 08068713 0fe00793 0ae7ca63 00345793 01c12083 01812403 00979793 01771513 0097d793 01f99993 00f56533 01412483 01012903 00812a03 00412a83 01356533 00c12983 02010113 00008067 00f00613 06c78c63 00b00613 f4c78ce3 00048413 000a0713 f51ff06f 00100793 40e787b3 01b00713 06f74263 09e68693 00d416b3 00f457b3 00d036b3 00d7e7b3 0077f713 00070a63 00f7f713 00400693 00d70463 00478793 00579713 0037d793 02075863 00000793 00100713 f59ff06f 00000793 0ff00713 f4dff06f 004007b7 0ff00713 00000993 f3dff06f 00000793 00000713 f31ff06f 008006b7 fff68693 ff010113 00a6f633 01755713 00812423 01f55413 00361513 0175d613 00b6f6b3 01212023 00112623 0ff77913 00912223 0ff67613 0ff00713 01f5d593 00369793 00e61463 00079463 0015c593 40c906b3 18859063 08d05c63 02061663 02078063 fff90693 00069863 00a787b3 00100913 04c0006f 0ff00713 00e91e63 00050793 10c0006f 0ff00713 fee90ae3 04000737 00e7e7b3 01b00613 00100713 00d64e63 02000613 00d7d733 40d606b3 00d796b3 00d036b3 00d76733 00a707b3 00579713 0c075663 00190913 0ff00713 2ce90a63 7e000737 0017f693 fff70713 0017d793 00e7f7b3 00d7e7b3 0a40006f 06068663 41260733 02091063 0c050863 fff70693 f60684e3 0ff00593 02b71063 0ff00913 07c0006f 0ff00693 fed60ae3 040006b7 00d56533 00070693 01b00593 00100713 00d5ce63 02000713 40d70733 00e51733 00d555b3 00e03733 00e5e733 00e787b3 00060913 f69ff06f 00190713 0fe77693 04069c63 04091263 02050263 f00788e3 00a787b3 00579713 00075a63 fc000737 fff70713 00e7f7b3 00100913 0077f713 20070a63 00f7f713 00400693 20d70463 00478793 2000006f f60502e3 16079663 00050793 f59ff06f 0ff00693 1ed70063 00f507b3 0017d793 00070913 fc1ff06f 06d05e63 06061263 ea0782e3 fff90693 00069863 40f507b3 00100913 0340006f 0ff00713 e8e904e3 01b00613 00100713 00d64e63 02000613 00d7d733 40d606b3 00d796b3 00d036b3 00d76733 40e507b3 00579713 f60754e3 040004b7 fff48493 0097f4b3 1080006f 0ff00713 e4e900e3 04000737 00e7e7b3 fb1ff06f 06068e63 41260733 02091663 1a050e63 fff70693 00069863 40a787b3 00058413 f7dff06f 0ff00813 03071063 0ff00913 19c0006f 0ff00693 fed60ae3 040006b7 00d56533 00070693 01b00813 00100713 00d84e63 02000713 40d70733 00e51733 00d55833 00e03733 00e86733 40e787b3 00060913 00058413 f5dff06f 00190713 0fe77713 04071c63 02091c63 00051863 12079e63 00000413 0c00006f d8078ae3 40f50733 00571693 40a787b3 1206c063 00070793 e80716e3 00000793 fd9ff06f ea0510e3 00058413 de079ce3 00000413 020007b7 0ff00913 0800006f 40f504b3 00549713 04075463 40a784b3 00058413 00048513 4f0000ef ffb50513 00a494b3 03254e63 41250533 00150513 02000713 40a70733 00a4d7b3 00e494b3 009034b3 0097e7b3 00000913 e19ff06f fc0492e3 00000793 00000913 f5dff06f fc0007b7 fff78793 40a90933 00f4f7b3 df5ff06f 0ff00913 00000793 00579713 00075e63 00190913 0ff00713 06e90663 fc000737 fff70713 00e7f7b3 0ff00713 0037d793 00e91863 00078663 004007b7 00000413 00c12083 01791713 01f41513 7f8006b7 00812403 00979793 00d77733 0097d793 00f767b3 00412483 00012903 00a7e533 01010113 00008067 00070913 00058413 d71ff06f 00000793 fa1ff06f 008007b7 fff78793 00a7f733 01755513 00b7f7b3 0ff57513 0175d593 0ff00693 0ff5f593 00d51663 00100513 00071a63 0ff00713 00000513 00e59463 00f03533 00008067 008005b7 01755793 fff58693 0ff7f793 07e00613 00a6f6b3 01f55713 04f65263 00174613 09e60613 fff70513 02c7dc63 00000513 02071863 09500713 00b6e533 00f75863 f6a78793 00f51533 00008067 09600713 40f707b3 00f55533 00008067 00000513 00008067 ff010113 00112623 00812423 00912223 00050793 0e050063 41f55713 00a74433 40e40433 01f55493 00040513 330000ef 09e00793 40a787b3 09600713 04f74063 00800713 0ae50e63 ff850513 00a41433 00941413 00945413 01779793 00c12083 0087e7b3 00812403 01f49513 00a7e533 00412483 01010113 00008067 09900713 06f75463 00500713 40a70733 01b50693 00e45733 00d41433 00803433 00876733 fc000437 fff40413 00777693 00877433 00068a63 00f77713 00400693 00d70463 00440413 00541713 00075c63 fc0007b7 fff78793 00f47433 09f00793 40a787b3 00345413 f6dff06f ffb50713 00e41733 fb1ff06f 00000493 00000413 f55ff06f 09600793 f4dff06f 01755713 0ff77713 ff010113 00170793 00812423 00912223 00951413 00112623 0fe7f793 00945413 01f55493 04078263 00345793 38070713 01d41413 00c79793 00c7d793 01471713 01f49513 00f76733 00c12083 00a767b3 00040513 00812403 00412483 00078593 01010113 00008067 04071663 00000793 fc0402e3 00040513 1d4000ef 00a00793 02a7c263 00b00793 40a787b3 01550713 00f457b3 00e41433 38900713 40a70733 f95ff06f ff550793 00f417b3 00000413 fe9ff06f 00000793 00040a63 00345793 00080737 01d41413 00e7e7b3 7ff00713 f65ff06f 0145d613 7ff67613 00c59793 00160713 0097d793 01d55693 7fe77713 00f6e6b3 01f5d593 00351793 0a070663 c8060713 0fe00813 0ce84263 08e04063 fe900513 10a74a63 00800537 00a6e6b3 01e00513 40e50533 01f00813 02a84863 c8260613 00a7d533 00c797b3 00f037b3 00c696b3 00d7e7b3 00f567b3 00000713 0077f693 08068063 0d80006f ffe00813 40e80833 02000893 0106d833 00000713 01150663 ca260613 00c69733 00f76733 00e03733 00e867b3 fc5ff06f 00651513 00a03533 00369693 01d7d793 00d566b3 00f6e7b3 fadff06f 00f6e7b3 00061663 00f037b3 f99ff06f 0ff00713 00078c63 00369693 020007b7 fd9ff06f 00000793 0ff00713 00579693 0006de63 00170713 0ff00693 06d70063 fc0006b7 fff68693 00d7f7b3 0ff00693 0037d793 00d71863 00078663 004007b7 00000593 7f8006b7 01771713 00d77733 00f76733 01f59513 00a76533 00008067 00100793 00000713 00f7f693 00400613 f8c68ee3 00478793 f95ff06f 00000793 fadff06f 000107b7 02f57a63 10053793 0017b793 00379793 00018737 02000693 40f686b3 00f55533 3cc70793 00a787b3 0007c503 40a68533 00008067 01000737 01800793 fce57ae3 01000793 fcdff06f 00019637 0000d5b7 07860613 61058593 00000513 23c0006f 00c22583 ff010113 00812423 00112623 b0c18793 00050413 00f58463 531040ef 00822583 b7418793 00f58663 00040513 51d040ef 00422583 bdc18793 00f58c63 00040513 00812403 00c12083 01010113 4fd0406f 00c12083 00812403 01010113 00008067 fe010113 000097b7 00812c23 8ac78793 b0c18413 00112e23 00912a23 01212823 01312623 01412423 9cf1a223 00800613 00400793 00000593 b6818513 00f42623 00042023 00042223 00042423 06042223 00042823 00042a23 00042c23 5bc000ef 00009a37 000099b7 00009937 000094b7 bf8a0a13 c5498993 cdc90913 d5448493 b6418513 03442023 03342223 03242423 02942623 00842e23 7a4090ef 000107b7 00978793 00800613 00000593 bd018513 06f42a23 06042423 06042623 06042823 0c042623 06042c23 06042e23 08042023 548000ef b7418793 bcc18513 08f42223 09442423 09342623 09242823 08942a23 74c090ef 000207b7 01278793 00800613 00000593 c3818513 0cf42e23 0c042823 0c042a23 0c042c23 12042a23 0e042023 0e042223 0e042423 4f0000ef bdc18793 0f442823 0f342a23 0f242c23 0e942e23 0ef42623 01812403 01c12083 01412483 01012903 00c12983 00812a03 c3418513 02010113 6d80906f ff010113 00812423 e2418513 00112623 708090ef 01022703 00071c63 9c41a683 00009737 8c470713 00e22823 00068c63 e2418513 00812403 00c12083 01010113 70c0906f e55ff0ef e2418513 00812403 00c12083 01010113 6f40906f e2418513 6b80906f e2418513 6e40906f fd010113 03212023 01312e23 01412c23 01512a23 01612823 01712623 02112623 02812423 02912223 00050b13 00058b93 00060a93 00000a13 00100993 fff00913 004aa483 008aa403 fff48493 0204c863 00c45783 00f9fe63 00e41783 00040593 000b0513 01278663 000b80e7 00aa6a33 fff48493 06840413 fd249ce3 000aaa83 fc0a90e3 02c12083 02812403 02412483 02012903 01c12983 01412a83 01012b03 00c12b83 000a0513 01812a03 03010113 00008067 fc010113 02f12a23 02c12423 02d12623 02b12223 02e12823 03012c23 03112e23 00822583 02410693 00050613 00000513 00112e23 00d12623 518020ef 01c12083 04010113 00008067 ff010113 00812423 00058413 00e59583 00112623 1f0000ef 02054063 05042783 00c12083 00a787b3 04f42823 00812403 01010113 00008067 00c45783 fffff737 fff70713 00e7f7b3 00c12083 00f41623 00812403 01010113 00008067 00c59783 fe010113 00812c23 00912a23 01212823 01312623 00112e23 1007f713 00058413 00050493 00060913 00068993 04071063 fffff737 fff70713 00e7f7b3 00e41583 00f41623 01812403 01c12083 00098693 00090613 00c12983 01012903 00048513 01412483 02010113 1900006f 00e59583 00200693 00000613 0d8000ef 00c41783 fb1ff06f ff010113 00812423 00058413 00e59583 00112623 0b8000ef fff00793 02f50863 00c45783 00001737 00c12083 00e7e7b3 01079793 4107d793 04a42823 00f41623 00812403 01010113 00008067 00c45783 fffff737 fff70713 00e7f7b3 01079793 4107d793 00c12083 00f41623 00812403 01010113 00008067 00e59583 0040006f ff010113 00812423 00058513 00112623 9c01a423 218090ef fff00793 00f50a63 00c12083 00812403 01010113 00008067 9c81a783 fe0786e3 00c12083 00812403 00f22a23 01010113 00008067 ff010113 00812423 00058513 00060593 00068613 00112623 9c01a423 2ac090ef fff00793 00f50a63 00c12083 00812403 01010113 00008067 9c81a783 fe0786e3 00c12083 00812403 00f22a23 01010113 00008067 ff010113 00812423 00058513 00060593 00068613 00112623 9c01a423 278090ef fff00793 00f50a63 00c12083 00812403 01010113 00008067 9c81a783 fe0786e3 00c12083 00812403 00f22a23 01010113 00008067 ff010113 00812423 00058513 00060593 00068613 00112623 9c01a423 2a0090ef fff00793 00f50a63 00c12083 00812403 01010113 00008067 9c81a783 fe0786e3 00c12083 00812403 00f22a23 01010113 00008067 ff010113 00812423 000197b7 00019437 01212023 03c78793 03c40713 00112623 00912223 40e78933 02e78263 40295913 03c40413 00000493 00042783 00148493 00440413 000780e7 ff24e8e3 00019437 000197b7 04478793 03c40713 40e78933 40295913 02e78063 03c40413 00000493 00042783 00148493 00440413 000780e7 ff24e8e3 00c12083 00812403 00412483 00012903 01010113 00008067 00f00313 00050713 02c37e63 00f77793 0a079063 08059263 ff067693 00f67613 00e686b3 00b72023 00b72223 00b72423 00b72623 01070713 fed766e3 00061463 00008067 40c306b3 00269693 00000297 005686b3 00c68067 00b70723 00b706a3 00b70623 00b705a3 00b70523 00b704a3 00b70423 00b703a3 00b70323 00b702a3 00b70223 00b701a3 00b70123 00b700a3 00b70023 00008067 0ff5f593 00859693 00d5e5b3 01059693 00d5e5b3 f6dff06f 00279693 00000297 005686b3 00008293 fa0680e7 00028093 ff078793 40f70733 00f60633 f6c378e3 f3dff06f 00a5c7b3 0037f793 00c508b3 08079e63 00300793 08c7fa63 00357793 00050713 04079a63 ffc8f613 40e606b3 02000793 10d7c463 00058693 00070793 02c77863 0006a803 00478793 00468693 ff07ae23 fec7e8e3 fff60793 40e787b3 ffc7f793 00478793 00f70733 00f585b3 05176263 00008067 0005c683 00170713 00377793 fed70fa3 00158593 f8078ee3 0005c683 00170713 00377793 fed70fa3 00158593 fc079ae3 f81ff06f 00050713 13157c63 40e88833 fff80613 00500693 00070793 00c6f863 00b766b3 0036f693 00068e63 0005c783 00170713 00158593 fef70fa3 fee898e3 00008067 ffc87313 00658633 0005a683 00458593 00478793 fed7ae23 feb618e3 00670733 f66804e3 00064683 00170793 00d70023 f517fce3 00164683 00270793 00d700a3 f517f4e3 00264783 00f70123 00008067 ff010113 00812623 02000413 0005a383 0045a283 0085af83 00c5af03 0105ae83 0145ae03 0185a303 01c5a803 0205a683 02470713 40e607b3 fc772e23 fe572023 fff72223 ffe72423 ffd72623 ffc72823 fe672a23 ff072c23 fed72e23 02458593 faf446e3 00058693 00070793 02c77863 0006a803 00478793 00468693 ff07ae23 fec7e8e3 fff60793 40e787b3 ffc7f793 00478793 00f70733 00f585b3 01176a63 00c12403 01010113 00008067 00008067 40e88833 fff80613 00500693 00070793 00c6f863 00b766b3 0036f693 00068e63 0005c783 00170713 00158593 fef70fa3 fee898e3 fbdff06f ffc87313 00658633 0005a683 00458593 00478793 fed7ae23 feb618e3 00670733 f8680ce3 00064683 00170793 00d70023 f917f4e3 00164683 00270793 00d700a3 f717fce3 00264783 00f70123 f6dff06f fd010113 01712623 01612823 00050b13 9b01a503 01512a23 03212023 01312e23 02112623 00058993 6f5080ef 9cc1a903 18090063 01412c23 01812423 02812423 02912223 00100c13 fff00a13 08098263 01912223 00492403 fff40493 1404c063 00241413 00890433 0100006f fff48493 ffc40413 13448463 10442783 ff3798e3 00492c83 00442683 fffc8793 0e978863 00042223 fc068ce3 18892783 009c1733 00f777b3 0a079e63 000680e7 00492703 9cc1a783 01971463 faf90ae3 0e078063 00078913 f91ff06f 10070c63 00070913 00492783 fff78413 10044463 00279493 009904b3 fff78713 00078993 0044a783 06e40263 0004a223 02078e63 18892703 008c16b3 00e6f733 08070663 18c92703 0844a583 00e6f6b3 0a068e63 00058513 000780e7 00492783 9cc1a703 f8f99ee3 f8e91ce3 fff40413 ffc48493 0b440263 00492783 fff78713 00078993 0044a783 fae412e3 00892223 00040993 f9dff06f 18c92783 08442583 00f77733 00071e63 000b0513 000680e7 f35ff06f 00992223 00048c93 f11ff06f 00058513 000680e7 f1dff06f 000780e7 f8dff06f 02812403 02412483 01812a03 00812c03 00412c83 9b01a503 02c12083 02012903 01c12983 01412a83 01012b03 00c12b83 03010113 5810806f 000b0513 000780e7 f49ff06f 02812403 02412483 01812a03 00812c03 fc1ff06f 00050593 00000693 00000613 00000513 7010406f fe010113 01312623 000199b7 00812c23 00912a23 01212823 01412423 00112e23 00058a13 00050913 08498993 46d080ef 0089a703 000017b7 fef78793 00472483 00001737 ffc4f493 00f48433 41440433 00c45413 fff40413 00c41413 00e44e63 00000593 00090513 3dd040ef 0089a783 009787b3 02f50863 00090513 439080ef 01c12083 01812403 01412483 01012903 00c12983 00812a03 00000513 02010113 00008067 408005b3 00090513 399040ef fff00793 04f50863 c4418793 0007a703 0089a683 408484b3 0014e493 40870733 00090513 0096a223 00e7a023 3d9080ef 01c12083 01812403 01412483 01012903 00c12983 00812a03 00100513 02010113 00008067 00000593 00090513 339040ef 0089a703 00f00693 40e507b3 f4f6dee3 9b41a683 0017e793 00f72223 40d50533 c4a1a223 f45ff06f 18058263 ff010113 00812423 00912223 00058413 00050493 00112623 345080ef ffc42503 ff840713 000195b7 ffe57793 00f70633 08458593 00462683 0085a803 ffc6f693 1ac80263 00d62223 00157513 00d60833 0a051063 ff842303 00482803 00019537 40670733 00872883 08c50513 006787b3 00187813 14a88263 00c72303 0068a623 01132423 1a080663 0017e693 00d72223 00f62023 1ff00693 06f6ec63 ff87f693 00868693 0045a503 00d586b3 0006a603 0057d813 00100793 010797b3 00a7e7b3 ff868513 00a72623 00c72423 00f5a223 00e6a023 00e62623 00812403 00c12083 00048513 00412483 01010113 28d0806f 00482503 00157513 08050663 0017e693 fed42e23 00f62023 1ff00693 f8f6f8e3 0097d693 00400613 12d66063 0067d693 03968513 03868613 00351513 00a58533 00052683 ff850513 00d51863 1540006f 0086a683 00d50863 0046a603 ffc67613 fec7e8e3 00c6a503 00a72623 00d72423 00812403 00e52423 00c12083 00048513 00412483 00e6a623 01010113 1fd0806f 00008067 00019537 00d787b3 08c50513 00862683 0ca68c63 00c62803 0017e513 00f70633 0106a623 00d82423 00a72223 00f62023 ee1ff06f 12081c63 00862583 00c62603 00f686b3 0016e793 00c5a623 00b62423 00f72223 00d70733 00d72023 ef9ff06f 00157513 00d786b3 02051063 ff842503 40a70733 00c72783 00872603 00a686b3 00f62623 00c7a423 0016e613 9b81a783 00c72223 00e5a423 eaf6eee3 9d81a583 00048513 c9dff0ef eadff06f 00d787b3 f5dff06f 01400613 02d67063 05400613 06d66463 00c7d693 06f68513 06e68613 00351513 ed5ff06f 05c68513 05b68613 00351513 ec5ff06f 00e5aa23 00e5a823 0017e693 00a72623 00a72423 00d72223 00f70733 00f72023 e4dff06f 0045a803 40265613 00100793 00c797b3 0107e7b3 00f5a223 eb1ff06f 15400613 00d66c63 00f7d693 07868513 07768613 00351513 e69ff06f 55400613 00d66c63 0127d693 07d68513 07c68613 00351513 e4dff06f 3f800513 07e00613 e41ff06f 0017e693 00d72223 00f62023 dddff06f fd010113 03212023 02112623 02812423 02912223 01312e23 00b58793 01600713 00050913 08f76263 01000793 20b7e663 02d080ef 01800793 00200593 01000493 000199b7 08498993 00f987b3 0047a403 ff878713 34e40263 00442783 00c42683 00842603 ffc7f793 00f407b3 0047a703 00d62623 00c6a423 00176713 00090513 00e7a223 7f4080ef 00840513 02c12083 02812403 02412483 02012903 01c12983 03010113 00008067 ff87f493 1807c663 18b4e463 7a8080ef 1f700793 3e97f863 0094d793 18078263 00400713 32f76e63 0064d793 03978593 03878813 00359613 000199b7 08498993 00c98633 00462403 ff860613 02860863 00f00513 0140006f 00c42683 28075663 00d60e63 00068413 00442783 ffc7f793 40978733 fee552e3 00080593 0109a403 00019837 08c80813 25040c63 00442783 00f00693 ffc7f793 40978733 36e6ca63 0109aa23 0109a823 32075e63 1ff00713 0049a303 24f76663 ff87f713 00870713 00e98733 00072683 0057d613 00100793 00c797b3 00f36333 ff870793 00f42623 00d42423 0069a223 00872023 0086a623 4025d793 00100613 00f61633 0ac36a63 006677b3 02079463 00161613 ffc5f593 006677b3 00458593 00079a63 00161613 006677b3 00458593 fe078ae3 00f00893 00359e13 01c98e33 000e0513 00c52783 00058e93 24f50063 0047a703 00078413 00c7a783 ffc77713 409706b3 24d8c063 fe06c2e3 00e40733 00472683 00842603 00090513 0016e693 00d72223 00f62623 00c7a423 64c080ef 00840513 e59ff06f 00c00713 00e22a23 00000513 e49ff06f 20000613 04000593 03f00813 e8dff06f 0089a403 01612823 00442703 ffc77b13 009b6863 409b07b3 00f00713 0cf74863 01512a23 01412c23 9b41a603 9d81aa03 01912223 01712623 fff00693 01640cb3 01448a33 3cd60263 000016b7 00f68693 00da0a33 fffff6b7 00da7a33 000a0593 00090513 54c040ef fff00693 00050b93 44d50663 01812423 23956c63 c4418c13 000c2783 00fa07b3 00fc2023 2aac9463 01451713 2a071063 0089ab83 014b0a33 001a6a13 014ba223 9d41a683 00f6f463 9cf1aa23 9d01a683 00f6f463 9cf1a823 00812c03 000b8413 ffca7a13 409a07b3 389a6863 00f00713 38f75463 01812a03 01412a83 00c12b83 00412c83 0014e713 00e42223 009404b3 0099a423 0017e793 00090513 00f4a223 518080ef 02c12083 00840513 02812403 01012b03 02412483 02012903 01c12983 03010113 00008067 0049a303 e0dff06f 00842603 cd5ff06f 00c7a403 00258593 d88782e3 cb5ff06f 0097d713 00400693 14e6f263 01400693 32e6e263 05c70613 05b70693 00361613 00c98633 00062703 ff860613 00e61863 2900006f 00872703 00e60863 00472683 ffc6f693 fed7e8e3 00c72603 00c42623 00e42423 00862423 00872623 d95ff06f 01400713 10f77863 05400713 2ef76263 00c4d793 06f78593 06e78813 00359613 cb9ff06f 001e8e93 003ef793 00850513 10078063 00c52783 dadff06f 00842603 0014e593 00b42223 00f62623 00c7a423 009404b3 0099aa23 0099a823 0016e793 0104a623 0104a423 00f4a223 00e40733 00090513 00d72023 3f8080ef 00840513 c05ff06f 00f407b3 0047a703 00090513 00176713 00e7a223 3d8080ef 00840513 be5ff06f 0034d593 00848793 b8dff06f 0014e693 00d42223 009404b3 0099aa23 0099a823 00176693 0104a623 0104a423 00d4a223 00f407b3 00090513 00e7a023 390080ef 00840513 b9dff06f 0067d713 03970613 03870693 00361613 ec5ff06f 07340a63 0089a403 00812c03 00442a03 e09ff06f 05c78593 05b78813 00359613 bb9ff06f 008e2783 fff58593 01c79e63 0035f793 ff8e0e13 fe0796e3 fff64793 00f37333 0069a223 00161613 d0c362e3 d00600e3 006677b3 00079a63 00161613 006677b3 004e8e93 fe078ae3 000e8593 c61ff06f c4418c13 000c2783 00fa07b3 00fc2023 9b41a603 fff00693 18d60663 419b8733 00f707b3 00fc2023 007bfc93 0c0c8c63 419b8bb3 000017b7 008b8b93 00878793 014b8a33 419787b3 414787b3 01479793 0147da93 000a8593 00090513 230040ef fff00793 18f50063 41750533 01550a33 000c2783 0179a423 001a6a13 00fa87b3 00fc2023 014ba223 cf340ee3 00f00613 0b667063 00442683 ff4b0713 ff877713 0016f693 00e6e6b3 00d42223 00500593 00e406b3 00b6a223 00b6a423 00e66663 004baa03 cc1ff06f 00840593 00090513 eb0ff0ef 0089ab83 000c2783 004baa03 ca5ff06f 010a0a13 c51ff06f 4026d693 00100793 00d797b3 00f36333 0069a223 d79ff06f 014b87b3 40f007b3 01479793 0147da93 000a8593 00090513 170040ef fff00793 f4f512e3 00000a93 f45ff06f 00812c03 00100793 00fba223 00090513 1bc080ef 00000513 01812a03 01412a83 01012b03 00c12b83 00412c83 9b5ff06f 05400693 04e6e463 00c7d713 06f70613 06e70693 00361613 cd5ff06f 15400713 04f76463 00f4d793 07878593 07778813 00359613 9d1ff06f 0089a403 00442a03 c05ff06f 9b71aa23 e81ff06f 15400693 04e6e463 00f7d713 07870613 07770693 00361613 c89ff06f 55400713 04f76463 0124d793 07d78593 07c78813 00359613 985ff06f ff8c8c93 019a0a33 417a0a33 00000a93 e7dff06f 55400693 02e6e463 0127d713 07d70613 07c70693 00361613 c3dff06f 3f800613 07f00593 07e00813 945ff06f 3f800613 07e00693 c21ff06f ff010113 01212023 02422783 00812423 00912223 00112623 00050493 00058413 02078e63 00241713 00e787b3 0007a503 04050663 00052703 00e7a023 00052823 00052623 00c12083 00812403 00412483 00012903 01010113 00008067 02100613 00400593 3e0040ef 02a22223 00050793 fa051ae3 00000513 fcdff06f 00100913 00891933 00590613 00261613 00100593 00048513 3b0040ef fc050ee3 00852223 01252423 f99ff06f 02058063 0045a703 02422783 00271713 00e787b3 0007a703 00e5a023 00b7a023 00008067 fd010113 02912223 0105a483 00010337 02812423 03212023 01312e23 02112623 00058913 00050993 00068413 01458813 00000893 fff30313 00082783 00480813 00188893 0067f733 02c70733 0107d693 02c686b3 008707b3 0107d713 0067f7b3 00e686b3 01069713 00f707b3 fef82e23 0106d413 fc98c2e3 02040263 00892783 02f4de63 00448793 00279793 00f907b3 0087a223 00148493 00992823 02c12083 02812403 02412483 01c12983 00090513 02012903 03010113 00008067 01512a23 01612823 02422503 00492b03 01412c23 001b0b13 08050263 002b1793 00f50533 00052a03 0a0a0663 000a2783 00f52023 000a2823 01092603 00c90593 000a2623 00260613 00ca0513 00261613 dc9fe0ef 00492703 02422783 00271713 01412a83 00e787b3 0007a703 01012b03 00e92023 0127a023 00448793 000a0913 00279793 00f907b3 01812a03 00148493 0087a223 00992823 f49ff06f 02100613 00400593 00098513 214040ef 02a22223 f60516e3 01712623 000186b7 00018537 1f468693 00000613 0ba00593 20850513 19c040ef 01712623 00100b93 016b9bb3 005b8613 00261613 00100593 00098513 1cc040ef 00050a13 fc0500e3 01752423 01652223 00c12b83 f2dff06f 00010737 00050793 04e57463 01051793 01800693 01000513 01000737 00e7f663 00879793 00068513 10000737 00e7f663 00450513 00479793 40000737 02e7e063 fff7c793 01f7d793 00f50533 00008067 00800693 00000513 fc1ff06f 00279793 0007ca63 00179713 00074a63 02000513 00008067 00250513 00008067 00350513 00008067 00052783 00050713 0077f693 02068463 0017f693 00000513 06069c63 0027f693 08068663 0017d793 00f72023 00100513 00008067 01079693 0106d693 04068c63 00800613 00000513 0ff7f693 00069663 0087d793 00060513 00f7f693 00069663 00450513 0047d793 0037f693 00069663 00250513 0027d793 0017f693 02069463 0017d793 00150513 00079e63 02000513 00008067 0107d793 01800613 01000513 fa9ff06f 00f72023 00008067 0027d793 00f72023 00200513 00008067 ff010113 01212023 02422783 00812423 00912223 00112623 00050493 00058413 02078e63 0047a503 06050463 00052703 00e7a223 00c12083 00852a23 00812403 00100793 00052623 00f52823 00412483 00012903 01010113 00008067 02100613 00400593 00c040ef 02a22223 00050793 fa051ae3 000186b7 00018537 1f468693 00000613 14500593 20850513 795030ef 01c00613 00100593 00048513 7d5030ef fc050ae3 00100793 00f52223 00200793 00f52423 f81ff06f fd010113 03212023 01612823 0105a903 01062b03 02912223 01412c23 01712623 02112623 02812423 01312e23 01512a23 00058b93 00060493 00050a13 01694c63 000b0713 00058493 00090b13 00060b93 00070913 0084a703 0044a983 02422783 012b0433 00872733 00e989b3 1e078463 00299713 00e787b3 0007a503 20050863 00052703 00e7a023 01450313 00241893 00052823 00052623 011308b3 00030793 01137863 0007a023 00478793 ff17ece3 014b8593 00291e13 01448e93 002b1813 01c58e33 010e8833 13c5f663 01548793 00400f13 16f87663 000106b7 fff68693 0180006f 010fdf93 080f9863 00458593 00430313 11c5f063 0005af83 00dff3b3 fe0382e3 00030293 000e8f93 00000493 000fa783 0002a603 00428293 00d7f733 02770733 0107d793 00d67933 01065613 004f8f93 027787b3 01270733 00970733 01075493 00d77733 00c787b3 009787b3 01079613 00e66733 fee2ae23 0107d493 fb0fe8e3 01e307b3 0097a023 0005af83 010fdf93 f60f8ce3 00032703 00030293 000e8613 00070493 00000393 00062783 0104d993 00d77733 00d7f7b3 03f787b3 0042a483 00428293 00460613 00d4f933 007787b3 013787b3 01079393 00e3e733 fee2ae23 ffe65703 0107d793 03f70733 01270733 00f70733 01075393 fb0668e3 01e307b3 00e7a023 00458593 00430313 f1c5e4e3 00804863 0180006f fff40413 00040863 ffc8a783 ffc88893 fe0788e3 02c12083 00852823 02812403 02412483 02012903 01c12983 01812a03 01412a83 01012b03 00c12b83 03010113 00008067 409807b3 feb78793 ffc7f793 00478f13 e89ff06f 02100613 00400593 000a0513 559030ef 02a22223 00050793 e00512e3 000186b7 00018537 1f468693 00000613 16200593 20850513 4e1030ef 00100a93 013a9ab3 005a8613 00261613 00100593 000a0513 515030ef fc0504e3 01352223 01552423 dd5ff06f fe010113 00812c23 01212823 01312623 00112e23 00367793 00060413 00050993 00058913 0c079063 40245413 06040e63 01412423 00912a23 02022483 0c048863 00147793 02079063 40145413 04040a63 0004a503 06050863 00050493 00147793 fe0784e3 00048613 00090593 00098513 cd9ff0ef 02090063 00492703 02422783 00271713 00e787b3 0007a703 00e92023 0127a023 40145413 00050913 fa041ae3 01412483 00812a03 01c12083 01812403 00c12983 00090513 01012903 02010113 00008067 00048613 00048593 00098513 c79ff0ef 00a4a023 00052023 00050493 f7dff06f fff78793 00018737 4cc70713 00279793 00f707b3 0007a603 00000693 889ff0ef 00050913 f21ff06f 02422503 02050a63 00452483 06048063 0004a783 00f52223 27100793 02922023 00f4aa23 00100793 0004a623 00f4a823 0004a023 f01ff06f 02100613 00400593 00098513 3b1030ef 02a22223 fa051ee3 000186b7 00018537 1f468693 00000613 14500593 20850513 33d030ef 01c00613 00100593 00098513 37d030ef 00050493 fc0508e3 00100793 00f52223 00200793 00f52423 f85ff06f fd010113 01412c23 0105aa03 01312e23 0085a783 40565993 01498a33 02812423 02912223 03212023 01512a23 01612823 02112623 01712623 001a0913 0045a403 00058493 00060a93 00050b13 0127d863 00179793 00140413 ff27cce3 02422583 12058e63 00241793 00f587b3 0007a503 16050463 00052703 00e7a023 00052823 00052623 01450813 03305463 00598993 00299993 01350733 00080793 00478793 fe07ae23 fee79ce3 fec98993 01380833 0104a883 01448793 01faf613 00289893 011788b3 0a060663 02000e13 40ce0e33 00080313 00000693 0007a703 00430313 00478793 00c71733 00d76733 fee32e23 ffc7a683 01c6d6b3 ff17e0e3 01548793 00400713 00f8ea63 409887b3 feb78793 ffc7f793 00478713 00e80833 00d82023 00069463 000a0913 0044a783 02c12083 01252823 00279793 00f585b3 0005a783 02812403 02012903 00f4a023 0095a023 01c12983 02412483 01812a03 01412a83 01012b03 00c12b83 03010113 00008067 0007a703 00478793 00480813 fee82e23 fb17f2e3 0007a703 00478793 00480813 fee82e23 fd17eee3 f8dff06f 00400593 02100613 000b0513 1b5030ef 02a22223 00050593 ea0518e3 01812423 000186b7 00018537 1f468693 00000613 1de00593 20850513 139030ef 01812423 00100c13 008c1c33 005c0613 00261613 00100593 000b0513 169030ef fc0502e3 01852423 02422583 00812c03 00852223 e71ff06f 01052703 0105a783 00050813 40f70533 04f71263 00279793 01480813 01458593 00f80733 00f587b3 0080006f 02e87463 ffc72603 ffc7a683 ffc70713 ffc78793 fed606e3 00100513 00d67663 fff00513 00008067 00008067 0105a703 01062783 fe010113 00812c23 00912a23 01212823 00112e23 01312623 00058413 00060493 00050913 40f706b3 1cf71263 00279693 01458613 01448713 00d607b3 00d70733 0080006f 20f67663 ffc7a583 ffc72683 ffc78793 ffc70713 fed586e3 01412423 01512223 00100993 18d5fa63 02422783 0044aa83 1a078263 002a9713 00e787b3 0007a503 20050863 00052703 00e7a023 00052823 0104a303 01042283 01448613 00231e13 01440893 00229293 01450f93 00010eb7 01352623 01c60e33 005882b3 000f8593 00060f13 00000693 fffe8e93 000f2703 0008a803 00458593 01d777b3 01d873b3 407787b3 00d787b3 01075713 01085813 4107d693 41070733 00d70733 01071693 01d7f7b3 00d7e7b3 00488893 fef5ae23 004f0f13 41075693 fa58eae3 01540713 40828433 feb40413 00e2b2b3 0012cf13 00245413 00400713 00029663 00140713 00271713 00e60633 00ef88b3 00010eb7 00088593 00060813 fffe8e93 17c67063 00082783 00458593 00480813 01d7f733 00d70733 0107df13 41075713 01e70733 00d787b3 01d7f7b3 01071693 00d7e7b3 fef5ae23 41075693 fdc864e3 fffe0e13 40ce0e33 ffce7e13 01c88733 00079a63 ffc72783 fff30313 ffc70713 fe078ae3 01c12083 01812403 00652823 00812a03 00412a83 01412483 01012903 00c12983 02010113 00008067 01412423 01512223 00100993 e606cae3 00048793 00040493 00078413 02422783 0044aa83 00000993 e60792e3 02100613 00400593 00090513 6c8030ef 02a22223 00050793 e40514e3 000186b7 00018537 1f468693 00000613 24500593 20850513 650030ef 02422783 06078e63 0007a503 0a050a63 00052703 00e7a023 01c12083 01812403 00100793 00052623 00f52823 00052a23 01412483 01012903 00c12983 02010113 00008067 00100a13 015a1a33 005a0613 00261613 00100593 00090513 640030ef f80502e3 01552223 01452423 dd5ff06f 00000713 060f1863 00ef8733 ee5ff06f 02100613 00400593 00090513 610030ef 02a22223 00050793 f60518e3 000186b7 00018537 1f468693 00000613 23700593 20850513 01412423 01512223 590030ef 01800613 00100593 00090513 5d0030ef fc0506e3 00100793 00052223 00f52423 f39ff06f 00241713 00ef8733 e75ff06f 01052703 01450513 000107b7 00271713 00e50733 ffc72803 ffc70893 06f87263 01081793 01800313 01000693 01000637 00c7f663 00879793 00030693 10000637 00c7f663 00468693 00479793 40000637 04c7e063 0807ce63 00168793 02000613 40f60633 00c5a023 00a00613 0ef65063 ff668613 09157c63 ff872783 0340006f 00080793 00800313 00000693 fa1ff06f 00279793 0807c663 00179613 0e064863 0005a023 13157a63 ff872783 01500613 02000593 40c585b3 00b7d8b3 00c816b3 0116e6b3 ff870813 3ff008b7 0116e6b3 00c797b3 0b057063 ff472703 00b75733 00e7e7b3 00078513 00068593 00008067 02000793 40d787b3 00f5a023 00a00793 04d7d463 ff568613 0d156263 00c816b3 3ff00737 00e6e6b3 00000793 0580006f 00268793 02000613 40f60633 00c5a023 00a00613 00f65c63 ff768613 fd1578e3 ff872783 f6dff06f 00068793 00b00613 40f60633 3ff005b7 00c856b3 00b6e6b3 00000593 01156e63 01578793 00f817b3 00b7e7b3 00078513 00068593 00008067 ff872583 00c5d5b3 fe1ff06f 00368793 02000613 40f60633 00c5a023 00a00613 faf656e3 ff868613 03156263 00b00713 f4e79ee3 00000793 3ff00737 00e866b3 00078513 00068593 00008067 ff872783 fe0604e3 eddff06f 3ff007b7 01581713 00f766b3 00000793 f8dff06f e9010113 16112623 16812423 16912223 00058413 00c12023 00d12423 00050493 7ad020ef 00052783 00078513 02f12223 050030ef 01022703 0a012823 0a012a23 0a012c23 0a012e23 02a12023 00012283 70070ce3 06442683 00c41703 0016f693 00069663 20077693 4e068463 00877713 36070263 01042703 34070e63 00018737 17212023 13b12e23 5a070793 15312e23 15412c23 15512a23 15612823 15712623 15812423 15912223 15a12023 00028d93 00f12623 000dc783 00012823 02012423 02012823 02012623 02012a23 02012c23 00012223 02500913 2a078263 000d8c93 33278463 001cc783 001c8c93 fe079ae3 41bc8a33 29bc8463 000a0693 000d8613 00040593 00048513 368020ef fff00793 26f50663 00412703 000cc783 01470733 00e12223 24078c63 fff00313 001cce03 080109a3 001c8c93 00000993 00000d13 00030a13 001c8c93 fe0e0793 05a00713 04f76863 00c12703 00279793 00e787b3 0007a783 00078067 00000993 fd0e0793 00900693 000cce03 00299713 013709b3 00199993 013789b3 fd0e0793 001c8c93 fef6f2e3 fe0e0793 05a00713 faf77ce3 1c0e0e63 0dc10623 080109a3 00100a13 00100b13 0cc10d93 00012023 00000313 00012e23 00012c23 00012a23 00000693 002d7c13 084d7b93 400c0e63 002a0a13 1e0b88e3 58069ae3 04612023 03c12e23 00200693 09410613 00040593 00048513 270020ef fff00793 03c12e03 04012303 0cf50ee3 08000793 00fb9663 41498c33 478046e3 41630c33 07804ce3 100d7793 28078ce3 06500793 1dc7dae3 0b012783 07010593 08010513 08f12023 0b412783 06012823 06012a23 08f12223 0b812783 06012c23 06012e23 08f12423 0bc12783 08f12623 1bc0a0ef 520508e3 09812783 74f05ce3 01412783 01012703 00078b93 00f75463 00070b93 6b704ce3 01412703 fffbc793 41f7d793 00fbf7b3 40f70b33 01605463 7890006f 01412703 400d7793 00ed8ab3 00078463 0d80106f 09812783 01012703 00e7c663 001d7693 02068263 02012683 02412603 00040593 00048513 180020ef fff00793 7ef50a63 09812783 01012703 00ed82b3 40f707b3 41528bb3 0177d463 00078b93 01705463 7c90006f fffbc713 41f75713 00ebfbb3 41778c33 01805463 2490106f 004d7e93 000e8663 41498c33 39804ce3 00012783 00078863 00078593 00048513 974fe0ef 0149d463 000a0993 00412783 000c8d93 013787b3 00f12223 000dc783 d60792e3 06442703 00c41783 00177713 08070663 0407f793 16012903 15c12983 15812a03 15412a83 15012b03 14c12b83 14812c03 14412c83 14012d03 13c12d83 04079263 16c12083 16812403 00412503 16412483 17010113 00008067 00040593 00048513 00512023 09d020ef 00012283 c8050ae3 06442783 0017f793 00079463 7b10106f fff00793 00f12223 fb9ff06f 41bc8a33 d1bc8ee3 ce9ff06f 2007f713 f6071ae3 05842503 4bd060ef 00c41783 f65ff06f 000cce03 d15ff06f 000cce03 020d6d13 d09ff06f 413009b3 00f12423 000cce03 004d6d13 cf5ff06f 008d7793 000a0313 60078ee3 00812703 00072783 00470713 00e12423 0007a603 0047a683 0087a703 00c7a783 0b010513 00612a23 01c12023 0af12e23 0ac12823 0ad12a23 0ae12c23 2a0030ef 08a12c23 00200793 00012e03 01412303 66f500e3 00100793 00f51463 1e50106f 06100793 00fe1463 26c0106f 04100793 00fe1463 4410106f fff00793 00f31463 4e50106f fdfe7793 04700713 00012023 00e79463 4c10106f 0bc12b03 100d6793 04f12023 02012e23 0b012c03 0b412a83 0b812883 000b5a63 800007b7 0167cb33 02d00793 02f12e23 fbfe0793 02500713 00f77463 0780106f 00018737 00279793 70c70713 00e787b3 0007a783 00078067 05842503 00512023 351060ef 00c41703 00012283 b09ff06f 00812783 080109a3 0007ad83 00478a93 000d9463 03d0106f 000a5463 0590106f 000a0613 00000593 000d8513 01c12a23 01412423 019020ef 00a12023 00812303 01412e03 00051463 2280106f 41b50b33 09314683 fffb4a13 41fa5a13 01512423 00012023 00012e23 00012c23 00012a23 014b7a33 00000313 be0688e3 001a0a13 002d7c13 084d7b93 be0c16e3 560b8a63 c0068ee3 04612023 03c12e23 00100693 09310613 bedff06f 00812703 080109a3 00100a13 00072783 00470713 00e12423 0cf10623 00100b13 0cc10d93 b85ff06f 020d7793 000a0313 24078c63 00812783 00778a93 ff8afa93 004aa783 000aaa03 008a8713 00e12423 00078b93 2607c863 000d0c13 66034a63 017a67b3 f7fd7c13 66079463 40031663 00000b13 000c0d13 13010d93 08c0006f 000cce03 06c00793 60fe02e3 010d6d13 aa5ff06f 00812703 000087b7 83078793 08f11a23 00470793 000a0313 00f12423 00072a03 000187b7 27878793 02f12423 00000b93 002d6c13 00200793 07800e13 00000713 08e109a3 20034863 017a6733 f7fc7d13 5e071063 40031c63 1e0792e3 001c7b13 13010d93 000b0863 03000793 12f107a3 12f10d93 09314683 00030a13 01635463 000b0a13 00012023 00012e23 00012c23 00012a23 ea0696e3 a95ff06f 000cce03 001d6d13 9fdff06f 00048513 07d020ef 00452783 00078513 02f12c23 121020ef 00050793 00048513 00078a93 02f12a23 059020ef 00852703 02e12623 ca0a86e3 000cce03 9a070ee3 00074783 9a078ae3 400d6d13 9adff06f 00812783 0007a983 00478793 c809cce3 000cce03 00f12423 991ff06f 000cce03 02a00793 001c8693 00fe1463 3fd0106f fd0e0793 00900713 00000313 00900613 00068c93 00000a13 96f762e3 0006ce03 00231713 00670333 00131313 00f30333 fd0e0793 00168693 fef672e3 00030a13 00034663 00068c93 935ff06f fff00a13 00068c93 929ff06f 000cce03 080d6d13 919ff06f 02b00793 000cce03 08f109a3 909ff06f 000cce03 06800793 34fe04e3 040d6d13 8f5ff06f 020d7793 260784e3 00812783 00412683 0007a783 41f6d713 00d7a023 00e7a223 00812783 000c8d93 00478793 00f12423 af1ff06f 010d6d13 020d7793 000a0313 da0798e3 00812703 010d7793 00072a03 00470713 00e12423 0c0792e3 040d7793 4c079ae3 200d7793 0a078ae3 018a1a13 418a5a13 41fa5b93 000b8793 d807dce3 02d00713 014037b3 41700bb3 08e109a3 40fb8bb3 41400a33 000d0c13 00100793 de035ce3 00100713 3ee78263 00200713 22e78063 13010d93 01db9713 007a7793 003a5a13 03078793 01476a33 003bdb93 fefd8fa3 017a6733 000d8693 fffd8d93 fc071ce3 001c7713 20070e63 03000713 20e78a63 ffe68693 13010793 feed8fa3 40d78b33 000c0d13 00068d93 db9ff06f 000cce03 008d6d13 fd8ff06f 000a0313 010d6c13 020c7793 6e078c63 00812783 00778a93 ff8afa93 008a8793 00f12423 000aaa03 004aab83 00100793 d41ff06f 000a0313 010d6d13 020d7793 6e078e63 00812783 00778a93 ff8afa93 000aaa03 004aab83 008a8793 00f12423 bffd7c13 00000793 d09ff06f 09314783 000cce03 f6079063 02000793 08f109a3 f54ff06f 000187b7 28c78793 000a0313 05800713 02f12423 020d7793 62078a63 00812783 00778a93 ff8afa93 000aaa03 004aab83 008a8793 00f12423 001d7793 00078e63 017a67b3 00078a63 03000793 08f10a23 08e10aa3 002d6d13 bffd7c13 00200793 c8dff06f 000a0313 000d0c13 f19ff06f 000187b7 27878793 000a0313 07800713 02f12423 f91ff06f 000a0313 f2dff06f 000d0c13 030a0a13 134107a3 000c0d13 00100b13 12f10d93 c7dff06f 01000793 00018ab7 3b87de63 000a0793 fff00b93 00098a13 03c12e23 000c0993 00078c13 0100006f ff098993 01000713 39375063 01000693 7a4a8613 00040593 00048513 18d010ef ff7510e3 00012583 880586e3 00048513 9d5fd0ef 06442703 00c41783 00177713 880712e3 909ff06f 00100713 f6e788e3 00200713 000d0c13 dee794e3 02812683 13010d93 00fa7793 00f687b3 0007c703 004a5a13 01cb9793 0147ea33 004bdb93 feed8fa3 017a67b3 fffd8d93 fc079ce3 13010793 41b78b33 000c0d13 bb5ff06f 41498bb3 29704a63 ea068a63 00100693 09310613 00040593 00048513 04612023 03c12e23 fff00b93 0e1010ef f5750ce3 03c12e03 04012303 e80c0263 00200693 09410613 00040593 00048513 04612023 03c12e23 0b5010ef 03c12e03 04012303 e5751e63 f21ff06f 41498bb3 23704663 f8069ee3 04612023 03c12e23 00200693 09410613 00040593 00048513 07d010ef fff00793 03c12e03 04012303 e2f51063 ee5ff06f 01012703 00100793 00100693 000d8613 00040593 00048513 00e7c663 001d7793 56078063 041010ef fff00b93 eb750ae3 02012683 02412603 00040593 00048513 025010ef e9750ee3 0b012783 07010593 08010513 08f12023 0b412783 06012823 06012a23 08f12223 0b812783 06012c23 06012e23 08f12423 0bc12783 08f12623 01012783 fff78c13 79c090ef 44051a63 01012703 00100793 4ee7cc63 03012683 0a010613 00040593 00048513 7b8010ef fff00793 e6f51c63 e29ff06f 000b0693 000d8613 fe1ff06f 00100713 000d0c13 c2e792e3 000b9663 00900793 db47f0e3 400c7793 ccccd737 7a078c63 ccccdb37 00812023 00000593 02c12403 13010613 00500d13 ccd70713 cccb0b13 0ff00a93 0580006f 014db7b3 00fd87b3 03a7f7b3 40fa07b3 00fa3633 40cb8633 036788b3 02e60633 02e7b533 01160633 02e787b3 00a60633 01f61513 00165613 0017d793 00f567b3 000b9463 3f40106f 00060b93 00078a13 00080613 017a0db3 014db7b3 00fd87b3 03a7f7b3 00158593 fff60813 40fa07b3 00fa3533 40ab8533 02e7b8b3 02e50533 02e787b3 01150533 01f51513 0017d793 00f567b3 00279513 00f507b3 00179793 40fa07b3 03078793 fef60fa3 00044783 f4f598e3 f55586e3 000b8463 1c00106f 00900793 0147f463 1b40106f 02812623 00b12823 00012403 00080d93 d5dff06f 01000693 00018ab7 1376d263 05312023 03c12e23 000b8993 000a0b93 00030a13 0100006f ff098993 01000713 0f375663 01000693 7b4a8613 00040593 00048513 630010ef fff00793 fcf51ee3 ca1ff06f 03c12e03 000c0793 00098c13 000a0993 00078a13 000c0693 7a4a8613 00040593 00048513 03c12e23 5f8010ef fff00793 03c12e03 baf51463 c65ff06f 01000693 00018ab7 2986d463 05312023 fff00b93 000c0993 03c12e23 000a0c13 00030a13 0100006f ff098993 01000713 25375663 01000693 7a4a8613 00040593 00048513 5a0010ef ff7510e3 c15ff06f 01000793 00018ab7 fff00b93 0187ca63 2440006f ff0c0c13 01000793 2387dc63 01000693 7b4a8613 00040593 00048513 564010ef ff7510e3 bd9ff06f 000a0313 03c12e03 000b8a13 00098b93 04012983 000b8693 7b4a8613 00040593 00048513 04612023 03c12e23 52c010ef fff00793 baf500e3 09314783 03c12e03 04012303 c0079ce3 ac0c0263 c79ff06f 00048513 a25fc0ef 00012283 8e0ff06f 00100693 09310613 00040593 00048513 04612023 03c12e23 4e0010ef fff00793 03c12e03 04012303 a4f51463 b49ff06f 00018637 00100693 2a860613 00040593 00048513 4b4010ef fff00793 b2f504e3 09812783 01012703 00e7c663 001d7793 b6078063 02012683 02412603 00040593 00048513 484010ef fff00793 aef50ce3 01012783 fff78c13 b3805c63 01000793 00018ab7 fff00b93 0187ca63 6110006f ff0c0c13 01000793 6187d2e3 01000693 7a4a8613 00040593 00048513 43c010ef ff7510e3 ab1ff06f 00812683 010d7793 0006aa03 00468693 00d12423 12079863 040d7793 54079063 200d7793 12078063 0ffa7a13 00000b93 9bdff06f 00812703 010c7793 00072a03 00470713 00e12423 00079c63 040c7793 4e079263 200c7793 00078463 0ffa7a13 00000b93 00100793 e38ff06f 00812703 010d7793 00072a03 00470713 00e12423 0a079e63 040d7793 48079e63 200d7793 0a078663 0ffa7a13 00000b93 8f5ff06f 00000b13 13010d93 e30ff06f 000c0693 001d8613 00040593 00048513 374010ef bb7514e3 9e9ff06f 000a0313 03c12e03 000c0a13 00098c13 04012983 04612023 03c12e23 000c0693 7a4a8613 ac1ff06f 000c0693 7b4a8613 00040593 00048513 330010ef fff00793 a0f51063 9a1ff06f 000b8693 000d8613 00040593 00048513 310010ef fff00793 92f51a63 981ff06f 41fa5b93 000b8793 cecff06f 00000b93 851ff06f 00000b93 8a5ff06f 2e4010ef fff00793 b0f51ae3 955ff06f 01100793 00018ab7 fff00b93 00e7ca63 4850006f ff0c0c13 01000793 4787dce3 01000693 7a4a8613 00040593 00048513 2a4010ef ff7510e3 919ff06f 00018637 00100693 2a860613 00040593 00048513 284010ef fff00b93 8f750ce3 09812783 01012683 001d7713 00f6e7b3 00e7e7b3 92078663 02012683 02412603 00040593 00048513 250010ef 8d7504e3 09812783 5407ce63 01012683 000d8613 a79ff06f 01000713 00018ab7 fff00b93 01674a63 4310006f ff0b0b13 01000793 4367d2e3 01000693 7a4a8613 00040593 00048513 204010ef ff7510e3 879ff06f 00812783 08010513 01c12023 00778a93 ff8afa93 004aa603 000aa583 008a8793 00f12423 01412a23 35d0b0ef 08012603 08412683 08812703 08c12783 01412303 00012e03 9c4ff06f 010d7793 28079663 040d7793 4a078ae3 00812783 00412703 0007a783 00e79023 d94ff06f 000b8693 000a8613 00040593 00048513 17c010ef fff00793 fef50863 09812783 01012703 40f707b3 814ff06f 0b012783 07010593 08010513 08f12023 0b412783 06012823 06012a23 08f12223 0b812783 06012c23 06012e23 08f12423 0bc12783 08f12623 2e4090ef 00012e03 46054c63 09314683 04700793 3dc7c2e3 000182b7 26828d93 00012023 00012e23 00012c23 00012a23 f7fd7d13 00300a13 00300b13 00000313 a4069e63 e45fe06f 001cce03 200d6d13 001c8c93 da9fe06f 01012783 05312223 02c12983 01812b83 03912e23 00fd8b33 01c12c83 05a12023 01412c23 01b12e23 07705a63 07905263 fffc8c93 000b8d13 03412683 03812603 00040593 00048513 088010ef fff00793 eef50e63 0009c703 415b0c33 01612a23 01875463 00070c13 07804863 fffc4793 41f7d793 00fc77b3 40f70db3 13b042e3 00ea8ab3 05705ce3 000d0b93 f9dff06f fff98993 fffb8d13 fa1ff06f f9904ae3 01c12d83 01012783 03312623 03c12c83 04012d03 04412983 01812a03 00fd87b3 00f12a23 01412783 0157e463 e61fe06f 00078a93 e59fe06f 000c0693 000a8613 00040593 00048513 7e9000ef fff00793 e4f50e63 0009c703 f75ff06f 001cce03 020d6d13 001c8c93 c9dfe06f ccccd6b7 13010d93 00500613 ccd70713 ccc68693 017a07b3 0147b5b3 00b787b3 02c7f7b3 000b8513 fffd8d93 000a0813 40fa07b3 00fa35b3 40bb85b3 02d78eb3 02e585b3 02e7b8b3 01d585b3 02e787b3 011585b3 01f59893 0015db93 0017d793 00f8e7b3 00279593 00f585b3 00159593 40ba05b3 03058593 00bd8023 00078a13 f8051ae3 00900793 f907e6e3 13010793 41b78733 00e12823 00070b13 000c0d13 9ccff06f 00812783 00412703 0007a783 00e7a023 b14ff06f 010a1a13 010a5a13 00000b93 c60ff06f 010a1a13 010a5a13 00000b93 00100793 95cff06f 010a1a13 410a5a13 41fa5b93 000b8793 8ccff06f 010a1a13 010a5a13 00000b93 c84ff06f 08010a13 09c10793 00030693 0a810813 09810713 00200613 000a0593 00048513 01c12c23 00612a23 09112423 01112823 09812023 09512223 09612623 6ad010ef 001d7793 01012883 01412303 01812e03 00050d93 340794e3 09812783 0a812b03 00f12a23 40ab07b3 00f12823 01412703 ffd00793 00f74463 0ae35ae3 01412783 ffee0e13 fff78593 08b12c23 0ffe7793 00000713 0af10023 02b00793 0005da63 01412783 00100593 40f585b3 02d00793 0af100a3 00900793 30b7dee3 0af10813 00080693 00a00613 06300313 02c5e7b3 00068713 00058513 fff68693 03078793 fef70fa3 02c5c5b3 fea342e3 03058593 ffe70793 feb68fa3 5707fce3 0a210693 0007c603 00178793 00168693 fec68fa3 ff0798e3 13010793 40e78733 f8370793 02f12823 00078693 01012703 00100793 00d70b33 2ee7d8e3 02012783 00fb0b33 fffb4a13 bffd7e93 41fa5a13 100ee793 04f12023 014b7a33 00012e23 00012c23 00012a23 03c12783 7a078663 02d00793 04012d03 08f109a3 00000313 02d00693 001a0a13 eb9fe06f 07800793 03000713 08f10aa3 08e10a23 06300793 00012023 002d6d13 0cc10d93 0067c463 da1fe06f 00130593 00048513 01c12823 00612023 864fd0ef 00012303 01012e03 00050d93 4c0500e3 00a12023 d75fe06f ff000713 40f00c33 00018ab7 fff00b93 00e7ca63 2410006f ff0c0c13 01000793 2387dae3 01000693 7a4a8613 00040593 00048513 4b5000ef ff7510e3 b28ff06f 02d00793 08f109a3 02d00693 b85ff06f 09314683 01512423 00012e23 00012c23 00012a23 00030a13 00030b13 00000313 00068463 de9fe06f 9d1fe06f 00130693 00200613 08010a13 09c10793 09810713 0a810813 000a0593 00048513 00612e23 01c12c23 00d12a23 09112423 01112823 09812023 09512223 09612623 451010ef 01812e03 01412683 04600613 fdfe7713 01012883 01c12303 00050d93 00d507b3 3ec712e3 000dc583 03000613 7ec58a63 09812683 07010b93 00d787b3 000b8593 000a0513 00f12e23 00e12c23 00612a23 01c12823 09812023 09512223 09112423 09612623 06012823 06012a23 06012c23 06012e23 375080ef 01012e03 01412303 01812703 01c12783 78050463 0a812b03 00fb7e63 03000613 001b0693 0ad12423 00cb0023 0a812b03 fefb68e3 09812783 00f12a23 41bb06b3 04700793 00d12823 d0f708e3 04600793 7cf70863 01412783 fff78593 d19ff06f 08010a13 07010b93 09810613 000b8593 000a0513 02612823 01c12e23 07112c23 07512a23 07812823 07612e23 7c0010ef 08012783 06010613 000b8593 06f12823 08412783 000a0513 06012023 06f12a23 08812783 06012223 06012423 06f12c23 08c12783 06f12e23 3ffc07b7 06f12623 5cd080ef 08012803 08412603 08812683 000b8593 000a0513 01012c23 00c12a23 00d12823 06012823 06012a23 06012c23 06012e23 26d080ef 08c12a83 01012683 01412603 01812803 01c12e03 03012303 00051663 00100793 08f12c23 06100793 1afe04e3 00018c37 28cc0793 00f12823 01912a23 01a12e23 03312823 04912023 000a8d13 01012483 fff30c13 01c12c23 000d8993 04812223 05b12423 00060b13 00068c93 00080a93 03c0006f 000b8593 000a0513 09512023 09612223 09912423 09a12623 06012823 06012a23 06012c23 06012e23 fffc0d93 1c9080ef 02050ae3 000d8c13 400307b7 06010613 000b8593 000a0513 06f12623 07512823 07612a23 07912c23 07a12e23 06012023 06012223 06012423 4b9080ef 000a0513 1040b0ef 00050593 00050d93 000a0513 08012c83 08412b03 08812a83 08c12403 1dc0b0ef 08012683 06010593 05010613 04d12823 08412683 000b8513 07912023 04d12a23 08812683 07612223 07512423 04d12c23 08c12683 06812623 00098413 04d12e23 411090ef 01b486b3 0006c583 00198993 07012a83 07412b03 07812c83 07c12d03 fff00793 feb98fa3 f0fc12e3 01812e03 000a8813 000b0613 000c8693 000d0a93 3ffe0c37 000b8593 000a0513 05c12623 00812c23 04012483 04412403 01c12d03 05b12223 00098b13 09012023 03012983 05012023 08c12223 02c12823 08d12423 00d12e23 09512623 06012823 06012a23 06012c23 07812e23 155080ef 04812d83 01412c83 01812883 04c12e03 02a04663 000b8593 000a0513 01c12a23 065080ef 01412e03 04051e63 04412783 01812883 0017f793 04078663 01012783 0b112423 fffb4703 00f7c683 000b0793 02e69063 03000613 fec78fa3 0a812783 fff78713 0ae12423 fff7c703 fee686e3 00170693 03900613 0ff6f693 04c70463 fed78fa3 09812783 41bb06b3 06100713 fff78593 00f12a23 00d12823 08b12c23 07000793 00ee0663 05000793 04100e13 00100713 9e1ff06f 00030693 00300613 ba1ff06f 01012703 00a74683 fb5ff06f 01812a03 00098793 03312623 000c8b93 04412983 03c12c83 04012d03 01c12d83 01912c23 01312e23 03412e23 00078993 79705063 03412683 03812603 00040593 00048513 7b0000ef fff00793 fffb8b93 00f51463 e1dfe06f 0009c703 415b0c33 01875463 00070c13 17804863 fffc4793 41f7d793 00fc77b3 40f70cb3 01904663 00ea8ab3 fadff06f 01000713 00018a37 fff00c13 01974a63 2400006f ff0c8c93 01000793 2397da63 01000693 7a4a0613 00040593 00048513 73c000ef ff8510e3 db1fe06f 01000713 00018a37 fff00c13 01b74a63 1dc0006f ff0d8d93 01000793 1db7d863 01000693 7a4a0613 00040593 00048513 700000ef ff8510e3 d75fe06f 01000793 00018ab7 fff00b93 0187ca63 0980006f ff0c0c13 01000793 0987d663 01000693 7a4a8613 00040593 00048513 6c4000ef ff7510e3 d39fe06f 00600793 000a0b13 0147f463 00600b13 000182b7 000b0a13 01512423 2a028d93 be0fe06f 000d8513 03c12e23 29c010ef 09314683 fff54a13 41fa5a13 01512423 00012023 00012e23 00012c23 00012a23 03c12e03 00050b13 01457a33 00000313 00068463 fc8fe06f bb0fe06f 000c0693 7a4a8613 e85fe06f 000c0693 7a4a8613 00040593 00048513 630000ef fff00793 00f50463 e5dfe06f c9dfe06f 000c0693 000a8613 00040593 00048513 60c000ef fff00793 00f51463 c7dfe06f 0009c703 e71ff06f 000b0693 7a4a8613 00040593 00048513 5e4000ef fff00793 00f50463 c20fe06f c51fe06f 0bc12783 1a07c263 09314683 04700793 19c7c663 000182b7 27028d93 cacff06f 09314683 04012d03 00000313 00068463 f14fe06f afcfe06f 01012783 24f74063 001d7793 00070b13 00078663 02012703 00eb0b33 400d7e93 000e8663 01412783 30f04063 fffb4a13 41fa5a13 014b7a33 06700e13 00012e23 00012c23 ff4ff06f 000182b7 26c28d93 c40ff06f 000d8693 7a4a0613 00040593 00048513 534000ef fff00793 00f51463 ba5fe06f 0009c703 cd0ff06f 000c8693 7a4a0613 00040593 00048513 50c000ef fff00793 00f51463 b7dfe06f 0009c703 00ea8ab3 d31ff06f 200d7e93 dc0e8663 00812783 00412703 0007a783 00e78023 8ddfe06f 03412783 03812583 00e12e23 40f80833 00078613 00080513 00612c23 01c12a23 01012823 6b9000ef 014db7b3 00500613 00fd87b3 02c7f7b3 00144603 ccccd537 ccccd8b7 00c03633 00c40433 ccd50513 ccc88893 01012803 01412e03 01812303 01c12703 00000593 40fa07b3 00fa3633 40cb8633 02a60633 031788b3 02a7beb3 01160633 02a78533 01d60633 01f61793 00165613 00155513 00a7e7b3 d31fe06f 000182b7 27428d93 b24ff06f 02d00793 08f109a3 02d00693 e59ff06f 09812683 00078b13 00d12a23 899ff06f 07010b93 000b8593 000a0513 04f12423 04d12223 00e12e23 00612c23 01c12a23 09112423 01112823 09812023 09512223 09612623 06012823 06012a23 06012c23 06012e23 384080ef 01012883 01412e03 01812303 01c12703 04412683 04812783 2c051063 09812703 00e787b3 41b787b3 00e12a23 00f12823 01412683 001d7793 0067e7b3 2ed05e63 18079e63 00068b13 06600e13 400d7e93 100e9263 fffb4a13 41fa5a13 014b7a33 e05ff06f 05800793 e20ff06f 02012703 06700e13 00e78b33 01412783 fcf048e3 40fb0733 00170b13 fffb4a13 41fa5a13 014b7a33 dd1ff06f 006507b3 04700713 07010b93 f30ff06f 00900513 01457463 c09fe06f 13010793 02812623 00b12823 00012403 00080d93 41078733 bc8ff06f 0a210793 00071863 03000793 0af10123 0a310793 13010713 03058593 40e78733 00b78023 09170793 02f12823 00078693 d24ff06f 00030463 b40fe06f 00100313 b38fe06f 00012023 00600313 b2cfe06f 001d7793 d0078c63 d0cff06f 000c0693 7a4a8613 00040593 00048513 284000ef fff00793 00f50463 838ff06f 8f1fe06f 06700e13 02c12603 0ff00693 00012e23 00064783 00012c23 02d78a63 01412703 02e7d263 40f70733 00164783 04078463 01812583 00160613 00158593 00b12c23 fed790e3 02c12623 00e12a23 01c12703 01812783 00e787b3 03412703 02e787b3 01678b33 fffb4a13 41fa5a13 014b7a33 ca0ff06f 01c12583 00064783 00158593 00b12e23 f8d79ee3 fbdff06f 02012783 06600e13 00f30733 00d70b33 e61ff06f 00040893 00098b13 000d8793 01412c83 01812e03 01c12d03 03012983 04012483 04412403 04812d83 960c44e3 41600633 00500593 00078693 001c0513 00367713 000b0793 0785f063 02070663 03000693 00db0023 00267613 16060663 00d88123 00300793 14f71a63 00d881a3 00488793 ffcc0693 40e50833 ffc87613 00eb0733 303035b7 00c70333 03058593 00b72023 00470713 fee31ce3 00c787b3 40c686b3 04c80063 03000713 00e78023 0206ca63 00e780a3 02068663 00e78123 00100613 02c68063 00e781a3 00200613 00c68a63 00e78223 00300613 00c68463 00e782a3 00ab0b33 8adff06f 00100613 40d606b3 08d12c23 cecff06f 00018c37 278c0793 00f12823 e5cff06f 00c45783 2007f793 00078463 848fe06f 05842503 521040ef 83cfe06f 00812783 0007aa03 00478793 000a5463 fff00a13 001cce03 00f12423 00068c93 d61fd06f 00079a63 00100a13 06600e13 00100b13 b1dff06f 02012783 06600e13 00178713 00670b33 fffb4a13 41fa5a13 014b7a33 afdff06f 00200793 02f12823 00078693 aacff06f 01812c83 01c12983 03c12a03 82cff06f 00c45783 0407e793 00f41623 f35fd06f 04500713 07010b93 c30ff06f 00388793 ffdc0693 eb5ff06f 00288793 ffec0693 ea9ff06f 08068c63 fe010113 00812c23 00912a23 01212823 01312623 01412423 00112e23 00050913 00058993 00060413 00d604b3 fff00a13 0080006f 02940e63 00044583 00098613 00090513 4b4000ef 00140413 ff4514e3 01c12083 01812403 01412483 01012903 00c12983 00812a03 02010113 00008067 01c12083 01812403 01412483 01012903 00c12983 00812a03 00000513 02010113 00008067 00000513 00008067 ff010113 00112623 01212023 0e058063 01022783 00812423 00912223 00058413 00050493 10078063 06442783 00c41703 0017f793 0a079663 20077713 0e070863 00040593 00048513 124000ef 02c42783 00050913 00078a63 01c42583 00048513 000780e7 0a054063 00c45783 0807f793 0a079263 03042583 00058c63 04040793 00f58663 00048513 f35fb0ef 02042823 04442583 00058863 00048513 f21fb0ef 04042223 c38fb0ef 06442783 00041623 0017f793 0a078663 05842503 2d9040ef c24fb0ef 00c12083 00812403 00412483 00090513 00012903 01010113 00008067 f60710e3 00812403 00412483 00000913 00c12083 00090513 00012903 01010113 00008067 00c45783 fff00913 0807f793 f60782e3 01042583 00048513 ea1fb0ef f55ff06f b5cfb0ef f01ff06f 05842503 269040ef 00c41783 f00794e3 06442783 0017f793 fa0790e3 05842503 00000913 27d040ef 00812403 00412483 f95ff06f 05842503 269040ef f51ff06f 00c59783 fe010113 00812c23 01312623 00112e23 0087f713 00058413 00050993 0e071263 0045a703 14e05c63 02842703 0a070e63 00912a23 01212823 01422903 00022a23 01379693 01c42583 1406c663 00000613 00100693 00098513 000700e7 fff00793 00050613 16f50e63 00c41783 02842703 01c42583 0047f793 00078e63 00442683 03042783 40d60633 00078663 03c42783 40f60633 00000693 00098513 000700e7 fff00793 0ef50c63 01042703 00c45783 00042223 00e42023 01379713 10074e63 03042583 01222a23 0c058063 04040793 00f58663 00098513 d75fb0ef 01412483 01012903 02042823 00000513 01c12083 01812403 00c12983 02010113 00008067 01212823 0105a903 08090263 00912a23 0005a483 0037f793 0125a023 412484b3 00000713 00079463 0145a703 00e42423 00904863 0540006f 00a90933 04905663 02442783 01c42583 00048693 00090613 00098513 000780e7 40a484b3 fca04ee3 00c41783 0407e793 01412483 01012903 00f41623 fff00513 f75ff06f 03c5a703 eae044e3 f65ff06f 01412483 01012903 f59ff06f 05042603 eddff06f 01422683 01d00793 00c41703 06d7e063 204007b7 00178793 00d7d7b3 0017f793 04078663 01042783 00042223 00f42023 01371793 ee07d8e3 ee0696e3 04a42823 ee5ff06f 01422783 e80782e3 01d00713 00e78663 01600713 f6e796e3 01222a23 01412483 01012903 ee5ff06f 04076793 f5dff06f 01022783 ff010113 00812423 01212023 00112623 00912223 00050913 00058413 0a078a63 00c41783 00000493 04078063 06442703 00177713 00071663 2007f793 04078463 00040593 00090513 da1ff0ef 06442783 00050493 0017f793 00079863 00c45783 2007f793 04078463 00c12083 00812403 00012903 00048513 00412483 01010113 00008067 05842503 78c040ef 00040593 00090513 d55ff0ef 06442783 00050493 0017f793 fc0792e3 fb5ff06f 05842503 798040ef 00c12083 00812403 00012903 00048513 00412483 01010113 00008067 82cfb0ef f4dff06f 01022783 fe010113 00812c23 00912a23 00112e23 00050493 00060413 08078863 06442783 0017f793 00079863 00c45783 2007f793 06078263 00048513 00040613 07c000ef 06442783 00050493 0017f793 00079863 00c45783 2007f793 00078e63 01c12083 01812403 00048513 01412483 02010113 00008067 05842503 6f4040ef 01c12083 01812403 00048513 01412483 02010113 00008067 05842503 00b12623 69c040ef 00c12583 f91ff06f 00b12623 f75fa0ef 00c12583 f69ff06f 01022783 ff010113 00812423 00912223 01212023 00112623 00050913 00058493 00060413 0c078863 06442783 0017f793 00079863 00c45783 2007f793 08078463 00842783 fff78793 00f42423 0007dc63 01842703 04e7cc63 0ff4f793 00a00713 04e78663 00042783 0ff4f913 00178713 00e42023 00978023 06442783 0017f793 00079863 00c45783 2007f793 04078263 00c12083 00812403 00412483 00090513 00012903 01010113 00008067 00090513 00040613 00048593 044000ef 00050913 fb9ff06f 05842503 5b8040ef f75ff06f 05842503 5e0040ef 00c12083 00812403 00412483 00090513 00012903 01010113 00008067 e75fa0ef f31ff06f 01022783 fe010113 00812c23 00912a23 01212823 00112e23 00050913 00058493 00060413 12078063 01842703 00c45783 00e42423 0087f793 08078863 01042783 08078463 00042703 01442683 01312623 40f707b3 0ff4f993 0ff4f493 08d7ce63 00040593 00090513 d05ff0ef 0e051063 00042703 00842683 00100793 00170613 fff68693 00c42023 00d42423 01370023 01442703 08f71463 00040593 00090513 ccdff0ef 0a051463 00c12983 01c12083 01812403 01012903 00048513 01412483 02010113 00008067 00040593 00090513 088000ef 06051e63 01042783 00042703 01442683 01312623 40f707b3 0ff4f993 0ff4f493 f6d7d6e3 00842683 00170613 00c42023 fff68693 00d42423 01370023 01442703 00178793 f8f700e3 00c45783 0017f793 f80782e3 00a00793 f6f49ee3 00040593 00090513 c35ff0ef f60506e3 00c0006f d29fa0ef ee1ff06f 00c12983 fff00493 f59ff06f 01022783 ff010113 00812423 00912223 00112623 00050493 00058413 0e078c63 00c41783 0087f713 06070a63 01042703 08070663 0017f693 02068863 01442683 00042423 00000513 40d006b3 00d42c23 02070a63 00c12083 00812403 00412483 01010113 00008067 0027f693 00000613 00069463 01442603 00c42423 00000513 fc071ae3 0807f713 fc0706e3 0407e793 00f41623 fff00513 fbdff06f 0107f713 08070063 0047f713 02071c63 01042703 0087e793 00f41623 f6071ee3 2807f693 20000613 f6c688e3 00040593 00048513 579030ef 00c41783 01042703 f59ff06f 03042583 00058e63 04040713 00e58863 00048513 f5cfb0ef 00c41783 02042823 01042703 fdb7f793 00042223 00e42023 fa1ff06f 00000513 bfdfa0ef f05ff06f 0407e793 00900693 00d22a23 00f41623 fff00513 f21ff06f 00357793 0ff5f693 02078a63 fff60793 02060e63 fff00613 0180006f 00150513 00357713 00070e63 fff78793 02c78063 00054703 fed714e3 00008067 00060793 00300713 00f76863 06079063 00000513 00008067 0ff5f593 00859713 00b705b3 01059713 feff08b7 80808837 00e585b3 eff88893 08080813 00300313 0100006f ffc78793 00450513 fcf370e3 00052703 00e5c733 01170633 fff74713 00e67733 01077733 fc070ee3 00f507b3 00c0006f 00150513 f8f50ce3 00054703 fed71ae3 00008067 00a5e7b3 0037f793 00079663 00300793 0ec7e463 00050693 01c0006f fff5c703 fff60813 fee78fa3 00070e63 00078693 00080613 00158593 00168793 fe0610e3 00008067 ffe60713 10080463 40f008b3 00500313 0038f593 06e37063 00078313 02058863 00078023 0028f893 00268313 ffd60713 00088e63 000780a3 00300713 0ce59263 00468313 00078123 ffb60713 40b80833 00b787b3 ffc87613 00c786b3 0007a023 00478793 fed79ce3 00c307b3 40c70733 04c80063 00078023 02070c63 000780a3 00100693 02d70663 00078123 00200693 02d70063 000781a3 00300693 00d70a63 00078223 00400693 00d70463 000782a3 00008067 feff0337 808088b7 00050693 eff30313 08088893 00300e13 0180006f 00e6a023 ffc60613 00468693 00458593 f0ce78e3 0005a703 006707b3 fff74813 0107f7b3 0117f7b3 fc078ce3 ef5ff06f 00368313 ffc60713 f45ff06f 00008067 00019537 57c50513 00008067 ff010113 00812423 00058513 00112623 9c01a423 7c5030ef fff00793 00f50a63 00c12083 00812403 01010113 00008067 9c81a783 fe0786e3 00c12083 00812403 00f22a23 01010113 00008067 ff010113 00812423 000197b7 00019437 04478793 04840413 40f40433 00912223 00112623 40245493 02048063 ffc40413 00f40433 00042783 fff48493 ffc40413 000780e7 fe0498e3 00c12083 00812403 00412483 01010113 00008067 00357793 00050713 04079c63 7f7f86b7 f7f68693 fff00593 00072603 00470713 00d677b3 00d787b3 00c7e7b3 00d7e7b3 feb784e3 ffc74683 40a707b3 04068463 ffd74683 02068c63 ffe74503 00a03533 00f50533 ffe50513 00008067 fa0688e3 00074783 00170713 00377693 fe0798e3 40a70733 fff70513 00008067 ffd78513 00008067 ffc78513 00008067 f9010113 07212023 00c5a903 05412c23 05512a23 05612823 0045aa83 0005ab03 0085aa03 05312e23 000089b7 06812423 06912223 06112623 01095493 fff98993 03612823 03512a23 03412c23 03212e23 0134f4b3 00062023 00050413 09348063 01010593 02010513 05712623 03612023 00060b93 03512223 03412423 03212623 00012823 00012a23 00012c23 00012e23 294070ef 0e050463 00000693 06048e63 ffffc737 00270713 03c12903 00e484b3 800107b7 00d484b3 fff78793 009ba023 03012b03 03412a83 03812a03 04c12b83 00f97933 3ffe07b7 00f96933 01642023 01542223 01442423 01242623 06c12083 00040513 06812403 06412483 06012903 05c12983 05812a03 05412a83 05012b03 07010113 00008067 407107b7 00010613 01010593 02010513 00f12623 01612823 01512a23 01412c23 01212e23 00012023 00012223 00012423 508070ef 02012703 02c12783 f8e00693 02e12823 02412703 0107d493 02f12e23 02e12a23 02812703 0134f4b3 02e12c23 f29ff06f 04c12b83 f5dff06f fe010113 01212823 00812c23 00050413 9b01a503 00912a23 01312623 01412423 00112e23 00058493 00060a13 00068993 5e9030ef 9cc1a783 08078663 0047a703 01f00593 9b01a503 08e5c663 00271593 02041e63 00170713 00e7a223 00b787b3 0097a423 5e9030ef 00000513 01c12083 01812403 01412483 01012903 00c12983 00812a03 02010113 00008067 00b78833 09482423 1887a683 00100613 00e61633 00c6e6b3 18d7a423 11382423 00200693 fad412e3 18c7a683 00c6e6b3 18d7a623 f95ff06f c6c18693 9cd1a623 c6c18793 f6dff06f 579030ef fff00513 f91ff06f ff010113 00068793 00060813 00112623 00422883 00050693 00058713 00078613 02080063 000187b7 2ac78793 000185b7 2bc58593 00088513 001020ef 12d030ef 00018837 2b880793 2b880813 fe1ff06f 02c5b7b3 ff010113 00112623 00812423 02c585b3 06079263 bf8fb0ef 00050413 06050063 ffc52603 02400713 ffc67613 ffc60613 06c76263 01300693 00050793 00c6fc63 00052023 00052223 01b00793 06c7e263 00850793 00c12083 00040513 00812403 0007a023 0007a223 0007a423 01010113 00008067 00c00713 00e22a23 00000413 00c12083 00040513 00812403 01010113 00008067 00000593 9e5fa0ef 00c12083 00040513 00812403 01010113 00008067 00052423 00052623 01050793 f8e61ce3 00052823 01850793 00052a23 f89ff06f f5010113 000188b7 7c488893 0a812423 0008af83 0048af03 0088ae83 00c8ae03 0108a303 01c22883 0b212023 09312e23 09412c23 09612823 09712623 09812423 09a12023 0a112623 0a912223 09512a23 07b12e23 05f12e23 07e12023 07d12223 07c12423 06612623 00a12a23 00c12c23 00d12e23 0005aa03 0045a983 0085a903 00c5ab83 00070b13 00078c13 00080d13 00088863 00088593 324020ef 00022e23 06812603 01fbd693 001b9413 40165713 00d77733 001b9a93 ffffc4b7 010b9d93 00dc2023 00145413 00c74733 011ada93 f9148493 010ddd93 02010593 03010513 03412823 03312a23 03212c23 02812e23 03412023 03312223 03212423 02812623 06e12423 009a84b3 05412623 05312823 05212a23 05b12c23 578090ef 18051063 7fff0c37 09912223 fffc0c13 fff00c93 02010593 03010513 03412823 03312a23 03212c23 02812e23 03912023 03912223 03912423 03812623 538090ef 08051c63 02010593 03010513 030070ef 08a05463 08412c83 00300793 04f12423 01812783 01c12803 01412503 04810713 01a12023 000b0893 04c10693 00048613 05c10593 20c000ef 000b2703 ffff87b7 00f71863 800007b7 fff78793 00fb2023 0ac12083 0a812403 0a412483 0a012903 09c12983 09812a03 09412a83 09012b03 08c12b83 08812c03 08012d03 07c12d83 0b010113 00008067 000107b7 02010593 03010513 03412823 03312a23 03212c23 02812e23 02012023 02012223 02012423 02f12623 649060ef 02054063 000107b7 00fdedb3 00100793 08412c83 04f12423 05b12c23 f3dff06f 02010593 03010513 03412823 03312a23 03212c23 03712e23 02012023 02012223 02012423 02012623 531060ef 00051863 08412c83 04012423 f01ff06f ffffc4b7 f9248493 00200793 08412c83 04f12423 009a84b3 ee5ff06f 00400793 04f12423 ed9ff06f fc010113 02912a23 00c52483 03312623 03412423 00852983 00452a03 03512223 00052a83 00149493 0014d493 00010593 01010513 02112e23 01512823 01412a23 01312c23 00912e23 01512023 01412223 01312423 00912623 390090ef 08051463 03612023 7fff0b37 03212823 fffb0b13 fff00913 00010593 01010513 02812c23 01212023 01212223 01212423 01612623 00100413 354090ef 02050c63 03c12083 00144513 03812403 0ff57513 03012903 02012b03 03412483 02c12983 02812a03 02412a83 00151513 04010113 00008067 00010593 01010513 619060ef 00152413 fbdff06f 03c12083 03412483 02c12983 02812a03 02412a83 00100513 04010113 00008067 f3010113 09b12e23 00072d83 0d212023 0b612823 fcfdfe13 0c112623 01c72023 00070913 0d012703 00fdfe13 00300e93 00e12423 00b12823 00c12023 01012623 00088b13 7bde0663 0b312e23 00078993 00cdf793 00f12a23 6e079a63 0c812423 00050413 740e0263 0b712623 0005ab83 0b412c23 0c912223 00068a13 02000693 00000593 02000793 0176d863 00179793 00158593 ff77cce3 00040513 ea0fb0ef 00050493 360508e3 fffb8513 40555513 00251593 0b512a23 0b912223 00ba05b3 01448693 000a0793 0007a703 00478793 00468693 fee6ae23 fef5f8e3 00158593 001a0793 00400693 00f5e663 00251513 00450693 4026dc93 00d486b3 00c0006f ffc68693 760c8063 0106a783 000c8a93 fffc8c93 fe0786e3 004c8793 00279793 00f487b3 0047a503 0154a823 005a9a93 8a1fb0ef 40aa8cb3 00048513 1c8020ef 00012783 08a12623 00f12e23 74051c63 0104a683 62068a63 08c10593 00048513 0b812423 0ba12023 c6cfc0ef 00c59a93 00cada93 3ff006b7 00dae8b3 01c12783 8301a603 8341a683 019787b3 00088593 fff78a93 03112023 02f12223 02a12e23 850f80ef 8381a603 83c1a683 a55f70ef 8401a603 8441a683 9d8f70ef 00050c13 000a8513 00058d13 851f80ef 8481a603 84c1a683 a2df70ef 00050613 00058693 000c0513 000d0593 9a8f70ef 00050c13 00058d13 000a8513 000ad863 02412783 00100513 40f50533 bcb50513 02a05863 809f80ef 8501a603 8541a683 9e5f70ef 00050613 00058693 000c0513 000d0593 960f70ef 00050c13 00058d13 000d0593 000c0513 f54f80ef 00050893 000d0593 000c0513 00000613 00000693 01112c23 0b5060ef 02055463 01812503 facf80ef 000c0613 000d0693 011060ef 01812783 00a03533 40a787b3 00f12c23 02012783 014a9613 01600693 00f608b3 01812783 415c8ab3 05112223 fffa8c13 5cf6e063 00018eb7 00379693 4d8e8e93 01d686b3 03c12e03 0006a503 0046a583 000e0613 00088693 851f70ef 18a042e3 04012023 02012023 01504a63 00100693 415687b3 02f12023 00000c13 01812783 02012423 00fc0c33 02f12623 00900693 5b36ee63 00500693 1536cee3 02412783 00400613 3fd78793 7f87ba93 00c99463 0ac0106f 00d99463 0800106f 00200693 00d99463 0900106f 00300693 02012c23 58d99663 02c12783 00c12703 00e787b3 04f12623 00178793 02f12223 60f054e3 00078693 00078593 00040513 08d12623 391010ef 00050713 4a050c63 01012783 00c7a783 fff78793 02f12823 58078663 0a07cae3 100df313 56031863 01c12783 0007c863 02c12783 00e00693 0ef6d0e3 03812783 080780e3 01012783 419b8833 00180613 0047a683 01c12783 08c12623 41078833 62d854e3 ffd98613 ffd67613 4c0604e3 40d786b3 00168693 08d12623 00100613 01365a63 02412783 00f05663 00d7d463 6080106f 02012783 02812b83 00dc0c33 00078d93 00f687b3 02f12023 00100593 00040513 00e12e23 ed8fb0ef 01c12703 00050a93 3e050c63 020d8663 03805463 000d8693 01bc5463 000c0693 02012783 08d12623 40dd8db3 40d787b3 02f12023 40dc0c33 02812783 02078863 03812783 00078463 660b94e3 02812603 00048593 00040513 00e12e23 9e9fb0ef 01c12703 00050493 38050c63 00100593 00040513 00e12e23 e5cfb0ef 00050813 38050063 01812783 01c12703 4a079ae3 00100693 1b36dce3 01f00b93 02012783 418b8bb3 ffcb8b93 01fbfb93 00fb8633 09712623 000b8793 20c04ce3 00fc0633 32c04263 04012783 22079ae3 02412783 3cf05ae3 03812783 280784e3 01bb8633 66c048e3 01812783 000a8d93 00078463 6b90006f 03012683 00200793 00f68463 64c0106f 01612c23 02412d03 00070c13 00100793 00e12623 01212823 00080b13 0a00006f 00040513 a80fb0ef 00095463 0200106f 0129e933 00091a63 000a2783 0017f793 00079463 0080106f 019c0023 08c12783 001c0c13 00fd1463 2900106f 00048593 00000693 00a00613 00040513 a5cfb0ef 00050493 28050463 00000693 00a00613 135d84e3 000a8593 00040513 a3cfb0ef 00050a93 26050463 000d8593 00000693 00a00613 00040513 a20fb0ef 00050d93 24050663 08c12783 00178793 000b0593 00048513 08f12623 221010ef 00050b93 000a8593 00048513 c1dfb0ef 000b0593 00050913 000d8613 00040513 c61fb0ef 030b8c93 00050593 20050263 00c52783 f20790e3 00a12023 00048513 be9fb0ef 00012583 00050793 00040513 00f12023 984fb0ef 00012783 00f9e6b3 00068463 76c0106f 000a2783 0017f793 080784e3 f00954e3 000b0813 00c12703 01012903 01812b03 0104a603 00100793 00c7c463 3a80106f 03012683 00200793 00080b93 00070d13 02f69663 4900106f 94cfb0ef 00050493 16050c63 000b8593 00048513 159010ef 03050c93 00098c13 000a0d93 000d8593 000b8513 b4dfb0ef 00050793 00000693 00a00613 000d8593 00040513 001c0993 00f04463 4580106f ff998fa3 8f8fb0ef 00050a13 00000693 00a00613 00048593 00040513 100a0a63 f9ba98e3 00000693 00a00613 8d0fb0ef 00050493 0e050e63 000a0a93 f81ff06f 00400793 10fe1663 0bc12983 0cc12083 0c012903 0b012b03 09c12d83 ffff87b7 00f8a023 000185b7 00070613 00300693 2f858593 0d010113 7e40106f 00048593 00040513 854fb0ef 0c412483 0b812a03 0b412a83 0ac12b83 0a412c83 00812603 00100793 000185b7 00040513 00fb2023 00100693 2a858593 7a4010ef 0c812403 00050713 0cc12083 0bc12983 0c012903 0b012b03 09c12d83 00070513 0d010113 00008067 0cc12083 0c012903 0b012b03 09c12d83 ffff87b7 00f8a023 000185b7 00070613 00800693 2ec58593 0d010113 74c0106f 00080593 00040513 00e12023 ff8fb0ef 00012703 00050813 cc0514e3 0c812403 0c412483 0b812a03 0b412a83 0ac12b83 0a812c03 0a412c83 0a012d03 00000713 f71ff06f 0004a823 8d1ff06f 00100793 04f12023 02012023 3a0c4a63 01812783 a607dce3 02012703 02f12623 00012c23 40f70733 02e12023 40f00733 02e12423 a69ff06f 00050593 00048513 175010ef 08c12683 00012783 40dc8cb3 00f687b3 00f12e23 88dff06f 02412783 00000993 3fd78793 7f87ba93 000b8513 93cf80ef 8581a603 85c1a683 b18f70ef 8acf80ef 00100793 00350593 02f12c23 fff00793 00058693 00012623 04f12623 02f12223 a65ff06f 03012783 00300693 40f687b3 02f12823 02412783 00e00693 a6f6eee3 a60a8ce3 02c12683 03012603 00c6e6b3 a60694e3 03c12d83 04412d03 04012683 08012623 03b12823 05a12823 02068463 8181a603 81c1a683 000d8513 000d0593 04e12423 1a0060ef 04812703 00055463 6cd0006f 03012783 04e12423 00078613 00078513 05012783 00078693 00078593 9f1f60ef 8701a603 8741a683 9e5f60ef 02412783 fcc00337 04812703 00050d93 00b30333 2a0788e3 05512423 00000d13 06f12023 00018eb7 fff78693 03812583 4d8e8613 00369693 00c686b3 0006a603 000d8e13 0046a683 00030d93 42058ee3 8081a503 80c1a583 00170313 04612c23 07d12c23 06e12423 07c12223 191050ef 06412e03 000d8693 000e0613 fc4f70ef 03012d03 05012a83 00050613 00058693 000d0513 000a8593 00060d93 06d12223 f49f70ef 02a12823 fc1f70ef 00050613 00058693 000d0513 000a8593 f84f70ef 03012e03 06812703 00058693 00058a93 030e0e13 06412583 0ffe7e13 00050613 01c70023 00050d13 000d8513 02e12823 07c12a23 880f70ef 03012703 05812303 00a05463 7010006f 8181a783 81c1a803 07412e03 07812e83 04f12823 05012a23 8601a783 8641a803 07812423 04912c23 07712623 07912823 06412b83 06012c83 02f12823 03012a23 00030c13 000e0493 06e12023 07d12a23 0880006f 08c12783 00178793 08f12623 0197c463 6cd0006f 8e0f70ef 03012603 03412683 00050d93 00058b93 000d0513 000a8593 8c4f70ef 00058a93 00050d13 e51f70ef 00050493 ec9f70ef 00050613 00058693 000d0513 000a8593 03048493 e88f70ef 001c0c13 0ff4f493 000d8613 000b8693 fe9c0fa3 00050d13 00058a93 78d050ef 60054ee3 05012503 05412583 000d0613 000a8693 e50f70ef 00050613 00058693 000d8513 000b8593 f71f60ef 00050793 03012603 03412683 000d8513 000b8593 f4f050e3 00048e13 06012703 05812483 000c0313 03900693 0100006f 22f70ee3 fff7ce03 00078313 fff30793 fede08e3 001e0693 0ff6f693 00d78023 02000793 00f12a23 2100006f 0c812403 0c412483 0b812a03 0ac12b83 00000713 ba9ff06f 00100693 415687b3 02f12023 00000c13 c41ff06f 02812b83 02012d83 00000a93 ffcff06f 00200793 02f12823 f48ff06f 01812783 04012023 fff78793 00f12c23 c09ff06f ffc98993 00400613 24c98263 74d98263 00200693 02012c23 00000a93 22d98e63 00300993 ebcff06f 000186b7 00379793 4d868693 00d787b3 0007aa03 0047aa83 00c12783 5807cc63 04412c03 03c12b83 00100793 000a0613 000a8693 000c0593 000b8513 00e12023 08f12623 6d0050ef cb9f70ef 00050993 d31f70ef 000a0613 000a8693 f0df60ef 00050613 00058693 000b8513 000c0593 ce8f70ef 02c12703 03098793 00000613 00170d93 00012703 00000693 00050c93 00170313 00f70023 00e12623 00612023 00058c13 05b12423 549050ef 00012303 00c12703 0c050a63 8641a803 8601a783 01b12623 02412d03 00f12023 01012223 00030b93 00070d93 0700006f 09012623 e89f60ef 000a0613 000a8693 00050c13 00058c93 620050ef c09f70ef 00050993 c81f70ef 000a0613 000a8693 e5df60ef 00050613 00058693 000c0513 000c8593 c38f70ef 001b8b93 03098793 fefb8fa3 00000613 00000693 00050c93 00058c13 4b1050ef 46050263 08c12703 00012603 00412683 000c8513 000c0593 00170813 f7a71ee3 03012683 000d8713 000b8313 00c12d83 78068c63 01000613 00100793 00c12a23 22f684e3 00048593 00040513 00e12623 00612023 9b5fa0ef 00012303 04812783 00c12703 00030023 00fb2023 00812783 00078463 0067a023 00092783 01412683 0c812403 0c412483 00d7e7b3 0b812a03 0b412a83 0ac12b83 0a812c03 0a412c83 0a012d03 00f92023 94dff06f e4dc9663 01012783 00012683 0047a783 00178793 e2d7dc63 02012783 001c0c13 00178793 02f12023 00100793 00f12c23 e1cff06f 00100793 00000a93 02f12c23 00c12583 00b04463 00100593 00058693 04b12623 02b12223 00b12623 c90ff06f 000d8593 00040513 919fa0ef 00050a93 940502e3 00050d93 ef4ff06f e9204263 f7cff06f 00048593 00040513 00e12823 01012023 908fb0ef 00050493 90050ce3 08c12783 01012703 00012803 dc4ff06f 00080593 00048513 00e12823 01012023 aecfb0ef 00012803 01012703 da055a63 02c12783 00048593 00000693 fff78793 00a00613 00040513 02f12623 895fa0ef 00050493 8c0500e3 03812783 00012803 01012703 1c0798e3 04c12783 28f05c63 02f12223 02412983 00070c13 00100793 00080a13 00070b93 0180006f 855fa0ef 00050493 880500e3 08c12783 00178793 000a0593 00048513 08f12623 054010ef 03050c93 019c0023 08c12783 00000693 00a00613 00048593 00040513 001c0c13 fb37cee3 03012603 000a0813 000b8713 52060063 00200693 0104a783 00000d13 54d60c63 00100693 32f6ce63 0144a783 32079a63 00f037b3 00479793 00f12a23 03000693 fffc4783 000c0313 fffc0c13 fed78ae3 00080593 00040513 00e12623 00612023 f88fa0ef 02c12783 00012303 00c12703 00178793 04f12423 da0a86e3 000d0e63 015d0c63 000d0593 00040513 f5cfa0ef 00c12703 00012303 000a8593 00040513 00e12623 00612023 f40fa0ef 00c12703 00012303 d71ff06f 02412783 02812603 fff78693 1ed64863 40d60bb3 7e07d863 00078693 02012783 08012623 40d78db3 b50ff06f 00200793 c337d663 00080593 00000693 00500613 00040513 00e12023 f0cfa0ef 00050593 f2050c63 02412783 00012703 18079263 00a12023 00048513 00e12823 914fb0ef 00012583 01012703 16a05463 02c12783 00278793 04f12423 03100793 00f70023 02000793 00170313 00f12a23 00040513 00e12623 00612023 e88fa0ef 00012303 00c12703 ca0a8ce3 f29ff06f 00100693 00100593 9fcff06f 00050593 00078613 00040513 cf9fa0ef 00050813 ea050663 00100693 01c12703 0336dc63 00012c23 01082783 00e12823 01012023 00378793 00279793 00f807b3 0047a503 811fa0ef 01012703 00012803 00050b93 b08ff06f fcdc96e3 01012783 00012683 0047a783 00178793 fad7dce3 02012783 001c0c13 00178793 02f12023 00100793 00f12c23 fa1ff06f 00100693 eb36c4e3 02012783 02812b83 00cc0c33 00078d93 00f607b3 02f12023 a04ff06f 00200793 0f37c0e3 04c12783 02f12223 d61ff06f 000b8313 000d8713 bd9ff06f 02412783 a6f044e3 02079c63 8781a603 87c1a683 000a0513 000a8593 00e12023 995f60ef 03c12803 04412783 00080613 00078693 8a5f60ef 00012703 68054a63 00000593 00000a93 00c12783 00070313 40f007b3 04f12423 01000793 00f12a23 ea5ff06f 02812783 02012583 00000b93 40f68633 01812783 00058d93 02d12423 00c787b3 00f12c23 02412783 08f12623 00fc0c33 00f587b3 02f12023 944ff06f 000a8593 000b8613 00040513 00e12e23 b85fa0ef 00050a93 d2050c63 00050593 00048613 00040513 8b5fa0ef 00050d13 d2050063 00048593 00040513 cbcfa0ef 02812783 01c12703 000d0493 417787b3 02f12423 96078463 944ff06f 000c0793 001c0993 03900693 00098c13 00d78023 03900693 0080006f 1b870263 fffc4783 000c0313 fffc0c13 fed788e3 00178793 00fc0023 02000793 00f12a23 cc5ff06f 000a8593 00040513 00e12623 01012023 c89fa0ef 00012803 00c12703 00050a93 96051a63 c8cff06f 00100793 02f12c23 f95fe06f 00100793 00000a93 02f12c23 f85fe06f 02012c23 af5ff06f 00100793 02f12c23 ae9ff06f 004aa583 00040513 00e12623 01012023 b48fa0ef 00050b93 c4050063 010aa603 00ca8593 00c50513 00260613 00261613 ac8f90ef 00100613 000b8593 00040513 c01fa0ef 00012803 00c12703 00050d93 00050463 8f8ff06f c00ff06f 000d8613 000d8513 000d0693 000d0593 04e12423 f3df50ef 8701a603 8741a683 f31f50ef 04812703 fcc00337 00050d93 00b30333 8781a603 03012503 87c1a683 05012583 04e12423 04612c23 d65f60ef 05812303 000d8613 00050a93 00030693 02612823 00058d13 e7cf60ef 04812703 42a04263 03012303 800006b7 000d8613 0066c333 000a8513 00030693 000d0593 644050ef 04812703 da054ae3 01c12783 00018eb7 5207c663 00c12783 02012823 4d8eaa03 4dceaa83 fc07d063 02412783 fa079c63 d55ff06f 02c12783 00178793 02f12623 03100793 00f70023 02000793 00f12a23 b29ff06f 00000d13 00048593 00100613 00040513 00e12623 01012023 ae5fa0ef 00050493 ae050a63 00012803 00080593 ce1fa0ef 00012803 00c12703 dea04ee3 00051663 001cfc93 de0c98e3 0104a683 01000613 00100793 00c12a23 aad7cce3 0144a783 aa5ff06f 000b0813 00c12703 01012903 01812b03 00100693 8f4ff06f 000c0693 000c8613 00e12823 01712023 dddf50ef 00012303 000a0613 000a8693 fff34e03 00612623 00050b93 01c12023 00058c13 d4cf60ef 00012e03 00c12303 01012703 dea04c63 000b8513 000c0593 000a0613 000a8693 00612023 01c12623 484050ef 00012303 01012703 32051263 0019f993 30098e63 00c12e03 dc0ff06f 04812683 00168693 04d12423 03100693 dd0ff06f 000e0513 00030593 06e12423 07d12c23 db8f60ef 8601a783 06812703 8641a803 05012b83 03012f03 04f12c23 00000693 00090793 07812423 06912623 06812a23 000a8913 06012403 05012e23 07412023 06a12223 000b8a13 06b12e23 000b0b93 03000d93 00098b13 00070c13 00068493 06e12823 000f0993 00078a93 0600006f b60f70ef 00050613 00058693 00098513 000a0593 b25f60ef 03090713 0ff77e13 01cc0023 08c12703 001c0c13 00050993 00058a13 1ee40e63 05812603 05c12683 00098513 000a0593 00170913 cfcf60ef 00050993 00058a13 00100493 00098513 000a0593 09212623 a78f70ef 00050913 f80518e3 01bc0023 08c12703 001c0c13 fa871ce3 00048693 000c0313 00098f13 06812c03 000b0993 06c12483 000b8b13 07012703 000a0b93 07412403 07812e83 06012a03 000a8913 00069663 03012f03 05012b83 03000e13 07c12d83 8081a603 80c1a683 06412503 000d8593 06e12023 05c12c23 04612823 03e12823 07d12423 be9f50ef 03012f03 000b8693 000f0613 35c050ef 05012303 05812e03 06012703 c0054c63 06412603 8081a503 80c1a583 000d8693 04e12823 04612423 a0df60ef 03012f03 000b8693 000f0613 b30f60ef 03012f03 04812303 05012703 06812e83 2ca04663 01c12783 cc07dce3 02812b83 02012d83 02012823 00000a93 c25fe06f 000b0813 000a8d13 00c12703 01012903 01812b03 000d8a93 d31ff06f fffbce03 b98ff06f 02412783 be0788e3 04c12783 c8f052e3 8601a603 8641a683 000d8513 000d0593 04e12c23 b90f60ef 8681a603 86c1a683 02a12823 04b12823 b7cf60ef 8701a603 8741a683 fff00d13 afdf50ef 04c12783 fcc00337 05812703 00050d93 00b30333 04012423 06f12023 920ff06f 02012683 08f12623 00fc0c33 00f687b3 00068d93 02f12023 b5dfe06f 00200793 04f12423 00000593 00000a93 859ff06f 000c0313 000b0993 06c12483 000b8b13 06812c03 07012703 07412403 07812e83 06012a03 000a8913 00050f13 00058b93 e69ff06f 02c12783 00000593 00000a93 00278793 04f12423 80dff06f 01000693 00030793 00d12a23 03000613 fff7c683 00078313 fff78793 fec68ae3 05b12423 cc8ff06f 000a8593 00000693 00a00613 00040513 e9df90ef 00050a93 00051463 ec5fe06f 04c12783 00012803 01012703 00f05663 02f12223 b89fe06f 00200793 1737cc63 04c12783 02f12223 b75fe06f 05812483 06012703 000c0313 000d0513 000a8593 00000613 00000693 00e12623 00612023 0bc050ef 00a037b3 00479793 00012303 00c12703 00f12a23 c3cff06f 01c12783 06812c03 05812483 06c12b83 07012c83 06012703 07412e83 ae07d2e3 02012823 9b9fe06f 02012823 9a9fe06f 02412783 02812603 fff78693 88d646e3 02012583 00fc0c33 08f12623 00f587b3 00058d93 40d60bb3 02f12023 9e9fe06f 0144a783 00078463 c55fe06f 000a8d13 000d8a93 34d05863 00048593 00100613 00040513 00e12623 01012023 db0fa0ef 00050493 00051463 dbdfe06f 00012803 00080593 fa8fa0ef 00012803 00c12703 08a05c63 03900793 8afc84e3 02000793 031b8c93 02f12823 0104a683 01000613 00100793 00c12a23 001c0993 04d7dc63 00098313 019c0023 d7cff06f 000f0513 000b8593 00000613 00000693 00e12623 00612023 79d040ef 00012303 00a037b3 00479793 00f12a23 00c12703 00030793 001d0d93 e35ff06f 04c12783 02f12223 dd0ff06f 0144a783 fa0794e3 03012783 00f12a23 f9dff06f 00051663 001cf793 f60792e3 02000793 02f12823 f6dff06f 01000793 000a8d13 00f12a23 000d8a93 001c0993 f6dff06f 03900793 000d0713 000b8813 000a8d13 22fc8863 02000793 001c8c93 000d8a93 00f12a23 f45ff06f 000a8d13 01212623 00070c13 000d8a93 00100793 00e12023 00080913 000b0c93 00090593 00048513 08f12623 474000ef 00050b93 000d0593 00048513 e70fa0ef 00090593 00050d93 000a8613 00040513 eb4fa0ef 030b8b13 00050593 00051463 c55fe06f 00c52703 06070063 000c8793 00040513 01212823 000b0c93 00c12903 00078b13 bd9f90ef 00012703 01012803 1e0dce63 01b9edb3 000d9863 000a2783 0017f793 1e078463 03900793 f0fc8a63 001c8c93 02000793 001c0313 019c0023 00f12a23 c00ff06f 00a12823 00048513 ddcfa0ef 01012583 00050693 00040513 00d12823 b79f90ef 01012683 00d9e733 1a071a63 000a2703 00177713 08071a63 03012783 0c078c63 23b05863 016c0023 08c12783 02412703 001c0c13 1ef70a63 00048593 00000693 00a00613 00040513 b51f90ef 00050493 00051463 b79fe06f 00000693 00a00613 000d0593 00040513 075d0a63 b2df90ef 00050d13 00051463 b55fe06f 000a8593 00000693 00a00613 00040513 b0df90ef 00050a93 00051463 b35fe06f 08c12783 00178793 e95ff06f f60ddee3 000c8793 000b0c93 00078b13 03012783 00090813 00012703 00c12903 d6078ce3 000a8d93 00000693 000d0a93 94dfe06f abdf90ef 00050d13 00051463 ae5fe06f 00050a93 fadff06f 000c8793 000b0c93 00078b13 03900793 00090813 00012703 00c12903 dcfc8463 03b05863 02000793 031b8c93 00f12a23 001c0313 019c0023 ab0ff06f 000c0793 000d8a93 da8ff06f 001c0993 d19ff06f 0104a683 01000613 00100793 00c12a23 fcd7c8e3 0144a783 00f037b3 00479793 00f12a23 fbdff06f 02094063 0129e933 00090463 fa0fe06f 000a2703 00177713 00070463 f90fe06f 000b0813 00c12703 01012903 01812b03 00078693 885fe06f 03012783 c40784e3 000a8d93 00100693 000d0a93 86dfe06f 020dcc63 01b9edb3 000d9863 000a2703 00177713 02070263 e4d058e3 000c8793 00090813 000b0c93 00012703 00c12903 00078b13 dd1ff06f 000c8793 000b0c93 00078b13 03012783 00090813 00012703 00c12903 00079663 bcd04ee3 c29ff06f 000a8d93 000d0a93 801fe06f 000c8793 000b0c93 00078b13 03012783 00090813 00012703 00c12903 e6078c63 0104a783 960ff06f 000c8793 00090813 000b0c93 000a8d93 00012703 00c12903 00078b13 00000693 000d0a93 fb0fe06f 000186b7 00018537 ff010113 1f468693 00000613 03900593 2fc50513 00112623 c29fd0ef ff010113 00112623 01700693 00100713 00400793 02b6fc63 00179793 01478693 00070613 00170713 fed5f8e3 00060593 00c22c23 ffcf90ef 02050063 00c12083 00a22e23 01010113 00008067 00022c23 00000593 fe1ff06f f85ff0ef ff010113 00812423 00912223 00112623 01700813 00058413 00060493 00100713 00400793 06d87663 00179793 01478813 00070593 00170713 ff06f8e3 00b22c23 f94f90ef 06050063 00a22e23 00044783 00140593 00f50023 04078263 00050793 0005c703 00178793 00158593 00e78023 fe0718e3 00048463 00f4a023 00c12083 00812403 00412483 01010113 00008067 00022c23 00000593 fa9ff06f 00050793 fd5ff06f eddff0ef 01822683 00100713 00d71733 00d5a223 00e5a423 fc0f906f fe010113 00912a23 01052783 0105a483 00112e23 1c97c863 fff48493 00249313 00812c23 01458413 01312623 01412423 006409b3 01450a13 0009a783 006a0333 00032703 01212823 01512223 00178793 02f75933 00050a93 0af76e63 00010537 00040893 000a0813 00000f13 00000e93 fff50513 0008a783 00082603 00480813 00a7f6b3 0107d793 00a67733 01065e13 00488893 032686b3 032787b3 01e686b3 00a6f633 40c70733 41d70733 0106d693 01075613 00167613 00a77733 00d787b3 00a7f6b3 00d60633 40ce06b3 01069613 00e66733 0106d693 fee82e23 0107df13 0016fe93 f919f8e3 00032783 02079463 ffc30313 006a6863 0180006f fff48493 006a7863 00032783 ffc30313 fe0788e3 009aa823 000a8513 8f4fa0ef 0a054063 00010537 000a0593 00000693 fff50513 0005a783 00042603 00458593 00a7f733 00a67833 41070733 40d70733 01075693 0016f693 01065613 00c686b3 0107d793 40d787b3 01079693 00a77733 00e6e733 0107d793 00440413 fee5ae23 0017f693 fa89f8e3 00249793 00fa07b3 0007a703 02071463 ffc78793 00fa6863 0180006f fff48493 00fa7863 0007a703 ffc78793 fe0708e3 009aa823 00190913 01812403 01c12083 00c12983 00812a03 00412a83 01412483 00090513 01012903 02010113 00008067 01c12083 01412483 00000513 02010113 00008067 01052803 4055de13 010e4863 00052823 00052a23 00008067 01450313 00281613 002e1793 01f5f593 00c30633 00f307b3 06058263 0007a683 02000e93 00478793 40be8eb3 00b6d6b3 08c7f463 00030893 0007a703 00488893 00478793 01d71733 00d76733 fee8ae23 ffc7a683 00b6d6b3 fec7e0e3 41c80833 00281813 ffc80813 01030833 00d82023 02068a63 00480813 02c0006f 00030713 f6c7fae3 0007a683 00478793 00470713 fed72e23 fec7e8e3 41c80833 00281813 01030833 406807b3 4027d793 00f52823 f46804e3 00008067 00d52a23 f2068ce3 00030813 00480813 fddff06f 01052703 fe010113 01450513 00271713 00812c23 00112e23 00e50733 00000413 00e56a63 02c0006f 00450513 02040413 02e57063 00052783 fe0788e3 00e57a63 00c10513 00f12623 f08f90ef 00a40433 01c12083 00040513 01812403 02010113 00008067 fc010113 02810313 02c12423 02d12623 00058613 00030693 00050593 00000513 00112e23 02e12823 02f12a23 03012c23 03112e23 00612623 010000ef 01c12083 04010113 00008067 01022783 f2010113 0c812c23 0c912a23 0d312623 0bb12623 0c112e23 00050493 00058413 00060d93 00068993 280788e3 06442703 00c41783 00177713 00071663 2007f713 3a070063 0087f793 1e078e63 01042783 1e078a63 0d512223 00018ab7 7d8a8793 0d212823 0d412423 0d612023 0b712e23 0b812c23 0b912a23 0ba12823 00012a23 00012c23 02012223 02012023 00012623 02500913 00f12823 000dc783 14078863 000d8a13 1d278863 001a4783 001a0a13 fe079ae3 41ba0ab3 13ba0a63 000a8693 000d8613 00040593 00048513 fb0fc0ef fff00793 10f50c63 00c12703 000a4783 01570733 00e12623 10078263 001a4703 001a0d93 02010ba3 fff00a93 00000c13 00000c93 001d8d93 fe070793 05a00693 04f6e863 01012683 00279793 00d787b3 0007a783 00078067 00000c13 fd070793 00900613 000dc703 002c1693 01868c33 001c1c13 01878c33 fd070793 001d8d93 fef672e3 fe070793 05a00693 faf6fce3 08070663 02e10e23 02010ba3 00100b93 00100893 03c10a13 00000a93 00000693 084cf713 2c070e63 10069ee3 08000793 00f71663 417c0d33 01a046e3 411a8ab3 2f505e63 01000793 00019b37 7757d063 00098793 fff00d13 000a8993 01112e23 00078a93 0100006f ff098993 01000713 73375663 01000693 944b0613 00040593 00048513 e98fc0ef ffa510e3 06442703 00c41783 00177713 08070463 0407f793 0d012903 0c812a03 0c412a83 0c012b03 0bc12b83 0b812c03 0b412c83 0b012d03 04079063 0dc12083 0d812403 00c12503 0d412483 0cc12983 0ac12d83 0e010113 00008067 00040593 00048513 e3dfc0ef e00502e3 06442783 0017f793 44078ee3 fff00793 00f12623 fbdff06f 000dc703 e95ff06f 41ba0ab3 e7ba0ae3 e41ff06f 2007f713 f6071ce3 05842503 25c010ef 00c41783 f69ff06f 000dc703 020cec93 e65ff06f 010cec93 020cf793 0c079463 010cf793 0009ad03 00498993 04079ae3 040cf793 2c0792e3 200cf793 040782e3 018d1d13 418d5d13 41fd5713 00070793 0a07c863 0c0ac663 00ed67b3 f7fcfc93 0c079063 380a9ae3 00000b93 00000893 0a010a13 03714683 00068463 001b8b93 002cf793 e60786e3 084cf713 002b8b93 56070863 74069863 02e12423 01112e23 00200693 03810613 00040593 00048513 d3cfc0ef fff00793 01c12883 02812703 e2f51ee3 e99ff06f 0009ac03 00498993 f00c56e3 41800c33 000dc703 004cec93 d95ff06f 00798993 ff89f993 0049a783 0009ad03 00898993 00078713 f407dce3 02d00693 01a037b3 40e00733 02d10ba3 40f70733 41a00d33 000ac463 f7fcfc93 76071e63 00900793 77a7ea63 030d0793 0ff7f793 08f10fa3 000a8b93 01504463 00100b93 00100893 09f10a13 f29ff06f 05842503 0d0010ef 00c41783 c59ff06f 0009a783 02010ba3 00498993 02f10e23 00100b93 00100893 03c10a13 d6dff06f 0009aa03 02010ba3 00498993 020a0ee3 140acce3 000a8613 00000593 000a0513 d91fc0ef 000a8893 00050463 414508b3 03714683 fff8c813 41f85813 0108fbb3 00000a93 ea069ce3 084cf713 d20718e3 417c0b33 43604c63 3e069863 d20708e3 01112e23 00200693 03810613 00040593 00048513 bf8fc0ef fff00793 01c12883 d4f50ee3 411a8ab3 d15046e3 00088693 000a0613 00040593 00048513 bd0fc0ef fff00793 d2f50ce3 004cfc93 000c8663 417c0a33 31404863 017c5463 000b8c13 00c12783 018787b3 00f12623 bbdff06f 000dc703 06c00793 76f70063 010cec93 c15ff06f 02b00793 000dc703 02f10ba3 c05ff06f 00048513 ed1fc0ef 00452783 00078513 02f12023 f75fc0ef 00050793 00048513 00078a13 02f12223 eadfc0ef 00852703 00e12c23 d20a0ae3 00070793 000dc703 bc0780e3 0007c783 ba078ce3 400cec93 bb1ff06f 000dc703 02a00793 001d8613 12f70ce3 fd070793 00900693 00000a93 00900593 02f6e463 00064703 002a9693 01568ab3 001a9a93 00fa8ab3 fd070793 00160613 fef5f2e3 000ac663 00060d93 b65ff06f fff00a93 00060d93 b59ff06f 000dc703 080cec93 b49ff06f 010ce713 02077793 44078a63 00798993 ff89f993 0009a783 0049a603 00898993 02010ba3 bff77c93 340acc63 00c7e6b3 b7f77713 62069a63 000c8793 00070c93 600a9663 ce069ae3 0017f893 5a088e63 03000793 08f10fa3 00088b93 09f10a13 ce5ff06f 010ce793 0207f713 3c070263 00798993 ff89f993 0009ad03 0049a703 00898993 02010ba3 00078c93 d60ac2e3 00ed66b3 f7f7fc93 d4069ce3 00100693 fa1ff06f 000dc703 06800793 5cf70663 040cec93 a91ff06f 00008737 83070713 00018bb7 02e11c23 278b8713 00e12a23 02010ba3 0009a783 00000613 002cec93 00498993 0c0ac463 00c7e733 f7fcf593 28071263 000c8793 00200693 00058c93 f41ff06f 03714783 000dc703 a2079ce3 02000793 02f10ba3 a2dff06f 000dc703 001cec93 a21ff06f 020cf793 4e078463 00c12683 0009a783 00498993 41f6d713 00d7a023 00e7a223 991ff06f 000c8713 eb5ff06f 00018bb7 28cb8793 05800693 00f12a23 020cf793 32078063 00798993 ff89f993 0009a783 0049a603 00898993 001cf713 00070e63 00c7e733 00070a63 03000713 02e10c23 02d10ca3 002cec93 02010ba3 bffcfc93 f40ad0e3 01412583 0a010a13 00f7f713 00e58733 00074683 0047d793 01c61713 00f767b3 00465613 feda0fa3 00c7e733 fffa0a13 fc071ce3 0a010793 414788b3 000a8b93 b51adce3 00088b93 b51ff06f 000c8793 e6dff06f 00018bb7 278b8793 07800693 00f12a23 f55ff06f 01000793 00019d37 fff00a93 0147ca63 2ec0006f ff0a0a13 01000793 2f47d063 01000693 954d0613 00040593 00048513 878fc0ef ff5510e3 9e1ff06f 01c12883 02812703 000b0793 00098b13 00078993 000b0693 954d0613 00040593 00048513 02e12423 01112e23 840fc0ef fff00793 9af504e3 03714783 01c12883 02812703 c0078ce3 00100693 03710613 00040593 00048513 02e12423 01112e23 80cfc0ef fff00793 96f50ae3 02812703 01c12883 90070ce3 00000713 a9dff06f 417c0b33 00200713 bd6058e3 01000693 00019d37 f966d0e3 00098793 01112e23 000b0993 02e12423 00078b13 0100006f ff098993 01000713 f53754e3 01000693 954d0613 00040593 00048513 fa1fb0ef fff00793 fcf51ee3 06442703 00c41783 00177713 900714e3 989ff06f 01c12883 000a8793 00098a93 00078993 000a8693 944b0613 00040593 00048513 01112e23 f5dfb0ef fff00793 01c12883 b6f518e3 8bdff06f 00200713 00058c93 e20718e3 0a010a13 01d61693 0077f713 0037d793 03070713 00f6e7b3 00365613 feea0fa3 00c7e6b3 000a0593 fffa0a13 fc069ce3 001cf793 e20786e3 03000793 e2f702e3 ffe58593 fefa0fa3 0a010793 40b788b3 000a8b93 011ad463 00088b93 00058a13 965ff06f 01000793 00019b37 15a7da63 00098793 01112e23 000d0993 00078d13 0100006f ff098993 01000713 13375263 01000693 944b0613 00040593 00048513 e9dfb0ef fff00793 fcf51ee3 801ff06f 0107f713 0009ad03 00498993 0c071663 0407f713 0a071e63 2007f713 0a070e63 0ffd7d13 00000713 c2dff06f 01077693 0009a783 00498993 0e069a63 04077693 36069663 20077693 0e068263 0ff7f793 00000613 b9dff06f 010cf713 0009a783 00498993 0c071863 040cf713 34071863 200cf713 0c070063 0ff7f793 00000613 cd1ff06f 00100693 03710613 00040593 00048513 02e12423 01112e23 df1fb0ef fff00793 01c12883 02812703 88f516e3 f4cff06f 02e12423 01112e23 00100693 03710613 885ff06f ae4f70ef d70ff06f 010d1d13 010d5d13 00000713 b79ff06f 000a0693 954d0613 00040593 00048513 d9dfb0ef fff00793 9ef510e3 f00ff06f 01c12883 000d0793 00098d13 00078993 01112e23 000d0693 944b0613 971ff06f 41fd5713 00070793 fc8ff06f 00000613 ac1ff06f 00000613 c19ff06f 400cf793 14079263 ccccd637 ccccd5b7 0a010a13 00500513 ccd60613 ccc58593 00ed07b3 01a7b6b3 00d787b3 02a7f7b3 00070813 fffa0a13 000d0893 40fd07b3 00fd36b3 40d70733 02b78333 02c70733 02c7b6b3 00670733 02c787b3 00d70733 01f71693 00175713 0017d793 00f6e7b3 00279693 00f686b3 00169693 40dd06b3 03068693 00da0023 00078d13 f8081ae3 00900793 f917e6e3 bddff06f 00000b93 0a010a13 f34ff06f 010cf793 02079063 040cf793 28078663 0009a783 00c12703 00498993 00e79023 ca4ff06f 0009a783 00c12703 00498993 00e7a023 c90ff06f 00100793 26f68c63 00200793 1af68263 00000793 00000613 d1dff06f 00070c93 00000713 d00708e3 b39ff06f 001dc703 200cec93 001d8d93 cc0ff06f 001dc703 020cec93 001d8d93 cb0ff06f 00600793 000a8893 1757e463 00018a37 00088b93 2a0a0a13 d08ff06f ccccd337 ccccdbb7 01312e23 00000613 00040993 0a010593 01812403 00500813 ccd30313 cccb8b93 0ff00b13 0540006f 01aa37b3 00fa07b3 0307f7b3 40fd07b3 00fd35b3 40b705b3 03778e33 026585b3 0267b533 01c585b3 026787b3 00a585b3 01f59513 0015d593 0017d793 00f567b3 1a070663 00058713 00078d13 00088593 00ed0a33 01aa37b3 00fa07b3 0307f7b3 00160613 fff58893 40fd07b3 00fd3533 40a70533 0267be33 02650533 026787b3 01c50533 01f51513 0017d793 00f567b3 00279513 00f507b3 00179793 40fd07b3 03078793 fef58fa3 00044783 f4c79ae3 f56608e3 06071c63 00900793 07a7e863 00812c23 00088a13 00098413 01c12983 a2dff06f 000a0513 f10fc0ef 00050893 ebcff06f 010d1d13 410d5d13 41fd5713 00070793 d48ff06f 01079793 0107d793 00000613 839ff06f 01079793 0107d793 00000613 989ff06f 00000793 00000613 9a9ff06f 00600893 e99ff06f 02412783 02012583 02e12623 40f888b3 00078613 00088513 02612423 01112c23 c94fc0ef 01aa37b3 00500613 00fa07b3 02c7f7b3 00144583 02c12703 ccccd537 00b035b3 ccccde37 00b40433 ccd50513 ccce0e13 01812883 02812303 00000613 00500813 40fd07b3 00fd35b3 40b705b3 03c78e33 02a585b3 02a7beb3 01c585b3 02a78733 01d585b3 01f59793 0015d593 00175713 00e7e7b3 e81ff06f 200cfc93 d80c84e3 0009a783 00c12703 00498993 00e78023 a14ff06f 03000793 d38ff06f 00900713 e5a76ae3 ecdff06f 0009aa83 00498993 000ad463 fff00a93 001dc703 00060d93 a50ff06f 00c45783 2007f793 ba079063 05842503 620000ef b94ff06f 00c59783 f9010113 06812423 06112623 0027f713 00058413 02070463 04358793 00f5a023 00f5a823 00100793 00f5aa23 06c12083 06812403 07010113 00008067 00e59583 06912223 07212023 00050493 0805c063 00810613 120000ef 06054863 40000593 00048513 00c12903 ca1f70ef 0a050c63 00c45783 00a42023 00a42823 0807e793 00f41623 40000793 00f42a23 0000f7b7 00f97933 000027b7 0cf91263 00e41583 00048513 120000ef 0a050a63 00c45783 06412483 06012903 ffc7f793 0017e793 00f41623 f69ff06f 00c41783 0807f793 04079463 40000913 40000593 00048513 c29f70ef 04050063 00c45783 01242a23 06c12083 0807e793 00a42023 00a42823 00f41623 06812403 06412483 06012903 07010113 00008067 04000913 04000593 fbdff06f 00c41783 2007f713 02071863 ffc7f793 0027e793 04340713 00f41623 00100793 06412483 06012903 00e42023 00e42823 00f42a23 ed5ff06f 06c12083 06812403 06412483 06012903 07010113 00008067 ff010113 00812423 00058513 00060593 00112623 9c01a423 270000ef fff00793 00f50a63 00c12083 00812403 01010113 00008067 9c81a783 fe0786e3 00c12083 00812403 00f22a23 01010113 00008067 ff010113 00812423 00058513 00112623 9c01a423 280000ef fff00793 00f50a63 00c12083 00812403 01010113 00008067 9c81a783 fe0786e3 00c12083 00812403 00f22a23 01010113 00008067 ff010113 00600513 00112623 0a4000ef 00100513 1bc000ef 02058063 04060263 04068863 00064783 00f5a023 00064503 00a03533 00008067 ff010113 00c10593 02060463 02068a63 00064783 00f5a023 00064503 00a03533 01010113 00008067 00000513 00008067 00000513 fedff06f ffe00513 00008067 ffe00513 fddff06f 02058463 0ff00793 00c7e863 00c58023 00100513 00008067 08a00713 00e22a23 fff00513 00008067 00000513 00008067 01f00793 08a7ec63 02822783 ff010113 00812423 00112623 00050413 04078063 00251713 00e787b3 0007a703 02070863 00100693 00d70a63 fff00693 04d70263 0007a023 000700e7 00c12083 00812403 00000513 01010113 00008067 00000513 09c000ef 00040613 00812403 00c12083 00050593 00000513 01010113 0300006f 00c12083 00812403 01600713 00e22a23 00100513 01010113 00008067 01600713 00e22a23 fff00513 00008067 ff010113 00812423 00058513 00060593 00112623 9c01a423 114000ef fff00793 00f50a63 00c12083 00812403 01010113 00008067 9c81a783 fe0786e3 00c12083 00812403 00f22a23 01010113 00008067 0940006f 03900893 00000073 00054463 00008067 40a00533 00a22a23 fff00513 00008067 05d00893 00000073 00054463 0000006f 40a00533 00a22a23 ff5ff06f f7010113 00058793 08112623 08812423 05000893 00010593 00000073 00050413 02054263 00010593 00078513 3e9020ef 08c12083 00040513 08812403 09010113 00008067 40a00433 00822a23 fff00413 fd5ff06f 00100513 00008067 f9010113 00810593 06112623 f99ff0ef fff00793 00f50e63 00c12503 06c12083 00d55513 00157513 07010113 00008067 06c12083 00000513 07010113 00008067 01600713 00e22a23 fff00513 00008067 03e00893 00000073 00054463 00008067 40a00533 00a22a23 fff00513 00008067 03f00893 00000073 00054463 00008067 40a00533 00a22a23 fff00513 00008067 9dc1a703 00050793 02071063 0d600893 00000513 00000073 fff00613 00050713 02c50063 9ca1ae23 0d600893 00e78533 00000073 9dc1a703 00e787b3 00f50a63 00c00713 00e22a23 fff00513 00008067 9ca1ae23 00070513 00008067 04000893 00000073 00054463 00008067 40a00533 00a22a23 fff00513 00008067 ff010113 00112623 6b4000ef 00c12083 dfc18513 01010113 0640006f ff010113 dfc18513 00112623 088000ef 00c12083 01010113 6ac0006f ff010113 00812423 00050413 01400513 00112623 309020ef 00c12083 00a42023 00812403 00052023 00052223 00052423 00052623 00052823 01010113 00008067 2e90206f ff010113 00812423 00112623 00050413 fff00593 fff00613 00040513 384020ef fe0508e3 00c12083 00812403 01010113 00008067 2490106f 00c3a783 fe010113 0083a603 00912a23 0047a483 0047a703 0043a583 00112e23 00c70733 00e7a223 06058e63 01212823 00c7a903 06090663 01312623 0003a983 00812c23 01412423 00038413 0134e463 413484b3 40998a33 00990533 02ca7263 000a0613 dd9f60ef 00842603 00442583 00090513 41360633 00960633 014585b3 01812403 01012903 00c12983 00812a03 01c12083 01412483 02010113 da1f606f 01012903 01c12083 01412483 02010113 00008067 00c3a783 fe010113 0103c703 00912a23 0087a483 00812c23 00112e23 00038413 02071063 0087a703 0083a603 0043a683 00c70733 00e7a423 0087a703 08d77a63 00042503 06050c63 01212823 00c7a903 06090463 01312623 00442983 01412423 0134e463 413484b3 00842603 40998a33 009905b3 02ca7263 000a0613 d0df60ef 00842603 00042503 00090593 41360633 00960633 01450533 01812403 01012903 00c12983 00812a03 01c12083 01412483 02010113 cd5f606f 01012903 01c12083 01812403 01412483 02010113 00008067 0087a703 40d70733 00e7a423 0047a703 40d70733 00e7a223 f59ff06f ff010113 00812423 00112623 00900793 00050413 02a7e463 00a00793 02f47433 000017b7 03040413 f8878023 00c12083 00812403 01010113 00008067 00912223 00a00513 06300793 02a454b3 0287e063 00a00793 02f4f4b3 000017b7 03048493 f8978023 00412483 fb1ff06f 01212023 3e700793 02a4d933 0287e063 00a00793 02f97933 000017b7 03090913 f9278023 00012903 fbdff06f 02a95533 f65ff0ef fddff06f fd010113 02112623 02812423 34002473 04042783 0d600713 1ee78a63 02f76e63 04000713 20e78863 05d00713 00e79863 30501073 00100073 0000006f fff00793 02c12083 02f42223 02812403 00100513 03010113 00008067 fff00713 fee790e3 000016b7 000187b7 02912223 37478793 03d00713 f8068693 00e68023 0017c703 00178793 fe071ae3 f14024f3 00900793 2097e663 00a00793 02f4f4b3 000016b7 f8068693 000187b7 38478793 02000713 03048493 00968023 00e68023 0017c703 00178793 fe071ae3 08442783 00900613 03000713 01c7d593 00058693 00b67463 05700713 00d706b3 00001637 0187d713 f8d60023 00f77713 00900593 03000693 00e5f463 05700693 00d706b3 00001637 0147d713 f8d60023 00f77713 00900593 03000693 00e5f463 05700693 00d706b3 00001637 0107d713 f8d60023 00f77713 00900593 03000693 00e5f463 05700693 00d706b3 00001637 00c7d713 f8d60023 00f77713 00900593 03000693 00e5f463 05700693 00d706b3 00001637 0087d713 f8d60023 00f77713 00900593 03000693 00e5f463 05700693 00001637 00d706b3 0047d713 f8d60023 00f77713 00900593 03000613 00e5f463 05700613 00c70733 000016b7 f8e68023 00f7f793 00900613 03000713 0cf66063 000016b7 00f70633 000187b7 f8068693 38878793 02000713 00c68023 00e68023 0017c703 00178793 fe071ae3 02412483 e29ff06f 02442783 0001c737 fc070713 04e7ee63 00019737 05072703 04e7f863 00019737 04f72623 e11ff06f 02442783 00100713 fff78793 def76ee3 02c42783 02842703 def05ae3 00001637 00f707b3 f8060613 00074683 00170713 00d60023 fee79ae3 02c42783 dd1ff06f 000197b7 04c7a783 02c12083 00100513 02f42223 02812403 03010113 00008067 05700713 f41ff06f 03212023 00a00513 06300793 02a4d933 0297e063 00a00793 02f97933 000017b7 03090913 f9278023 02012903 dcdff06f 01312e23 3e700793 02a959b3 0297e063 00a00793 00001737 02f9f7b3 03078793 f8f70023 01c12983 fbdff06f 000027b7 01412c23 70f78793 02a9da33 0297e063 00a00793 00001737 02fa77b3 03078793 f8f70023 01812a03 fb9ff06f 000187b7 01512a23 69f78793 02aa5ab3 0297e063 00a00793 00001737 02faf7b3 03078793 f8f70023 01412a83 fb9ff06f 000f47b7 01612823 23f78793 02aadb33 0297e063 00a00793 00001737 02fb77b3 03078793 f8f70023 01012b03 fb9ff06f 009897b7 01712623 67f78793 02ab5bb3 0297e063 00a00793 00001737 02fbf7b3 03078793 f8f70023 00c12b83 fb9ff06f 02abd533 ba1ff0ef fddff06f 340027f3 00078463 00008067 02c22703 00170693 02d22623 fe0718e3 30047073 00008067 340027f3 00078463 00008067 02c22703 00070c63 fff70713 02e22623 fe0716e3 30046073 00008067 fff00893 00000073 00008067 c80027f3 c0002573 c80025f3 fef59ae3 00008067 340027f3 0e078663 f14027f3 00052303 10030063 00452703 06070063 06a71263 00b52423 00c52623 18818813 00279893 01180833 00a52223 00a52023 00a82023 35d61073 34d59073 08000793 3047a073 340027f3 00078463 00008067 02c22703 0e070463 fff70713 02e22623 fe0716e3 30046073 00008067 fff00893 00000073 18818813 00279893 011807b3 0007a683 0ca68263 00672023 00e32223 00b52423 00c52623 00068793 00069a63 f85ff06f 08c70663 0047a783 06d78663 00c7a703 fee678e3 0007a703 00a7a023 00f52223 00e52023 00a72223 f6d798e3 01180833 00a82023 35d61073 34d59073 f5dff06f 02c22703 00170693 02d22623 f00716e3 30047073 f14027f3 00052303 f00314e3 18818813 00279893 011807b3 0007a683 f7dff06f 0007a703 00a7a023 00f52223 00e52023 00a72223 f11ff06f 0087a703 f6e5fae3 f81ff06f fff00893 00000073 00008067 00e7a023 00070693 f39ff06f fe010113 00112e23 00812c23 00912a23 01312623 01412423 f1402a73 001a1493 01448533 00451513 e8818413 00a407b3 00100693 0ed7a72f fe071ee3 014486b3 00469693 00d406b3 0046a983 14098063 0049a603 0136a423 00c6a223 0ee7a72f 00020793 00078663 00022783 0f378a63 014487b3 00479793 00f407b3 00c7a703 01212823 01512223 00100793 08e7fa63 c80027f3 c00026f3 c8002773 fee79ae3 0289aa83 02c9a703 00eae633 08060063 00da8933 00f70733 01593ab3 00000793 00000813 00ea8ab3 02f9a423 0309a623 01850513 00090593 000a8613 00a40533 dc1ff0ef 014484b3 00449493 00940433 01242823 01542a23 01012903 00412a83 00098513 01812403 01c12083 01412483 00c12983 00812a03 02010113 a3dee06f 00000913 00000a93 fbdff06f 01448733 002a1593 00471713 e4818613 00b60633 00e40733 00062a83 00c72703 02eadab3 00da8933 01593ab3 00fa8ab3 f75ff06f 01c12083 01812403 00000793 00000813 00f6a823 0106aa23 01412483 00c12983 00812a03 02010113 00008067 0006a423 0f37a9af 00000513 f6dff06f 00000513 e61ff06f ffc52783 fd010113 01512a23 02112623 02812423 02912223 03212023 01312e23 01412c23 01612823 01712623 01812423 ff050a93 04078663 00100713 0ee7a72f 00070a63 00100713 ffc52783 0ee7a6af fe069ce3 ff452703 ffc52783 1cea8263 0047a683 1cda8263 ff052683 00d72023 00e6a223 00000713 0ee7a72f fe052e23 02452903 f14027f3 00f90663 fff00893 00000073 00191493 01248633 00461613 e8818413 00c407b3 00100713 0ee7a6af fe069ee3 01248733 00471713 00e40733 00872b03 140b0663 000b2703 015b2023 ff652a23 fee52823 01572223 000b0593 01248733 00471713 00e40733 00c72683 00b72223 00100593 00168693 00d72623 feb52c23 01572423 00000693 0ed7a6af 00c72783 01072b83 01472c03 0ef5f463 c80027f3 c00025f3 c8002773 fee79ae3 01248733 00291513 00471713 e4818693 00a686b3 00e40733 00c72703 0006aa03 01860513 00a40533 02ea5a33 00ba09b3 0149ba33 00fa0a33 00098593 000a0613 b8dff0ef 00098713 000a0793 012484b3 00449493 00940433 00e42823 00f42a23 000b0663 018be7b3 02079c63 02812403 02c12083 02412483 02012903 01c12983 01812a03 01012b03 00c12b83 00812c03 000a8513 01412a83 03010113 fe8ee06f 014c6663 fd8a14e3 fd3bf2e3 34002773 09872783 09c72703 40fb87b3 00fbbbb3 40ec0c33 417c0c33 02fb2423 038b2623 f9dff06f 00000713 00000793 f71ff06f ff552a23 ff552823 000a8593 ec5ff06f 0007a223 e51ff06f 00e7a223 e3dff06f fe010113 00112e23 00912a23 340027f3 f14024f3 0907a703 800007b7 00778793 0cf70c63 800007b7 00b78793 0af71c63 00812c23 01312623 00100793 9e818713 0ef7272f fe071ce3 00100793 9e418713 0ef7272f fe071ce3 f1402673 00001737 00361613 00566613 f0070713 0ec727af 0037f793 fe079ce3 0ef729af 4029d993 9e418713 0ef727af ffe00793 04f98263 01512223 9e818a93 004aa483 02048863 01212823 01412423 00048713 00000a13 00100913 0084a783 13378863 0044a483 fe971ae3 01012903 00812a03 00412a83 00000793 9e818713 0ef727af 01812403 00c12983 01c12083 01412483 00000513 02010113 00008067 01212823 18818913 00249493 00812c23 00990433 00042503 06050263 c80027f3 c00026f3 c8002773 fee79ae3 00c52703 08e7ec63 08f70663 00452783 06a78263 0087a703 00c7a683 00f42023 35d69073 34d71073 00052783 00452703 01052683 00f72023 00e7a223 00052223 00052023 000680e7 00042503 fa0512e3 08000793 3047b073 01812403 01c12083 01012903 01412483 00000513 02010113 00008067 01052783 00052223 00052023 00042023 000780e7 00042503 f60512e3 fc1ff06f 00852783 f6f6fae3 00990933 00092783 fa0786e3 01812403 01c12083 01012903 01412483 00000513 02010113 00008067 9e818793 0f47a7af 00c4a783 00048513 000780e7 9e818793 0f27a7af fe079ce3 0044a483 ea048ce3 004aa703 ea9710e3 eadff06f 9e01a503 00008067 fe010113 00112e23 00812c23 00912a23 00100793 00f52423 000137b7 b5878793 02f52023 00000813 00000793 00050e13 00a52223 00a52023 00052623 00052823 00052a23 02f52423 03052623 02052823 02052a23 00020793 e3818613 04f52023 fff00793 00f62423 000137b7 b5078793 00062023 00062223 00f62623 340027f3 5a078663 00100713 9e818693 0ee6a6af fe069ce3 00062703 5e070a63 fff00893 00000073 9e818693 0046a703 5c070863 00072683 00c72023 00e62223 00d62023 00c6a223 00000713 9e818793 0ee7a72f 340027f3 52078e63 9e01a783 00001737 00100313 00178793 9ef1a023 00100593 f0070713 ffe00813 fff00e93 01000f13 9e01a883 00231613 00266613 9e418793 0eb7a7af fe079ce3 0ec727af 0037f793 fe079ce3 0ef7252f 40255513 9e418f93 0effa7af fd050ce3 03d50063 9e01a783 ff178ee3 00130313 fa6f7ce3 fff00893 00000073 fadff06f 9e01a783 e8818493 00100713 01c4a223 01c4a423 00e4a623 44078a63 01312623 000139b7 01212823 9b498993 0004ac23 0004ae23 0334a423 cc002573 3e700793 44a7e063 06400793 02f535b3 3e800613 00000693 02f50533 f44f20ef 00050793 9e01a703 e4818913 00f92023 00100793 42e7f663 0404a423 0404a623 0534ac23 cc002573 3e700793 48a7e063 06400793 02f535b3 3e800613 00000693 02f50533 efcf20ef 00050793 9e01a703 00f92223 00200793 3ee7f463 0604ac23 0604ae23 0934a423 cc002573 3e700793 42a7e063 06400793 02f535b3 3e800613 00000693 02f50533 eb8f20ef 00050793 9e01a703 00f92423 00300793 3ae7f263 0a04a423 0a04a623 0b34ac23 cc002573 3e700793 42a7e863 06400793 02f535b3 3e800613 00000693 02f50533 e74f20ef 00050793 9e01a703 00f92623 00400793 36e7f063 0c04ac23 0c04ae23 0f34a423 cc002573 3e700793 40a7e463 06400793 02f535b3 3e800613 00000693 02f50533 e30f20ef 00050793 9e01a703 00f92823 00500793 30e7fe63 1004a423 1004a623 1134ac23 cc002573 3e700793 3ea7e063 06400793 02f535b3 3e800613 00000693 02f50533 decf20ef 00050793 9e01a703 00f92a23 00600793 2ce7fc63 1204ac23 1204ae23 1534a423 cc002573 3e700793 3aa7ec63 06400793 02f535b3 3e800613 00000693 02f50533 da8f20ef 00050793 9e01a703 00f92c23 00700793 28e7fa63 1604a423 1604a623 1734ac23 cc002573 3e700793 38a7e863 06400793 02f535b3 3e800613 00000693 02f50533 d64f20ef 00050793 9e01a703 00f92e23 00800793 24e7f863 1804ac23 1804ae23 1b34a423 cc002573 3e700793 3ca7e463 06400793 02f535b3 3e800613 00000693 02f50533 d20f20ef 00050793 9e01a703 02f92023 00900793 20e7f663 1c04a423 1c04a623 1d34ac23 cc002573 3e700793 36a7e463 06400793 02f535b3 3e800613 00000693 02f50533 cdcf20ef 00050793 9e01a703 02f92223 00a00793 1ce7f463 1e04ac23 1e04ae23 2134a423 cc002573 3e700793 30a7e463 06400793 02f535b3 3e800613 00000693 02f50533 c98f20ef 00050793 9e01a703 02f92423 00b00793 18e7f263 2204a423 2204a623 2334ac23 cc002573 3e700793 2aa7e463 06400793 02f535b3 3e800613 00000693 02f50533 c54f20ef 00050793 9e01a703 02f92623 00c00793 14e7f063 2404ac23 2404ae23 2734a423 cc002573 3e700793 32a7e663 06400793 02f535b3 3e800613 00000693 02f50533 c10f20ef 00050793 9e01a703 02f92823 00d00793 0ee7fe63 2804a423 2804a623 2934ac23 cc002573 3e700793 2ca7e663 06400793 02f535b3 3e800613 00000693 02f50533 bccf20ef 00050793 9e01a703 02f92a23 00e00793 0ae7fc63 2a04ac23 2a04ae23 2d34a423 cc002573 3e700793 26a7e663 06400793 02f535b3 3e800613 00000693 02f50533 b88f20ef 00050793 9e01a703 02f92c23 00f00793 06e7fa63 2e04a423 2e04a623 2f34ac23 cc002573 3e700793 20a7f463 3e800613 00000693 00000593 b4cf20ef 06400793 02a787b3 02f92e23 9e01a703 01012903 00c12983 01c12083 01812403 01412483 02010113 00008067 3e800613 00000693 00000593 b10f20ef 06400793 02a787b3 bc9ff06f 01c12083 01812403 01012903 00c12983 01412483 02010113 00008067 02c22783 10078863 fff78793 02f22623 aa079ce3 30046073 ab1ff06f 02c22703 00170693 02d22623 a40716e3 30047073 a45ff06f 3e800613 00000693 00000593 aa4f20ef 06400793 02a787b3 be9ff06f 3e800613 00000693 00000593 a88f20ef 06400793 02a787b3 b89ff06f 00c62223 00c62023 00c6a223 a3dff06f 00462703 a00716e3 a11ff06f 3e800613 00000693 00000593 a50f20ef 06400793 02a787b3 bd9ff06f 3e800613 00000693 00000593 a34f20ef 06400793 02a787b3 c01ff06f 3e800613 00000693 00000593 a18f20ef 06400793 02a787b3 c29ff06f 3e800613 00000693 00000593 9fcf20ef 06400793 02a787b3 c51ff06f 3e800613 00000693 00000593 9e0f20ef 06400793 02a787b3 c79ff06f fff00893 00000073 9adff06f 3e800613 00000693 00000593 9b8f20ef 06400793 02a787b3 d61ff06f 3e800613 00000693 00000593 99cf20ef 06400793 02a787b3 d01ff06f 3e800613 00000693 00000593 980f20ef 06400793 02a787b3 ca1ff06f 3e800613 00000693 00000593 964f20ef 06400793 02a787b3 c41ff06f 06400793 02f535b3 3e800613 00000693 02f50533 940f20ef 00050793 df9ff06f 3e800613 00000693 00000593 928f20ef 06400793 02a787b3 d9dff06f 3e800613 00000693 00000593 90cf20ef 06400793 02a787b3 d3dff06f 3e800613 00000693 00000593 8f0f20ef 06400793 02a787b3 cddff06f 00100793 9e418713 0ef7272f fe071ce3 f1402673 00001737 00361613 00566613 f0070713 0ec727af 0037f793 fe079ce3 0ef7262f 9e418713 0ef727af 00008067 fd010113 02912223 01412c23 01512a23 01612823 02112623 02812423 03212023 01312e23 01712623 00050493 00060a13 00068a93 00050b13 10050263 000197b7 00019bb7 02c78713 05cb8b93 f8058413 000199b7 008b0433 40eb8933 03c98993 40e989b3 41240933 02c78593 00098613 00090513 fa8f50ef 00019637 03c60613 40cb8633 00000593 01390533 eb4f50ef 0014b493 000137b7 00892023 409004b3 b5878793 009b7b33 02f42023 00000813 00000793 00042223 00042023 00042423 00042623 00042823 00042a23 02f42423 03042623 03642823 f14027f3 fff7c793 02f42a23 000157b7 9d078793 02f42c23 00800793 03242e23 05242023 05542223 05442423 02c12083 06042a23 06f42c23 00040513 02812403 02412483 02012903 01c12983 01812a03 01412a83 01012b03 00c12b83 03010113 00008067 00058513 340010ef 00050b13 350010ef 00050593 eedff06f f1402773 00171793 00e787b3 e8818613 00479793 00f607b3 0087a783 00a78663 04052783 12079463 fff00893 00000073 340027f3 12078463 00c52783 04078663 00100713 0ee7a72f 00070a63 00100713 00c52783 0ee7a6af fe069ce3 00452703 00c52783 1ea70c63 0047a683 24d50a63 00052683 00d72023 00e6a223 00000713 0ee7a72f 00052623 00852703 00100793 0ef70263 03452703 00159813 00b807b3 41f75713 00b74733 00479793 02e52a23 00f607b3 00100713 0ee7a6af fe069ee3 00b80733 00471713 00e60733 00472703 18070063 00072683 00a72023 00e52223 00d52023 00a6a223 00b80833 00481813 01060633 00c62703 00a62223 00170713 00e62623 00100713 00e52423 00000713 0ee7a72f f14027f3 00f58663 00862783 14078c63 340027f3 00078463 00008067 02c22703 12070c63 fff70713 02e22623 fe0716e3 30046073 00008067 9e01a783 ecf5fce3 340027f3 ee0790e3 02c22703 00170693 02d22623 ec0718e3 30047073 ec9ff06f 03452783 00100713 41f7d313 00f34333 00131e13 006e07b3 00479793 00f607b3 0ee7a6af fe069ee3 006e0733 00452683 00471713 00e60733 00872803 10a68c63 00472883 0aa88663 00052703 00e6a023 00d72223 006e0733 00471713 00e60733 00c72683 fff68693 00d72623 00000713 0ee7a72f f14027f3 ea6784e3 eaa812e3 00231813 000016b7 00286813 00100893 f0068693 ffe00f13 9e418793 0f17a7af fe079ce3 0f06a7af 0037f793 fe079ce3 0ef6aeaf 9e418f93 0effa7af 402ed793 fde78ce3 006e07b3 00479793 00f607b3 0087a783 e4a796e3 0000006f 00a52223 00a52023 e91ff06f 0007a223 e1dff06f 00d72223 f55ff06f fff00893 00000073 00008067 00259593 000016b7 0025e593 00100613 f0068693 ffe00813 9e418793 0ec7a7af fe079ce3 0eb6a7af 0037f793 fe079ce3 0ef6a52f 9e418893 0ef8a7af 40255793 fd078ce3 e69ff06f 00e7a223 dadff06f 00072223 efdff06f ff010113 00812423 00452703 00112623 00050413 00020793 00f70663 fff00893 00000073 00842783 00100713 fff78793 00f42423 00f77a63 00c12083 00812403 01010113 00008067 00042223 340027f3 04078e63 00100793 0ef4272f fe071ee3 01042503 00042423 00050c63 03452783 00000613 41f7d593 00f5c5b3 cb5ff0ef 00000793 0ef427af 340027f3 fa0796e3 02c22703 02070863 fff70713 02e22623 f8071ce3 30046073 f91ff06f 02c22703 00170693 02d22623 f8071ee3 30047073 f95ff06f fff00893 00000073 f6dff06f fe010113 00812c23 00112e23 00912a23 01212823 01312623 01412423 01512223 00050413 340027f3 1a078a63 fff00713 00022903 18e59063 16b61e63 03492a03 f14027f3 00fa0663 fff00893 00000073 001a1993 01498533 00451513 e8818493 00a487b3 00100713 0ee7a6af fe069ee3 01498733 00492683 00471713 00e48733 00472a83 19268c63 13590c63 00092703 00e6a023 00d72223 004aa603 01498733 00471713 00e48733 00c72683 00c72223 01572423 fff68693 00d72623 00000713 0ee7a72f 00092423 16040663 00100793 0ef4272f fe071ee3 00442783 0e078863 0007a703 0127a023 00f92223 00e92023 01272223 00000793 0ef427af 00892623 014987b3 00479793 00f487b3 00c7a703 00100793 0ee7fe63 c80027f3 c00026f3 c8002773 fee79ae3 028aa903 02caa703 00e96633 10060663 00d90433 00f70733 01243933 00000793 00000813 00e90933 02faa423 030aa623 01850513 00040593 00090613 00a48533 9f9fe0ef 014989b3 00499993 013484b3 000a8513 0084a823 0124aa23 e94ed0ef 340027f3 06078463 01c12083 01812403 01412483 01012903 00c12983 00812a03 00412a83 02010113 00008067 01090513 9a9fe0ef e81ff06f fff00893 00000073 ec5ff06f 01292223 01292023 01242223 f1dff06f 02c22703 00170693 02d22623 e40712e3 30047073 e3dff06f 02c22703 06070e63 fff70713 02e22623 f80716e3 30046073 f85ff06f 00000413 00000913 f55ff06f 01590663 fff00893 00000073 00000613 00000a93 e6dff06f 00092223 00092023 ec5ff06f 01498733 002a1593 00471713 e4818613 00b60633 00e48733 00062903 00c72703 02e95933 00d90433 01243933 00f90933 ee9ff06f fff00893 00000073 f15ff06f 01052783 fd010113 03010813 02112623 01012e23 00a12c23 00b12823 00c12a23 00f12623 00c7f663 fff00893 00000073 00e6e7b3 06079e63 00100793 0ef527af 00078513 16079063 02812423 01812403 02912223 01412483 00442783 00842683 00c12703 009787b3 40d787b3 02f76463 1a049a63 02042503 00050c63 03452783 00000613 41f7d593 00f5c5b3 955ff0ef 00048513 00000793 0ef427af 02812403 02412483 02c12083 03010113 00008067 02812423 340027f3 12078c63 00100513 01812783 0ea7a62f fe061ce3 01812403 01412583 00c12503 00442783 00842803 00b787b3 410787b3 0cf57263 0ec4262f fff00793 14f68463 340027f3 16078c63 01812503 01450513 c80027f3 c0002673 c80025f3 feb79ae3 00d605b3 00c5b633 00e78733 00e60633 c59ff0ef 340027f3 12078463 01812403 00100793 0ef427af 00078a63 00100713 01812783 0ee7a6af fe069ce3 01812403 01412583 00c12703 00442783 00842683 00b787b3 40d787b3 02f77e63 01842503 00050c63 03452783 00000613 41f7d593 00f5c5b3 855ff0ef 00000793 0ef427af 340027f3 0e078863 02812403 00000513 efdff06f 08059263 02042503 00050c63 03452783 00000613 41f7d593 00f5c5b3 819ff0ef 00000793 0ef427af 340027f3 02078863 02812403 02c12083 01412503 03010113 00008067 02c22603 00160593 02b22623 ec0610e3 30047073 eb9ff06f 02c22703 0a070a63 fff70713 02e22623 fc0712e3 30046073 fbdff06f 00c10393 844fe0ef e49ff06f 00c10393 838fe0ef f79ff06f ead71ee3 01812403 fff00593 fff00613 01440513 b31ff0ef ee5ff06f 02c22783 04078a63 fff78793 02f22623 ec0796e3 30046073 ec5ff06f 02c22603 00160593 02b22623 e80610e3 30047073 e79ff06f 02c22783 02078e63 fff78793 02f22623 f00792e3 30046073 00000513 02812403 df9ff06f fff00893 00000073 01812403 e7dff06f fff00893 00000073 f15ff06f fff00893 00000073 00000513 02812403 dc9ff06f 01052803 fd010113 03010893 00d10c23 02112623 01112e23 00a12a23 00b12423 00c12823 01012623 fff00693 08d60463 00c87663 fff00893 00000073 00f766b3 06069a63 00100793 0ef527af 00078513 1e079063 02812423 01412403 02912223 01012483 00442783 00842703 40e787b3 0297e463 24049863 01842503 00050c63 03452783 00000613 41f7d593 00f5c5b3 e70ff0ef 00048513 00000793 0ef427af 02812403 02c12083 02412483 03010113 00008067 02812423 340026f3 0e068e63 00100513 01412683 0ea6a82f fe081ce3 fff00693 01412403 0ed60c63 01012683 00442603 00842583 40b60633 08d67463 00000693 0ed426af fff00693 1ad70663 340026f3 14068863 01412503 01c50513 c80026f3 c0002673 c80025f3 feb69ae3 00e605b3 00c5b633 00f687b3 00f60633 971ff0ef 340027f3 10078063 01412403 00100793 0ef427af 00078a63 00100713 01412783 0ee7a6af fe069ce3 01412403 01012683 00442783 00842703 40e787b3 08d7e863 12069463 01842503 00050c63 03452783 00000613 41f7d593 00f5c5b3 d70ff0ef 00000793 0ef427af 340027f3 04078263 01012503 02812403 02c12083 03010113 00008067 02c22583 00158513 02a22623 ee059ee3 30047073 ef5ff06f 00442683 00842603 40c686b3 00d12823 f01ff06f 02c22703 08070263 fff70713 02e22623 fa0718e3 30046073 fa9ff06f 02042503 00050c63 03452783 00000613 41f7d593 00f5c5b3 ce8ff0ef 00000793 0ef427af 340027f3 04078863 02812403 00000513 f79ff06f 02c22783 0a078463 fff78793 02f22623 ee079ae3 30046073 eedff06f 02c22603 00160593 02b22623 ea0614e3 30047073 ea1ff06f fff00893 00000073 f31ff06f 02c22783 04078a63 fff78793 02f22623 fa0792e3 30046073 00000513 02812403 f15ff06f 00810393 da1fd0ef ed5ff06f e4e79ce3 01412403 fff00593 fff00613 01c40513 fe4ff0ef e81ff06f 00810393 d79fd0ef dadff06f fff00893 00000073 00000513 02812403 ecdff06f fff00893 00000073 01412403 e51ff06f ff010113 00812423 00452703 00112623 00050413 00020793 0ef70a63 00c5e7b3 04079263 00100793 0ef5272f 14071a63 00852683 14069463 00f52423 0ed526af 00020793 00f42223 00200793 00f42423 00c12083 00812403 00100513 01010113 00008067 340027f3 0c078463 00100713 0ee427af fe079ee3 00842703 04070e63 0ef427af fff00793 10f58663 340027f3 0a078c63 00c40513 c80027f3 c00026f3 c8002773 fee79ae3 00b685b3 00d5b6b3 00c78633 00c68633 ef4ff0ef 340027f3 0a078063 00100713 0ee427af fe079ee3 00842703 0c071c63 00100793 00f42423 00000793 0ef427af 340027f3 f4079ae3 02c22783 0e078863 fff78793 02f22623 f40790e3 30046073 f39ff06f 00852703 fff00793 00f71663 fff00893 00000073 00842783 00178793 00f42423 f25ff06f 02c22703 00170693 02d22623 f20718e3 30047073 f29ff06f 02c22703 00170693 02d22623 f40710e3 30047073 f39ff06f 02c22703 06070a63 fff70713 02e22623 f4071ae3 30046073 f4dff06f 0ee5272f 00000513 00c12083 00812403 01010113 00008067 eeb61ce3 fff00593 fff00613 00c40513 e08ff0ef f1dff06f 0ef427af 340027f3 fc0796e3 02c22703 02070a63 fff70713 02e22623 fa071ce3 30046073 00000513 fb1ff06f fff00893 00000073 ee5ff06f fff00893 00000073 e55ff06f fff00893 00000073 00000513 f89ff06f 9e01a783 fe010113 00812c23 00112e23 00050413 00f56663 fff00893 00000073 340027f3 12078463 f14027f3 12f41e63 01312623 00141993 00912a23 00898533 00451513 e8818493 01212823 00a487b3 00100693 0ed7a72f fe071ee3 00898633 00461613 00c48633 00462903 1e090e63 00492803 00862583 01262423 01062223 0ee7a72f 14b90663 00c62783 01412423 01512223 1af6f263 c80027f3 c00026f3 c8002773 fee79ae3 02892703 02c92603 00c765b3 14058863 00e68a33 00c787b3 00da36b3 00f68ab3 00000813 00000793 02f92423 03092623 01850513 000a0593 000a8613 00a48533 824fe0ef 008987b3 00479793 00f484b3 00090513 0144a823 0154aa23 cc1ec0ef 00812a03 00412a83 340027f3 0c079a63 02c22703 12070463 fff70713 02e22623 0c071063 30046073 01412483 01012903 00c12983 01c12083 01812403 02010113 00008067 02c22703 00170693 02d22623 ec0718e3 30047073 f14027f3 ecf406e3 00241513 00001737 00256513 00100613 f0070713 ffe00813 9e418793 0ec7a7af fe079ce3 0ea727af 0037f793 fe079ce3 0ef725af 9e418893 0ef8a7af 4025d793 fd078ce3 340027f3 f80796e3 02c22703 0c070263 fff70713 02e22623 f6071ce3 30046073 f71ff06f 00000793 00000813 00f62823 01062a23 340027f3 f2078ae3 01c12083 01812403 01412483 01012903 00c12983 02010113 00008067 00898633 00241593 00461613 e4818713 00b70733 00c48633 00072703 00c62603 02c75733 00d70a33 00ea3733 00f70ab3 ea5ff06f 00000a13 00000a93 eadff06f fff00893 00000073 01c12083 01812403 01412483 01012903 00c12983 02010113 00008067 00062423 0f27a92f 00000513 b51ec0ef f69ff06f fff00893 00000073 eb9ff06f 00022703 340027f3 08078063 00c72783 04078663 00100693 0ed7a6af 00068a63 00100693 00c72783 0ed7a62f fe061ce3 00472683 00c72783 16e68263 0047a603 18c70063 00072603 00c6a023 00d62223 00000693 0ed7a6af 00072623 00872683 00100793 06f68063 00072423 00072223 00072023 340027f3 02078463 04072023 f1402573 cf5ff06f 02c22683 00168613 02c22623 f6069ce3 30047073 f71ff06f 02c22683 10068463 fff68693 02d22623 fc0696e3 30046073 04072023 f1402573 cb9ff06f 03472883 e8818813 00189313 011307b3 00479793 00f807b3 00100693 0ed7a62f fe061ee3 011306b3 00472603 00469693 00d806b3 0086a583 0ce60663 0046a503 0aa70063 00072683 00d62023 00c6a223 011306b3 00469693 00d806b3 00c6a603 fff60613 00c6a623 00000693 0ed7a6af f14027f3 f2f888e3 f2b716e3 00289593 000016b7 0025e593 00100513 f0068693 ffe00e93 9e418793 0ea7a7af fe079ce3 0eb6a7af 0037f793 fe079ce3 0ef6ae2f 9e418f13 0eff27af 402e5793 fdd78ce3 011307b3 00479793 00f80833 00882783 ecf71ae3 0000006f 0007a223 eb1ff06f 00c6a223 f61ff06f fff00893 00000073 04072023 f1402573 bbdff06f 00d7a223 e81ff06f 0006a223 f49ff06f 0000006f 0000006f 0000006f 0000006f 0000006f 0000006f 0000006f 0000006f 0000006f 0000006f 0000006f 0000006f 0000006f 0000006f 0185d703 ff010113 0145d783 01c5a283 0205af83 0305af03 0405ae83 0385ae03 0485a303 04c5a383 0585a803 00812623 00912423 0105a403 0085a483 01212223 0005a903 05c5a883 01071713 00e7e7b3 0685a603 06c5a683 01251023 00951123 00852223 00f52423 00551623 01f51723 01e52823 05d52623 05c52423 00652c23 00752e23 03052423 03152623 00c12403 02c52c23 02d52e23 00812483 00412903 01010113 00008067 00050593 00000513 c49f406f 00050593 00000513 939f406f 00050593 00000513 0040006f 04058063 ffc5a783 0027f713 02071463 ffe7f713 00e585b3 ffc5a503 00157513 00051463 00008067 ffc7f793 ffc78513 00008067 ffc7f793 ff878513 00008067 00000513 00008067 fd010113 0145d813 02912223 03212023 01312e23 01612823 01712623 00c59493 02112623 02812423 01412c23 01512a23 7ff87813 00050b13 00060b93 00068913 00c4d493 01f5d993 0a080063 7ff00793 10f80063 01d55a13 00349493 009a6a33 008007b7 00fa6a33 00351413 c0180a93 00000b13 01495713 00c91493 7ff77713 00c4d493 01f95913 10070263 7ff00793 16f70663 00349493 01dbd793 0097e7b3 008004b7 0097e4b3 003b9f13 c0170713 00000793 40ea8833 002b1713 00f76733 fff70713 00e00693 0129c633 16e6e463 000196b7 00271713 a6868693 00d70733 00072703 00070067 00a4ea33 060a0e63 02048e63 00048513 a7df30ef ff550793 01d00a13 ff850713 40fa0a33 00e494b3 014b5a33 009a6a33 00eb14b3 c0d00813 40a80ab3 00048413 f49ff06f a49f30ef 00050a13 015a0793 01c00713 02050513 fcf750e3 ff8a0a13 014b1a33 fd1ff06f 00a4ea33 020a1263 00000413 7ff00a93 00200b13 f11ff06f 00000413 00000a93 00100b13 f01ff06f 00050413 00048a13 7ff00a93 00300b13 eedff06f 0174ef33 080f0263 04048063 00048513 9d9f30ef ff550713 01d00793 ff850693 40e787b3 00d494b3 00fbd7b3 0097e7b3 00db94b3 c0d00713 00048f13 40a70733 00078493 ee1ff06f 000b8513 99df30ef 00050793 01578713 01c00693 02050513 fae6dce3 ff878793 00fb97b3 fc9ff06f 0174ef33 020f1263 00000493 7ff00713 00200793 ea5ff06f 00000493 00000713 00100793 e95ff06f 000b8f13 7ff00713 00300793 e85ff06f 0144e663 349a1c63 35e46a63 01fa1693 00145793 01f41713 001a5a13 00f6e433 00849893 018f5593 0115e5b3 0108d893 031a5eb3 01059313 01035313 01045793 008f1513 031a7a33 000e8693 03d30e33 010a1a13 0147e7b3 01c7fe63 00f587b3 fffe8693 00b7e863 01c7f663 ffee8693 00b787b3 41c787b3 0317df33 01041413 01045413 0317f7b3 000f0e13 03e30eb3 01079793 00f467b3 01d7fe63 00f587b3 ffff0e13 00b7e863 01d7f663 ffef0e13 00b787b3 01069693 00010437 01c6e2b3 fff40e13 01c2f6b3 0102df93 01c57e33 41d787b3 01055e93 02de03b3 03cf84b3 02de86b3 00968f33 0103d693 01e686b3 03df8fb3 0096f463 008f8fb3 0106df13 01ff0f33 00010fb7 ffff8f93 01f6f6b3 01069693 01f3f3b3 007686b3 01e7e863 00028493 05e79863 04d77663 00a70fb3 00efb3b3 00b38433 008787b3 fff28493 000f8713 00f5e663 02f59663 02039463 01e7e663 02ff1063 00dffe63 01f50fb3 000f8713 00afbfb3 00bf8fb3 ffe28493 01f787b3 40d706b3 41e787b3 00d73733 40e787b3 fff00f13 12f58663 0317dfb3 0106d713 0317f7b3 03f30f33 01079793 00f767b3 000f8713 01e7fe63 00f587b3 ffff8713 00b7e863 01e7f663 ffef8713 00b787b3 41e787b3 0317df33 01069693 0106d693 0317f7b3 000f0893 03e30333 01079793 00f6e7b3 0067fe63 00f587b3 ffff0893 00b7e863 0067f663 ffef0893 00b787b3 01071693 0116e6b3 01069713 01075713 406787b3 0106d313 03c70f33 03c30e33 026e8333 02ee8eb3 010f5713 01ce8eb3 01d70733 01c77663 000108b7 01130333 01075893 006888b3 00010337 fff30313 00677733 01071713 006f7f33 01e70733 0117e863 23179c63 00068f13 04070263 00f587b3 fff68f13 00078313 02b7e463 0117e663 21179a63 02e57063 ffe68f13 00151693 00a6b333 00b30333 00678333 00068513 01131463 00a70463 001f6f13 3ff80713 10e05263 007f7793 02078063 00ff7793 00400693 00d78a63 004f0793 01e7b6b3 00d484b3 00078f13 00749793 0007da63 ff0007b7 fff78793 00f4f4b3 40080713 7fe00793 08e7ca63 003f5f13 01d49793 01e7ef33 0034d513 00c51513 02c12083 02812403 00c55513 01471713 00a76733 01f61613 00c767b3 02412483 02012903 01c12983 01812a03 01412a83 01012b03 00c12b83 000f0513 00078593 03010113 00008067 fff80813 00000713 cbdff06f 00098613 000a0493 00040f13 000b0793 00300713 0ee78863 00100713 0ee78e63 00200713 f2e794e3 00000513 00000f13 7ff00713 f75ff06f 00090613 fd5ff06f 000804b7 00000f13 00000613 00300793 fc1ff06f 00100513 40e50533 03800793 0aa7cc63 01f00793 06a7c463 41e80813 010497b3 00af5733 010f1833 00e7e7b3 01003833 0107e7b3 00a4d533 0077f713 02070063 00f7f713 00400693 00d70a63 00478713 00f736b3 00d50533 00070793 00851713 06074863 01d51f13 0037d793 00ff6f33 00355513 00000713 eddff06f fe100793 40e787b3 02000693 00f4d7b3 00000713 00d50663 43e80713 00e49733 01e76733 00e03733 00e7e7b3 00000513 f8dff06f 00080537 00000f13 7ff00713 00000613 e95ff06f 00000513 00000f13 fa9ff06f 00000513 00000f13 00100713 e79ff06f 000f0693 00068f13 e0dff06f 0145d713 001007b7 fff78793 0146d813 00050313 00050e93 7ff77713 7ff00513 00b7f8b3 00060f13 00d7f7b3 01f5d593 7ff87813 01f6d693 00a71c63 0068ee33 00100513 000e1463 00e80663 00008067 00a81863 00c7e633 00100513 fe0618e3 00100513 ff0714e3 fef892e3 ffee90e3 00d58a63 fc071ce3 0068e8b3 01103533 00008067 00000513 00008067 0146d793 0145d893 00100737 fff70713 00050813 00050e13 7ff8f893 7ff7f513 7ff00793 00b77333 00060e93 00d77733 01f5d593 01f6d693 00f89663 010367b3 06079c63 7ff00793 00f51663 00c767b3 06079463 00000793 00089663 01036833 00183793 04051e63 00c76633 00078c63 02060063 00100513 00069c63 fff00513 00008067 04061063 fff00513 04058463 00008067 fea8c0e3 fe6768e3 00e31863 ffcee4e3 00000513 ffde74e3 00100513 fe0590e3 fc9ff06f 00200513 00008067 fa079ae3 fcb692e3 fd1556e3 fff00513 fc0690e3 00100513 00008067 00c52783 0005af03 0045af83 0085a283 00c5a583 00008737 0107d693 fff70713 01079813 01059e93 01f7d613 00e6f6b3 0105d793 00052883 00452303 00852e03 ff010113 01085813 010ede93 00e7f7b3 01f5d593 02e69063 0068e733 01c76733 01076733 00100513 04071a63 04d79863 0080006f 00e79c63 01ff6733 00576733 01d76733 00100513 02071a63 00100513 02d79663 03e89463 03f31263 025e1063 01d81e63 02b60063 00079a63 0068e533 01c56533 01056533 00a03533 01010113 00008067 00000513 ff5ff06f 00c52783 00c5a683 00008737 0107d613 fff70713 01079813 01069293 00052883 00452303 00852e03 00e67633 0106d513 0005ae83 0045af03 0085af83 ff010113 01085813 01f7d793 0102d293 00e57533 01f6d693 00e61a63 01136733 01c76733 01076733 0a071463 00008737 fff70713 00e51a63 01eee733 01f76733 00576733 08071663 00000713 00061a63 01136733 01c76733 01076733 00173713 06051c63 01eee5b3 01f5e5b3 0055e5b3 00070c63 02058063 00100513 00069c63 fff00513 0100006f 04059a63 fff00513 04078e63 01010113 00008067 fca64ee3 ff02e6e3 02581063 ffcfe2e3 01fe1c63 fc6f6ee3 01e31863 fd1eeae3 00000513 fdd8fae3 00100513 fc0796e3 fb5ff06f ffe00513 fc1ff06f fa0710e3 faf698e3 fac55ee3 fff00513 fa0696e3 00100513 fa5ff06f 00c52783 00c5a683 00008737 0107d613 fff70713 01079813 01069293 00052883 00452303 00852e03 00e67633 0106d513 0005ae83 0045af03 0085af83 ff010113 01085813 01f7d793 0102d293 00e57533 01f6d693 00e61a63 01136733 01c76733 01076733 0a071463 00008737 fff70713 00e51a63 01eee733 01f76733 00576733 08071663 00000713 00061a63 01136733 01c76733 01076733 00173713 06051c63 01eee5b3 01f5e5b3 0055e5b3 00070c63 02058063 00100513 00069c63 fff00513 0100006f 04059a63 fff00513 04078e63 01010113 00008067 fca64ee3 ff02e6e3 02581063 ffcfe2e3 01fe1c63 fc6f6ee3 01e31863 fd1eeae3 00000513 fdd8fae3 00100513 fc0796e3 fb5ff06f 00200513 fc1ff06f fa0710e3 faf698e3 fac55ee3 fff00513 fa0696e3 00100513 fa5ff06f f5010113 09412c23 00c5aa03 0005a783 0085a683 0a812423 00050413 0045a503 010a1713 0b212023 09312e23 00062903 00c62983 09512a23 09612823 00862a83 00462b03 00008637 0a912223 01075713 010a5493 fff60613 05412e23 0a112623 09712623 09812423 09912223 09a12023 07b12e23 04f12823 04a12a23 04d12c23 02f12023 02a12223 02d12423 02e12623 00c4f4b3 01fa5a13 080482e3 1ac484e3 000106b7 00d76733 02e12623 02010593 02c10713 00072683 ffc72603 ffc70713 00369693 01d65613 00c6e6b3 00d72223 fee592e3 00379793 02f12023 ffffc7b7 00178793 00f484b3 00000b93 01099513 00008737 0109d793 01055513 fff70713 05312e23 05212823 05612a23 05512c23 03212823 03612a23 03512c23 02a12e23 00e7f7b3 01f9d993 140782e3 26e784e3 00010737 00e56533 02a12e23 03010593 03c10713 00072683 ffc72603 ffc70713 00369693 01d65613 00c6e6b3 00d72223 fee592e3 ffffc737 00391913 00170713 03212823 00e787b3 00000693 009787b3 00f12623 00178793 00f12423 002b9793 00d7e7b3 00a00713 26f742e3 013a4733 00e12223 00200713 20f74ae3 fff78793 00100713 26f770e3 02012883 03012f03 000105b7 fff58713 0108d913 010f5493 00e8f8b3 00ef7f33 031f0633 03e90533 01065793 031486b3 00a686b3 00d787b3 02990bb3 00a7f463 00bb8bb3 03412e83 0107d693 00e7f7b3 00e67633 01079793 00c787b3 010ed293 00eefeb3 03d90633 00f12823 04f12823 03128733 031e87b3 00c70733 0107d313 00e30333 02590b33 00c37663 00010737 00eb0b33 02412803 00010737 fff70613 01035513 00c37333 00c7f7b3 01085393 01031313 00c87833 00f30333 03e38fb3 006686b3 03e807b3 03048e33 0107d613 01fe0e33 01c60633 027485b3 01f67463 00e585b3 01065a93 00010737 00ba8ab3 fff70593 00b7f7b3 00b67633 01061613 030e85b3 00f60633 03d38fb3 0105d793 03028e33 01fe0e33 01c787b3 027289b3 01f7f463 00e989b3 0107d713 01370733 00010a37 00e12a23 fffa0713 03812e03 00e7f7b3 00e5f5b3 01079793 00b787b3 00f12c23 010e5793 00ee7e33 031e05b3 03c90c33 0105d713 031789b3 018989b3 01370733 02f90fb3 01877463 014f8fb3 01075993 00010cb7 01f98fb3 fffc8993 01377733 0135f5b3 01071713 00b70733 02812583 01f12e23 0105df93 0135f5b3 03e58a33 03ef8d33 010a5d93 02b489b3 01a989b3 013d89b3 03f48c33 01a9f463 019c0c33 00db86b3 0066b333 0109dd13 00650533 00010cb7 01650533 018d0d33 00c68633 fffc8c13 01550ab3 0189f9b3 00d636b3 00da86b3 01099993 018a7a33 01498a33 00aab9b3 0156bab3 0159e9b3 00653533 00a98533 01812303 01412983 04c12a23 00668333 01350ab3 01c12983 00d336b3 00da86b3 00e30733 01368b33 00673333 006b0333 01470a33 01a30d33 00ea3733 00aab533 00ed0733 0156bab3 00db36b3 01633b33 0166e6b3 006d39b3 01556ab3 01a73d33 00da8ab3 01a9e9b3 015989b3 03c12a83 05412c23 010adb13 018afab3 031a86b3 03590533 031b08b3 00a88333 0106d893 006888b3 03690933 00a8f463 01990933 02c12b83 0108d513 01250533 00010c37 00a12a23 fffc0513 010bd913 00abfbb3 00a6f6b3 00a8f8b3 03248333 01089893 00d888b3 03eb8533 037484b3 01055693 03e90f33 01e484b3 009686b3 01e6f463 01830333 0106df13 006f0333 00010cb7 00612c23 fffc8313 00657533 0066f6b3 03c38f33 01069693 00a686b3 03c80333 030784b3 01035513 01e484b3 00950533 02f38c33 01e57463 019c0c33 00010d37 fffd0f13 01055493 01e57533 01e37333 01051513 018484b3 02b28f33 00650533 03df8c33 02be8333 018f0f33 01035d93 01ed8f33 03f28cb3 018f7463 01ac8cb3 010f5c13 019c0c33 00010cb7 fffc8d13 01af7f33 010f1f13 01a37333 006f0333 01412f03 011708b3 01812d03 01e98f33 00e8b733 00ef0733 00d886b3 01a70d33 0116b8b3 011d08b3 00a68533 009884b3 00d536b3 00d486b3 013f39b3 01e73f33 00ed3733 01a8bd33 01e9ef33 0114b8b3 01a76733 0096b4b3 01868c33 00ef0733 0098e8b3 00e884b3 03cf8f33 00dc38b3 00650333 00a33533 00ac0533 01853c33 0188e8b3 04612e23 009888b3 02be06b3 02b789b3 0106d713 01e989b3 01370733 03f784b3 01e77463 019484b3 01075f13 009f0f33 000104b7 fff48993 01377733 0136f6b3 01071713 035389b3 00d70733 030a86b3 030b0833 01380c33 0106d813 01880833 036383b3 01387463 009383b3 01085493 00010c37 007483b3 fffc0493 0096f6b3 00987833 01081813 03db89b3 00d80833 03d90eb3 0109d693 032284b3 037282b3 01d282b3 005686b3 01d6f463 018484b3 0106de93 009e8eb3 000104b7 fff48293 0056f6b3 0059f9b3 01069693 02ba82b3 013686b3 02bb05b3 035f89b3 01358c33 0102d593 018585b3 036f8fb3 0135f463 009f8fb3 0105d493 01f48fb3 000104b7 fff48993 0135f5b3 0132f2b3 01059593 032789b3 005585b3 037787b3 03cb82b3 03c90e33 0102dc13 01c787b3 00fc07b3 01c7f463 009989b3 00e50733 01070833 01e88f33 00a73533 00af0533 00d806b3 007503b3 00e83733 06d12023 0106b6b3 037a8833 00e38733 01d70eb3 00de86b3 0107de13 011f38b3 000104b7 01e53f33 00a3b533 007733b3 03590ab3 013e0e33 00756533 fff48993 00eeb733 01e8e8b3 01d6beb3 00a888b3 0137f7b3 01d76733 032b0933 00b685b3 01170733 01079793 0132f2b3 01f70fb3 005787b3 00d5b6b3 00df86b3 00f587b3 037b0b33 00efb733 01c68e33 01f6bfb3 06f12223 00b7b7b3 01f76533 00fe07b3 01085713 00de36b3 015b0b33 01c7be33 01670733 01c6e6b3 01577463 00990933 01075593 00a585b3 00010537 fff50513 00a77733 01071713 00a87833 01070733 00e78733 00d586b3 00f737b3 00f687b3 012787b3 06f12623 01012783 00d31313 06e12423 00c7e7b3 0147e7b3 00f36333 06010613 05010793 00c7a703 0107a683 00478793 01375713 00d69693 00d76733 fee7ae23 fef612e3 05012783 00603333 05c12703 00f36333 05812783 04e12623 04612023 04f12423 05412783 04f12223 00b71793 0407d863 01f31313 04010793 04c10593 0007a683 0047a603 00478793 0016d693 01f61613 00c6e6b3 fed7ae23 fef592e3 04012783 00603333 00175713 0067e7b3 04f12023 00812783 04e12623 00f12623 00c12783 00f12423 3580006f 00a7e633 00d66633 00e66633 12060c63 06070463 00070513 ed0f20ef ff450713 40575593 01f77713 08070263 ffc00693 02d586b3 02000813 02010313 40e80833 00c68793 00f307b3 40d006b3 08f31863 fff58793 00259593 05058693 02010613 00c685b3 02012683 00e69733 fae5a823 fff00693 0a00006f 00068a63 00068513 e68f20ef 02050513 f95ff06f 00050863 e58f20ef 04050513 f85ff06f 00078513 e48f20ef 06050513 f75ff06f ffc00693 02d586b3 02c10793 00300713 00d78633 00062603 fff70713 ffc78793 00c7a223 feb756e3 fff58793 f99ff06f 0007a603 ffc7a883 00d78e33 00e61633 0108d8b3 01166633 00ce2023 ffc78793 f51ff06f 00279713 02070713 00270733 00072023 fff78793 fed796e3 ffffc4b7 01148493 40a484b3 ea8ff06f 00a7e7b3 00d7e7b3 00e7e7b3 00200b93 e8078c63 00300b93 e90ff06f 00000493 00100b93 e84ff06f 016967b3 0157e7b3 00a7e7b3 12078c63 06050263 d84f20ef ff450693 4056d793 01f6f693 08068463 ffc00613 02c78633 02000813 03010313 40d80833 00c60713 00e30733 40c00633 08e31a63 fff78713 00279793 02010613 05078793 00c787b3 03012603 00d616b3 fcd7a023 fff00693 0a40006f 000a8a63 000a8513 d1cf20ef 02050513 f95ff06f 000b0a63 000b0513 d08f20ef 04050513 f81ff06f 00090513 cf8f20ef 06050513 f71ff06f ffc00613 02c78633 03c10713 00300693 00c705b3 0005a583 fff68693 ffc70713 00b72223 fef6d6e3 fff78713 f95ff06f 00072583 ffc72883 00c70e33 00d595b3 0108d8b3 0115e5b3 00be2023 ffc70713 f4dff06f 00271793 03010613 00f607b3 0007a023 fff70713 fed716e3 ffffc7b7 01178793 40a787b3 de8ff06f 01696933 01596933 00a96933 00200693 dc090c63 00300693 dd0ff06f 00000793 00100693 dc4ff06f 00100713 00f717b3 5307f713 06071863 0887f713 04071063 2407f793 de078063 000087b7 04f12623 04012423 04012223 04012023 fff78793 00012223 1440006f 00f00713 fce78ee3 00b00713 01412223 02e79663 01312223 03012783 00068b93 04f12023 03412783 04f12223 03812783 04f12423 03c12783 0200006f 02012783 04f12023 02412783 04f12223 02812783 04f12423 02c12783 04f12623 00200793 34fb8663 00300793 f6fb8ce3 00100793 32fb8463 00812703 000047b7 fff78793 00f707b3 12f05a63 04012703 00777693 04068463 00f77693 00400613 02c68e63 00470713 00473693 04e12023 04412703 00e68733 04e12223 00d73733 04812683 00e68733 04e12423 00d73733 04c12683 00d70733 04e12623 04c12703 00b71693 0206d063 fff007b7 fff78793 00f77733 04e12623 00812703 000047b7 00f707b3 04010713 04c10593 00072683 00472603 00470713 0036d693 01d61613 00c6e6b3 fed72e23 fee592e3 000086b7 ffe68693 04c12703 26f6cc63 00375713 04e12623 04c12703 0ac12083 00040513 04e11e23 00412703 0a412483 0a012903 00f71713 00f767b3 04f11f23 04012783 09c12983 09812a03 00f42023 04412783 09412a83 09012b03 00f42223 04812783 08c12b83 08812c03 00f42423 05c12783 08412c83 08012d03 00f42623 0a812403 07c12d83 0b010113 00008067 00100693 40f686b3 07400793 1ad7ca63 04010613 4056d713 00060513 01f6f693 00000793 00000593 02e59e63 00300593 40e585b3 00271513 04069063 00060813 00a808b3 0008a883 00168693 00480813 ff182e23 fed5d6e3 00400693 40e68733 06c0006f 00052803 00158593 00450513 0107e7b3 fb5ff06f 05050813 02010893 01180833 fd082803 02000313 40d30333 00681833 0107e7b3 00000e13 00a60833 40a00533 02be4863 00400513 00259593 40e50733 05058593 02010513 00a585b3 04c12503 00d556b3 fcd5a823 00400593 03c0006f 00082883 00482e83 00a80f33 00d8d8b3 006e9eb3 01d8e8b3 011f2023 001e0e13 00480813 fadff06f 00271693 00d606b3 0006a023 00170713 feb718e3 04012683 00f037b3 00d7e7b3 04f12023 0077f693 04068263 00f7f693 02e68e63 04412703 00478793 04f12023 0047b793 00f707b3 04f12223 00e7b7b3 04812703 00f707b3 04f12423 00e7b7b3 04c12703 00e787b3 04f12623 04c12703 00c71793 0007de63 04012623 04012423 04012223 04012023 00100793 e01ff06f 00c60593 00062783 00462683 00460613 0037d793 01d69693 00d7e7b3 fef62e23 fec592e3 00375713 04e12623 00000793 dcdff06f 04412703 04012783 00e7e7b3 04812703 00e7e7b3 04c12703 00e7e7b3 fc078ee3 04012623 04012423 04012223 04012023 fc9ff06f 000087b7 04012623 04012423 04012223 04012023 fff78793 d7dff06f fa010113 0085a703 05212823 00c5a903 0005a683 0045a883 04912a23 02e12c23 00050493 00e12c23 00062783 01091713 00462503 00862583 00c62803 04812c23 01075713 00191413 03212e23 04112e23 05312623 05412423 05512223 02d12823 03112a23 00d12823 01112a23 00e12e23 01145413 01f95913 01010f93 01c10f13 000f2703 ffcf2603 ffcf0f13 00371713 01d65613 00c76733 00ef2223 ffef92e3 01081713 00369693 02a12a23 02a12223 01075713 00181513 03012e23 00d12823 02f12823 02b12c23 02f12023 02b12423 02e12623 01155513 01f85813 02010e13 02c10313 00032703 ffc32603 ffc30313 00371713 01d65613 00c76733 00e32223 fe6e12e3 00379793 00008737 02f12023 fff70713 02e51063 02812603 02412703 00c76733 02c12603 00c76733 00f76733 00071463 00184813 40a40eb3 05281ee3 41d05e63 01412703 01812603 01c12803 0a051263 02412883 02812583 02c12f03 00b8e533 01e56533 00f56533 00051e63 02d12823 02e12a23 02c12c23 03012e23 000e8413 08c0006f fffe8513 04051863 00f687b3 00e88733 02f12823 00d7b7b3 00f707b3 02f12a23 011738b3 00e7b7b3 00c58633 00f8e8b3 011608b3 03112c23 00b637b3 00c8b8b3 0117e7b3 010f0f33 01e787b3 00100413 2fc0006f 000087b7 fff78793 00fe8463 1d00106f 02d12823 4180006f 000087b7 fff78793 16f41463 02d12823 02e12a23 02c12c23 03012e23 03012783 0077f713 04070463 00f7f713 00400693 02d70e63 03412703 00478793 02f12823 0047b793 00f707b3 02f12a23 00e7b7b3 03812703 00f707b3 02f12c23 00e7b7b3 03c12703 00e787b3 02f12e23 03c12783 00c79713 02075463 00008737 00140413 fff70713 00e41463 1280106f fff80737 fff70713 00e7f7b3 02f12e23 03010793 03c10613 0007a703 0047a683 00478793 00375713 01d69693 00d76733 fee7ae23 fec792e3 03c12703 000086b7 fff68793 00375713 02e12e23 02f41a63 03412603 03012783 00c7e7b3 03812603 00c7e7b3 00e7e7b3 00078c63 02d12e23 02012c23 02012a23 02012823 00000913 03c12783 01141413 01145413 00f11623 03012783 00f91913 00896933 00f4a023 03412783 01211723 05c12083 00f4a223 03812783 05812403 05012903 00f4a423 00c12783 04c12983 04812a03 00f4a623 04412a83 00048513 05412483 06010113 00008067 02c12783 000805b7 00b7e7b3 02f12623 07400793 01d7d463 0480106f 000e8513 40555f93 01f57593 00030893 00000793 00000513 03f51c63 00300893 41f888b3 002f9e93 02059e63 01d30533 00052503 00158593 00430313 fea32e23 feb8d6e3 00400593 41f58533 0640006f 0008ae83 00150513 00488893 01d7e7b3 fb9ff06f 040e8313 00230333 fe032303 02000513 40b50533 00a31333 0067e7b3 00000293 01de0333 41d00eb3 0312c663 02c12303 00289893 04088893 00400513 002888b3 00b355b3 41f50533 feb8a023 00400893 03c0006f 00032f03 00432383 01d309b3 00bf5f33 00a393b3 007f6f33 01e9a023 00128293 00430313 fb1ff06f 00251593 00be05b3 0005a023 00150513 ff1518e3 02012583 00f037b3 00b7e7b3 02412583 02f12023 00f687b3 00e58533 02f12823 00d7b7b3 00f506b3 02812783 02d12a23 00b53733 00a6b6b3 00c78633 00d76733 00e60733 02e12c23 00f637b3 00c73733 00e7e7b3 02c12703 00e80733 00e787b3 02f12e23 00c79713 d2075ae3 03012683 fff80737 fff70713 00e7f7b3 02f12e23 00140413 01f69693 03010713 03c10513 00072603 00472583 00470713 00165613 01f59593 00b66633 fec72e23 fee512e3 03012703 0017d793 02f12e23 00d037b3 00f767b3 02f12823 000087b7 fff78793 ccf416e3 02012e23 02012c23 02012a23 02012823 cb9ff06f 02412703 02812603 02c12803 240e8c63 40850e33 0a041c63 01412883 01812583 01c12e83 00b8e333 01d36333 00d36333 00031e63 02f12823 02e12a23 02c12c23 03012e23 000e0413 c6dff06f fffe0313 04031663 00f687b3 00e88733 02f12823 00d7b7b3 00f707b3 02f12a23 011738b3 00e7b7b3 00c58633 00f8e8b3 011608b3 03112c23 00b637b3 00c8b8b3 0117e7b3 010e8eb3 01d787b3 be1ff06f 000086b7 fff68693 5cde1ce3 02f12823 02e12a23 02c12c23 03012e23 00008437 fff40413 bf5ff06f 00068793 fe1ff06f 000086b7 fff68693 fcd50ae3 01c12683 000805b7 00b6e6b3 00d12e23 07400693 59c6cce3 000e0313 02000593 02b345b3 000f0e13 00000693 00000893 02b8ce63 00300893 01f37293 40b888b3 00259e93 02029e63 01df0333 00032303 00128293 004f0f13 fe6f2e23 fe58d6e3 00400893 40b885b3 0780006f 000e2e83 00188893 004e0e13 01d6e6b3 fb5ff06f 02000e13 03c36333 406e0333 00058e13 0005d463 00000e13 002e1e13 040e0e13 002e0e33 fd0e2e03 00000393 006e1e33 01c6e6b3 01df8e33 41d00eb3 0313c663 00400313 40b305b3 01c12303 00289893 04088893 002888b3 00535333 fc68a823 00300313 03c0006f 000e2f03 004e2403 01de09b3 005f5f33 00641433 008f6f33 01e9a023 00138393 004e0e13 fb1ff06f 00259893 011f88b3 0008a023 00158593 feb358e3 01012583 00d036b3 00b6e6b3 01412583 00d12823 00d786b3 00e588b3 02d12823 00f6b6b3 01812783 00d886b3 02d12a23 00b8b733 0116b6b3 00c78633 00d76733 00e60733 02e12c23 00f637b3 00c73733 00e7e7b3 01c12703 00050413 00e80733 00e787b3 d19ff06f 00140f13 011f1893 0128d893 01412503 01812583 01c12303 03010e13 03c10e93 10089e63 00b568b3 0068e8b3 00d8e8b3 0a041863 00089e63 02f12823 02e12a23 02c12c23 03012e23 00000413 a05ff06f 00c768b3 0108e8b3 00f8e8b3 00089c63 02d12823 02a12a23 02b12c23 02612e23 9e1ff06f 00f687b3 00e50733 02f12823 00d7b7b3 00f707b3 02f12a23 00a73533 00e7b7b3 00c58633 00f56533 00a60533 02a12c23 00b635b3 00c53533 00a5e5b3 01030333 006585b3 00c59793 0007c663 02b12e23 98dff06f fff807b7 fff78793 00f5f5b3 02b12e23 00100413 975ff06f 1a088663 00c76733 01076733 00f76733 1a070263 000087b7 02f12e23 02012c23 02012a23 02012823 000e8793 0007a703 ffc7a683 ffc78793 00371713 01d6d693 00d76733 00e7a223 fefe12e3 00008437 fff40413 00000913 919ff06f 00f688b3 00e50733 00d8b6b3 00d706b3 02d12a23 00a73533 00e6b6b3 00c58633 00d56533 00a60533 02a12c23 00b635b3 00c53533 00a5e5b3 01030333 006585b3 03112823 02b12e23 000e0793 0007a703 0047a683 00478793 00175713 01f69693 00d76733 fee7ae23 fefe92e3 000087b7 fff78793 00ff0a63 0015d593 02b12e23 000f0413 891ff06f 02012e23 02012c23 02012a23 02012823 fe9ff06f 27d05e63 01412703 01812603 01c12803 0a051e63 02412f03 02812883 02c12503 011f65b3 00a5e5b3 00f5e5b3 fa058663 fffe8f93 040f9c63 40f685b3 41e70eb3 00b6b7b3 01d73333 40fe8eb3 00000793 00b6f663 40ef0f33 001f3793 411606b3 0067e7b3 00d63733 40f686b3 00078663 40c888b3 0018bf93 40a807b3 00efe733 40e787b3 00100413 1c80006f 000087b7 fff78793 fcfe8063 07400793 05f7dc63 02012623 02012423 02012223 00100593 1400006f 00078693 f9cff06f 00050713 00058613 00030813 f8cff06f 000087b7 fff78793 baf40ae3 02c12783 000805b7 00b7e7b3 02f12623 07400793 fbd7cae3 000e8f93 405fd793 00030893 01ffff93 00000593 00000513 02f51c63 00300513 40f50533 00279893 020f9e63 01130eb3 000eae83 001f8f93 00430313 ffd32e23 fff556e3 00400513 40f507b3 0640006f 0008ae83 00150513 00488893 01d5e5b3 fb9ff06f 04088313 00230333 fe032303 02000f13 41ff0f33 01e31333 0065e5b3 00000293 011e0333 411008b3 02a2c663 00400893 40f887b3 02c12883 00251513 04050513 00250533 01f8d8b3 ff152023 00400893 03c0006f 00032e83 00432383 011309b3 01fedeb3 01e393b3 007eeeb3 01d9a023 00128293 00430313 fb1ff06f 00279513 00ae0533 00052023 00178793 ff1798e3 02012783 00b035b3 00f5e5b3 02412503 02b12023 40b685b3 40a70eb3 00b6b7b3 01d738b3 40fe8eb3 00000793 00b6f663 40e50533 00153793 02812503 0117e7b3 00000713 40a606b3 00d638b3 40f686b3 00078663 40c50533 00153713 02c12783 01176733 40f807b3 40e787b3 02f12e23 02d12c23 03d12a23 02b12823 00c79713 e0075a63 00080737 fff70713 00e7f7b3 02f12e23 53c0006f 02412883 02812303 02c12e03 260e8e63 408503b3 0a041e63 01412283 01812603 01c12703 00c2e5b3 00e5e5b3 00d5e5b3 02059063 02f12823 03112a23 02612c23 03c12e23 00038413 00080913 db0ff06f fff38413 04041c63 40d785b3 40588eb3 00b7b6b3 01d8b533 40de8eb3 00000693 00b7f663 411282b3 0012b693 00a6e7b3 40c306b3 00d33533 40f686b3 00078663 40660633 00163413 40ee07b3 00a46733 40e787b3 00080913 d61ff06f 00008737 fff70713 72e39663 02f12823 03112a23 02612c23 03c12e23 00080913 935ff06f 00008737 fff70713 fee500e3 01c12703 000806b7 00d76733 00e12e23 07400713 18774263 02000713 02e3c733 000f0613 00000593 00000693 02e6ce63 00300693 01f3f413 40e68933 00271293 02041e63 005f06b3 0006a683 00140413 004f0f13 fedf2e23 fe8956e3 00400693 40e68733 0780006f 00062e83 00168693 00460613 01d5e5b3 fb5ff06f 02000e93 03d3e6b3 00070613 40de8eb3 00075463 00000613 00261613 04060693 00268633 fd062683 005f8633 405002b3 01d696b3 00d5e5b3 00000693 0326c663 01c12603 00400693 40e68733 00291693 04068693 002686b3 00865633 fcc6a823 00300613 03c0006f 00062f03 00462383 005609b3 008f5f33 01d393b3 007f6f33 01e9a023 00168693 00460613 fb1ff06f 00271693 00df86b3 0006a023 00170713 fee658e3 01012703 00b035b3 00e5e5b3 01412683 00b12823 40b785b3 40d88eb3 00b7b733 01d8b633 40ee8eb3 00000713 00b7f663 411686b3 0016b713 00c767b3 01812603 00000713 40c306b3 00d338b3 40f686b3 00078663 40660633 00163713 01c12783 01176733 00050413 40fe07b3 40e787b3 00080913 d65ff06f 00012e23 00012c23 00012a23 00100593 f85ff06f 00140513 01151f93 012fdf93 01412703 01812603 01c12583 00008f37 1c0f9e63 0068e533 00c76eb3 01c56533 00beeeb3 00f56533 00deeeb3 10041863 020e9263 02f12823 03112a23 02612c23 03c12e23 00080913 b2051063 00000413 9fdff06f 00051c63 02d12823 02e12a23 02c12c23 02b12e23 8f9ff06f 40f68533 411703b3 00a6bf33 00773fb3 41e38f33 00000e93 00a6f463 0013be93 01feeeb3 40660fb3 01f63a33 41df89b3 00000293 000e8463 001fb293 0142e2b3 41c58eb3 405e8eb3 03d12e23 03312c23 03e12a23 02a12823 00ce9293 0602d063 40d786b3 40e88733 00d7b533 00e8b8b3 40a70733 00000513 00d7f463 0013b513 011568b3 40c30633 00c33333 00000513 41160633 00088463 001fb513 40be05b3 00656533 40a585b3 02b12e23 02c12c23 02e12a23 02d12823 c91ff06f 01e56533 01356533 01d56533 f0050ce3 829ff06f 03010f93 040e9e63 02051e63 03e12e23 02012c23 02012a23 02012823 03c10793 0007a703 ffc7a683 ffc78793 00371713 01d6d693 00d76733 00e7a223 feff92e3 8c9ff06f 02f12823 03112a23 02612c23 03c12e23 00080913 ffff0413 9d0ff06f 00051c63 02d12823 02e12a23 02c12c23 02b12e23 fe5ff06f 03e12e23 02012c23 02012a23 02012823 03c10793 0007a703 ffc7a683 ffc78793 00371713 01d6d693 00d76733 00e7a223 feff92e3 85dff06f 40f68533 411709b3 00a6bfb3 013732b3 41f98fb3 00000f13 00a6f463 0019bf13 005f6f33 406602b3 00563ab3 41e28a33 00000393 000f0463 0012b393 0153e3b3 41c58f33 407f0f33 03e12e23 03412c23 03f12a23 02a12823 00cf1393 0c03d263 40d786b3 40e88733 00d7b533 00e8b8b3 40a70733 00000513 00d7f463 0019b513 40c30633 011568b3 00c33333 41160633 00088463 0012be93 40be05b3 006ee7b3 40f587b3 02f12e23 02c12c23 02e12a23 02d12823 00080913 03c12503 06050c63 eedf00ef ff450513 02000713 01f57813 02e547b3 08080c63 03010313 02e566b3 40d70633 ffc00693 02d786b3 00c68713 00e30733 40d006b3 0ae31263 03012683 fff78713 00279793 04078793 002787b3 010696b3 fed7a823 fff00693 0b80006f 01f56533 01456533 01e56533 d2050ae3 f89ff06f 03812503 00050863 e71f00ef 02050513 f81ff06f 03412503 00050863 e5df00ef 04050513 f6dff06f 03012503 e4df00ef 06050513 f5dff06f ffc00613 02c78633 03c10713 00300693 00c705b3 0005a583 fff68693 ffc70713 00b72223 fef6d6e3 fff78713 f81ff06f 00072583 ffc72883 00d70e33 010595b3 00c8d8b3 0115e5b3 00be2023 ffc70713 f3dff06f 00271793 03010613 00f607b3 0007a023 fff70713 fed716e3 10854e63 408507b3 00178793 03010593 4057d713 00058613 01f7f793 00000893 00000693 02e69c63 00300693 40e686b3 00271613 02079e63 00c58533 00052503 00178793 00458593 fea5ae23 fef6d6e3 00400793 40e78733 0680006f 00062503 00168693 00460613 00a8e8b3 fb9ff06f 04060593 002585b3 ff05a583 02000813 40f80833 010595b3 00b8e8b3 03010593 00c585b3 00000313 40c00633 02d34663 00400613 40e60733 03c12603 00269693 04068693 002686b3 00f657b3 fef6a823 00400693 0400006f 0005a503 0045ae03 00c58eb3 00f55533 010e1e33 01c56533 00aea023 00130313 00458593 fb1ff06f 00271793 03010613 00f607b3 0007a023 00170713 fed716e3 03012703 011037b3 00f767b3 02f12823 c84ff06f 03c12783 fff80737 fff70713 00e7f7b3 40a40433 02f12e23 e71fe06f 02012e23 02012c23 02012a23 02012823 eddfe06f 07400793 00a7c463 fc5fe06f 02012623 02012423 02012223 00100793 8acff06f 07400693 a666da63 00012e23 00012c23 00012a23 00100693 b74ff06f 07400713 a88748e3 00040393 909ff06f 00052703 00452e83 00852e03 00c52503 00c5a603 000086b7 fff68693 01055813 0005a783 0045a303 0085a883 00d87833 01065593 ff010113 00d5f5b3 02d81063 01d76733 01051513 01055513 01c76733 00a76733 00100513 02071663 00008737 fff70713 00000513 00e59e63 0067e533 01061613 01156533 01065613 00c56533 00a03533 01010113 00008067 00052703 00452683 00c52783 00852583 fe010113 00e12023 00d12223 00e12823 00179693 00004737 00b12423 00f12623 00b12c23 0116d693 ffe70713 00000513 02d75063 00004737 01d70713 01f7d813 00d75c63 80000537 fff50513 00a80533 02010113 00008067 01079793 00010737 0107d793 00e7e7b3 00004737 06f70713 40d70733 40575613 00f12e23 01f77713 02071463 00261613 02060793 00278633 ff062783 00f12823 01012503 fa080ae3 40a00533 fadff06f 00200513 00000693 02a61063 02000693 40e686b3 00d796b3 00e5d5b3 00b6e6b3 00d12823 00100693 00269693 02068693 002686b3 00e7d7b3 fef6a823 fb5ff06f fd010113 02912223 02112623 02812423 03212023 00050493 12058263 41f5d793 00b7c433 40f40433 00040513 01f5d913 a89f00ef 00004737 01e70713 05150793 40a70633 00812823 4057d713 00012a23 00012c23 00012e23 01f7f793 02078c63 00200693 0cd71863 02000693 40f686b3 00d456b3 00d12e23 fff70693 00271713 02070713 00270733 00f41433 fe872823 0340006f 00300793 40e787b3 00279793 02078793 002787b3 ff07a783 00200693 00f12e23 00200793 00f71663 00812c23 00100693 00269693 00012823 00012a23 ffc68693 00400793 00f6e463 00012c23 00090593 01c12783 00f59413 00c46433 00f11623 01012783 00811723 02c12083 00f4a023 01412783 02812403 02012903 00f4a223 01812783 00048513 00f4a423 00c12783 00f4a623 02412483 03010113 00008067 00300713 f41ff06f 00012e23 00012c23 00012a23 00012823 00000613 f95ff06f 01465713 00c61793 7ff77713 fd010113 00c7d793 00170693 02812423 02912223 03212023 02112623 00b12823 00f12a23 00012e23 00012c23 7fe6f693 00050913 00058413 01f65493 08068263 000046b7 c0068693 00d70733 0047d693 00d12e23 01c79793 0045d693 00d7e7b3 01c59413 00f12c23 00812a23 00012823 01c12783 00f49493 00e4e4b3 00f11623 01012783 00911723 02c12083 00f92023 01412783 02812403 02412483 00f92223 01812783 00090513 00f92423 00c12783 00f92623 02012903 03010113 00008067 00b7e533 10071063 fa0504e3 04078e63 00078513 885f00ef 03150693 4056d793 01f6f693 04068863 ffc00613 02c78633 02000813 01010313 40d80833 00c60713 00e30733 40c00633 08e31c63 fff78713 00279793 02078793 002787b3 00d416b3 fed7a823 03c0006f 831f00ef 02050513 fa9ff06f ffc00613 02c78633 01c10713 00300693 00c705b3 0005a583 fff68693 ffc70713 00b72223 fef6d6e3 fff78713 00170793 00279793 00800693 01010713 00d7ea63 00012823 00072223 ff878793 01810713 00400693 00d7e463 00072023 00004737 c0c70713 40a70733 ed5ff06f 00072583 ffc72883 00c70e33 00d595b3 0108d8b3 0115e5b3 00be2023 ffc70713 f49ff06f 02050863 01c79713 0045d693 00d76733 00e12c23 0047d793 00008737 01c59413 00e7e7b3 00812a23 00012823 00f12e23 00008737 fff70713 e75ff06f 00014ba0 00014ba4 00014ba8 00014bac 00014bb0 00014bb4 00014bb8 00014bbc 00014bc0 00014bc4 00014bd4 00012424 00014bc8 00014bcc 00014bd4 00014bd0 64255b1b 4864253b 38345b1b 253b323b 64253b64 6d64253b 00000020 64255b1b 4864253b 38345b1b 253b323b 64253b64 6d64253b 38335b1b 253b323b 64253b64 6d64253b 008396e2 323f5b1b 00006c35 00485b1b 38345b1b 313b353b 5b1b6d36 353b3833 6d35313b 00000000 4a325b1b 00000000 64255b1b 4864253b 00000000 323f5b1b 00006835 706d6f43 6574656c 6e692064 20752520 6220736d 75252079 72687420 28646165 000a2973 6c6c6142 7320636f 65636375 64656465 00000000 6d6f682f 74772f65 65626d61 636f442f 6e656d75 722f7374 2d757076 6c697562 2e2e2f64 7076722f 69722f75 2d766373 2d756e67 6c6f6f74 69616863 656e2f6e 62696c77 77656e2f 2f62696c 6362696c 6474732f 2f62696c 6572706d 00632e63 00464e49 00666e69 004e414e 006e616e 33323130 37363534 62613938 66656463 00000000 33323130 37363534 42413938 46454443 00000000 6c756e28 0000296c 00000030 7566202c 6974636e 203a6e6f 00000000 65737361 6f697472 2522206e 66202273 656c6961 66203a64 20656c69 22732522 696c202c 2520656e 25732564 00000a73 69666e49 7974696e 00000000 004e614e 6d6f682f 74772f65 65626d61 636f442f 6e656d75 722f7374 2d757076 6c697562 2e2e2f64 7076722f 69722f75 2d766373 2d756e67 6c6f6f74 69616863 656e2f6e 62696c77 77656e2f 2f62696c 6362696c 6474732f 2f62696c 6f746467 6d642d61 2e637369 00000063 00000043 49534f50 00000058 0000002e 3d3d3d3d 504f4f20 50432053 00000055 00783020 3d3d3d20 00000a3d 00007ab8 00007b40 00007ac4 00007b40 00007acc 00007b40 00007ac4 00007ab8 00007ab8 00007acc 00007ac4 00007a94 00007a94 00007a94 00007acc 02020100 03030303 04040404 04040404 05050505 05050505 05050505 05050505 06060606 06060606 06060606 06060606 06060606 06060606 06060606 06060606 07070707 07070707 07070707 07070707 07070707 07070707 07070707 07070707 07070707 07070707 07070707 07070707 07070707 07070707 07070707 07070707 08080808 08080808 08080808 08080808 08080808 08080808 08080808 08080808 08080808 08080808 08080808 08080808 08080808 08080808 08080808 08080808 08080808 08080808 08080808 08080808 08080808 08080808 08080808 08080808 08080808 08080808 08080808 08080808 08080808 08080808 08080808 08080808 00000005 00000019 0000007d 00000000 3ff00000 00000000 40240000 00000000 40590000 00000000 408f4000 00000000 40c38800 00000000 40f86a00 00000000 412e8480 00000000 416312d0 00000000 4197d784 00000000 41cdcd65 20000000 4202a05f e8000000 42374876 a2000000 426d1a94 e5400000 42a2309c 1e900000 42d6bcc4 26340000 430c6bf5 37e08000 4341c379 85d8a000 43763457 674ec800 43abc16d 60913d00 43e158e4 78b58c40 4415af1d d6e2ef50 444b1ae4 064dd592 4480f0cf c7e14af6 44b52d02 79d99db4 44ea7843 0000badc 0000b2a0 0000b2a0 0000b840 0000b2a0 0000b2a0 0000b2a0 0000b84c 0000b2a0 0000b2a0 0000b89c 0000b930 0000b2a0 0000b548 0000b8b8 0000b2a0 0000b924 0000b268 0000b268 0000b268 0000b268 0000b268 0000b268 0000b268 0000b268 0000b268 0000b2a0 0000b2a0 0000b2a0 0000b2a0 0000b2a0 0000b2a0 0000b2a0 0000b554 0000b2a0 0000b710 0000b988 0000b554 0000b554 0000b554 0000b2a0 0000b2a0 0000b2a0 0000b2a0 0000ba64 0000b2a0 0000b2a0 0000baa4 0000b2a0 0000b2a0 0000b2a0 0000b668 0000b2a0 0000ba70 0000b2a0 0000b2a0 0000baf4 0000b2a0 0000b2a0 0000b2a0 0000b2a0 0000b2a0 0000b2a0 0000b2a0 0000b2a0 0000b554 0000b2a0 0000b710 0000b738 0000b554 0000b554 0000b554 0000b940 0000b738 0000b534 0000b2a0 0000b790 0000b2a0 0000b954 0000bb7c 0000b7a4 0000b534 0000b2a0 0000b668 0000b52c 0000bb58 0000b2a0 0000b2a0 0000bb64 0000b2a0 0000b52c 0000ca20 0000c6ac 0000c6ac 0000c6ac 0000c904 0000cd64 0000c6ac 0000c6ac 0000c6ac 0000c6ac 0000c6ac 0000c6ac 0000c6ac 0000c6ac 0000c6ac 0000c6ac 0000c6ac 0000c6ac 0000c6ac 0000c6ac 0000c6ac 0000c6ac 0000c6ac 0000c6ac 0000c6ac 0000c6ac 0000c6ac 0000c6ac 0000c6ac 0000c6ac 0000c6ac 0000c6ac 0000ca20 0000c6ac 0000c6ac 0000c6ac 0000c904 0000cd64 30303030 30303030 30303030 30303030 20202020 20202020 20202020 20202020 00000071 ffffbf92 00003f8f 00000001 00000000 000113b8 00010e54 00010e54 000113d0 00010e54 00010e54 00010e54 000111f8 00010e54 00010e54 0001104c 000111e8 00010e54 0001105c 0001124c 00010e54 000112a8 00010e1c 00010e1c 00010e1c 00010e1c 00010e1c 00010e1c 00010e1c 00010e1c 00010e1c 00010e54 00010e54 00010e54 00010e54 00010e54 00010e54 00010e54 00010e54 00010e54 000110e4 00010f98 00010e54 00010e54 00010e54 00010e54 00010e54 00010e54 00010e54 00010e54 00010e54 00010e54 000112b4 00010e54 00010e54 00010e54 00011104 00010e54 00011318 00010e54 00010e54 00011408 00010e54 00010e54 00010e54 00010e54 00010e54 00010e54 00010e54 00010e54 00010e54 00010e54 000110e4 00010f9c 00010e54 00010e54 00010e54 00011358 00010f9c 00010f8c 00010e54 000111d4 00010e54 000113dc 00011400 0001136c 00010f8c 00010e54 00011104 00010f60 000114ac 00010e54 00010e54 000114b4 00010e54 00010f60 30303030 30303030 30303030 30303030 20202020 20202020 20202020 20202020 20202000 20202020 28282020 20282828 20202020 20202020 20202020 20202020 10108820 10101010 10101010 10101010 04040410 04040404 10040404 10101010 41411010 41414141 01010101 01010101 01010101 01010101 01010101 10101010 42421010 42424242 02020202 02020202 02020202 02020202 02020202 10101010 00000020 00000000 00000000 00000000 00000000 00000000 00000000 00000000 00000000 00000000 00000000 00000000 00000000 00000000 00000000 00000000 00000000 00000000 00000000 00000000 00000000 00000000 00000000 00000000 00000000 00000000 00000000 00000000 00000000 00000000 00000000 00000000 00000000 000152b0 000153a0 000152c0 000153a0 000152c8 000153a0 000152c0 000152b0 000152b0 000152c8 000152c0 00015288 00015288 00015288 000152c8 00000000 00000000 00000000 00000000 00000000 00000000 00000000 00000000 00000000 00000000 00000000 00000000 00000000 00000000 00000000 00000000 00000000 00000000 00000000 00000000 00000000 00000000 00000000 00000000 00000000 00000000 00000000 00000000 00000000 00000000 00000000 00000000 00000000 00000000 00000000 00000000 00000000 00000000 00000000 00000000 00000000 00000000 00000000 00000000 00000000 00000000 00000000 00000000 00000000 00000000 00000000 00000000 00000000 00000000 00000000 00000000 00000000 00000000 00000000 00000000 00000000 00000000 00000000 00000000 00000000 00000000 00000000 00000000 00000000 00000000 00000000 00000000 00000000 00000000 00000000 00000000 00000000 00000000 00000000 00000000 00000000 00000000 00000000 00000000 00000000 00000000 00000000 00000000 00000000 00000000 00000000 00000000 00000000 00000000 00000000 00000000 00000000 00000000 00000000 00000000 00000000 00000000 00000000 00000000 00000000 00000000 00000000 00000000 00000000 00000000 00000000 00000000 00000000 00000000 00000000 00000000 00000000 00000000 00000000 00000000 00000000 00000000 00000000 00000000 00000000 00000000 00000000 00000000 00000000 00000000 00000000 00000000 00000000 00000000 00000000 00000000 00000000 00000000 00000000 00000000 00000000 00000000 00000000 00000000 00000000 00000000 00000000 00000000 00000000 00000000 00000000 00000000 00000000 00000000 00000000 00000000 00000000 00000000 00000000 00000000 00000000 00000000 00000000 00000000 00000000 00000000 00000000 00000000 00000000 00000000 00000000 00000000 00000000 00000000 00000000 00000000 00000000 00000000 00000000 00000000 00000000 00000000 00000000 00000000 00000000 00000000 00000000 00000000 00000000 00000000 00000000 00000000 00000000 00000000 00000000 00000000 00000000 00000000 00000000 00000000 00000000 00000000 00000000 00000000 00000000 00000000 00000000 00000000 00000000 00000000 00000000 00000000 00000000 00000000 00000000 00000000 00000000 00000000 00000000 00000000 00000000 00000000 00000000 00000000 00000000 00000000 00000000 00000000 00000000 00000000 00000000 00000000 00000000 00000000 00000000 00000000 00000000 00000000 00000000 00000000 00000000 00000000 00000000 00000000 00000000 00000000 00000000 00000000 00000000 00000000 00000000 00000000 00000000 00000000 00000000 00000000 00000000 00000000 00000000 00000000 00000000 00000000 00000000 00000000 00000000 00000000 00000000 00000000 00000000 00000000 00000000 00000000 00000000 00000000 00000000 00000000 00000000 00000000 00000000 00000000 00000000 00000000 00000000 00000000 00000000 00000000 00000000 00000000 00000000 00000000 00000000 00000000 00000000 00000000 00000000 00000000 00000000 00000000 00000000 00000000 00000000 00000000 00000000 00000000 00000000 00000000 00000000 00000000 00000000 00000000 00000000 00000000 00000000 00000000 00000000 00000000 00000000 00000000 00000000 00000000 00000000 00000000 00000000 00000000 00000000 00000000 00000000 00000000 00000000 00000000 00000000 00000000 00000000 00000000 00000000 00000000 00000000 00000000 00000000 00000000 00000000 00000000 00000000 00000010 00000000 00527a03 01017c01 00020c1b 00000010 00000018 fffec884 00000430 00000000 00000000 00000000 000199d4 0001996c 00019904 00001354 0000164c 00001608 00000000 00000000 00000000 00000000 00000000 00000000 00000000 00000001 00000000 00000000 00000000 00000000 00000000 00000003 00019904 00000000 00000000 00019084 00019084 0001908c 0001908c 00019094 00019094 0001909c 0001909c 000190a4 000190a4 000190ac 000190ac 000190b4 000190b4 000190bc 000190bc 000190c4 000190c4 000190cc 000190cc 000190d4 000190d4 000190dc 000190dc 000190e4 000190e4 000190ec 000190ec 000190f4 000190f4 000190fc 000190fc 00019104 00019104 0001910c 0001910c 00019114 00019114 0001911c 0001911c 00019124 00019124 0001912c 0001912c 00019134 00019134 0001913c 0001913c 00019144 00019144 0001914c 0001914c 00019154 00019154 0001915c 0001915c 00019164 00019164 0001916c 0001916c 00019174 00019174 0001917c 0001917c 00019184 00019184 0001918c 0001918c 00019194 00019194 0001919c 0001919c 000191a4 000191a4 000191ac 000191ac 000191b4 000191b4 000191bc 000191bc 000191c4 000191c4 000191cc 000191cc 000191d4 000191d4 000191dc 000191dc 000191e4 000191e4 000191ec 000191ec 000191f4 000191f4 000191fc 000191fc 00019204 00019204 0001920c 0001920c 00019214 00019214 0001921c 0001921c 00019224 00019224 0001922c 0001922c 00019234 00019234 0001923c 0001923c 00019244 00019244 0001924c 0001924c 00019254 00019254 0001925c 0001925c 00019264 00019264 0001926c 0001926c 00019274 00019274 0001927c 0001927c 00019284 00019284 0001928c 0001928c 00019294 00019294 0001929c 0001929c 000192a4 000192a4 000192ac 000192ac 000192b4 000192b4 000192bc 000192bc 000192c4 000192c4 000192cc 000192cc 000192d4 000192d4 000192dc 000192dc 000192e4 000192e4 000192ec 000192ec 000192f4 000192f4 000192fc 000192fc 00019304 00019304 0001930c 0001930c 00019314 00019314 0001931c 0001931c 00019324 00019324 0001932c 0001932c 00019334 00019334 0001933c 0001933c 00019344 00019344 0001934c 0001934c 00019354 00019354 0001935c 0001935c 00019364 00019364 0001936c 0001936c 00019374 00019374 0001937c 0001937c 00019384 00019384 0001938c 0001938c 00019394 00019394 0001939c 0001939c 000193a4 000193a4 000193ac 000193ac 000193b4 000193b4 000193bc 000193bc 000193c4 000193c4 000193cc 000193cc 000193d4 000193d4 000193dc 000193dc 000193e4 000193e4 000193ec 000193ec 000193f4 000193f4 000193fc 000193fc 00019404 00019404 0001940c 0001940c 00019414 00019414 0001941c 0001941c 00019424 00019424 0001942c 0001942c 00019434 00019434 0001943c 0001943c 00019444 00019444 0001944c 0001944c 00019454 00019454 0001945c 0001945c 00019464 00019464 0001946c 0001946c 00019474 00019474 0001947c 0001947c 00000043 00000000 00000000 00000000 00000000 00000000 00000000 00000000 00000043 00000000 00000000 00000000 00000000 00000000 00000000 00000000 00000043 00000000 00000000 00000000 00000000 00000000 00000000 00000000 00000043 00000000 00000000 00000000 00000000 00000000 00000000 00000000 00000043 00000000 00000000 00000000 00000000 00000000 00000000 00000000 00000043 00000000 00000000 00000000 00000000 00000000 00000000 00000000 00000043 00000000 00000000 00000000 00000000 00000000 00000000 00000000 00011e58 00011df0 00000000 00018964 00018370 000182b8 000182b8 000182b8 000182b8 000182b8 000182b8 000182b8 000182b8 000182b8 ffffffff ffffffff ffffffff 0000ffff 53410001 00494943 00000000 00000000 00000000 00000000 00000000 00000000 53410000 00494943 00000000 00000000 00000000 00000000 00000000 00000000 00000000 d2f1a9fc 3f50624d 00000000 3fe00000 00000000 408f4000 00000000 3ff00000 00000000 40440000 00000000 40390000 00000000 3ff80000 636f4361 3fd287a7 8b60c8b3 3fc68a28 509f79fb 3fd34413 9d7dfa04 3c942d16 55475a32 3fd34413 00000000 40240000 00000000 40080000 00000000 401c0000 00000000 40140000 3f800000 bf800000 7149f2ca 3e99999a 3e4ccccd 3dcccccd 40800000 41200000 c1200000 c1f00000 447a0000 3f333333 3f4ccccd 3f000000 3a83126f c0400000 c1800000 40000000 3f19999a 3ecccccd 42480000 bfc00000 c1400000 3fc00000 42fa0000 bf000000 c1900000 40400000 3f666666 40e00000 40a00000 430e0000 c1a00000 41a00000 41f00000 c1c80000 3fe66666 3fd9999a 44ea6000 c22d3480 437f0000 3f15c000 35d1cfdc 3fb8aa00 36eca570 3e800000 3eaaaaab 3fb8aa3b 4b800000 3e53f142 3e6c3255 3e8ba305 3edb6db7 3f764000 3f76384f b8f623c6 3338aa3c 3f317200 3f317218 35bfbe8c 3331bb4c 35ddea0e 388ab355 3b360b61 3e2aaaab 4c000000 0da24260 f149f2ca 8da24260 33000000 10000000 70000000 0da24260 3f800000 00000003 00000004 00019c08 ffffffff 00020000 