00016197 8f418193 00000297 38828293 30529073 30047073 000012b7 80028293 30429073 34001073 f1402473 04040663 fd418493 0004a283 fe541ee3 00015117 ad412103 e0010113 00000213 51d110ef 0004a283 00128293 0054a023 00941413 20040413 00016117 8b410113 00810133 30046073 10500073 00015617 a9062603 02061863 00015597 a8458593 00015617 06860613 40b60633 40c10133 00010513 00015297 a6c2a423 38c090ef 0180006f 00015517 a5850513 40c10133 00010593 374090ef 00015517 03450513 00018617 84c60613 40a60633 00000593 1b4090ef 00015517 a1c50513 00015617 a3060613 40a60633 40c10133 00010513 00000593 190090ef 00015597 9ec58593 00015617 9f060613 40b60633 40c10133 00010513 314090ef fb810113 00010213 ff017113 00017317 7e830313 00015297 9c62aa23 00015297 9c22a823 00020513 081110ef 00009517 0e450513 174080ef 044090ef 00000513 00000593 00000613 034000ef 0040006f ff010113 00000593 00812423 00112623 00050413 149090ef a941a783 00078463 000780e7 00040513 0e1100ef fd010113 02112623 03212023 01412c23 01512a23 02812423 02912223 01312e23 01612823 01712623 01812423 251020ef 00015537 09850513 49d080ef 00015537 0a050513 491080ef 00015ab7 0a4a8513 485080ef 00015537 0bc50513 479080ef 7c4110ef 00050a13 00100913 00050863 01900793 00050913 14a7ec63 82418793 0f27a72f 00000793 82018713 0ef727af 00b91513 0ac080ef 00050413 70d100ef 761100ef 00005b37 000019b7 00050b93 00058c13 11cb0b13 80098993 00000493 00000693 000b0613 00098593 00040513 339110ef f14025f3 00148493 00b485b3 0345f5b3 00100613 00140413 7ff40413 46d110ef fc9916e3 00016537 fff00713 fff00793 00000693 00100613 00000593 b1450513 4a5120ef 6e9100ef 00058413 00050493 6a9100ef 0a4a8513 3a9080ef 00015537 00000613 01a00593 0c450513 395080ef 00015537 0d050513 389080ef cc002673 41748533 00a4b4b3 41840433 3e800793 40940433 02f40433 00000693 02f535b3 02f50533 00b405b3 0bc050ef 00050693 00015537 00090713 0d850513 03200613 05000593 33d080ef 02c12083 02812403 02412483 02012903 01c12983 01812a03 01412a83 01012b03 00c12b83 00812c03 00000513 03010113 00008067 00078913 ea9ff06f 00000793 00078863 0000a537 23450513 7450706f 00008067 f7410113 00021c63 34031373 00031663 34001073 0840006f 34031373 00112023 00512423 00612623 00712823 00812a23 00912c23 00a12e23 02b12023 02c12223 02d12423 02e12623 02f12823 03012a23 03112c23 03212e23 05312023 05412223 05512423 05612623 05712823 05812a23 05912c23 05a12e23 07b12023 07c12223 07d12423 07e12623 07f12823 08c10293 00512223 34002373 300023f3 34102e73 34302ef3 34b02f73 34202ff3 06612a23 06712c23 07c12e23 09d12023 09e12223 09f12423 34011073 000fd663 358110ef 0300006f 002f9293 00014317 ba830313 00014397 be038393 005302b3 0072f863 0002a283 000280e7 0080006f 729120ef 07c12e03 00050463 004e0e13 341e1073 07812383 30039073 07412303 34031073 00021463 06030e63 00012083 00812283 00c12303 01012383 01412403 01812483 01c12503 02012583 02412603 02812683 02c12703 03012783 03412803 03812883 03c12903 04012983 04412a03 04812a83 04c12b03 05012b83 05412c03 05812c83 05c12d03 06012d83 06412e03 06812e83 06c12f03 07012f83 00412103 30200073 08c10113 30046073 10500073 04020a63 f7410113 04222023 34002373 06612a23 04031063 00112023 00812a23 00912c23 03212e23 05312023 05412223 05512423 05612623 05712823 05812a23 05912c23 05a12e23 07b12023 300023f3 06712c23 02051463 f14022f3 00929293 20028293 00015117 37810113 00510133 00000213 30046073 10500073 00050213 04022103 07412303 00030863 00030113 00000513 ec1ff06f 07812383 00012083 34031073 30039073 03422e03 020e5063 41c00e33 fffe0e13 03c22a23 01812e83 01412503 08c10113 000e8067 01412403 01812483 03c12903 04012983 04412a03 04812a83 04c12b03 05012b83 05412c03 05812c83 05c12d03 06012d83 08c10113 00008067 ff010113 00812423 00016437 0f844783 00112623 02079263 00000793 00078a63 00016537 a7c50513 00000097 000000e7 00100793 0ef40c23 00c12083 00812403 01010113 00008067 00000793 00078e63 000165b7 00016537 0fc58593 a7c50513 00000317 00000067 00008067 fb010113 05212023 03a12023 00462903 0045ad03 0085a783 03312e23 01b12e23 00062983 0005ad83 00a12623 00090593 000d0513 04112623 00f12423 04812423 04912223 03512a23 00862483 00070a93 03612823 03712623 00068b13 03412c23 048070ef 00050413 00098593 000d8513 038070ef 00050593 00040513 718060ef 00050413 00812503 00048593 01c070ef 00050593 00040513 6fc060ef 000157b7 2a07ab83 00050413 000b8593 6c5060ef 00a04463 00040b93 00015a37 2a4a2403 000b8513 00040593 745060ef 00054463 000b8413 00040513 00000593 695060ef 22a05663 000157b7 03812423 2a07ab83 2a4a2c03 03912223 80000a37 00c0006f 000b0a93 00078b13 013a49b3 000d8593 00098513 795060ef 012a4933 00050413 00090593 000d0513 781060ef 00050593 00040513 660060ef 00050413 00812503 009a44b3 00048593 761060ef 00050593 00040513 640060ef 000b8593 00050413 611060ef 000c0593 000b8c93 00a04463 00040c93 000c8513 695060ef 00000593 000c0413 00054463 000c8413 00040513 5e1060ef 000a8793 f6a044e3 02812c03 02412c83 80000a37 008a4a33 000a8593 000b0513 209060ef 00050a93 00040593 00040513 6e5060ef 00015b37 00050593 2a0b2503 1f0070ef 00050413 000a8593 000a8513 6c5060ef 00050593 00040513 6b9060ef 00050593 2a0b2503 1c8070ef 00000593 00050413 605060ef 04055e63 000157b7 2a07a903 00000413 00040513 00c12783 04c12083 04412483 0087a223 04812403 0127a023 00a7a423 04012903 03c12983 03812a03 03412a83 03012b03 02c12b83 02012d03 01c12d83 00078513 05010113 00008067 00040513 21d030ef 00050413 000a0593 000a8513 62d060ef 00040593 140070ef 00098593 00050a13 619060ef 00050413 000d8593 000a8513 609060ef 00050593 00040513 4e8060ef 00090593 00050913 000a0513 5ed060ef 00050413 000a8593 000d0513 5dd060ef 00050593 00040513 4bc060ef 00048593 00050413 000a0513 5c1060ef 00050493 00812503 000a8593 5b1060ef 00050593 00048513 490060ef f19ff06f 000b0793 80000a37 000a8b13 008a4a33 00078a93 e8dff06f fa010113 00f12a23 00852783 05612023 03712e23 03812c23 03912a23 03a12823 03b12623 04112e23 04812c23 04912a23 05212823 00e12823 00f12423 00052c83 00452c03 0005ad03 0045ab83 0085ad83 00080b13 50d05a63 03400793 02f686b3 000157b7 00f12e23 00015737 000157b7 2a872703 2a07a783 05512223 05312623 05412423 00e12623 00f12c23 00060413 00d60ab3 01c0006f 00c12503 00090593 3ad060ef 24a04863 03440413 15540a63 00042503 000c8593 7e9060ef 00050a13 00442503 000c0593 7d9060ef 00050993 00812583 00842503 7c9060ef 00050913 000a0593 000d0513 49d060ef 00050493 000b8593 00098513 48d060ef 00050593 00048513 36c060ef 00050493 000d8593 00090513 471060ef 00050593 00048513 350060ef 00050493 000a0593 000a0513 455060ef 00098593 00050a13 00098513 445060ef 00050593 000a0513 324060ef 00050993 00090593 00090513 429060ef 00050593 00098513 308060ef 00050913 00048593 00048513 40d060ef 00050593 00090513 71d060ef 00c42583 00050993 00058513 3f1060ef 00050913 00050593 00098513 2a9060ef f0a040e3 00098593 00090513 6ed060ef 7ac030ef 00050593 00050993 00048513 6d9060ef 00000593 00050913 315060ef ec0550e3 00098593 00048513 28c060ef 00000593 00050913 2f9060ef ea0552e3 03440413 eb541ae3 04c12983 04812a03 04412a83 001b9513 00155513 478070ef 000157b7 3c87a603 3cc7a683 31c050ef 06a05263 000157b7 2ac7a583 000c0513 238060ef 800007b7 000b8593 00a7c533 650060ef 00000593 00050413 1f9060ef 02a05a63 000d0593 00040513 321060ef 000c8593 204060ef 000157b7 2b07a583 00050493 00151513 00155513 265060ef 1c054c63 01c12783 2a87a403 00c12483 00040513 00048593 1ad060ef 00050793 00048513 00f04463 00040513 000157b7 2c87a583 22d060ef 05c12083 05812403 05412483 05012903 04012b03 03c12b83 03812c03 03412c83 03012d03 02c12d83 00052513 06010113 00008067 00090593 000d0513 289060ef 000c8593 16c060ef 00050993 00090593 000b8513 271060ef 000c0593 154060ef 00050493 00090593 000d8513 259060ef 00812583 13c060ef 01012783 00050a13 0137a023 0097a223 00a7a423 00042583 00098513 54d060ef 00442583 00050993 00048513 53d060ef 00842583 00050493 000a0513 52d060ef 00050a13 00098593 00098513 201060ef 00048593 00a12623 00048513 1f1060ef 00050593 00c12503 0d0060ef 00a12623 000a0593 000a0513 1d5060ef 00050593 00c12503 0b4060ef 5a4030ef 00050593 01812503 4cc060ef 00098593 00a12623 1ad060ef 01412783 00048593 00c12483 00a7a023 00048513 195060ef 01412783 000a0593 00a7a223 00048513 181060ef 01412783 01212623 00a7a423 02c42783 01042883 01442803 01842503 01c42583 02042603 02442683 02842703 011b2023 010b2223 00ab2423 00bb2623 00cb2823 00db2a23 00eb2c23 00fb2e23 03042783 02fb2023 c4dff06f 000d8593 00040513 11d060ef 00812583 000060ef 000157b7 2b47a583 00050913 069060ef e00554e3 000157b7 2b87a583 00090513 7b8060ef dea05ae3 00c12583 00040513 045060ef de0552e3 01012783 000b8593 00040513 0097a023 0c9060ef 000c0593 7ad050ef 01012783 01412683 00000713 0127a423 00a7a223 00e6a023 01012683 000157b7 2a07a783 0006a503 01412683 00015937 00e6a423 00f6a223 18c070ef 3d092603 3d492683 104050ef 000157b7 3d87a603 3dc7a683 0d9040ef 635050ef 01012783 00050493 0087a503 15c070ef 3d092603 3d492683 0d4050ef 615050ef 00a487b3 0017f793 02078863 000157b7 2bc7a783 00fb2a23 00fb2c23 00fb2e23 d31ff06f 000157b7 00f12e23 2a87a783 00f12623 c95ff06f 000156b7 00015737 000157b7 2bc6a683 2c072703 2c47a783 00db2a23 00eb2c23 00fb2e23 cf5ff06f e7010113 0005a883 0045a803 17412c23 00060a13 0085a603 000157b7 0b112023 0b012223 0ac12423 000a2803 004a2583 008a2603 2a07a783 00000893 18912223 17812423 18112623 18812423 19212023 17312e23 09012823 08b12a23 08c12c23 00f12223 00e12c23 0d112023 0d112223 0d112423 11112823 11112a23 11112c23 11112e23 13112023 13112223 13112423 00412883 000164b7 00050c13 11112423 11112623 000a2883 09010593 0a010513 05112023 008a2883 14c48613 10810813 03112e23 004a2883 0c010793 0b410713 03112823 00d12e23 985ff0ef 0c051e63 03012503 004070ef 000157b7 3e07a603 3e47a683 75c040ef 000157b7 3d07a603 3d47a683 769040ef 0c0070ef 00000593 00050493 6cc060ef 000157b7 2c07a583 00050413 00048513 6b8060ef 00040593 59d050ef 000157b7 2cc7a583 00050913 00048513 69c060ef 00040593 581050ef 000157b7 2d07a583 00050413 00048513 680060ef 000157b7 2d47a583 00050993 00048513 66c060ef 00050593 00098513 54d050ef 008c2223 18c12083 18812403 012c2023 00ac2423 18412483 18012903 17c12983 17812a03 000c0513 16812c03 19010113 00008067 0c412783 04012983 17a12023 00f12a23 0c812783 0c012d03 00098593 00f12023 10c12783 000d0513 17512a23 06f12423 11012783 17612823 17712623 06f12623 11812783 17912223 15b12e23 04f12c23 11c12783 10812a83 11412c83 04f12e23 12012783 06f12023 12412783 06f12223 12812783 04f12a23 5b0060ef 03012d83 01412583 00050413 000d8513 59c060ef 00050593 00040513 47d050ef 03c12b83 00012b03 00050413 000b8593 000b0513 578060ef 00050593 00040513 459050ef 00050593 451050ef 000d0593 00050913 558060ef 00050593 00098513 069060ef 01412583 00050993 00090513 53c060ef 00050593 000d8513 04d060ef 00050413 000b0593 00090513 520060ef 00050593 000b8513 031060ef 00050913 00098593 00098513 504060ef 00050993 00040593 00040513 4f4060ef 00050593 00098513 3d5050ef 00050993 00090593 00090513 4d8060ef 00050593 00098513 3b9050ef 0a8030ef 00412903 00050593 00015db7 00090513 7c9050ef 00040593 4ac060ef 000a2683 004a2703 008a2783 0ad12023 0ae12223 0c012683 0c412703 0af12423 0c812783 09010613 00050413 08d12823 08e12a23 000a8693 00090713 0a010593 0fc10513 08f12c23 bb8ff0ef 0fc12583 10012903 00015a37 00058513 44c060ef 00050993 00090593 00090513 43c060ef 00050593 00098513 31d050ef 10412583 00050993 00015bb7 00058513 41c060ef 00050593 00098513 2fd050ef 7ed020ef 00a12423 00040513 509060ef 00015737 3e072603 3e472683 00015b37 00015ab7 458040ef 3d0a2603 3d4a2683 469040ef 5c1060ef 00000593 00050413 3cc060ef 2c0da583 00050993 00040513 3bc060ef 00098593 2a1050ef 2ccba583 06a12823 00040513 3a4060ef 00098593 289050ef 2d0b2583 06a12a23 00040513 38c060ef 2d4aa583 00050993 00040513 37c060ef 00050593 00098513 25d050ef 00812583 06a12c23 00412503 675050ef 00090593 358060ef 45d060ef 00015737 3e072603 3e472683 3b4040ef 3d0a2603 3d4a2683 3c5040ef 51d060ef 00000593 00050413 328060ef 2c0da583 00050913 00040513 318060ef 00090593 1fd050ef 2ccba583 06a12e23 00040513 300060ef 00090593 1e5050ef 2d0b2583 08a12023 00040513 2e8060ef 2d4aa583 00050913 00040513 2d8060ef 00050593 00090513 1b9050ef 01812783 08a12223 0cf054e3 0b412783 05412503 00000593 00f12423 0b812783 00f12623 0bc12783 00f12823 164060ef 000157b7 44a04a63 2d87ab03 14c48793 02f12823 12c10793 02f12423 0f010793 00016437 02f12223 0e410793 11c40413 00000a93 02f12023 00000a13 03912a23 000d0d93 03812c23 0b40006f 00812583 00098513 131050ef 00c12583 00050993 00090513 121050ef 01012583 00050913 00048513 111050ef 00050493 02812803 02412783 02012703 01c12683 03012603 09010593 0a010513 09a12823 09912a23 09812c23 0b312023 0b212223 0a912423 c64ff0ef 1c051863 00000593 000b8513 13c060ef 00000793 00054463 000b8793 00c42583 00078513 001a8a93 1bc060ef 00050593 000a0513 09d050ef 01812783 00050a13 01040413 22fa8063 00812583 00042503 4b0060ef 00050b93 00c12583 00442503 4a0060ef 00050993 01012583 00842503 490060ef 00050913 000b8593 000b8513 164060ef 00050493 00098593 00098513 154060ef 00050593 00048513 035050ef 00050493 00090593 00090513 138060ef 00050593 00048513 019050ef 00050493 505020ef 00050593 00412503 42d050ef 00050c13 00050593 000b8513 108060ef 000c0593 00050d13 00098513 0f8060ef 000c0593 00050c93 00090513 0e8060ef 00050c13 00048513 4bd020ef 01412903 02a12623 000c8593 00090513 0c8060ef 00050493 000d0593 000d8513 0b8060ef 00050593 00048513 798050ef 00050493 00012503 000c0593 09c060ef 00050593 00048513 77c050ef 00050b93 000b0593 000d8513 080060ef 000b0593 00050993 00090513 070060ef 00050913 00012503 000b0593 060060ef 00050493 00000593 000b8513 7b5050ef e00550e3 00812503 00098593 35c060ef 00050993 00c12503 00090593 34c060ef 00050913 01012503 00048593 33c060ef 00050493 dfdff06f 0e412503 00098593 328060ef 00050993 0e812503 00090593 318060ef 00050913 0ec12503 00048593 308060ef 00050493 00090593 00090513 7dd050ef 00050913 00098593 00098513 7cd050ef 00050593 00090513 6ac050ef 00050913 00048593 00048513 7b1050ef 00050593 00090513 690050ef 381020ef 02c12583 6fd050ef da055ae3 01812783 001a8a93 01040413 defa94e3 03412c83 03812c03 00000793 03412623 04f12423 02c12583 06812503 765050ef 00050413 04812583 06c12503 755050ef 00050493 05c12503 00040593 745050ef 00048593 628050ef 07012583 00050913 000c8513 72d050ef 00050593 00090513 60c050ef 05812a03 07c12583 00050913 000a0513 70d050ef 00050593 00090513 5ec050ef 00050913 06012503 00040593 6f1050ef 00048593 5d4050ef 07412583 00050993 000c8513 6d9050ef 00050593 00098513 5b8050ef 08012583 00050993 000a0513 6bd050ef 00050593 00098513 59c050ef 00040593 00050413 06412503 6a1050ef 00048593 584050ef 07812583 00050493 000c8513 689050ef 00050593 00048513 568050ef 08412583 00050493 000a0513 66d050ef 00050593 00048513 54c050ef 17412a83 17012b03 16c12b83 16412c83 16012d03 15c12d83 fe8ff06f 2d87a783 00000713 04e12423 04f12623 000167b7 11c78d93 00000793 02f12623 12c10793 02f12423 0f010793 14c48713 02f12223 0e410793 09812623 04e12823 000d0c13 02f12023 80000437 09912423 00000d13 1bc0006f 00812503 4d0050ef 00c12583 00050b13 000a8513 4c0050ef 01012583 00050a93 000a0513 4b0050ef 00050a13 02812803 02412783 02012703 01c12683 05012603 09010593 0a010513 0b612023 0b512223 0b412423 09312823 09212a23 08912c23 804ff0ef 2e051463 00000593 000b8513 4dd050ef 00cdaa03 00000793 00054463 000b8793 00078513 000a0593 55d050ef 00050593 02c12503 013449b3 01244933 434050ef 03412583 02a12623 01944533 054060ef 03812583 009444b3 048060ef 00050593 410050ef 00050a93 00050593 000c0513 515050ef 00050593 00098513 024060ef 04012583 00a44533 4fd050ef 00050993 01412503 000a8593 4ed050ef 00050593 00090513 7fd050ef 03012583 00a44533 4d5050ef 00050593 00098513 3b4050ef 00050913 00012503 000a8593 4b9050ef 00050593 00048513 7c9050ef 03c12583 00a44533 4a1050ef 00050593 00090513 380050ef 00000593 00050493 3ed050ef 00000913 00054463 00048913 00000593 00090513 339050ef 02a05663 05412583 00090513 734020ef 00050593 000a0513 455050ef 00050593 04812503 334050ef 04a12423 01812783 001d0d13 010d8d93 23a78863 00812583 000da503 745050ef 00050993 00c12583 004da503 735050ef 00050913 01012583 008da503 725050ef 00050493 00098593 00098513 3f9050ef 00050a13 00090593 00090513 3e9050ef 00050593 000a0513 2c8050ef 00050a13 00048593 00048513 3cd050ef 00050593 000a0513 2ac050ef 00050a13 798020ef 00050593 00412503 6c0050ef 00050a93 00050593 00098513 39d050ef 000a8593 00050993 00090513 38d050ef 000a8593 00050913 00048513 37d050ef 00050493 000a0513 750020ef 04a12223 00098593 000c0513 361050ef 01412a83 00050b13 02a12a23 00090593 000a8513 349050ef 00050c93 00012503 00048593 339050ef 00050a13 02a12c23 000c8593 000b0513 210050ef 000a0593 208050ef 04c12a03 00050b93 000c0513 000a0593 309050ef 000a0593 00050b13 000a8513 2f9050ef 00050a93 00012503 000a0593 2e9050ef 00000593 00050a13 000b8513 23d050ef 000b0593 ce0554e3 00812503 5e5050ef 00050b13 00c12503 000a8593 5d5050ef 00050a93 01012503 000a0593 5c5050ef 00050a13 ce5ff06f 0e412503 000b0593 5b1050ef 00050b13 0e812503 000a8593 5a1050ef 00050a93 0ec12503 000a0593 591050ef 00050a13 000b0593 000b0513 265050ef 000a8593 00050b13 000a8513 255050ef 00050593 000b0513 134050ef 00050a93 000a0593 000a0513 239050ef 00050593 000a8513 118050ef 608020ef 00050593 04412503 0e5050ef c8a05ce3 01812783 001d0d13 010d8d93 dda79ce3 08812c83 08c12c03 a91ff06f 00000793 04f12423 02f12623 a81ff06f e3010113 0005a803 0085a783 1b812423 00060c13 0045a603 09012823 08f12c23 08c12a23 000c2583 004c2603 008c2783 00000893 1c812423 1c912223 1d212023 1b912223 1c112623 1b312e23 08b12023 08c12223 08f12423 00e12c23 0b112623 0b112823 0b112a23 0b112c23 0b112e23 0d112023 15112823 15112a23 15112c23 15112e23 00015937 2a092403 17112023 17112223 17112423 000c2883 000164b7 00050c93 03112e23 008c2883 08010593 09010513 05112423 004c2883 14c48613 14810813 0b810793 0ac10713 14812423 14812623 03112c23 00d12a23 b89fe0ef 0c051e63 03812503 208060ef 000157b7 3e07a603 3e47a683 161030ef 000157b7 3d07a603 3d47a683 16c040ef 2c4060ef 00000593 00050913 0d1050ef 000157b7 2c07a583 00050413 00090513 0bd050ef 00040593 7a1040ef 000157b7 2cc7a583 00050493 00090513 0a1050ef 00040593 785040ef 000157b7 2d07a583 00050413 00090513 085050ef 000157b7 2d47a583 00050993 00090513 071050ef 00050593 00098513 751040ef 008ca223 1cc12083 1c812403 009ca023 00aca423 1c412483 1c012903 1bc12983 1a812c03 000c8513 1a412c83 1d010113 00008067 0b812783 1b412c23 1b512a23 00f12423 0ac12783 1b612823 1b712623 02f12a23 0b012783 1ba12023 19b12e23 00f12023 0b412783 00812a83 14812d03 00f12223 0bc12783 03c12503 000a8593 00f12623 0c012783 00f12823 14c12783 06f12023 15012783 06f12223 15412783 06f12423 15812783 06f12623 15c12783 06f12823 16012783 06f12a23 16412783 06f12c23 16812783 04f12e23 794050ef 00c12a03 03812d83 00050993 000a0593 000d8513 77c050ef 00050593 00098513 65d040ef 01012b03 04812b83 00050993 000b0593 000b8513 758050ef 00050593 00098513 639040ef 00050593 631040ef 000a8593 00050993 738050ef 00050593 03c12503 249050ef 00050a93 000a0593 00098513 71c050ef 00050593 000d8513 22d050ef 00050a13 000b0593 00098513 700050ef 00050593 000b8513 211050ef 00050993 000a8593 000a8513 6e4050ef 00050b13 000a0593 000a0513 6d4050ef 00050593 000b0513 5b5040ef 00050b13 00098593 00098513 6b8050ef 00050593 000b0513 599040ef 288020ef 00050593 00040513 1b0050ef 00050d93 00050593 000a8513 68c050ef 000d8593 00050b93 000a0513 67c050ef 000d8593 00050b13 00098513 66c050ef 000c2683 004c2703 008c2783 08d12823 08e12a23 0b812683 0bc12703 08f12c23 0c012783 08010613 00050a93 08d12023 08e12223 000d0693 00040713 09010593 13c10513 08f12423 d78fe0ef 13c12d03 14012a03 14412983 000d0593 000d0513 608050ef 00050c13 000a0593 000a0513 5f8050ef 00050593 000c0513 4d9040ef 00050c13 00098593 00098513 5dc050ef 00050593 000c0513 4bd040ef 1ac020ef 00050593 00040513 0d4050ef 00050413 00050593 000d0513 5b0050ef 00040593 00050c13 000a0513 5a0050ef 00040593 00050a13 00098513 590050ef 000159b7 2d89a583 00050413 00812503 57c050ef 00c12d83 2d89a583 00a12e23 000d8513 568050ef 01012d03 2d89a583 02a12023 000d0513 554050ef 00812583 02a12223 000b8513 544050ef 00050993 000d8593 000b0513 534050ef 00050593 00098513 415040ef 00050993 000d0593 000a8513 518050ef 00050593 00098513 3f9040ef 00000593 468050ef 01c12583 58054663 03412503 3e1040ef 02012583 00050d13 00012503 3d1040ef 00050993 02412583 00412503 3c1040ef 00812583 0ea12223 000c0513 0f312023 0da12e23 4bc050ef 00c12583 00050993 000a0513 4ac050ef 00050593 00098513 38d040ef 01012583 00050993 00040513 490050ef 00050593 00098513 371040ef 00000593 3e0050ef 01c12583 4c054c63 03412503 359040ef 02012583 00050d13 00012503 349040ef 00050993 02412583 00412503 339040ef 0dc12583 0f312623 09612223 01812983 01412b03 0e412783 0e012803 0ea12823 00098713 000b0693 08010613 08b12823 0f410513 09010593 08f12c23 0fa12423 09712023 09512423 09012a23 c1dfe0ef 0e812683 0ec12703 0f012783 08d12823 08e12a23 000b0693 00098713 08010613 09010593 10010513 09812023 09412223 08812423 08f12c23 be1fe0ef 07305ae3 05c12503 00000593 278050ef 2a092783 46a04263 02f12c23 16c10793 02f12423 13010793 00016437 02f12823 12410793 03912e23 14c48d93 03412c83 11c40413 00000d13 00000a13 02f12623 0b00006f 000c8513 251040ef 02012583 00050993 00012503 241040ef 02412583 00050913 00412503 231040ef 00050493 02812803 03012783 02c12703 01412683 000d8613 08010593 09010513 09712023 09612223 09512423 09312823 09212a23 08912c23 d84fe0ef 18051c63 00000593 000c0513 25c050ef 00000793 00054463 000c0793 00c42583 00078513 001a0a13 2dc050ef 00050593 000d0513 1bd040ef 01812783 00050d13 01040413 1efa0463 00042503 000c8593 5d0050ef 00050a93 00012583 00442503 5c0050ef 00050993 00412583 00842503 5b0050ef 00050913 000a8593 000a8513 284050ef 00050493 00098593 00098513 274050ef 00050593 00048513 155040ef 00050493 00090593 00090513 258050ef 00050593 00048513 139040ef 00050493 625010ef 00050593 03812503 54d040ef 00050c13 00050593 000a8513 228050ef 000c0593 00050b93 00098513 218050ef 000c0593 00050b13 00090513 208050ef 00050a93 00048513 5dd010ef 02a12a23 00c12503 000b0593 1ec050ef 00050493 00812503 000b8593 1dc050ef 00050593 00048513 0bd040ef 00050493 01012503 000a8593 1c0050ef 00050593 00048513 0a1040ef 00000593 00050c13 10c050ef 01c12583 e2055ce3 000c8513 4b4050ef 02012583 00050993 00012503 4a4050ef 02412583 00050913 00412503 494050ef 00050493 e35ff06f 12412503 00098593 480050ef 00050993 12812503 00090593 470050ef 00050913 12c12503 00048593 460050ef 00050493 00090593 00090513 134050ef 00050913 00098593 00098513 124050ef 00050593 00090513 005040ef 00050913 00048593 00048513 108050ef 00050593 00090513 7e8040ef 4d9010ef 03412583 054050ef de0556e3 01812783 001a0a13 01040413 e2fa10e3 03c12c83 00000793 04f12823 06012583 000d0513 0c4050ef 00050993 06412583 05012503 0b4050ef 07012583 00050913 00098513 0a4050ef 00090593 788040ef 06812a83 0f412583 00050413 000a8513 088050ef 00050593 00040513 768040ef 06c12a03 10012583 00050413 000a0513 068050ef 00050593 00040513 748040ef 07412583 00050493 00098513 04c050ef 00090593 730040ef 0f812583 00050413 000a8513 034050ef 00050593 00040513 714040ef 10412583 00050413 000a0513 018050ef 00050593 00040513 6f8040ef 07812583 00050413 00098513 7fd040ef 00090593 6e0040ef 0fc12583 00050913 000a8513 7e5040ef 00050593 00090513 6c4040ef 10812583 00050913 000a0513 7c9040ef 00050593 00090513 6a8040ef 1b812a03 1b412a83 1b012b03 1ac12b83 1a012d03 19c12d83 f40ff06f 03412503 2b4050ef 02012583 00050d13 00012503 2a4050ef 00050993 02412583 00412503 294050ef b2dff06f 03412503 288050ef 02012583 00050d13 00012503 278050ef 00050993 02412583 00412503 268050ef a79ff06f 04f12a23 000167b7 11c78d93 16c10793 00000713 02f12423 13010793 00000d13 04e12823 02f12823 14c48713 12410793 05a12023 04e12c23 02f12623 80000437 00000d13 07912e23 1bc0006f 03412503 5e0040ef 02012583 00050b13 00012503 5d0040ef 02412583 00050a93 00412503 5c0040ef 00050a13 02812803 03012783 02c12703 01412683 05812603 08010593 09010513 09612823 09512a23 09412c23 09312023 09212223 08912423 914fe0ef 2a051463 04412a83 00000593 00cdaa03 000a8513 5e5040ef 00000793 00054463 000a8793 00078513 000a0593 669040ef 00050593 04012503 013449b3 01244933 540040ef 000c8593 04a12023 01844533 160050ef 000b8593 158050ef 00050593 520040ef 00812583 00050a93 009444b3 625040ef 00050593 00098513 134050ef 03c12583 00a44533 60d040ef 00c12583 00050993 000a8513 5fd040ef 00050593 00090513 10c050ef 03812583 00a44533 5e5040ef 00050593 00098513 4c4040ef 01012583 00050913 000a8513 5c9040ef 00050593 00048513 0d8050ef 04812583 00a44533 5b1040ef 00050593 00090513 490040ef 00000593 00050493 4fd040ef 00000913 00054463 00048913 00000593 00090513 449040ef 02a05663 05c12583 00090513 045010ef 00050593 000a0513 565040ef 00050593 05012503 444040ef 04a12823 01812783 001d0d13 010d8d93 1fa78863 03412b03 000da503 000b0593 050050ef 00050993 00012583 004da503 040050ef 00050913 00412583 008da503 030050ef 00050493 00098593 00098513 505040ef 00050a13 00090593 00090513 4f5040ef 00050593 000a0513 3d4040ef 00050a13 00048593 00048513 4d9040ef 00050593 000a0513 3b8040ef 00050a13 0a5010ef 00050593 05412503 7cc040ef 00050a93 00050593 00098513 4a9040ef 00050993 000a8593 00090513 499040ef 000a8593 00050913 00048513 489040ef 00050493 000a0513 05d010ef 00812583 04a12623 00098513 46d040ef 00c12583 00050c93 00090513 45d040ef 01012583 00050c13 00048513 44d040ef 00050b93 000c0593 000c8513 328040ef 000b8593 320040ef 00000593 04a12223 38d040ef 01c12583 d20554e3 000b0513 735040ef 02012583 00050b13 00012503 725040ef 02412583 00050a93 00412503 715040ef 00050a13 d25ff06f 12412503 000b0593 701040ef 00050b13 12812503 000a8593 6f1040ef 00050a93 12c12503 000a0593 6e1040ef 00050a13 000b0593 000b0513 3b5040ef 000a8593 00050b13 000a8513 3a5040ef 00050593 000b0513 284040ef 00050a93 000a0593 000a0513 389040ef 00050593 000a8513 268040ef 758010ef 00050593 04c12503 235040ef cca05ce3 01812783 001d0d13 010d8d93 e1a79ce3 04012d03 07c12c83 a81ff06f 00000793 04f12823 00078d13 a71ff06f 00015fb7 2dcfa283 00015f37 00015eb7 00015e37 00015837 00015537 000158b7 00015637 000156b7 00015737 000155b7 2a08a883 2c472703 2bc6a683 2e0f2f83 2e452503 2a4eaf03 2e862603 2f4e2e83 2f882803 2ec5a583 00015337 000157b7 ff010113 2f032e03 2fc7a303 000167b7 00812623 00912423 1457a623 00000493 14c78793 000153b7 0097a223 0297a023 0497a423 01f7a423 03e7aa23 03d7ac23 0307ae23 00a7a623 04a7a023 00c7aa23 00d7ac23 02d7a623 00e7ae23 02b7a223 0117a823 02b7a423 2d43a583 000152b7 00015fb7 00015f37 00015eb7 00015837 00015537 04b7a623 000155b7 2cc2a403 300fa383 304f2283 30ceaf83 31082f03 31452e83 2d05a583 04e7a823 04c7ac23 08e7a023 00015637 08e7a823 08e7aa23 00015737 30862803 31872703 0897a223 0897a423 08d7a623 0487ae23 000156b7 0677a223 0657a623 07f7aa23 07e7ae23 09d7ae23 03c7a823 0467a223 0667a423 0717ac23 04b7aa23 06b7a023 2b06a503 000152b7 0707a823 00015f37 00015637 0ae7a023 00015737 2ac2a403 00015fb7 32cf2283 00015eb7 33462f03 000156b7 32472603 00015737 31cfa383 330eaf83 3206ae83 32872683 08a7ac23 0aa7aa23 00016537 11c50713 0a97a823 0a97ae23 0a87a423 0b07a223 0b17a623 0ab7ac23 0d17a023 0d17a223 0d17a423 0c77a623 00672623 01c72a23 00572c23 01f72e23 03e72623 11d52e23 00c72223 00c72423 02c72223 00d72823 02d72023 02d72423 00c12403 00812483 01010113 00008067 e1010113 1e112623 04e12e23 1e812423 1e912223 1f212023 1d312e23 00015937 1d412c23 1d912223 1bb12e23 00058413 00060c93 04d12c23 71d030ef 3d092603 3d492683 000154b7 00016db7 12d020ef 000157b7 3e87a603 3ec7a683 720030ef 290050ef 00050a13 00040513 6e9030ef 3d092603 3d492683 101020ef 000157b7 00050613 00058693 3f07a503 3f47a583 6ec030ef 25c050ef 00050993 000a0593 000a0513 065040ef 00050413 00098593 00098513 055040ef 00050593 00040513 735030ef 000157b7 3387a583 729030ef 418010ef 00050593 2a04a503 340040ef 00050413 00050593 000a0513 01d040ef 00040593 00050a13 04a12023 00098513 009040ef 000157b7 33c7a583 00050993 04a12223 00040513 7f0040ef 000167b7 b447a783 04012e03 00000313 00f12e23 00050e93 04a12423 0c612623 0c612823 0c612a23 0c612c23 0c612e23 0e612023 16612823 16612a23 16612c23 16612e23 18612023 18612223 18612423 000168b7 0d412023 0d312223 0a012023 0a012223 0a012423 09c12823 09312a23 2a04a403 01c12683 0dd12423 04812303 b408a883 09010593 0a010513 16810813 0d810793 0cc10713 14cd8613 08612c23 16812423 16812623 03112023 9bdfd0ef 0e051063 00098513 03c050ef 000157b7 3e07a603 3e47a683 794020ef 3d092603 3d492683 7a5020ef 0fc050ef 00000593 00050913 708040ef 000157b7 2c07a583 00050413 00090513 6f4040ef 00040593 5d9030ef 000157b7 2cc7a583 00050993 00090513 6d8040ef 00040593 5bd030ef 000157b7 2d07a583 00050413 00090513 6bc040ef 000157b7 2d47a583 00050493 00090513 6a8040ef 00050593 00048513 589030ef 05812783 013ca023 1ec12083 0087a023 05c12783 1e812403 1e412483 00a7a023 1e012903 1dc12983 1d812a03 1c412c83 1bc12d83 1f010113 00008067 0d812783 1d512a23 1d612823 00f12823 0cc12783 01012a03 16812b03 02f12e23 0d012783 1d712623 1d812423 00f12423 0d412783 1da12023 04012d03 00f12623 0dc12783 000a0593 000d0513 00f12a23 0e012783 00f12c23 16c12783 06f12823 17012783 06f12a23 17412783 06f12c23 17812783 06f12e23 17c12783 08f12023 18012783 08f12223 18412783 08f12423 18812783 06f12623 5c4040ef 01412983 04412c03 00050913 00098593 000c0513 5ac040ef 00050593 00090513 48d030ef 01812b83 04812a83 00050913 000b8593 000a8513 588040ef 00050593 00090513 469030ef 00050593 461030ef 000a0593 00050913 568040ef 00050593 000d0513 079040ef 00050a13 00098593 00090513 54c040ef 00050593 000c0513 05d040ef 00050993 000b8593 00090513 530040ef 00050593 000a8513 041040ef 00050913 000a0593 000a0513 514040ef 00050a93 00098593 00098513 504040ef 00050593 000a8513 3e5030ef 00050a93 00090593 00090513 4e8040ef 00050593 000a8513 3c9030ef 0b8010ef 00050593 00040513 7e1030ef 00050d13 00050593 000a0513 4bc040ef 000d0593 00050c13 00098513 4ac040ef 000d0593 00050a93 00090513 49c040ef 0c012683 0c412703 0c812783 0ad12023 0ae12223 0d812683 0dc12703 0af12423 0e012783 09010613 00050a13 08d12823 08e12a23 000b0693 00040713 0a010593 15c10513 08f12c23 ba8fd0ef 15c12d03 16012983 16412903 000d0593 000d0513 438040ef 00050b13 00098593 00098513 428040ef 00050593 000b0513 309030ef 00050b13 00090593 00090513 40c040ef 00050593 000b0513 2ed030ef 7dd000ef 00050593 00040513 705030ef 00050413 00050593 000d0513 3e0040ef 00040593 00050b13 00098513 3d0040ef 00040593 00050993 00090513 3c0040ef 00015937 2d892583 00050413 01012503 3ac040ef 01412d03 2d892583 02a12223 000d0513 398040ef 2d892583 02a12423 000b8513 388040ef 01012583 02a12623 000c0513 378040ef 00050913 000d0593 000a8513 368040ef 00050593 00090513 249030ef 00050913 000b8593 000a0513 34c040ef 00050593 00090513 22d030ef 00000593 29c040ef 02412583 58054263 03c12503 215030ef 02812583 00050d13 00812503 205030ef 00050913 02c12583 00c12503 1f5030ef 01012583 10a12223 000b0513 11212023 0fa12e23 2f0040ef 01412583 00050913 00098513 2e0040ef 00050593 00090513 1c1030ef 01812583 00050913 00040513 2c4040ef 00050593 00090513 1a5030ef 00000593 214040ef 02412583 4c054863 03c12503 18d030ef 02812583 00050d13 00812503 17d030ef 00050913 02c12583 00c12503 16d030ef 0fc12583 11212623 09512a23 02012903 01c12a83 10412783 10012803 10a12823 00090713 000a8693 09010613 0ab12023 11410513 0a010593 0af12423 11a12423 09812823 09412c23 0b012223 849fe0ef 10812683 10c12703 11012783 0ad12023 0ae12223 000a8693 00090713 09010613 0a010593 12010513 09612823 09312a23 08812c23 0af12423 80dfe0ef 072056e3 06c12503 00000593 0ac040ef 2a04a783 44a04e63 04f12023 18c10793 02f12c23 15010793 00016437 02f12a23 14410793 05912223 14cd8d93 03c12c83 11c40413 00000d13 00000a13 02f12823 0b00006f 000c8513 085030ef 02812583 00050993 00812503 075030ef 02c12583 00050913 00c12503 065030ef 00050493 03812803 03412783 03012703 01c12683 000d8613 09010593 0a010513 09712823 09612a23 09512c23 0b312023 0b212223 0a912423 bb8fd0ef 18051a63 00000593 000c0513 090040ef 00000793 00054463 000c0793 00c42583 00078513 001a0a13 110040ef 00050593 000d0513 7f0030ef 02012783 00050d13 01040413 1f478263 00042503 000c8593 404040ef 00050b13 00812583 00442503 3f4040ef 00050a93 00c12583 00842503 3e4040ef 00050493 000a8593 000a8513 0b8040ef 00050913 000b0593 000b0513 0a8040ef 00050593 00090513 788030ef 00050913 00048593 00048513 08c040ef 00050593 00090513 76c030ef 00050913 459000ef 00050593 04012503 381030ef 000b0593 00050993 060040ef 000a8593 00050b93 00098513 050040ef 00048593 00050b13 00098513 040040ef 00050a93 00090513 415000ef 02a12e23 01412503 000b0593 024040ef 00050493 01012503 000b8593 014040ef 00050593 00048513 6f4030ef 00050493 01812503 000a8593 7f9030ef 00050593 00048513 6d8030ef 00000593 00050c13 745030ef 02412583 e2055ee3 000c8513 2ec040ef 02812583 00050993 00812503 2dc040ef 02c12583 00050913 00c12503 2cc040ef 00050493 e39ff06f 14412503 00098593 2b8040ef 00050993 14812503 00090593 2a8040ef 00050913 14c12503 00048593 298040ef 00050493 00090593 00090513 76d030ef 00050913 00098593 00098513 75d030ef 00050593 00090513 63c030ef 00050913 00048593 00048513 741030ef 00050593 00090513 620030ef 311000ef 03c12583 68d030ef de0558e3 02012783 001a0a13 01040413 e34792e3 04412c83 00000793 06f12023 07012583 000d0513 6fd030ef 00050493 07412583 06012503 6ed030ef 08012583 00050913 00048513 6dd030ef 00090593 5c0030ef 07812a83 11412583 00050413 000a8513 6c1030ef 00050593 00040513 5a0030ef 07c12a03 12012583 00050413 000a0513 6a1030ef 00050593 00040513 580030ef 08412583 00050993 00048513 685030ef 00090593 568030ef 11812583 00050413 000a8513 66d030ef 00050593 00040513 54c030ef 12412583 00050413 000a0513 651030ef 00050593 00040513 530030ef 08812583 00050413 00048513 635030ef 00090593 518030ef 11c12583 00050493 000a8513 61d030ef 00050593 00048513 4fc030ef 12812583 00050493 000a0513 601030ef 00050593 00048513 4e0030ef 1d412a83 1d012b03 1cc12b83 1c812c03 1c012d03 f44ff06f 03c12503 0f0040ef 02812583 00050d13 00812503 0e0040ef 00050913 02c12583 00c12503 0d0040ef b35ff06f 03c12503 0c4040ef 02812583 00050d13 00812503 0b4040ef 00050913 02c12583 00c12503 0a4040ef a81ff06f 00000713 06f12223 000167b7 06e12023 14cd8713 11c78d93 18c10793 02f12c23 15010793 00000d13 02f12a23 14410793 05a12623 06e12423 02f12823 80000437 00000d13 09912623 1bc0006f 03c12503 41c030ef 02812583 00050b13 00812503 40c030ef 02c12583 00050a93 00c12503 3fc030ef 00050a13 03812803 03412783 03012703 01c12683 06812603 09010593 0a010513 0b612023 0b512223 0b412423 09312823 09212a23 08912c23 f51fc0ef 2a051463 05012a83 00000593 00cdaa03 000a8513 421030ef 00000793 00054463 000a8793 00078513 000a0593 4a5030ef 00050593 04c12503 013449b3 01244933 37c030ef 000c8593 04a12623 01844533 79d030ef 000b8593 795030ef 00050593 35c030ef 01012583 00050a93 009444b3 461030ef 00050593 00098513 771030ef 04012583 00a44533 449030ef 01412583 00050993 000a8513 439030ef 00050593 00090513 749030ef 04412583 00a44533 421030ef 00050593 00098513 300030ef 01812583 00050913 000a8513 405030ef 00050593 00048513 715030ef 04812583 00a44533 3ed030ef 00050593 00090513 2cc030ef 00000593 00050493 339030ef 00000913 00054463 00048913 00000593 00090513 285030ef 02a05663 06c12583 00090513 680000ef 00050593 000a0513 3a1030ef 00050593 06012503 280030ef 06a12023 02012783 001d0d13 010d8d93 1fa78863 03c12b03 000da503 000b0593 68d030ef 00050993 00812583 004da503 67d030ef 00050913 00c12583 008da503 66d030ef 00050493 00098593 00098513 341030ef 00050a13 00090593 00090513 331030ef 00050593 000a0513 210030ef 00050a13 00048593 00048513 315030ef 00050593 000a0513 1f4030ef 00050a13 6e0000ef 00050593 06412503 608030ef 00050a93 00050593 00098513 2e5030ef 00050993 000a8593 00090513 2d5030ef 000a8593 00050913 00048513 2c5030ef 00050493 000a0513 698000ef 01012583 04a12a23 00098513 2a9030ef 01412583 00050c93 00090513 299030ef 01812583 00050c13 00048513 289030ef 00050b93 000c0593 000c8513 164030ef 000b8593 15c030ef 00000593 04a12823 1c9030ef 02412583 d20554e3 000b0513 571030ef 02812583 00050b13 00812503 561030ef 02c12583 00050a93 00c12503 551030ef 00050a13 d25ff06f 14412503 000b0593 53d030ef 00050b13 14812503 000a8593 52d030ef 00050a93 14c12503 000a0593 51d030ef 00050a13 000b0593 000b0513 1f1030ef 000a8593 00050b13 000a8513 1e1030ef 00050593 000b0513 0c0030ef 00050a93 000a0593 000a0513 1c5030ef 00050593 000a8513 0a4030ef 594000ef 00050593 05412503 071030ef cca05ce3 02012783 001d0d13 010d8d93 e1a79ce3 04c12d03 08c12c83 a85ff06f 00000793 06f12023 00078d13 a75ff06f fa010113 05212823 0003a903 02010713 01c10693 00090593 01810613 04112e23 04912a23 05312623 05412423 05612023 00050993 04812c23 05512223 03712e23 03812c23 03912a23 03a12823 820ff0ef 01812a03 00000593 00000b13 000a0513 079030ef 00000493 02054c63 000157b7 2a07a403 000a0513 00040593 7c0030ef 26a05463 000157b7 3407a583 00040513 0e5030ef 078040ef 0ff57493 00048b13 01c12a03 00000593 00000b93 000a0513 029030ef 00000c93 02054c63 000157b7 2a07a403 000a0513 00040593 770030ef 20a05863 000157b7 3407a583 00040513 095030ef 028040ef 0ff57c93 000c8b93 02012a03 00000593 00000c13 000a0513 7d8030ef 00000413 02054c63 000157b7 2a07a403 000a0513 00040593 720030ef 1aa05c63 000157b7 3407a583 00040513 045030ef 7d9030ef 0ff57413 00040c13 02c10713 02810693 02410613 00190593 00098513 f19fe0ef 02412a83 00000593 00000a13 000a8513 770030ef 02054a63 000157b7 2a07aa03 000a8513 000a0593 6bc030ef 14a05663 000157b7 3407a583 000a0513 7e0030ef 775030ef 0ff57a13 02812d03 00000593 00000a93 000d0513 728030ef 02054a63 000157b7 2a07aa83 000d0513 000a8593 674030ef 0ea05e63 000157b7 3407a583 000a8513 798030ef 72d030ef 0ff57a93 02c12d03 00000593 000d0513 6e4030ef 00000793 02054c63 000157b7 2a07a583 000d0513 630030ef 00050793 00015737 2a072503 0af05263 000157b7 3407a583 74c030ef 6e1030ef 0ff57793 414484b3 415c8cb3 0014b493 001cbc93 40f40433 0194f4b3 00143413 00195913 00947433 00190593 00198613 08041863 00015537 00f12023 000a8893 000a0813 000c0793 000b8713 000b0693 06c50513 611040ef 05c12083 05812403 05412483 05012903 04c12983 04812a03 04412a83 04012b03 03c12b83 03812c03 03412c83 03012d03 06010113 00008067 000d0513 f5dff06f 000d0a93 f05ff06f 000a8a13 eb5ff06f 000a0413 e49ff06f 000a0413 df1ff06f 000a0413 d99ff06f 05812403 05c12083 05412483 05012903 04c12983 04812a03 04412a83 03412c83 03012d03 000c0793 000b8713 03812c03 03c12b83 000b0693 04012b03 00015537 05050513 06010113 55d0406f fd010113 03010793 01312e23 01412c23 00f12623 02112623 02812423 01512a23 00200a13 82018793 0747a42f 03100a93 00812423 048ae663 02912223 03212023 05000493 fff00913 00347413 06040263 04f00413 00040513 00810393 fff40413 c65ff0ef ff2418e3 82018793 0747a42f 00812423 fc8afae3 02412483 02012903 fff00793 82418713 06f7262f 00100793 04f60663 02c12083 02812403 01c12983 01812a03 01412a83 03010113 00008067 00040513 00810393 00140413 c09ff0ef fa9404e3 00040513 00810393 00140413 bf5ff0ef fc941ee3 f91ff06f 02812403 02c12083 01c12983 01812a03 01412a83 00016537 b1450513 fff00693 fff00713 00000593 03010113 25d0e06f ff010113 00812423 00912223 01212023 00058493 00112623 00050913 344000ef 00050413 00048593 00048513 459030ef 02051663 00000593 00090513 354030ef 06051063 00000593 00048513 344030ef 02051463 000157b7 2a07a403 00c12083 00040513 00812403 00412483 00012903 01010113 00008067 00048513 2d0000ef fc050ee3 00048513 00000593 404030ef fc0556e3 02200713 04e22c23 fc1ff06f 00040513 2a8000ef 02050863 00000593 00040513 2dc030ef fa0512e3 00090513 28c000ef f8050ce3 00048513 280000ef f80506e3 fc1ff06f 00090513 270000ef fc0506e3 00048513 264000ef fc0500e3 00040593 00040513 38d030ef 00153793 02178793 04f22c23 f55ff06f ff010113 00812423 00912223 00112623 00050493 058000ef 00050413 00048593 00048513 355030ef 02051663 00048513 00000593 350030ef 00055e63 02100713 00000593 04e22c23 00058513 6e9020ef 00050413 00c12083 00040513 00812403 00412483 01010113 00008067 fe010113 00151793 00112e23 0017d793 7f800737 00050593 08e7fe63 00050713 0a078463 00050793 16054a63 01755713 0ff77713 0a070263 41755713 00979793 f8170713 0097d793 00800637 00177693 00c7e7b3 00068463 00179793 40175893 00179793 01900693 00000813 00000593 01000737 00e58633 fff68693 02c7c463 40c787b3 00e80833 06068863 00e605b3 00175713 00179793 00e58633 fff68693 fec7d0e3 04068a63 00179793 00175713 fc5ff06f 00a12423 2fc030ef 00812583 1e1020ef 00050713 01c12083 00070513 02010113 00008067 00000693 00179793 00879613 00068713 00168693 fe0658e3 40e00733 f49ff06f 08078063 000157b7 00015737 43c7a503 43872583 43c7a703 01112623 01012423 00812c23 00070413 5b0030ef 00050593 00040513 1ec030ef 00812803 00c12883 08a04263 00015737 000157b7 43c7a503 43872583 43c7a783 00078413 14d020ef 00050593 00040513 1b8030ef 00812803 00c12883 04055c63 01812403 00280813 01c12083 40185813 3f0007b7 01789713 00f80833 01070733 00070513 02010113 00008067 534030ef 00050593 525020ef 01c12083 00050713 00070513 02010113 00008067 01812403 fb9ff06f 00180813 01812403 ffe87813 fa9ff06f 00151513 7f8007b7 00155513 00f53533 00008067 fb010113 04112623 00159793 00058813 00050613 02079c63 004007b7 00a7c7b3 00179793 ff800737 06f77863 00080593 00060513 085020ef 00050793 04c12083 00078513 05010113 00008067 0017d593 00151713 7f8007b7 00178793 00175713 00f736b3 00f5b7b3 0016b693 0017b793 00f6e7b3 7f8006b7 02078c63 3f8007b7 faf516e3 004007b7 0107c7b3 00179793 ff800737 f8f76ce3 000157b7 2a07a783 04c12083 00078513 05010113 00008067 00070e13 08054063 44d58a63 3f8007b7 46f58463 400007b7 54f80263 3f0006b7 14d80ee3 00060513 01012e23 00e12c23 00b12a23 01c12823 00c12623 559000ef 00c12603 c00007b7 01812703 00f666b3 ff8007b7 40f686b3 0016b693 00173793 00f6e6b3 01012e03 01412583 01c12803 00050793 52068463 4e084c63 f00658e3 47c0006f 4b8007b7 40f5e863 3cd58863 01012823 00e12623 00b12a23 00e12c23 00a12e23 4f1000ef 01c12603 c00007b7 00c12703 00f666b3 ff8007b7 40f686b3 0016b693 00173793 00f6e6b3 01012803 01412583 01812e03 00050793 00100313 00000893 38069c63 4d0006b7 4cb6f263 3f8006b7 ff368693 18e6fae3 3f8006b7 00768693 1ce6e2e3 00015737 2a072583 00078513 01012623 04812423 04912223 05212023 03312e23 03412c23 03512a23 03712623 00070b93 300030ef 000157b7 3547a583 00050413 00000a93 7d1020ef 000157b7 3587a583 00050493 00040513 7bd020ef 000157b7 35c7a583 00050993 00040513 7a9020ef 000157b7 00050593 3607a503 2b4030ef 00040593 791020ef 000157b7 00050593 2d47a503 29c030ef 00050913 00040593 00040513 771020ef 00050593 00090513 765020ef 000157b7 3647a583 759020ef 00050593 00098513 268030ef 00050913 00050593 00048513 628020ef fffff7b7 00a7f7b3 00048593 00078513 00078413 240030ef 00050593 00090513 234030ef 00c12803 2a0baa03 00050913 fffff7b7 0107f7b3 00078593 00080513 00f12823 01012623 20c030ef 00040593 6e9020ef 00040493 00050413 00c12503 00090593 6d5020ef 00050593 00040513 5b4020ef 00050413 00050993 01012503 00048593 6b5020ef 00050593 00050913 00040513 590020ef 00151793 00050613 00050713 0017d793 78a05a63 430006b7 0ef6eee3 06d784e3 3f0005b7 00000693 00000a93 08f5eee3 00015637 38c62583 ffff87b7 00f77433 00040513 00d12623 659020ef 00050493 00090593 00040513 164030ef 00050593 00098513 158030ef 000157b7 3907a583 631020ef 000157b7 3947a583 00050913 00040513 61d020ef 00050593 00090513 4fc020ef 00050913 00050593 00048513 4ec020ef 00048593 00050413 110030ef 00050593 00090513 104030ef 00050913 00040593 00040513 5d9020ef 000157b7 3987a583 00050493 5c9020ef 000157b7 39c7a583 0d8030ef 00048593 5b5020ef 000157b7 3a07a583 494020ef 00048593 5a1020ef 000157b7 3a47a583 0b0030ef 00048593 58d020ef 000157b7 3a87a583 46c020ef 00048593 579020ef 00050593 00040513 088030ef 00050493 00050593 00040513 55d020ef 000157b7 2e47a583 00050993 00048513 064030ef 00050593 00098513 051020ef 00050493 00090593 00040513 52d020ef 00090593 410020ef 00050593 00048513 034030ef 00040593 02c030ef 00050593 2a0ba503 020030ef 00c12683 00a687b3 4177d713 68e05863 000a0593 00078513 4e9020ef 00050793 04812403 04412483 04012903 03c12983 03812a03 03412a83 02c12b83 b35ff06f 3f8007b7 b8f704e3 0ce7f063 00080793 b20850e3 00000793 b19ff06f 00060793 b00858e3 00015737 2a072503 00078593 7a4020ef 00050793 af9ff06f 3f8008b7 0915fe63 00e12623 01012a23 00a12823 0e9000ef 01012603 00c12703 3f8008b7 00261693 0026d693 411686b3 00173793 0016b693 00f6e6b3 00050793 0c068863 01412803 00085e63 000156b7 2a06a503 00078593 740020ef 00c12703 00050793 c08006b7 00d70733 00078593 a80712e3 00058513 729020ef 00050593 718020ef 00050793 a6dff06f 00000793 a60852e3 800007b7 0107c7b3 a59ff06f 4175d693 09600793 40d787b3 40f5d6b3 00f697b3 42b78e63 f31584e3 400007b7 acf816e3 00060593 00060513 3b9020ef 00050793 a21ff06f 000156b7 2a06a503 00078593 00c12823 00e12623 6ac020ef 01012603 00c12703 00050793 9e065ce3 f65ff06f fff00313 00030893 b40652e3 00060593 f61ff06f 01765713 04812423 04912223 05212023 03312e23 03412c23 03512a23 03612823 03712623 03812423 03912223 0ff77713 00000593 02071a63 00015737 36872583 00078513 01012a23 00612823 01112623 31d020ef 00c12883 01012303 01412803 00050e13 fe800593 417e5693 009e1793 001cc737 f8168693 0097d793 3f800637 47170713 00b686b3 00c7eb33 42f75c63 005db737 3d670713 48f75a63 00015bb7 2a0ba703 ff8007b7 00000c13 00fb0b33 00168693 000c0c93 00000493 00070593 000b0513 01012e23 00612c23 01112a23 00d12823 00070993 5b1020ef 00050a13 00098593 000b0513 170020ef 00050593 2a0ba503 fffff437 588020ef 00050a93 00050593 000a0513 265020ef 401b5793 dffff737 00e7f7b3 20000737 00e7e7b3 00400737 00e787b3 009787b3 00a474b3 00078593 00050913 00048513 00f12623 22d020ef 00050593 000a0513 53d020ef 00050a13 00c12503 00098593 52d020ef 00050593 000b0513 521020ef 00048593 1fd020ef 00050593 000a0513 50d020ef 000a8593 1e9020ef 00050a93 00090593 00090513 1d9020ef 000157b7 36c7a583 00050993 1c9020ef 000157b7 3707a583 0a8020ef 00098593 1b5020ef 000157b7 3747a583 094020ef 00098593 1a1020ef 000157b7 3607a583 080020ef 00098593 18d020ef 000157b7 3787a583 06c020ef 00098593 179020ef 000157b7 2e87a583 058020ef 00050a13 00098593 00098513 15d020ef 00050593 000a0513 151020ef 00050993 00048593 00090513 02c020ef 000a8593 139020ef 00098593 01c020ef 00050a13 00048593 00048513 121020ef 000157b7 30c7a583 00050b13 7fd010ef 000a0593 7f5010ef 00a477b3 00078593 00048513 00078493 0f5020ef 000157b7 30c7a583 00050993 00048513 3fd020ef 000b0593 3f5020ef 00050593 000a0513 3e9020ef 00090593 0c5020ef 00050913 00048593 000a8513 0b5020ef 00050593 00090513 795010ef 00050a13 00050593 00098513 785010ef 000157b7 37c7a583 00a474b3 00048513 085020ef 00050913 00098593 00048513 391020ef 00050593 000a0513 385020ef 000157b7 3807a583 05d020ef 000157b7 3847a583 00050993 00048513 049020ef 00050593 00098513 729010ef 000c8593 721010ef 00050a13 01012503 024030ef 00050493 000a0593 00090513 705010ef 000c0593 6fd010ef 00048593 6f5010ef 00a477b3 00078513 00048593 00078413 311020ef 000c0593 309020ef 00090593 301020ef 00050593 000a0513 2f5020ef 01412883 01812303 01c12803 00050913 0068e8b3 14089263 000157b7 2a47aa03 03012b03 02812c03 02412c83 00100a93 89dff06f 04c12083 05010113 be4ff06f af1788e3 400007b7 bcf806e3 0016f693 01012e23 00e12a23 00e12823 00d12623 00a12c23 3e8000ef 01812603 01412703 3f8008b7 00261593 0025d593 411585b3 00c12683 00173793 0015b713 00f76733 01012e03 01c12803 00050793 0016c313 00000893 bc0702e3 00084a63 d8068c63 80000737 00f747b3 d8cff06f 00015737 2a072503 00078593 220020ef 00c12683 00050793 fd9ff06f 431606b7 18f6ec63 86d79ae3 00090593 209020ef 00040593 5ac020ef 18055063 000157b7 34c7a583 09600a93 41500ab3 00090513 1e5020ef 00050593 00050913 00098513 5a5010ef 00050713 017a9693 83dff06f 00000c13 00015bb7 2a0ba703 000c0c93 00000493 be5ff06f 04084063 04c12083 00000513 05010113 2e00006f 2a0baa03 03012b03 02812c03 02412c83 00000a93 f60ff06f 000a8593 12c000ef 00050793 969ff06f fd0054e3 04c12083 00000513 05010113 2b00006f 00015737 00015637 000157b7 34872c83 34462c03 2fc7a703 002004b7 00015bb7 b71ff06f 000157b7 3887a583 00a12623 00040513 4f9010ef 00050413 00c12503 00090593 119020ef 00050593 00040513 4b8020ef 06a04063 000157b7 3507a583 08000a93 f11ff06f 4177d793 00800837 f8278793 40f857b3 00c787b3 4177d713 00979693 0ff77713 f8170713 0096d693 01700513 ff8005b7 0106e6b3 40e50533 40e5d5b3 40a6dab3 00f5f5b3 ec0654e3 ec1ff06f 04812403 04412483 04012903 03c12983 03812a03 02c12b83 04c12083 000a8513 03412a83 05010113 1d00006f 04812403 04412483 04012903 03c12983 03812a03 02c12b83 04c12083 000a8513 03412a83 05010113 1980006f 00151713 00050793 08070c63 fe010113 00058693 00112e23 00175613 7f8005b7 06b67663 01755613 0ff67613 06061c63 000157b7 3ac7a583 00d12623 4f8020ef 00c12683 ffff4737 cb070713 00050793 0ae6cc63 41755713 0000c637 0ff77713 35060613 fe770713 04d65663 00015737 2a872503 0807c063 2a872583 4b8020ef 01c12083 02010113 00008067 00050593 391010ef 01c12083 02010113 00008067 00008067 0000c637 35060613 01875713 fad64ee3 00d705b3 0fe00713 fab748e3 04b04c63 fe900713 06e5c463 000156b7 80800737 01958793 fff70713 3bc6a583 01779793 00e57533 00a7e533 448020ef fa5ff06f 000157b7 3b47a503 2a872583 434020ef f7dff06f 000157b7 3b07a583 424020ef f81ff06f 808007b7 fff78793 01759593 00f57533 00b56533 f69ff06f 00015737 3b072503 0007d663 000157b7 3b87a503 3b072583 3ec020ef f49ff06f 02200713 04e22c23 00008067 ff010113 00112623 00050e63 80000537 00b54533 3c4020ef 00c12083 01010113 fd5ff06f 00058513 3b0020ef 00c12083 01010113 fc1ff06f 000157b7 3c07a583 fc1ff06f 000157b7 3c47a583 fb5ff06f 00151513 00155513 00008067 00060713 00068893 00050813 00058313 24069463 000157b7 45878793 0ec5f463 000106b7 0cd67063 10063693 0016b693 00369693 00d65e33 01c787b3 0007c783 00d787b3 02000693 00d78e63 40f686b3 00d59333 00f557b3 00d61733 0067e333 00d51833 01075513 02a357b3 01071593 0105d593 01085693 02a37333 02f58633 01031313 0066e6b3 00c6fa63 00d706b3 00c6f463 06e6f263 fff78793 40c686b3 02a6d633 01081813 01085813 02a6f6b3 02c585b3 01069693 00d86833 00b87a63 01070833 00b87463 18e87463 fff60613 01079793 00c7e7b3 00078513 00088593 00008067 01000e37 01800693 f5c674e3 01000693 f41ff06f ffe78793 00e686b3 f9dff06f 00000693 00060c63 000106b7 06d67863 10063693 0016b693 00369693 00d658b3 011787b3 0007c783 00d787b3 02000693 06d79063 40c58633 00100893 01075513 02a657b3 01071593 0105d593 01085693 02a67633 02f58333 01061613 00c6e6b3 0066fa63 00d706b3 0066f463 0ce6fa63 fff78793 406686b3 f25ff06f 010008b7 01800693 f9167ce3 01000693 f91ff06f 40f68833 01061733 00f5d6b3 010595b3 00f557b3 01051833 01075513 02a6d8b3 01071613 01065613 00b7e7b3 02a6f6b3 03160333 01069593 0107d693 00b6e6b3 0066fa63 00d706b3 0066f463 04e6f663 fff88893 406686b3 02a6d5b3 01079793 0107d793 02a6f6b3 02b60633 01069693 00d7e7b3 00c7fa63 00f707b3 00c7f463 02e7f263 fff58593 01089893 40c78633 00b8e8b3 f19ff06f ffe88893 00e686b3 fb5ff06f ffe58593 00e787b3 fddff06f ffe78793 00e686b3 f2dff06f ffe60613 e7dff06f 18d5e463 000107b7 04f6f463 1006b793 0017b793 00379793 00015737 00f6d833 45870713 01070733 00074703 02000813 00f70733 03071863 00c537b3 0017b793 00b6b6b3 00d7e7b3 00000893 e35ff06f 01000737 01800793 fce6f0e3 01000793 fb9ff06f 40e80833 00e658b3 010696b3 00d8e8b3 0108de13 00e5d6b3 03c6d7b3 01089313 01035313 010595b3 00e55733 00b76733 01061633 03c6f6b3 02f30eb3 01069593 01075693 00b6e6b3 01d6fa63 00d886b3 01d6f463 0b16fc63 fff78793 41d686b3 03c6d5b3 01071713 01075713 03c6f6b3 02b30333 01069693 00d76733 00677a63 00e88733 00677463 09177863 fff58593 01079793 00b7e7b3 40670733 01059593 01061313 0105d593 0107d893 01035313 01065613 02658e33 02688333 010e5693 02c585b3 02c888b3 006585b3 00b686b3 0066f663 00010637 00c888b3 0106d613 01160633 02c76063 010e1e13 01069693 010e5e13 01051533 01c686b3 eed574e3 eec712e3 fff78793 eddff06f ffe78793 011686b3 f49ff06f ffe58593 01170733 f71ff06f 00000893 00000793 cf1ff06f 00c59793 fe010113 01d55713 0097d793 0146d893 00812c23 00f767b3 0145d413 00c69713 00912a23 7ff47413 01f5d493 7ff8f893 01d65593 00975713 00112e23 01212823 01312623 01f6d693 00351513 00e5e733 00361613 41140833 7ff00313 30d49663 17005663 0a089063 00c766b3 02068463 fff40813 00081e63 00c50633 00e787b3 00a63533 00a78733 00100413 0c80006f 08641063 01d79713 00355513 7ff00693 00a76733 0037d793 00d41e63 00f76733 00000793 00070863 000807b7 00000713 00000493 7ff47413 00c79793 00c7d793 01441413 01f49593 00f46433 01c12083 00b467b3 01812403 01412483 01012903 00c12983 00070513 00078593 02010113 00008067 28640c63 008006b7 00d76733 03800693 0b06c663 01f00693 02000893 0706c863 410888b3 011716b3 010655b3 011618b3 00b6e6b3 011038b3 0116e6b3 01075833 00a68633 00f80833 00d636b3 00d80733 00871793 1c07de63 00140413 7ff00793 5af40c63 ff8007b7 fff78793 00f777b3 00165713 00167613 00c76733 01f79613 00e66633 0017d713 1a80006f fe080693 00d756b3 00000593 01180863 04000593 410585b3 00b715b3 00c5e5b3 00b035b3 00b6e6b3 00000813 f89ff06f 00c766b3 00d036b3 ff1ff06f 0c080663 408886b3 06041a63 00a7e5b3 00059a63 00070793 00060513 00068413 ea9ff06f fff68593 e80582e3 fe6684e3 03800693 08b6c663 01f00693 02000313 04b6c863 40b30333 006796b3 00b55833 00651333 0106e6b3 00603333 0066e6b3 00b7d5b3 00c68633 00e585b3 00d636b3 00d58733 00088413 f11ff06f 4e688a63 008005b7 00b7e7b3 00068593 fa5ff06f fe058693 00d7d6b3 00000813 00658863 04000813 40b80833 01079833 00a86833 01003833 0106e6b3 00000593 fa9ff06f 00a7e6b3 00d036b3 ff1ff06f 00140693 7fe6f593 06059663 00a7e6b3 04041263 2a068a63 00c766b3 42068e63 00c506b3 00e787b3 00a6b533 00a78733 00871793 00068613 2807d863 ff8007b7 fff78793 00f777b3 00068513 00100413 dadff06f 44068863 00c76733 00030413 d8070ee3 00000493 004007b7 00000513 d8dff06f 40668663 00c50633 00e787b3 00a63533 00a787b3 01f79713 00165613 00c76633 00068413 0017d713 00767793 3c079263 00070793 00060513 00879713 d40756e3 00140413 7ff00713 3ce40463 ff800737 fff70713 00e7f7b3 d31ff06f 0f005063 02089c63 00c766b3 d20680e3 fff40813 00081e63 40c50633 40e787b3 00c53533 40a78733 00100413 0600006f 00641c63 7ff00413 cf5ff06f ce6408e3 008006b7 00d76733 03800693 0906c463 01f00693 02000893 0506c663 410888b3 011716b3 010655b3 011618b3 00b6e6b3 011038b3 0116e6b3 01075833 40d50633 41078833 00c53533 40a80733 00871793 f207dee3 00971913 00995913 00060993 2040006f fe080693 00d756b3 00000593 01180863 04000593 410585b3 00b715b3 00c5e5b3 00b035b3 00b6e6b3 00000813 fadff06f 00c766b3 00d036b3 ff1ff06f 0e080a63 40888833 08041e63 00a7e5b3 00059c63 00068493 00070793 00060513 00080413 c29ff06f fff80593 02059063 40a60533 00a635b3 40f707b3 00050613 40b78733 00068493 f01ff06f fc6804e3 03800813 08b84a63 01f00813 02000e13 04b84c63 40be0e33 00b55333 01c79833 01c51e33 00686833 01c03e33 01c86533 00b7d5b3 40a60533 00a637b3 40b705b3 00050613 40f58733 00088413 00068493 f0dff06f 24688663 008005b7 00b7e7b3 00080593 f9dff06f fe058813 0107d833 00000313 01c58863 04000313 40b30333 00679333 00a36333 00603333 00686533 00000593 fa1ff06f 00a7e533 00a03533 ff1ff06f 00140593 7fe5f593 08059c63 00a7e833 00c765b3 06041463 00081e63 1c058663 00068493 00c76533 10050c63 00000413 dc9ff06f 18058063 40c50833 010538b3 40e785b3 411585b3 00859893 0008de63 40a60533 00a635b3 40f707b3 00050613 40b78733 fbdff06f 00b86533 18050263 00058713 00080613 fadff06f 00081c63 16059e63 00000493 00000513 004007b7 dd1ff06f 00030413 ac0580e3 d25ff06f 40c505b3 00b53833 40e78933 41090933 00891813 00058993 06085e63 40a609b3 40f70933 01363633 40c90933 00068493 06090e63 00090513 4a4020ef ff850793 02000713 40f70733 00f91933 00e9d733 01276733 00f99633 0a87c463 408787b3 00178513 01f00693 02000593 06a6c263 40a585b3 00b717b3 00a656b3 00b615b3 00d7e7b3 00b035b3 00b7e633 00a75733 ef5ff06f 0125e533 f8051ce3 00000493 00000793 00000413 a11ff06f 00098513 42c020ef 01850793 01f00713 f8f752e3 ff850713 00e99733 00000613 f8dff06f fe178793 00f757b3 00000693 00b50863 04000693 40a686b3 00d716b3 00d666b3 00d036b3 00d7e633 00000713 e89ff06f 40f40433 ff8007b7 fff78793 00f77733 c49ff06f 00078713 00050613 e69ff06f 00f67793 00400693 c2d78ce3 00d60533 00c537b3 00e787b3 c31ff06f 00068413 00000793 be5ff06f 00000493 ff5ff06f 00000493 00000793 961ff06f 00068493 00070793 00060513 c59ff06f 0145d313 00c59893 00c69713 0146d813 7ff37313 7ff00793 00c8d893 01f5d593 00c75713 7ff87813 01f6d693 04f30263 7ff00e13 00080793 01c81663 00c76e33 020e1c63 00000e13 00031663 00a8ee33 001e3e13 06081263 00c76eb3 020e0463 000e8e63 00169793 fff78793 0100006f 00a8e7b3 fa078ee3 ffe00793 00078513 00008067 020e9c63 40b005b3 0015e793 fedff06f fd0348e3 ff1768e3 00a67463 fee884e3 00c56663 00000793 fce8f8e3 00159793 fb5ff06f fa0e16e3 fcb696e3 fc685ae3 40d006b3 0016e793 fb1ff06f fd010113 01412c23 0145da13 02812423 02912223 01312e23 01512a23 01712623 00c59493 02112623 03212023 01612823 7ffa7a13 00050413 00060b93 00068993 00c4d493 01f5da93 0c0a0263 7ff00793 12fa0463 00349493 01d55793 0097e7b3 008004b7 0097e4b3 00351913 c01a0a13 00000b13 0149d713 00c99413 7ff77713 00c45413 01f9d993 12070063 7ff00793 18f70463 00341413 01dbd793 0087e7b3 00800437 0087e433 c0170713 003b9793 00000813 00ea0a33 002b1713 01076733 00b00693 001a0513 1ae6c663 00200613 013ac5b3 00100693 16e64863 fff70713 1ae6ea63 00080b13 00200713 4ceb0e63 00300713 18eb0663 00100713 34eb1863 00000413 00000613 4800006f 00a4e933 06090e63 04048263 00048513 184020ef 00050713 ff550693 01d00793 ff870613 40d787b3 00c494b3 00f457b3 0097e7b3 00c414b3 c0d00a13 00048913 40ea0a33 00078493 f1dff06f 148020ef 01550693 01c00793 02050713 fcd7d0e3 ff850793 00f417b3 fd1ff06f 00a4e933 02091063 00000493 00200b13 eedff06f 00000493 00000a13 00100b13 eddff06f 00050913 00300b13 ed1ff06f 017467b3 08078063 04040263 00040513 0e8020ef 00050793 ff550713 01d00693 ff878613 40e686b3 00c41433 00dbd6b3 0086e6b3 00cb9433 c0d00713 40f70733 00040793 00068413 ec1ff06f 000b8513 0a8020ef 01550713 01c00693 02050793 fae6dee3 ff850693 00db96b3 fcdff06f 017467b3 02079063 00000413 00200813 e8dff06f 00000413 00000713 00100813 e7dff06f 000b8793 00300813 e71ff06f 00e69733 53077693 2a069663 00001637 88860613 00c77633 28061a63 24077713 02070663 00080437 0180006f 00f00793 000a8593 28f71063 00080437 00000613 7ff00713 00000593 2180006f 01095893 01079e13 01091913 0107d613 01095913 010e5e13 03c907b3 03c88333 0107d813 03260733 02c886b3 00670733 00e80833 00687663 00010737 00e686b3 01045713 01079793 01041413 0107d793 01045413 01085f93 01081813 02890f33 00f80833 02e90933 010f5313 028887b3 02e888b3 00f90933 01230333 00f37663 000107b7 00f888b3 010f1f13 010f5f13 01031793 01e787b3 0104df13 01049493 0104d493 029e02b3 01035e93 011e8eb3 00ff8fb3 03ee0e33 0102d893 03e603b3 02960633 01c60633 00c888b3 01c8f663 00010637 00c383b3 02940633 01029293 0108d313 0102d293 01089893 00730333 005888b3 03e40433 01065e13 03e70f33 02970733 00870733 00ee0e33 008e7663 00010737 00ef0f33 01061613 010e1713 01065613 01f686b3 00c70733 01d70eb3 00f6b7b3 00fe87b3 011688b3 00678333 00d8b6b3 00eeb633 00d306b3 01d7beb3 00f33733 01d66633 0066b333 010e5e13 00989793 01c60633 00676733 00c70733 0107e7b3 01e70733 00f037b3 0178d893 00971713 0176d413 0117e7b3 00969693 00d7e7b3 00771693 00876433 0c06dc63 0017d713 0017f793 00f76733 01f41793 00f767b3 00145413 3ff50713 0ce05063 0077f693 02068063 00f7f693 00400613 00c68a63 00c786b3 00f6b633 00c40433 00068793 00741693 0006da63 ff000737 fff70713 00e47433 40050713 7fe00693 12e6ca63 01d41613 0037d793 00f66633 00345413 00c41413 00c45413 01471713 02c12083 00876733 02812403 01f59593 00b767b3 02412483 02012903 01c12983 01812a03 01412a83 01012b03 00c12b83 00060513 00078593 03010113 00008067 00098593 bedff06f 00048413 00090793 be5ff06f 000a0513 f41ff06f 08070063 fc900693 bed744e3 fe200693 06d74c63 00100693 40e68733 41e50513 00e7d6b3 00a797b3 00f037b3 00a41533 00a7e7b3 00d7e7b3 00e45433 0077f713 02070063 00f7f713 00400693 00d70a63 00d78733 00f736b3 00d40433 00070793 00841713 06074263 01d41613 0037d793 00f66633 00345413 00000713 f1dff06f 00100713 f99ff06f fe100813 40e806b3 00d456b3 00000613 01070663 43e50513 00a41633 00c7e7b3 00f037b3 00f6e7b3 00000413 f89ff06f 00000413 00000613 7ff00713 ed5ff06f 00000413 00000613 00100713 ec5ff06f fe010113 0145d713 00c59793 00812c23 0097d793 7ff77413 01d55713 00f767b3 00c69713 0146d893 00912a23 00975713 01f5d493 01d65593 00e5e733 00112e23 01212823 01312623 7ff8f893 7ff00593 00351513 01f6d693 00361613 00b89663 00c765b3 00059463 0016c693 41140833 7ff00313 30969263 17005663 0a089063 00c766b3 02068463 fff40813 00081e63 00c50633 00e787b3 00a63533 00a787b3 00100413 0c80006f 08641063 01d79693 00355513 7ff00713 00a6e6b3 0037d793 00e41e63 00f6e6b3 00000793 00068863 000807b7 00000693 00000493 7ff47713 00c79793 01c12083 01812403 00c7d793 01471713 01f49593 00f76733 00b767b3 01412483 01012903 00c12983 00068513 00078593 02010113 00008067 28640863 008006b7 00d76733 03800693 0b06c663 01f00693 02000893 0706c863 410888b3 011716b3 010655b3 011618b3 00b6e6b3 011038b3 0116e6b3 01075833 00a68633 00f80833 00d636b3 00d807b3 00879713 1c075c63 00140413 7ff00713 5ae40e63 ff800737 fff70713 00e7f7b3 00165713 00167613 00c76733 01f79613 00e66633 0017d793 1a40006f fe080693 00d756b3 00000593 01180863 04000593 410585b3 00b715b3 00c5e5b3 00b035b3 00b6e6b3 00000813 f89ff06f 00c766b3 00d036b3 ff1ff06f 0c080663 408886b3 06041a63 00a7e5b3 00059a63 00070793 00060513 00068413 ea9ff06f fff68593 e80582e3 fe6684e3 03800693 08b6c663 01f00693 02000313 04b6c863 40b30333 006796b3 00b55833 00651333 0106e6b3 00603333 0066e6b3 00b7d5b3 00c68633 00e585b3 00d636b3 00d587b3 00088413 f11ff06f 4e688863 008005b7 00b7e7b3 00068593 fa5ff06f fe058693 00d7d6b3 00000813 00658863 04000813 40b80833 01079833 00a86833 01003833 0106e6b3 00000593 fa9ff06f 00a7e6b3 00d036b3 ff1ff06f 00140693 7fe6f593 06059463 00a7e6b3 04041063 44068263 00c766b3 44068263 00c50633 00e787b3 00a63533 00a787b3 00879713 2c075463 ff800737 fff70713 00e7f7b3 00060513 00100413 db1ff06f 44068863 00c76733 00030413 da0700e3 00000493 004007b7 00000513 d91ff06f 40668a63 00c50633 00e787b3 00a63533 00a787b3 01f79713 00165613 00c76633 0017d793 00068413 00767713 3c071663 00060513 00879713 d4075ae3 00140413 7ff00713 3ce40a63 ff800737 fff70713 00e7f7b3 d39ff06f 0f005063 02089c63 00c766b3 d20684e3 fff40813 00081e63 40c50633 40e787b3 00c53533 40a787b3 00100413 0600006f 00641c63 7ff00413 cfdff06f ce640ce3 008006b7 00d76733 03800693 0906c463 01f00693 02000893 0506c663 410888b3 011716b3 010655b3 011618b3 00b6e6b3 011038b3 0116e6b3 01075833 40d50633 41078833 00c53533 40a807b3 00879713 f40750e3 00979913 00995913 00060993 20c0006f fe080693 00d756b3 00000593 01180863 04000593 410585b3 00b715b3 00c5e5b3 00b035b3 00b6e6b3 00000813 fadff06f 00c766b3 00d036b3 ff1ff06f 0e080a63 40888833 08041e63 00a7e5b3 00059c63 00068493 00070793 00060513 00080413 c31ff06f fff80593 02059063 40a60533 00a635b3 40f707b3 00050613 40b787b3 00068493 f01ff06f fc6804e3 03800813 08b84a63 01f00813 02000e13 04b84c63 40be0e33 00b55333 01c79833 01c51e33 00686833 01c03e33 01c86533 00b7d5b3 40a60533 00a637b3 40b705b3 00050613 40f587b3 00088413 00068493 f0dff06f 24688863 008005b7 00b7e7b3 00080593 f9dff06f fe058813 0107d833 00000313 01c58863 04000313 40b30333 00679333 00a36333 00603333 00686533 00000593 fa1ff06f 00a7e533 00a03533 ff1ff06f 00140593 7fe5f593 0a059063 00c765b3 00a7e833 06041863 00081a63 00070793 02059e63 00000493 1c40006f 18058c63 40c50833 010538b3 40e785b3 411585b3 00859893 0208d663 40a60533 00a635b3 40f707b3 00050613 40b787b3 00068493 00c7e533 0e050263 00000413 d91ff06f 00b86533 18050063 00058793 00080613 fe1ff06f 00081c63 16059c63 00000493 00000513 004007b7 dc9ff06f 00030413 ac0580e3 d21ff06f 40c505b3 00b53833 40e78933 41090933 00891813 00058993 06085e63 40a609b3 40f70933 01363633 40c90933 00068493 06090e63 00090513 68c010ef ff850713 02000793 40e787b3 00e91933 00f9d7b3 0127e7b3 00e99633 0a874463 40870733 00170513 01f00693 02000593 06a6c263 40a585b3 00b79733 00a656b3 00b615b3 00d76733 00b035b3 00b76633 00a7d7b3 f29ff06f 0125e533 f8051ce3 00000493 00000793 00000413 a11ff06f 00098513 614010ef 01850713 01f00793 f8e7d2e3 ff850793 00f997b3 00000613 f8dff06f fe170713 00e7d733 00000693 00b50863 04000693 40a686b3 00d796b3 00d666b3 00d036b3 00d76633 00000793 ebdff06f 40e40433 ff800737 fff70713 00e7f7b3 c45ff06f 00070793 ea1ff06f 00050613 e99ff06f 00f67713 00400693 c2d708e3 00d60533 00c53633 00c787b3 c25ff06f 00068413 00000793 bddff06f 00000493 00000793 965ff06f 00068493 00070793 00060513 c55ff06f 0145d713 00c59793 7ff77713 3fe00693 00c7d793 01f5d593 04e6de63 41d00693 00e6da63 80000537 fff50513 00a58533 00008067 001006b7 00d7e7b3 41300693 02e6d463 bed70693 00d797b3 43300693 40e68733 00e55533 00a7e533 00058e63 40a00533 00008067 40e686b3 00d7d533 fedff06f 00000513 00008067 ff010113 00112623 00812423 00912223 00050793 08050063 41f55713 00a74433 40e40433 01f55493 00040513 4b4010ef 41e00793 00a00713 40a787b3 04a74463 00b00713 40a70733 01550513 00e45733 00a41433 00c12083 00040513 00c71713 00812403 01479793 00c75713 01f49493 00e7e7b3 0097e5b3 00412483 01010113 00008067 ff550513 00a41733 00000413 fc5ff06f 00000493 00000713 ff1ff06f ff010113 0175d693 00912223 01755493 00959793 01212023 00951713 0ff4f493 0ff6f693 00112623 00812423 01f55913 01f5d593 00675713 0067d793 40d48633 1cb91663 0ac05863 0ff00513 04069063 00078e63 fff60593 00059863 00f70433 00100493 0600006f 02a61a63 00060493 00070793 0037d413 0ff00793 10f49c63 10040a63 00400437 2f80006f fea482e3 040006b7 00d7e7b3 00060593 01b00693 00100413 00b6ce63 02000693 40b686b3 00b7d433 00d797b3 00f037b3 00f46433 00e40433 00541793 1207d263 00148493 0ff00793 34f48663 7e000737 00145793 fff70713 00e7f7b3 00147413 0087e433 0fc0006f 06060463 40968633 0ff00513 00049e63 30070863 fff60593 f40588e3 00a61e63 0ff00493 f5dff06f fea68ce3 040005b7 00b76733 00060593 01b00613 00100413 00b64e63 02000613 40b60633 00b75433 00c71733 00e03733 00e46433 00f40433 00068493 f6dff06f 00148693 0fe6f613 06061a63 06049063 28070e63 1a078c63 00e787b3 00579713 ee075ce3 0037d413 1f8007b7 fff78793 00f47433 00100493 0ff4f493 00941413 00945413 01749493 0084e4b3 00c12083 00812403 01f91513 00a4e533 00012903 00412483 01010113 00008067 f40706e3 1c079063 00070793 f41ff06f 0ff00613 24c68063 00f70433 00145413 00068493 00747793 00078a63 00400693 00f47713 00d407b3 12d71663 00040793 1240006f 06c05a63 04069c63 e4078ce3 fff60593 40f70433 08058063 0ff00693 e4d602e3 01b00693 00100413 00b6ce63 02000693 40b686b3 00b7d433 00d797b3 00f037b3 00f46433 40870433 00541793 f807dae3 00641413 00645413 14c0006f 0ff00693 e0d482e3 040006b7 00d7e7b3 00060593 fb1ff06f 08060063 40968633 02049863 18070263 fff60513 00051a63 40e78433 00058913 00100493 fb1ff06f 0ff00813 03061063 00058913 e61ff06f 0ff00513 fea68ae3 04000537 00a76733 00060513 01b00613 00100413 00a64e63 02000613 40a60633 00a75433 00c71733 00e03733 00e46433 40878433 00068493 00058913 f59ff06f 00148693 0fe6f693 08069a63 06049e63 00071a63 00058913 d4079ee3 00000413 0600006f 02079a63 00070793 00579713 d40752e3 00148493 0ff00713 00000413 e4e48ae3 0037d413 1f8007b7 fff78793 00f47433 e41ff06f 40f70433 00541693 0006dc63 40e78433 00058913 00000493 e20402e3 e79ff06f 00040793 ce041ce3 00000913 e11ff06f e40712e3 00000913 0ff00493 00400437 dfdff06f 40f70433 00541693 0406d263 40e78433 00058913 00040513 08c010ef ffb50513 00a41433 02954a63 40950533 00150513 02000793 40a787b3 00a45733 00f41433 00803433 00876433 f89ff06f fc0414e3 00000493 f91ff06f fc0007b7 fff78793 40a484b3 00f47433 de9ff06f 00078413 f61ff06f 00058913 00060493 c5dff06f 00068493 00000413 d71ff06f fe010113 01212823 01755913 00912a23 01312623 01512223 00951713 00112e23 00812c23 01412423 0ff97913 00058a93 00975993 01f55493 14090a63 0ff00793 16f90663 00399713 040007b7 00f769b3 f8190913 00000a13 017ad793 009a9413 0ff7f793 00945413 01fada93 14078e63 0ff00713 16e78a63 00341413 04000737 00e46433 f8178793 00000613 40f90933 002a1793 00c7e7b3 00700713 0154c6b3 16f74263 00100713 28e78e63 ffe78513 00500593 16a5fa63 00541613 1e89fc63 fff90913 00000793 01065813 0309d433 01061593 0105d593 0107d793 0309f733 02858533 01071713 00e7e7b3 00a7fa63 00f607b3 00a7f463 1cc7f463 fff40413 40a787b3 0307d533 0307f7b3 02a58733 01079793 00e7fe63 00c785b3 00f5b833 00058793 00e5f463 1a080263 fff50513 01041413 40e787b3 00a46433 00f037b3 00f46433 07f90713 18e05e63 00747793 00078a63 00f47793 00400613 00c78463 00c40433 00441793 0007da63 f80007b7 fff78793 00f47433 08090713 0fe00793 1ce7c263 00345793 0c40006f 02098863 00098513 685000ef ffb50793 f8a00913 00f999b3 40a90933 eadff06f 00200a13 ea0984e3 00300a13 ea1ff06f 00000913 00100a13 e95ff06f 02040863 00040513 649000ef ffb50793 00f41433 f8a00793 40a787b3 ea5ff06f 00200613 ea0400e3 00300613 e99ff06f 00000793 00100613 e8dff06f ff678793 00500713 12f76c63 00015737 00279793 44070713 00e787b3 0007a783 00078067 00f71733 05477513 06051c63 08877713 0a071063 e6b79ee3 004007b7 0ff00713 00000693 01c12083 01812403 00979793 01771713 0097d793 00f76733 01f69513 01412483 01012903 00c12983 00812a03 00412a83 00a76533 02010113 00008067 00048693 00098413 00200793 0afa0863 00300793 fafa02e3 00100793 eafa10e3 00000793 00000713 f9dff06f 01f99793 0019d993 e0dff06f ffe40413 00c787b3 e39ff06f ffe50513 00c587b3 e5dff06f 000a8693 00060a13 fb1ff06f 04070c63 fe600793 faf74ee3 00100793 40e787b3 09e90913 00f457b3 01241433 00803433 0087e7b3 0077f713 00070a63 00f7f713 00400613 00c70463 00c787b3 00579713 0037d793 f80750e3 00000793 00100713 f15ff06f 00100793 fb9ff06f 00000793 0ff00713 f01ff06f 00951813 01755793 00959693 00985613 0ff7f793 01f55713 0096d693 01f5d893 00080a63 f0178513 00051663 00100513 00008067 0175d593 0ff5f593 00068663 f0158513 fe0504e3 fed612e3 feb790e3 00000513 01170663 00c7e7b3 00f03533 00008067 00951813 01755713 00959793 00985693 0ff77713 01f55513 0097d793 01f5d613 00080a63 f0170813 00081663 ffe00513 00008067 0175d593 0ff5f593 00078663 f0158813 fe0804e3 00d768b3 00f5e833 00089e63 00081663 00000513 00008067 00161513 fff50513 00008067 00081863 40a00533 00156513 00008067 fec51ae3 fee5c8e3 00b75663 00151513 fd9ff06f fed7e0e3 fcf6f2e3 ff1ff06f 00951813 01755713 00959793 00985693 0ff77713 01f55513 0097d793 01f5d613 00080a63 f0170813 00081663 00200513 00008067 0175d593 0ff5f593 00078663 f0158813 fe0804e3 00d768b3 00f5e833 00089e63 00081663 00000513 00008067 00161513 fff50513 00008067 00081863 40a00533 00156513 00008067 fec51ae3 fee5c8e3 00b75663 00151513 fd9ff06f fed7e0e3 fcf6f2e3 ff1ff06f fe010113 01212823 01755913 00912a23 01312623 01512223 00951493 00112e23 00812c23 01412423 0ff97913 00058a93 0094d493 01f55993 0a090663 0ff00793 0cf90263 00349493 040007b7 00f4e4b3 f8190913 00000a13 017ad793 009a9413 0ff7f793 00945413 01fada93 0a078a63 0ff00713 0ce78663 00341413 04000737 00e46433 f8178793 00000693 00f90933 002a1793 00d7e7b3 00b00713 00190613 12f74263 00200593 0159c9b3 00100713 0af5c663 fff78793 10f76e63 00068a13 00200793 24fa0663 00300793 0afa0863 00100793 18fa1263 00000793 00000713 0a80006f 02048863 00048513 241000ef ffb50793 f8a00913 00f494b3 40a90933 f55ff06f 00200a13 f40488e3 00300a13 f49ff06f 00000913 00100a13 f3dff06f 02040863 00040513 205000ef ffb50793 00f41433 f8a00793 40a787b3 f4dff06f 00200693 f40404e3 00300693 f41ff06f 00000793 00100693 f35ff06f 00f717b3 5307f713 06071463 0037d713 11177713 12071863 2407f793 04078e63 004007b7 0ff00713 00000993 01c12083 01812403 00979793 01771713 0097d793 01f99993 00f76733 01412483 01012903 00812a03 00412a83 01376533 00c12983 02010113 00008067 00f00713 fae78ae3 00048413 ef1ff06f 0104d713 01045793 01049493 01041413 0104d493 01045413 028485b3 02870433 02f70733 029787b3 008786b3 0105d793 00d787b3 0087f663 000106b7 00d70733 01059593 01079693 0105d593 00b686b3 0107d793 00669413 00e787b3 00679793 00803433 01a6d693 00d46433 00479713 0087e433 06075063 00145793 00147413 0087e433 07f60713 04e05a63 00747793 00078a63 00f47793 00400693 00d78463 00d40433 00441793 0007da63 f80007b7 fff78793 00f47433 08060713 0fe00793 06e7ce63 00345793 eedff06f 000a8993 e19ff06f 00090613 fadff06f 04070c63 fe600793 e2f740e3 00100793 40e787b3 09e60613 00f457b3 00c41433 00803433 0087e7b3 0077f713 00070a63 00f7f713 00400693 00d70463 00d787b3 00579713 0037d793 de0752e3 00000793 00100713 e85ff06f 00100793 fb9ff06f 00000793 0ff00713 e71ff06f 0175d693 ff010113 0ff6f693 00951713 00912223 01212023 01755493 01f55913 f0168613 00959513 00655793 00c03633 00153513 00a66633 01f5d593 0ff4f493 00c5c5b3 00112623 00812423 00675713 40d48633 1d259663 0ac05863 0ff00513 04069063 00078e63 fff60593 00059863 00f70433 00100493 0600006f 02a61a63 00060493 00070793 0037d413 0ff00793 10f49c63 10040a63 00400437 2f80006f fea482e3 040006b7 00d7e7b3 00060593 01b00693 00100413 00b6ce63 02000693 40b686b3 00b7d433 00d797b3 00f037b3 00f46433 00e40433 00541793 1207d263 00148493 0ff00793 34f48663 7e000737 00145793 fff70713 00e7f7b3 00147413 0087e433 0fc0006f 06060463 40968633 0ff00513 00049e63 30070863 fff60593 f40588e3 00a61e63 0ff00493 f5dff06f fea68ce3 040005b7 00b76733 00060593 01b00613 00100413 00b64e63 02000613 40b60633 00b75433 00c71733 00e03733 00e46433 00f40433 00068493 f6dff06f 00148693 0fe6f613 06061a63 06049063 28070e63 1a078c63 00e787b3 00579713 ee075ce3 0037d413 1f8007b7 fff78793 00f47433 00100493 0ff4f493 00941413 00945413 01749493 0084e4b3 00c12083 00812403 01f91513 00a4e533 00012903 00412483 01010113 00008067 f40706e3 1c079063 00070793 f41ff06f 0ff00613 24c68063 00f70433 00145413 00068493 00747793 00078a63 00400693 00f47713 00d407b3 12d71663 00040793 1240006f 06c05a63 04069c63 e4078ce3 fff60593 40f70433 08058063 0ff00693 e4d602e3 01b00693 00100413 00b6ce63 02000693 40b686b3 00b7d433 00d797b3 00f037b3 00f46433 40870433 00541793 f807dae3 00641413 00645413 14c0006f 0ff00693 e0d482e3 040006b7 00d7e7b3 00060593 fb1ff06f 08060063 40968633 02049863 18070263 fff60513 00051a63 40e78433 00058913 00100493 fb1ff06f 0ff00813 03061063 00058913 e61ff06f 0ff00513 fea68ae3 04000537 00a76733 00060513 01b00613 00100413 00a64e63 02000613 40a60633 00a75433 00c71733 00e03733 00e46433 40878433 00068493 00058913 f59ff06f 00148693 0fe6f693 08069a63 06049e63 00071a63 00058913 d4079ee3 00000413 0600006f 02079a63 00070793 00579713 d40752e3 00148493 0ff00713 00000413 e4e48ae3 0037d413 1f8007b7 fff78793 00f47433 e41ff06f 40f70433 00541693 0006dc63 40e78433 00058913 00000493 e20402e3 e79ff06f 00040793 ce041ce3 00000913 e11ff06f e40712e3 00000913 0ff00493 00400437 dfdff06f 40f70433 00541693 0406d263 40e78433 00058913 00040513 448000ef ffb50513 00a41433 02954a63 40950533 00150513 02000793 40a787b3 00a45733 00f41433 00803433 00876433 f89ff06f fc0414e3 00000493 f91ff06f fc0007b7 fff78793 40a484b3 00f47433 de9ff06f 00078413 f61ff06f 00058913 00060493 c5dff06f 00068493 00000413 d71ff06f 00959713 00951793 00975713 00078c63 01755793 0ff7f793 f0178793 00100513 00078e63 0175d593 0ff5f593 f0158593 00e03733 0015b593 00b77533 00008067 01755793 00951693 0ff7f793 07e00613 0096d693 01f55713 00f64663 00000513 00008067 09f00613 40e60633 fff70513 02c7d863 fe0714e3 00800537 09500713 00a6e533 00f75863 f6a78793 00f51533 00008067 09600713 40f707b3 00f55533 00008067 ff010113 00112623 00812423 00912223 0e050463 41f55793 00a7c433 40f40433 01f55493 00040513 308000ef 09e00793 00050693 40a78533 00700793 04d7d063 00800793 0cf68063 ff868693 00d41433 00941413 00945413 01751513 00c12083 00856533 00812403 01f49493 00956533 00412483 01010113 00008067 00400793 00500713 06d7c263 01b68793 00f417b3 40d70733 00f037b3 00e45433 0087e433 fc000737 fff70713 00747793 00e47733 02078863 00f47413 00400793 02f40263 00f70733 00571793 0007dc63 fc0007b7 fff78793 00f77733 09f00793 40d78533 00375413 f6dff06f fae68ce3 ffb68793 00f41433 fadff06f 00000493 00000413 f51ff06f 09600513 f49ff06f 01755713 0ff77713 ff010113 00170693 00812423 00912223 00951793 00112623 0fe6f693 0097d413 01f55493 04068263 38070713 00c7d793 01d41413 00c79793 00c7d793 01471713 01f49513 00f76733 00c12083 00a767b3 00040513 00812403 00412483 00078593 01010113 00008067 04071663 00000793 fc0402e3 00040513 1a4000ef 00a00793 02a7c263 00b00793 40a787b3 01550713 00f457b3 00e41433 38900713 40a70733 f95ff06f ff550793 00f417b3 00000413 fe9ff06f 00040e63 00c7d793 00080737 01d41413 00e7e7b3 7ff00713 f69ff06f 00000793 ff5ff06f 0145d713 7ff77713 00c59793 00170613 0097d693 7fe67613 01d55793 00d7e7b3 01f5d593 00351693 0a060e63 c8070613 0fe00813 10c84463 08c04663 fe900513 0ea64863 00800537 00a7e533 fff00793 04f64463 01e00793 c8270713 40c787b3 00f6d7b3 00e696b3 00d036b3 00e51533 00a6e6b3 00d7e7b3 00000713 0077f693 00068863 00f7f693 00400613 06c69463 0037d793 0880006f ffe00893 40c887b3 00f557b3 00000813 01160663 ca270713 00e51833 00d86833 01003833 0107e7b3 fb9ff06f 00651513 00a03533 00379793 01d6d693 00f567b3 00d7e7b3 00060713 f9dff06f 00d7e7b3 02071263 fa0782e3 00100793 00478793 00579693 f806dae3 00170713 00000793 0140006f 0ff00713 00078663 00000593 004007b7 01771713 00f76733 01f59513 00a76533 00008067 00100793 00000713 fbdff06f 0ff00713 fc5ff06f 000107b7 02f57a63 10053793 0017b793 00379793 00015737 00f55533 45870713 00a70733 00074503 02000693 40f686b3 40a68533 00008067 01000737 01800793 fce57ae3 01000793 fcdff06f 00050593 00000693 00000613 00000513 7180106f 00050593 00000513 0100006f 00050593 00000513 6400306f fc010113 02812c23 02112e23 00b58793 01600713 00050413 08f76e63 01000693 06b6ec63 11d080ef 01000693 01800713 00200893 00016837 b5080813 00e80733 00472783 ff870613 48c78263 0047a703 00c7a603 0087a583 ffc77713 00e78733 00472683 00c5a623 00f12623 00b62423 0016e693 00040513 00d72223 0e1080ef 00c12783 03c12083 03812403 00878513 04010113 00008067 00c00713 04e22c23 00000513 03c12083 03812403 04010113 00008067 ff87f693 00b6b5b3 01f7d793 00f5e5b3 fc059ae3 00d12623 075080ef 00c12683 1f700793 4ed7f863 0096d893 16088c63 00400793 4517ea63 0066d893 03988e13 003e1513 03888893 00016837 b5080813 00a80533 00452783 ff850513 36f50a63 00f00313 0140006f 00c7a583 36065663 36b50063 00058793 0047a703 ffc77713 40d70633 fec352e3 01082783 00016e37 b58e0e13 33c78a63 0047a703 00f00593 ffc77713 40d70633 4ac5c063 01c82a23 01c82823 46065663 1ff00613 00482f03 36e66463 ff877613 00860613 00c80633 00062583 00575513 00100713 00a71733 00ef6f33 ff860713 00b7a423 00e7a623 01e82223 00f62023 00f5a623 4028d793 00100513 00f51533 0aaf6663 01e577b3 02079463 00151513 ffc8f893 01e577b3 00488893 00079a63 00151513 01e577b3 00488893 fe078ae3 00f00e93 00389f93 01f80fb3 000f8313 00c32703 00088293 34e30e63 00472603 00070793 00c72703 ffc67613 40d605b3 34bece63 fe05c2e3 00c78633 00462683 0087a583 00040513 0016e693 00d62223 00e5a623 00b72423 00f12623 714080ef 00c12783 00878513 e51ff06f 20000513 04000e13 03f00893 e99ff06f 00882783 0047a703 ffc77893 40d88733 01072593 00d8b633 00b66633 1a060e63 00016e37 9581a603 b48e2583 fff00713 00c68633 44e58263 00001737 00f70713 00e60633 fffff737 00e67733 00070593 00040513 01012823 00d12623 00f12e23 01112c23 00e12a23 339000ef fff00613 00c12683 01012803 00050313 12c50e63 01812883 01c12783 01412703 00016e37 011785b3 34b56c63 92818e93 000ea603 00c70633 00cea023 48a58c63 b48e2f03 fff00513 4aaf0463 40b305b3 00c58633 00cea023 00737e13 3c0e0863 ff837313 00001637 00830313 00860613 00e30733 41c60633 40e60633 01461613 01465593 00040513 03012423 03d12223 02d12023 00f12e23 01112c23 00612a23 01c12823 00e12623 02b12623 289000ef fff00613 00c12703 01012e03 01412303 01812883 01c12783 02012683 02412e83 02812803 48c50463 02c12583 40650533 00b50733 000ea603 00682423 00176713 00c58633 00e32223 00cea023 03078c63 00f00513 2f157a63 0047a583 ff488713 ff877713 0015f593 00e5e5b3 00b7a223 00500893 00e785b3 0115a223 0115a423 40e56063 9541a703 00c77463 94c1aa23 9501a703 00c77463 94c1a823 00882783 0047a603 ffc67613 40d60733 01072593 00d63633 00b66633 28061c63 0016e613 00c7a223 00d786b3 00176713 00d82423 00040513 00e6a223 00f12623 4fc080ef 00c12783 03c12083 03812403 00878513 04010113 00008067 00482f03 d31ff06f 000e0893 cb5ff06f 0087a603 00e78733 00472683 00b62623 00f12623 0016e693 00c5a423 00040513 00d72223 4ac080ef 00c12783 03c12083 03812403 00878513 04010113 00008067 00c72783 00288893 c6f704e3 b75ff06f 00975613 00400593 14c5fe63 01400593 28c5e263 05c60513 00351513 05b60593 00a80533 00052603 ff850513 00c51863 1dc0006f 00862603 00c50863 00462583 ffc5f593 feb768e3 00c62503 00a7a623 00c7a423 00f52423 00f62623 c79ff06f 01400793 1317f663 05400793 2517e263 00c6d893 06f88e13 003e1513 06e88893 ba1ff06f 00128293 0032f793 00830313 10078e63 00c32703 c91ff06f 0087a503 0016e893 0117a223 00e52623 00a72423 00d786b3 00d82a23 00d82823 0015e713 00c78633 01c6a623 01c6a423 00e6a223 00040513 00b62023 00f12623 3a4080ef 00c12783 00878513 ae1ff06f 0036d893 00868713 a65ff06f 00e78733 00472683 00f12623 00040513 0016e693 00d72223 370080ef 00c12783 00878513 aadff06f 0016e593 00b7a223 00d786b3 00d82a23 00d82823 00166593 00e78733 01c6a623 01c6a423 00b6a223 00040513 00c72023 00f12623 32c080ef 00c12783 00878513 a69ff06f 00675613 03960513 00351513 03860593 eadff06f dd0796e3 92818e93 000ea603 00c70633 00cea023 cadff06f 05c88e13 003e1513 05b88893 a85ff06f 008fa783 fff88893 01f79e63 0038f793 ff8f8f93 fe0796e3 fff54793 00ff7f33 01e82223 00151513 bcaf62e3 bc0500e3 01e577b3 00079a63 00151513 01e577b3 00428293 fe078ae3 00028893 b29ff06f 00100793 00f32223 00040513 284080ef 9c5ff06f 01060713 bd1ff06f 4025d593 00100713 00b71733 00ef6f33 01e82223 e2dff06f 00e30633 40c00633 01461613 01465593 00040513 03012223 03d12023 00d12e23 00f12c23 01112a23 00e12823 00612623 02b12423 6d4000ef fff00613 00c12303 01012703 01412883 01812783 01c12683 02012e83 02412803 00000593 c4c50ee3 02812583 40650533 00b50733 c4dff06f 05400593 04c5ec63 00c75613 06f60513 00351513 06e60593 d75ff06f 15400793 0517ec63 00f6d893 07888e13 003e1513 07788893 959ff06f 01459513 b60514e3 00882583 00e887b3 0017e793 00f5a223 c49ff06f b46e2423 b65ff06f 15400593 06c5ea63 00f75613 07860513 00351513 07760593 d19ff06f 55400793 0717ee63 0126d893 07d88e13 003e1513 07c88893 8fdff06f 00878593 00040513 01012a23 01d12823 00d12623 625020ef 01012e83 01412803 00c12683 000ea603 bddff06f ff8e0e13 01c70733 40670733 00000593 b79ff06f 55400313 3f800513 07e00593 cac366e3 01275613 07d60513 00351513 07c60593 c99ff06f 3f800513 07f00e13 07e00893 889ff06f 00016637 000105b7 f5860613 c0c58593 00000513 23c0006f 05022583 ff010113 00812423 00112623 95c18793 00050413 00f58463 068060ef 04c22583 9c418793 00f58663 00040513 054060ef 04822583 a2c18793 00f58c63 00040513 00812403 00c12083 01010113 0340606f 00c12083 00812403 01010113 00008067 fe010113 0000a7b7 00812c23 b7078793 95c18413 00112e23 00912a23 01212823 01312623 01412423 a8f1aa23 00800613 00400793 00000593 9b818513 00f42623 00042023 00042223 00042423 06042223 00042823 00042a23 00042c23 648000ef 0000aa37 0000a9b7 0000a937 0000a4b7 ebca0a13 f1898993 fa090913 00448493 9b418513 03442023 03342223 03242423 02942623 00842e23 7ed070ef 000107b7 00978793 00800613 00000593 a2018513 06f42a23 06042423 06042623 06042823 0c042623 06042c23 06042e23 08042023 5d4000ef 9c418793 a1c18513 08f42223 09442423 09342623 09242823 08942a23 795070ef 000207b7 01278793 a8818513 00800613 00000593 0cf42e23 0c042823 0c042a23 0c042c23 12042a23 0e042023 0e042223 0e042423 57c000ef a2c18793 0f442823 0f342a23 0f242c23 0e942e23 0ef42623 01812403 01c12083 01412483 01012903 00c12983 00812a03 a8418513 02010113 7210706f ff010113 00812423 c6418513 00112623 755070ef 05422703 00071c63 0000a737 a941a683 b8870713 04e22a23 00068c63 c6418513 00812403 00c12083 01010113 7590706f e55ff0ef c6418513 00812403 00c12083 01010113 7410706f c6418513 7050706f c6418513 7310706f fd010113 03212023 01312e23 01412c23 01512a23 01612823 01712623 02112623 02812423 02912223 00060a93 00050b13 00058b93 00000a13 00100993 fff00913 004aa483 fff48493 0204ca63 008aa403 00c45783 00f9fe63 00e41783 00040593 000b0513 01278663 000b80e7 00aa6a33 fff48493 06840413 fd249ce3 000aaa83 fc0a90e3 02c12083 02812403 02412483 02012903 01c12983 01412a83 01012b03 00c12b83 000a0513 01812a03 03010113 00008067 fc010113 02c12423 02d12623 02b12223 02e12823 02f12a23 03012c23 03112e23 04c22583 02410693 00050613 00000513 00112e23 00d12623 014040ef 01c12083 04010113 00008067 ff010113 00812423 00058413 00e59583 00112623 1dc000ef 02054063 05042783 00c12083 00a787b3 04f42823 00812403 01010113 00008067 00c45783 fffff737 fff70713 00e7f7b3 00c12083 00f41623 00812403 01010113 00008067 00c59783 fe010113 00068313 00112e23 1007f693 00058713 00060893 00050813 02069863 fffff6b7 fff68693 01c12083 00d7f7b3 00e71583 00f71623 00030693 00088613 00080513 02010113 1e80006f 00e59583 00c12423 00200693 00000613 00612623 00e12023 00a12223 0d4000ef 00012703 00c12303 00812883 00c71783 00412803 fa1ff06f ff010113 00812423 00058413 00e59583 00112623 0a4000ef fff00713 00c41783 02e50263 00001737 00e7e7b3 00c12083 04a42823 00f41623 00812403 01010113 00008067 fffff737 00a70733 00e7f7b3 00c12083 00f41623 00812403 01010113 00008067 00e59583 0040006f ff010113 00812423 00058513 00112623 a801ac23 24d070ef fff00793 00f50a63 00c12083 00812403 01010113 00008067 a981a783 fe0786e3 00c12083 00812403 04f22c23 01010113 00008067 ff010113 00812423 00058513 00060593 00068613 00112623 a801ac23 27d070ef fff00793 00f50a63 00c12083 00812403 01010113 00008067 a981a783 fe0786e3 00c12083 00812403 04f22c23 01010113 00008067 ff010113 00812423 00058513 00060593 00068613 00112623 a801ac23 275070ef fff00793 00f50a63 00c12083 00812403 01010113 00008067 a981a783 fe0786e3 00c12083 00812403 04f22c23 01010113 00008067 ff010113 00812423 00058513 00112623 a801ac23 26d070ef fff00793 00f50a63 00c12083 00812403 01010113 00008067 a981a783 fe0786e3 00c12083 00812403 04f22c23 01010113 00008067 ff010113 00812423 00058513 00060593 00068613 00112623 a801ac23 285070ef fff00793 00f50a63 00c12083 00812403 01010113 00008067 a981a783 fe0786e3 00c12083 00812403 04f22c23 01010113 00008067 ff010113 00812423 01212023 00016437 00016937 00112623 00912223 afc90913 afc40413 02890263 40890933 40295913 00000493 00042783 00148493 00440413 000780e7 ff24e8e3 00016937 00016437 b0490913 afc40413 02890263 40890933 40295913 00000493 00042783 00148493 00440413 000780e7 ff24e8e3 00c12083 00812403 00412483 00012903 01010113 00008067 ff010113 00812423 000167b7 00016437 b0878793 b0440413 408787b3 00912223 00112623 4027d493 02048063 ffc40413 00f40433 00042783 fff48493 ffc40413 000780e7 fe0498e3 00c12083 00812403 00412483 01010113 00008067 01f00793 00050693 10c7f463 0036f713 02070663 00000297 00271313 006282b3 00008313 17c280e7 00030093 ffc70713 00e60633 40e686b3 0cc7fc63 00059463 0180006f 0ff5f593 00859293 0055e5b3 01059293 0055e5b3 ffc67293 00568333 07c2f293 00028e63 405002b3 08028293 405686b3 00000397 005383b3 00c38067 00b6a023 00b6a223 00b6a423 00b6a623 00b6a823 00b6aa23 00b6ac23 00b6ae23 02b6a023 02b6a223 02b6a423 02b6a623 02b6a823 02b6aa23 02b6ac23 02b6ae23 04b6a023 04b6a223 04b6a423 04b6a623 04b6a823 04b6aa23 04b6ac23 04b6ae23 06b6a023 06b6a223 06b6a423 06b6a623 06b6a823 06b6aa23 06b6ac23 06b6ae23 08068693 f666eee3 00367613 08060a63 00000297 40c78633 00261613 00c282b3 01428067 00b68f23 00b68ea3 00b68e23 00b68da3 00b68d23 00b68ca3 00b68c23 00b68ba3 00b68b23 00b68aa3 00b68a23 00b689a3 00b68923 00b688a3 00b68823 00b687a3 00b68723 00b686a3 00b68623 00b685a3 00b68523 00b684a3 00b68423 00b683a3 00b68323 00b682a3 00b68223 00b681a3 00b68123 00b680a3 00b68023 00008067 00300793 00c508b3 08c7f863 00a5c7b3 0037f793 26079a63 00357713 00050793 48071063 ffc8f693 40f68633 02000713 00c74663 1917e463 00008067 0005a603 0045a283 0085af83 00c5af03 0105ae83 0145ae03 0185a303 01c5a803 02458593 00c7a023 ffc5a603 0057a223 01f7a423 01e7a623 01d7a823 01c7aa23 0067ac23 0107ae23 02478793 fec7ae23 40f68633 fac746e3 fa1ff06f fb1570e3 40a00733 00f777b3 00378693 00500813 1106e463 fff60613 4ed66c63 1c078263 0005c683 00277713 00158e93 00d50023 00150313 02070663 0015c683 00300713 00258e93 00d500a3 00250313 00e79a63 0025c703 00358e93 00350313 00e50123 00f50833 ffc80e13 00f587b3 0017c603 0007c583 0027c683 0037c703 00861613 00b66633 01069693 00c6e6b3 01871713 00d76733 00e82023 00480813 00478793 fdc816e3 ffce8593 ffc30793 0005c683 00178713 00d78023 ef1772e3 0015c683 00278713 00d780a3 ed177ae3 0025c683 00378713 00d78123 ed1772e3 0035c683 00478713 00d781a3 eb177ae3 0045c683 00578713 00d78223 eb1772e3 0055c683 00678713 00d782a3 e9177ae3 0065c703 00e78323 00008067 00080693 ef9ff06f 40f006b3 0036f813 40f88733 00380613 00500313 fff70e13 34666663 f6ce68e3 34080a63 0005c603 0026f693 00158f93 00c78023 00178f13 02068663 0015c603 00300693 00258f93 00c780a3 00278f13 00d81a63 0025c683 00358f93 00378f13 00d78123 41070eb3 010585b3 01078833 ffcef793 00f58e33 0015c603 0005c303 0025c683 0035c703 00861613 00666633 01069693 00c6e6b3 01871713 00d76733 00e82023 00458593 00480813 fdc596e3 dcfe86e3 00ff85b3 00ff07b3 ed1ff06f 00050313 00058e93 e79ff06f 40a00733 00377793 00f50333 00f58833 06657a63 00378693 00500613 fff78813 28c6e063 28d86863 02078663 0005c683 00277713 00d50023 00070e63 0015c683 00300713 00d500a3 00e79663 0025c703 00e50123 00f58833 00184683 00084603 00284703 00384783 00869693 00c6e6b3 01071713 00d76733 01879793 00e7e7b3 00f32023 ffc8fe13 00080793 05c37e63 00030593 0017c603 0007ce83 0027c683 0037c703 00861613 01d66633 01069693 00c6e6b3 01871713 00458593 00d76733 fee5ae23 00478793 fdc5e6e3 fffe0713 40670733 ffc77713 00480793 00430313 00e787b3 00e30333 cd1374e3 406006b3 0036f593 40688733 00358613 00500813 fff70e13 01067463 00080613 0ace6063 20058e63 0007c603 0026f693 00178f93 00c30023 00130f13 02068663 0017c603 00300693 00278f93 00c300a3 00230f13 00d59a63 0027c683 00378f93 00330f13 00d30123 40b70eb3 00b787b3 00b305b3 ffcef313 00f30e33 0017c603 0007c803 0027c683 0037c703 00861613 01066633 01069693 00c6e6b3 01871713 00d76733 00e5a023 00478793 00458593 fcfe16e3 c1d308e3 006f87b3 006f0333 0007c683 00130713 00d30023 bf177ce3 0017c683 00230713 00d300a3 bf1774e3 0027c683 00330713 00d30123 bd177ce3 0037c683 00430713 00d301a3 bd1774e3 0047c683 00530713 00d30223 bb177ce3 0057c683 00630713 00d302a3 bb1774e3 0067c783 00f30323 00008067 00400793 40e78733 00e507b3 06f57663 0005c603 00150693 00c50023 04f6fe63 0015c603 00250693 00c500a3 04f6f663 0025c603 00350693 00c50123 02f6fe63 0035c603 00450693 00c501a3 02f6f663 0045c603 00550693 00c50223 00f6fe63 0055c603 00650693 00c502a3 00f6f663 0065c683 00d50323 00e585b3 b09ff06f 00030613 cb5ff06f 00060693 d81ff06f 00078f13 00058f93 ce9ff06f 0005c683 00f58833 00150793 00d50023 dc67f0e3 0015c703 00250793 00e500a3 da67f8e3 0025c703 00350793 00e50123 da67f0e3 0035c703 00450793 00e501a3 d867f8e3 0045c703 00550793 00e50223 d867f0e3 0055c703 00650793 00e502a3 d667f8e3 0065c783 00f50323 d65ff06f 00050793 b99ff06f 00030f13 00078f93 e21ff06f fd010113 02812423 00016437 02912223 00050493 f6442503 03212023 01312e23 00b12623 02112623 00060913 00068993 294070ef c2c1a783 00c12583 08078463 0047a703 01f00693 f6442503 08e6c263 00271693 02049c63 00170713 00e7a223 00d787b3 00b7a423 290070ef 00000513 02c12083 02812403 02412483 02012903 01c12983 03010113 00008067 00d788b3 0928a423 1887a803 00100613 00e61633 00c86833 1907a423 1138a423 00200813 fb0494e3 18c7a803 00c86633 18c7a623 f99ff06f a9c18793 c2f1a623 f75ff06f 228070ef fff00513 f99ff06f fb010113 03312e23 000169b7 00a12623 f649a503 03612823 05212023 03412c23 04112623 00058a13 1c0070ef c2c1a903 0e090263 03512a23 03812423 03912223 fff00a93 04812423 04912223 03712623 03a12023 01b12e23 00100c93 000a8c13 100a0663 00492403 fff40493 0804c463 00241413 00890433 0100006f fff48493 ffc40413 07548863 10442783 ff4798e3 00492c83 00442b83 fffc8793 0a978863 00042223 fc0b8ce3 f649a503 18892c03 18c92d03 08442d83 164070ef 00100793 009796b3 0186f7b3 06079663 000b80e7 f649a503 114070ef 00492703 c2c1a783 01971463 f8f90ce3 00078663 00078913 f75ff06f 04812403 04412483 03412a83 02c12b83 02812c03 02412c83 02012d03 01c12d83 f649a503 04c12083 04012903 03c12983 03812a03 03012b03 05010113 0ec0706f 01a6f6b3 02069063 00c12503 000d8593 000b80e7 f89ff06f 00992223 00048c93 f51ff06f 000d8513 000b80e7 f71ff06f f80708e3 00070913 00492783 fff78413 f80440e3 00279493 009904b3 00078a13 fff78793 0044aa83 06f40a63 0004a223 040a8663 f649a503 18892b83 18c92d03 0844ad83 074070ef 008c9733 00ebf7b3 04078c63 00ed7d33 040d0c63 000d8513 000a80e7 f649a503 01c070ef 00492783 c2c1a703 f8fa16e3 f8e914e3 fff40413 ffc48493 f18406e3 00492783 0044aa83 00078a13 fff78793 f8f41ae3 00892223 00040a13 f8dff06f 000a80e7 fb9ff06f 00c12503 000d8593 000a80e7 fa9ff06f 0105a803 01052783 1d07cc63 fff80813 00281393 01458613 00760333 01450e13 00032783 007e03b3 0003a703 fd010113 00178793 02112623 02812423 02f758b3 0cf76063 00060293 000e0f93 00000413 00000713 0002a783 000faf03 004f8f93 01079e93 010ede93 031e8eb3 0107d793 010f1693 0106d693 010f5f13 00428293 031787b3 008e8eb3 010e9413 01045413 010ede93 408686b3 00e686b3 4106d713 01d787b3 01079e93 010ede93 41d70733 01e70733 01069693 01071e93 0106d693 00dee6b3 fedfae23 0107d413 41075713 f85372e3 0003a783 02079463 ffc38393 007e6863 0180006f fff80813 007e7863 0003a783 ffc38393 fe0788e3 01052823 01112623 01c12e23 00612c23 00c12a23 01012823 00050413 0f9020ef 00c12883 0a054663 01c12e03 01812303 01412603 01012803 00188893 000e0513 00000793 00052683 00062583 00450513 01069713 01059e93 010ede93 01075713 41d70733 00f70733 41075793 0105d593 0106d693 40b787b3 00d787b3 01071713 01079693 01075713 00e6e733 00460613 fee52e23 4107d793 fac376e3 00281793 00fe07b3 0007a703 02071463 ffc78793 00fe6863 0180006f fff80813 00fe7863 0007a703 ffc78793 fe0708e3 01042823 02c12083 02812403 00088513 03010113 00008067 00000513 00008067 f4010113 09812c23 06022303 0a812c23 0a912a23 0b212823 0b512223 09712e23 09912a23 0a112e23 0b312623 00e12823 00f12c23 01112623 02b12423 00058a93 00060413 00068b93 00080493 00060c93 00050913 02030263 05c22703 00100793 00030593 00e797b3 00f32423 00e32223 58d010ef 06022023 00040993 00000713 00045a63 00141613 00165c93 000c8993 00100713 7ff007b7 00e4a023 00f9f733 22f70c63 000a8513 000c8593 00000613 00000693 0b412423 03512023 000a8a13 03912223 319090ef 06051263 01812703 00100793 00f72023 00c12783 00078a63 00078713 000157b7 11578793 00f72023 0a812a03 000154b7 11448493 0bc12083 0b812403 0b012903 0ac12983 0a412a83 09c12b83 09812c03 09412c83 00048513 0b412483 0c010113 00008067 000a8593 000c8613 07810713 07c10693 00090513 0b612023 09a12823 09b12623 0149d493 25d020ef 00050413 07812b03 1c049263 07c12483 02000713 009b04b3 43248793 40f70533 00aa9533 00f75e63 04000713 40f707b3 41248513 00f999b3 00aad533 00a9e533 3d9090ef fe1007b7 fff48493 00050a13 00b787b3 00100d93 00078593 000157b7 3f87a603 3fc7a683 000a0513 d2cfc0ef 000157b7 4007a603 4047a683 f35fb0ef 000157b7 4087a603 40c7a683 f08fb0ef 00050993 00048513 00058a13 cd5fc0ef 000157b7 4107a603 4147a683 409b04b3 fff48d13 efdfb0ef 00050613 00058693 00098513 000a0593 eccfb0ef 00050993 00058a13 c21fc0ef 00050b13 000a0593 00098513 00000613 00000693 215090ef 32054263 01600793 3967e463 00015737 59070713 003b1793 00e787b3 02012503 02412583 0007a603 0047a683 1e5090ef 4e055663 fffb0b13 02012e23 00012e23 0c0d4663 320b4863 016d0d33 03612623 02012c23 00900793 0d77e463 00500793 3377de63 ffcb8b93 00400713 00eb9463 3700106f 50fb8463 00200793 00000993 00fb9463 0e40106f 00300b93 04012023 3340006f 01812683 00c99793 00002737 00c7d793 70f70713 0157e7b3 00e6a023 04079463 00c12783 000154b7 00079463 6240106f 000157b7 10448493 10c78793 00c12703 00f72023 de1ff06f 00c99793 00c7d793 3ff00737 c0148493 00e7e7b3 00000d93 e75ff06f 00c12783 000154b7 44079063 11048493 db1ff06f 00100793 409787b3 00f12e23 00000d13 f29ff06f 00000b93 00000593 00090513 04022e23 1cd010ef 00050493 00051463 58c0106f 07c12683 00fb2793 fff6c713 01f75713 06922023 00e7f7b3 00078463 24c0106f 540d9463 07812783 03600713 03812983 40f70733 01c12783 fff00693 04d12423 00ed0d33 00e78c33 00068d93 00012823 00100593 00090513 4c1010ef 01c12783 01a026b3 00050a13 00f037b3 00d7f7b3 00078463 01c0106f 03812783 00078463 0400106f 00100593 00090513 48d010ef 02c12783 02a12023 00078463 09c0106f 00100793 0177d463 3a80106f 02812703 00070463 7ad0006f 00cc9693 00068463 7a10006f 014cd693 7ff6f693 00069463 7910006f 02f12623 001c0c13 001d0d13 00078993 01a787b3 01f7f793 080784e3 01b00693 00f6d463 7150006f 01c00693 40f687b3 01c12703 00fc0c33 00fd0d33 00f70733 00e12e23 41804a63 01a05c63 02012583 000d0613 00090513 14c020ef 02a12023 003ba793 0017cc93 03c12783 180790e3 001da793 00fcf7b3 30078063 0e0d92e3 02012583 00000693 00500613 00090513 139010ef 00050593 02a12023 00040513 330020ef 0aa05ee3 03100793 001b0b93 00f48023 00148c13 02012583 00090513 001b8b93 0e1010ef 000a0863 000a0593 00090513 0d1010ef 00040593 00090513 0c5010ef 01812783 000c0023 0177a023 00c12783 3c078463 0a812a03 0a012b03 09012d03 08c12d83 0187a023 b99ff06f 000b0513 959fc0ef 00098613 000a0693 664090ef 20051063 01600793 2167e863 000157b7 02012503 02412583 5907a603 5947a683 6b8090ef 1a055e63 000d5463 2780106f 02012e23 fff00b13 00012e23 01c12783 02012623 416787b3 00f12e23 416007b3 02f12c23 cc9ff06f 00100793 02f12e23 ca5ff06f 00400713 00eb9463 04c0106f 1cfb8463 00200793 5afb8ae3 00300793 04012023 00100993 d6fb92e3 01012783 016787b3 00178d93 04f12423 000d8613 01b04463 00100613 01700693 00100713 00400793 00c6c463 2740106f 00179793 01478693 00070593 00170713 fed678e3 04b22e23 00090513 6ec010ef 00050493 00051463 2ac0106f 00fdb793 06a22023 00f9f7b3 3a078463 69605663 00015737 00fb7793 59070713 00379793 00e787b3 0007a803 0047a703 02012603 02412783 404b5a13 010a7693 00060313 00078893 00200993 02068e63 00078593 000157b7 00060513 58c7a683 5887a603 04e12623 03012823 60d080ef 03012803 04c12703 00fa7a13 00050313 00058893 00300993 00015c37 240a0863 02812823 04912623 568c0413 00098493 00030c13 00088993 00070593 00c0006f 401a5a13 00840413 001a7713 00071a63 401a5a13 00840413 001a7713 fe0702e3 00042603 00442683 00080513 401a5a13 9c1fb0ef 00148493 00050813 1c0a0c63 00840413 fd5ff06f 00000b13 480d4ae3 016d0d33 03612623 02012e23 02012c23 00012e23 b21ff06f fffb0b13 ac9ff06f 000157b7 11048493 11378793 b85ff06f 00100793 02f12e23 00012e23 e0904ce3 409787b3 00f12e23 00000d13 e09ff06f 00100993 05312023 e4dff06f 00100793 00000993 04f12023 e3dff06f 02c12783 180790e3 001b0b93 02012a83 00100993 0200006f 00040593 00000693 00a00613 00090513 628010ef 00198993 00050413 000a8593 00040513 e0cff0ef 03050c13 013487b3 ff878fa3 fdb9c6e3 00000993 01b05463 fffd8993 00148793 00f989b3 00000a93 00040593 00100613 00090513 5b9010ef 02012583 00050413 7d9010ef 06a05a63 03900713 0080006f 5a998ae3 fff9c783 00098c13 fff98993 fee788e3 00178793 00f98023 02012583 00090513 578010ef ca0a04e3 414a8733 00e03733 015037b3 00e7f7b3 c80784e3 000a8593 00090513 554010ef c79ff06f 00040593 000c0613 00090513 541010ef 00050413 bddff06f 00051663 001c7c13 f80c14e3 03000713 00098c13 fff9c783 fff98993 fee78ae3 f95ff06f fff00793 04f12423 01c12783 43368713 03812983 00ed0d33 00e78c33 fff00d93 00012823 ac5ff06f 0a812a03 0a012b03 09012d03 08c12d83 fd8ff06f 00098893 03012403 00048993 04c12483 000c0313 00058713 00080613 00030513 00070693 00088593 38d080ef 00050813 00058c13 03c12783 02078463 000157b7 3e07a603 3e47a683 00080513 000c0593 03012823 2d8090ef 03012803 0e054e63 00098513 03012823 d34fc0ef 03012603 000c0693 f68fb0ef 000157b7 4207a603 4247a683 f3dfa0ef fcc008b7 05612823 05b12623 03012803 00b889b3 00050a13 120d9463 000157b7 4287a603 42c7a683 00080513 000c0593 d0dfb0ef 000a0613 00098693 02a12823 02b12a23 e40fb0ef 4aa04063 03012503 03412583 800007b7 000a0613 00f9c6b3 244090ef 40054a63 07c12703 00fb2793 fff74713 01f75713 00e7f7b3 38079e63 04012783 340796e3 01c12783 01a03733 00f037b3 00e7f7b3 0e079ce3 03812783 2e0798e3 00100593 00090513 640010ef 02c12783 02a12023 5c079ae3 01c12c03 00000993 00000a13 00100793 9edff06f 3c0d80e3 04812783 f8f058e3 00015637 41c62683 41862603 00080513 fffb0793 000c0593 04f12823 e5cfb0ef 02a12823 00198513 00058c13 c0cfc0ef 03012603 000c0693 e40fb0ef 000157b7 4207a603 4247a683 e15fa0ef 04812783 03012803 fcc008b7 00050a13 00b889b3 04f12623 04c12783 000156b7 59068713 00379793 00f707b3 00080513 07012223 ffc7a803 ff87a783 000c0593 04e12c23 00148713 04e12a23 06e12423 03012a23 05412e23 02f12823 b14fc0ef 03050793 0ff7f793 06f12023 b80fc0ef 00050613 06412503 00058693 000c0593 b95fb0ef 04012703 06012783 00050a13 34070863 06b12023 000155b7 03012603 03412683 3d05a503 3d45a583 04f12023 155080ef 05c12603 00098693 b59fb0ef 06012803 04012783 000a0613 00080693 00f48023 03012823 00050993 00058c13 c7cfb0ef 03012803 4ca04ce3 000157b7 3e07a703 3e47a783 000156b7 04e12023 04f12223 4186a703 41c6a783 05b12e23 07a12223 07912623 04c12d03 000a8d93 05712623 06812c83 02e12823 02f12a23 07612023 00000b93 00080a93 0840006f 001b8b93 2dabd0e3 03012603 03412683 00098513 000c0593 cd4fb0ef 03012603 03412683 00050993 00058c13 000a0513 000a8593 cb8fb0ef 00058a93 00050a13 9f0fc0ef 03050b13 a64fc0ef 00050613 00058693 000a0513 000a8593 a79fb0ef 00098613 000c0693 016c8023 001c8c93 00050a13 00058a93 7c5080ef 28054ce3 04012503 04412583 000a0613 000a8693 a45fb0ef 00098613 000c0693 7a1080ef f60550e3 fffcc783 07912423 000c8c13 03900693 0100006f 1a9706e3 fff74783 00070c13 fffc0713 fed788e3 00178793 00f70023 05012783 00178b93 83dff06f 01c00793 f8cff06f 02012603 02412683 00200993 00060813 00068c13 c40b04e3 41600a33 00fa7793 00015737 59070713 00379793 00e787b3 00060513 00068593 0007a603 0047a683 404a5a13 bc0fb0ef 00050813 00058c13 c00a06e3 000157b7 00098c13 00090993 00048913 00040493 56878413 00c0006f 401a5a13 00840413 001a7793 00079a63 401a5a13 00840413 001a7793 fe0782e3 00042603 00442683 00080513 401a5a13 b64fb0ef 001c0c13 00050813 6e0a0c63 00840413 fd5ff06f 01012783 00048c13 fff7cb93 f4cff06f 000157b7 59078793 003b1713 00f70733 01012783 00072c83 00472d03 01f7d693 001da793 00d7f7b3 00078ce3 020d9a63 000157b7 4287a603 42c7a683 000c8513 000d0593 af8fb0ef 00050613 00058693 02012503 02412583 635080ef 06a04a63 00000593 00090513 7cd000ef 01012783 00048c13 40f00bb3 ef0ff06f 02012583 00040513 1dd010ef e6055c63 00040593 00000693 00a00613 00090513 7bd000ef 04812783 fffb0c13 00050413 0017a793 00fcfcb3 02c12783 2a079863 1e0c9ce3 000b0b93 04812d83 000c0b13 949ff06f 03100793 00f48023 00000593 00090513 00148c13 751000ef 002b0b93 e7cff06f 03012603 03412683 05c12503 06b12223 00098593 06f12023 a34fb0ef 06012783 04c12703 04b12223 04a12023 00f48023 00100593 05412c03 06412803 00e486b3 00015637 08b70c63 41862703 41c62783 05b12e23 06812023 02e12823 000c0413 02f12a23 00068d93 000a0513 00080593 000a8c13 03012603 03412683 00140413 9ccfb0ef 00058a93 00050a13 f05fb0ef 03050993 f79fb0ef 00050613 00058693 000a0513 000a8593 f8cfb0ef 0ff9f793 fef40fa3 fdb410e3 05412703 000c0a93 05c12d83 fff70c13 04c12703 06012403 00050a13 00058813 00ec0c33 000159b7 3d09a603 3d49a683 04012503 04412583 02f12823 05012623 939fa0ef 04c12683 000a0613 499080ef 03012783 d00542e3 04012603 04412683 3d09a503 3d49a583 f14fb0ef 04c12683 000a0613 850fb0ef 7ea04c63 07c12703 00fb2793 fff74713 01f75713 00e7f7b3 a2078ce3 05812703 003b1793 00f707b3 0007ac83 0047ad03 02412a03 02012a83 000c8613 000d0693 000a0593 000a8513 4ac080ef e15fb0ef 00050993 e89fb0ef 000c8613 000d0693 8bcfb0ef 00050613 00058693 000a8513 000a0593 e90fb0ef 03098793 0ff7f793 00f48023 00100a13 05412c03 00050713 00058813 00015637 6b4d8e63 41c62683 41862603 418a0bb3 00d12a23 00c12823 0640006f 000c8613 000d0693 000a0513 000a8593 430080ef d99fb0ef 00050993 e0dfb0ef 000c8613 000d0693 840fb0ef 00058693 00050613 000a8593 000a0513 e14fb0ef 03098793 001c0c13 0ff7f793 fefc0fa3 017c06b3 00050713 00058813 64dd8263 01012603 01412683 00070513 00080593 ff9fa0ef 00000613 00000693 00050a13 00058a93 2bd080ef f6051ce3 001b0b93 c04ff06f 000a0593 00000693 00a00613 00090513 4e1000ef 00050a13 04812d83 000c0b13 b80c9263 01c12783 00f05c63 000a0593 00078613 00090513 494010ef 00050a13 000a0d13 52099263 02812703 02012983 fff48793 00177713 03512623 00e12e23 03612223 02912423 01b78ab3 00098593 00040513 c75fe0ef 00050c93 000a0593 00040513 674010ef 00098593 00050d93 000d0613 00090513 6bc010ef 00c52703 030c8c13 00050593 08071a63 00a12823 00040513 644010ef 01012583 00050b13 00090513 409000ef 017b66b3 0e069e63 01c12783 64078c63 640dc263 01848023 00148c93 5a9a8263 00040593 00000693 00a00613 00090513 3f9000ef 00050413 000a0593 00000693 00a00613 00090513 0baa0263 3dd000ef 000d0593 00050a13 00000693 00090513 00a00613 3c5000ef 00050d13 000c8493 f35ff06f 00090513 00048993 02412b03 02812483 02c12a83 01912823 379000ef 000dca63 001afa93 017de7b3 00faeab3 080a9263 00040593 00100613 00090513 354010ef 02012583 00050413 574010ef 5ca05863 03900793 54fc0263 01012783 03178c13 000a0a93 01898023 001b0b93 00198c13 000d0a13 d9cff06f 33d000ef 00050a13 00050d13 000c8493 ea9ff06f 5a0dce63 01c12783 017dedb3 01b7edb3 5a0d8663 f16050e3 00048993 02412b03 02812483 03900793 4efc0263 001c0c13 01898023 000a0a93 00198c13 001b0b93 000d0a13 d40ff06f 01c12703 00070793 00ed5463 000d0793 01c12703 40fd0d33 40f70c33 03812783 1c079e63 00100593 00090513 531000ef 02c12783 02a12023 01812e23 42079863 00000993 00000a13 00100793 8dcff06f 01c00693 00d79463 904ff06f 03c00693 40f687b3 8e4ff06f 00100993 04012023 01012783 00f05a63 04f12423 00078613 00078d93 a60ff06f 04022e23 00100793 04f12423 00078d93 00f12823 00000593 a70ff06f 00100793 02f12623 00000993 878ff06f 00100793 409787b3 00f12e23 03612623 000b0d13 02012e23 02012c23 e89fe06f 01c12703 00070793 00ed5463 000d0793 01c12703 40fc0c33 40fd0d33 40f70733 03812783 00e12e23 00079463 fc9fe06f 24098663 000a0593 00098613 00090513 7ed000ef 00040613 00050593 00050a13 00090513 505000ef 02a12023 00040593 00090513 185000ef 03812783 02012403 41378633 01379463 f7dfe06f 00040593 00090513 7a9000ef 00050413 f69fe06f 00048413 00090493 00098913 000c0993 00058c13 ca4ff06f 00100793 02f12c23 00050593 02c12603 00090513 00100993 76d000ef 02a12023 0379dc63 00000993 02012783 02012703 0107a783 00279793 00f707b3 0107a503 30d000ef 03812703 02000793 40a787b3 02e12623 f59fe06f 02812783 fc0794e3 00cc9793 fc0790e3 014cd793 7ff7f793 fa078ae3 001c0c13 001d0d13 fadff06f 01812e23 03812603 00040593 00090513 6f5000ef 00050413 00100593 00090513 341000ef 02c12783 02a12023 d0078263 01c12c03 02012c23 00000a13 00050593 f4dff06f 03812783 fffd8613 34c7d463 03812783 02c12703 00100593 40f607b3 00f707b3 02f12623 01c12783 00090513 02c12023 01b78c33 2e9000ef 01c12783 02012603 01bd0d33 00050a13 ec0784e3 00fd5463 000d0793 01c12703 40fc0c33 40fd0d33 40f70733 00e12e23 ea9ff06f 00015737 59070713 003b1793 00e787b3 0007ac83 0047ad03 fff00d93 00148793 04f12a23 a09ff06f 03100793 002b0b93 00f48023 a5cff06f 00100793 00000993 04f12023 d81ff06f 00100993 05312023 d75ff06f 00098513 03012823 87dfb0ef 03012603 000c0693 ab1fa0ef 000157b7 4207a603 4247a683 a84fa0ef fcc008b7 03012803 00050a13 00b889b3 b54ff06f 05012783 00178793 04f12823 03100793 e5cff06f 03812603 dfdff06f 004a2583 00090513 6a0000ef 00050993 24050463 010a2603 00ca0593 00c50513 00260613 00261613 e99fd0ef 00098593 00090513 00100613 72d000ef 00050d13 aa1ff06f 07c12703 06012b03 000d8a93 fff74713 00fb2793 01f75713 00e7f7b3 06412d03 04c12b83 06c12c83 05c12d83 8e079ee3 03812783 fffd8613 40c789b3 e6c7cae3 01c12783 01bd0d33 01b78c33 cadfe06f 05012783 000c8c13 00178b93 df9fe06f 00070613 00080693 00070513 00080593 00f12823 998fa0ef 000c8613 000d0693 00050a13 00058a93 8d1fa0ef 01012783 001b0b93 02a04a63 000c8613 000d0693 000a0513 000a8593 00f12823 454080ef 00050463 da1fe06f 0019f993 01012783 00099463 d91fe06f 05612823 d20ff06f 00000a13 00050593 d15ff06f 02412b03 000a0a93 02812483 000c8993 000d0a13 001b0b93 868ff06f 02f12623 00000993 c8dfe06f 03000693 000c0713 fffc4783 fffc0c13 fed78ae3 05012783 00070c13 00178b93 d31fe06f 03900793 000a0a93 00f98023 000d0a13 00198993 001b0b93 83cff06f 00100793 409787b3 00f12e23 00000d13 02012e23 fff00b13 d81fe06f 01c12c03 00000a13 00050593 c81ff06f 00048993 02412b03 02812483 a75ff06f 03900793 00048993 02412b03 02812483 f8fc0ce3 a5b05ee3 031c8c13 a55ff06f 04812d83 000c0b13 c51fe06f a40512e3 001c7793 a20796e3 a39ff06f 05012783 05412c03 00178b93 c8dfe06f 04022e23 00000593 da1fe06f 000b0713 01912823 00048993 02412b03 02812483 9ce04ae3 a01ff06f 03812783 40c789b3 e40dd2e3 01c12783 00078c13 41b787b3 00f12e23 ae9fe06f 000156b7 00015537 11868693 12c50513 00000613 2ef00593 715030ef 000156b7 00015537 11868693 12c50513 00000613 1af00593 6f9030ef 10448493 fd0fe06f fe010113 01212823 00016937 00812c23 00912a23 01312623 00058413 00112e23 00050993 b5090913 404050ef 00892783 00001737 0047a483 ffc4f493 7f048793 7ff78793 40878433 00c45413 fff40413 00c41413 00e44e63 00000593 00098513 895fd0ef 00892783 009787b3 02f50663 00098513 3d4050ef 01c12083 01812403 01412483 01012903 00c12983 00000513 02010113 00008067 408005b3 00098513 855fd0ef fff00793 04f50463 00892683 9281a783 408484b3 0014e493 00098513 408787b3 0096a223 92f1a423 37c050ef 01c12083 01812403 01412483 01012903 00c12983 00100513 02010113 00008067 00000593 00098513 ffcfd0ef 00892703 00f00693 40e507b3 f6f6d4e3 000166b7 b486a603 0017e793 40c50533 00f72223 92a1a423 f4dff06f 12058463 fe010113 00812c23 00b12623 00050413 00112e23 2ec050ef 00c12583 00016837 b5080813 ffc5a503 ff858713 00882883 ffe57793 00f70633 00462683 00157313 ffc6f693 18c88863 00d62223 00d608b3 0048a883 0018f893 08031a63 ff85a303 000165b7 b5858593 40670733 00872503 006787b3 12b50a63 00c72303 00652623 00a32423 18088e63 0017e693 00d72223 00f62023 1ff00693 0af6e263 ff87f693 00868693 00482583 00d806b3 0006a603 0057d513 00100793 00a797b3 00b7e7b3 ff868593 00c72423 00b72623 00f82223 00e6a023 00e62623 00040513 01812403 01c12083 02010113 2340506f 02089e63 000165b7 00d787b3 b5858593 00862683 0017e893 00f70533 16b68263 00c62603 00c6a623 00d62423 01172223 00f52023 f75ff06f 00008067 00156513 fea5ae23 00f62023 1ff00693 f6f6f2e3 0097d693 00400613 0ed66263 0067d693 03968593 00359593 03868613 00b805b3 0005a683 ff858593 00d59863 1200006f 0086a683 00d58863 0046a603 ffc67613 fec7e8e3 00c6a583 00b72623 00d72423 00040513 01812403 01c12083 00e5a423 00e6a623 02010113 1780506f 0a089263 00c62583 00862603 00f686b3 0016e793 00b62623 00c5a423 00f72223 00d70733 00d72023 f09ff06f 00d786b3 02031063 ff85a783 40f70733 00872603 00f686b3 00c72783 00f62623 00c7a423 000167b7 0016e613 b4c7a783 00c72223 00e82423 ecf6e6e3 9581a583 00040513 cbdff0ef ebdff06f 00d787b3 ed9ff06f 01400613 02d67863 05400613 06d66863 00c7d693 06f68593 00359593 06e68613 f11ff06f 0017e693 00d72223 00f62023 e81ff06f 05c68593 00359593 05b68613 ef1ff06f 00e82a23 00e82823 00b72623 00b72423 01172223 00f52023 e55ff06f 00482503 40265613 00100793 00c797b3 00a7e7b3 00f82223 ee5ff06f 15400613 00d66c63 00f7d693 07868593 00359593 07768613 e9dff06f 55400513 3f800593 07e00613 e8d566e3 0127d693 07d68593 00359593 07c68613 e79ff06f 06822783 fe010113 00112e23 00058693 00050813 02078a63 00269713 00e78733 00072783 04078e63 0007a683 00d72023 0007a823 0007a623 01c12083 00078513 02010113 00008067 00b12623 02100613 00400593 00a12423 2d1030ef 06a22423 00812803 00c12683 00050793 fc0506e3 00269713 00e78733 00072783 fa0796e3 00100593 00d59733 00570613 00080513 00261613 00d12623 00e12423 28d030ef 00050793 f8050ae3 00c12683 00812703 00d52223 00e52423 f79ff06f 02058063 0045a703 06822783 00271713 00e787b3 0007a703 00e5a023 00b7a023 00008067 0105ae03 00058e93 00068313 01458813 00000893 00082783 00480813 00188893 01079713 01075713 0107d693 02c707b3 02c686b3 006787b3 0107d713 01079793 0107d793 00e686b3 01069713 00f707b3 fef82e23 0106d313 fbc8cee3 02030063 008ea783 02fe5063 002e1713 00ee8733 00672a23 001e0793 00fea823 000e8513 00008067 00050793 06822503 fd010113 02112623 004ea803 0a050063 00180813 00281713 00e50533 00052703 0e070463 00072783 00f52023 00072823 010ea603 00ce8593 00072623 00260613 00261613 00c70513 00612c23 01c12a23 01d12823 00e12623 e54fd0ef 01012e83 004ea603 06822783 01412e03 00261693 00d787b3 0007a683 01812303 002e1713 00dea023 01d7a023 00c12e83 02c12083 001e0793 00ee8733 00672a23 00fea823 000e8513 03010113 00008067 00078513 02100613 00400593 00612e23 01d12c23 01c12a23 01012823 00f12623 0f1030ef 06a22423 00c12783 01012803 01412e03 01812e83 01c12303 f20514e3 000156b7 00015537 11868693 19050513 00000613 0ba00593 06d030ef 00100593 010598b3 00588613 00078513 00261613 00612e23 01d12c23 01c12a23 01012823 01112623 08d030ef 00050713 fa050ae3 01012803 00c12883 01c12303 01812e83 01412e03 01052223 01152423 ed5ff06f 00050793 000106b7 00800713 00000513 00d7f863 01079793 01800713 01000513 010006b7 00d7f663 00879793 00070513 10000737 00e7ee63 40000737 02e7fe63 00279713 04074463 00350513 00008067 00479713 400006b7 00450513 02d77063 00679793 0207c463 00179713 fc074ee3 02000513 00008067 00078713 fff74713 01f75713 00e50533 00008067 00250513 00008067 06822783 fe010113 00112e23 00058693 00050813 02078863 0047a503 06050663 00052703 01c12083 00e7a223 00100793 00052623 00d52a23 00f52823 02010113 00008067 00b12623 02100613 00400593 00a12423 778030ef 06a22423 00812803 00c12683 00050793 fa0518e3 000156b7 00015537 11868693 19050513 00000613 14500593 6fc030ef 00080513 01c00613 00100593 00d12423 734030ef fc0508e3 00812683 01c12083 00200793 00f52423 00100713 00100793 00e52223 00052623 00d52a23 00f52823 02010113 00008067 fd010113 02912223 03212023 0105a483 01062903 02812423 01312e23 02112623 00058993 00060413 00050813 0124cc63 00090713 00058413 00048913 00060993 00070493 00842783 06822503 00442703 00990333 0067a7b3 00f70733 1e050663 00271793 00f507b3 0007a503 22050463 00052703 00e7a023 01450893 00231813 00052623 01088833 00088793 0108f863 0007a023 00478793 ff07ece3 01498593 00249e13 01c58e33 17c5f263 00291693 01440f13 00df06b3 01540e93 01d6beb3 40868633 001ece93 feb60613 0180006f 0102d293 0a029663 00458593 00488893 13c5f663 0005a283 01029413 01045413 fe0400e3 00088393 000f0293 00000493 0002a783 0003af83 00438393 01079713 01075713 02870733 0107d793 010f9913 01095913 010fdf93 00428293 028787b3 01270733 00970733 01f787b3 01075f93 01f787b3 01071713 01075713 01079f93 00efe733 fee3ae23 0107d493 fad2e2e3 00000793 000e8463 ffc67793 00f887b3 0097a223 0005a283 0102d293 f4028ee3 0008a783 00088393 000f0f93 00078493 00000413 000fd703 0104d993 01079793 02570733 0107d793 004f8f93 0043a483 00438393 01049913 01095913 00870733 01370733 01071413 00f467b3 fef3ae23 ffefd783 01075713 025787b3 012787b3 00e787b3 0107d413 fadfe6e3 00000713 000e8463 ffc67713 00e88733 00f72223 00458593 00488893 edc5eee3 00604863 0180006f fff30313 00030863 ffc82783 ffc80813 fe0788e3 02c12083 02812403 00652823 02412483 02012903 01c12983 03010113 00008067 00080513 02100613 00400593 00612623 00e12423 01012223 49c030ef 06a22423 00412803 00812703 00c12303 de0516e3 000156b7 00015537 11868693 19050513 00000613 16200593 420030ef 00100593 00e597b3 00578613 00080513 00261613 00612623 00e12423 00f12223 448030ef fc0500e3 00812703 00412783 00c12303 00e52223 00f52423 da9ff06f fe010113 00812c23 01212823 01412423 00112e23 00367793 00060413 00050913 00058a13 0c079e63 40245413 0a040c63 01312623 00912a23 06422483 0e048463 00147793 40145413 00079e63 0004a503 04050a63 00050493 00147793 40145413 fe0786e3 00048613 000a0593 00090513 cbdff0ef 020a0063 004a2703 06822783 00271713 00e787b3 0007a703 00ea2023 0147a023 02040863 00050a13 0004a503 fa051ae3 00048613 00048593 00090513 c7dff0ef 00a4a023 00052023 00050493 f99ff06f 01c12083 01812403 01412483 00c12983 01012903 00812a03 02010113 00008067 01c12083 01812403 01012903 000a0513 00812a03 02010113 00008067 00015737 55870713 00279793 00f707b3 ffc7a603 00000693 8c9ff0ef 00050a13 f09ff06f 06822503 02050a63 00452483 06048063 0004a783 00f52223 06922223 27100713 00100793 0004a623 0004a023 00e4aa23 00f4a823 ee9ff06f 02100613 00400593 00090513 2c0030ef 06a22423 fa051ee3 000156b7 00015537 11868693 19050513 00000613 14500593 250030ef 01c00613 00100593 00090513 28c030ef 00050493 fc0508e3 00100713 00200793 00e52223 00f52423 f85ff06f 0105ae83 40565813 0085a783 fd010113 01d80eb3 02112623 001e8313 0045a703 00058e13 00060693 00050f93 0067d863 00179793 00170713 fe67cce3 06822f03 100f0c63 00271793 00ff07b3 0007a503 16050c63 00052703 00e7a023 00580713 00271713 01450593 00052823 00052623 00e50733 00058793 01005c63 00478793 fe07ae23 fef71ce3 00281813 010585b3 010e2803 014e0793 01f6f613 00281813 01078833 08060463 02000f93 40cf8fb3 00058893 00000693 0007a703 00488893 00478793 00c71733 00d76733 fee8ae23 ffc7a683 01f6d6b3 ff07e0e3 015e0793 00000713 00f86863 41c80833 feb80813 ffc87713 00e585b3 00d5a223 00068463 00030e93 004e2783 02c12083 01d52823 00279793 00ff0f33 000f2783 00fe2023 01cf2023 03010113 00008067 0007a703 00478793 00458593 fee5ae23 fd07f4e3 0007a703 00478793 00458593 fee5ae23 fd07eee3 fb1ff06f 000f8513 02100613 00400593 00d12e23 01c12c23 00e12a23 00612823 01012623 01d12423 01f12223 0ec030ef 06a22423 00412f83 00812e83 00c12803 01012303 01412703 01812e03 01c12683 00050f13 e8051ee3 000156b7 00015537 11868693 19050513 00000613 1de00593 05c030ef 00100593 00e597b3 00578613 000f8513 00261613 00d12e23 01c12c23 00612a23 01012823 01d12623 00e12423 00f12223 074030ef fa0508e3 00812703 00412783 06822f03 01c12683 01812e03 01412303 01012803 00c12e83 00e52223 00f52423 e35ff06f 01052703 0105a783 00050613 40f70533 04f71463 00279793 01460613 01458593 00f585b3 00f607b3 0080006f 02f67663 ffc7a703 ffc5a683 ffc78793 ffc58593 fed706e3 00d73733 fff70713 00277513 fff50513 00008067 00008067 0105a703 01062783 fd010113 02112623 00058f13 00060393 00050893 40f706b3 1af71063 00279693 01458613 01438713 00d607b3 00d70733 0080006f 20f67263 ffc7a503 ffc72683 ffc78793 ffc70713 fed506e3 00100713 16d57863 06822503 0043a683 18050063 00269793 00f507b3 0007a503 20050063 00052683 00d7a023 00052823 0103a883 010f2283 01438393 00289793 00229293 014f0813 01450613 00e52623 00f38eb3 005802b3 00038e13 00060313 00000f93 000e2783 00082683 00430313 01079713 01069593 01075713 0105d593 40b70733 01f70733 0106d693 0107d793 40d787b3 41075693 00d787b3 01071713 01075713 01079693 00e6e733 00480813 fee32e23 004e0e13 4107df93 fa5864e3 015f0693 00000793 00d2e863 41e282b3 feb28293 ffc2f793 00778e33 004e0e13 00f607b3 000e0593 40760633 00478f13 05de7c63 0005a683 00c58333 00458593 01069793 0107d793 01f787b3 01f68733 4107d793 0106d693 00d787b3 01071713 01075713 01079693 00d76733 00e32023 4107df93 fdd5e0e3 fffe8793 41c787b3 ffc7f793 01e787b3 00071a63 ffc7a703 ffc78793 fff88893 fe070ae3 02c12083 01152823 03010113 00008067 00100713 e806cce3 00038793 000f0393 00078f13 06822503 00000713 0043a683 e80514e3 00088513 02100613 00400593 00712e23 01e12c23 00e12a23 00d12823 01112623 5e1020ef 06a22423 00c12883 01012683 01412703 01812f03 01c12383 e40514e3 000156b7 00015537 11868693 19050513 00000613 24500593 55d020ef 06822783 08078063 0007a503 0a050c63 00052703 00e7a023 02c12083 00100793 00052623 00052a23 00f52823 03010113 00008067 00100593 00d597b3 00578613 00088513 00261613 00712e23 01e12c23 00e12a23 00d12823 00f12623 549020ef f80502e3 01012683 00c12783 01c12383 01812f03 01412703 00d52223 00f52423 dc1ff06f 00088513 02100613 00400593 01112623 511020ef 06a22423 00c12883 00050793 f60512e3 000156b7 00015537 11868693 19050513 00000613 23700593 499020ef 00088513 01800613 00100593 4d5020ef fc050ae3 00100793 00052223 00f52423 f35ff06f 06822803 fd010113 02112623 00058e13 00060793 00050313 28080a63 00482503 2e050463 00052603 00c82223 0147d893 00c79613 00052623 7ff8f893 00c65613 00088663 001007b7 00f66633 000e0593 060e0a63 007e7793 10078a63 001e7793 00000813 02079263 002e7793 32078463 001e5593 01f00793 00100813 00f617b3 00f5e5b3 01065633 00c037b3 00178793 00b52a23 00c52c23 00f52823 04088e63 bcd88893 02c12083 010888b3 03500793 0116a023 410787b3 00f72023 03010113 00008067 00767793 0e078c63 00167793 02000813 00079a63 00267793 2c078463 00165613 02100813 00100793 00c52a23 00f52823 fa0896e3 00279613 00c50633 01062603 bce80813 0106a023 000105b7 00579793 00800813 00000693 00b67863 01061613 01800813 01000693 010005b7 00b67663 00861613 00080693 100005b7 0cb66063 400005b7 0eb67263 00261593 1405c863 00368693 40d787b3 02c12083 00f72023 03010113 00008067 010e1793 0107d793 0c079863 010e5593 0ff5f793 01000813 00079663 01800813 0085d593 00f5f793 00480313 0c078263 0035f793 1a078863 0015f793 20079c63 00180813 02000793 0015d593 410787b3 ec1ff06f 01061793 0107d793 0a079e63 01065613 04000813 f0060ae3 00f67793 01000813 20078663 00367793 20078c63 00167793 20079463 00165613 02180813 eedff06f 00461593 40000837 00468693 0305f263 00661613 08064663 00161593 f205cce3 02000693 40d787b3 f35ff06f 00060593 fff5c593 01f5d593 00b686b3 40d787b3 f1dff06f 0ffe7793 12078463 00fe7793 18079463 00400313 00000813 0045d593 0035f793 0e078863 0015f793 14079263 00580813 02000793 410787b3 0015d593 dfdff06f 0ff67793 0e078863 00f67793 12079e63 00400813 00465613 f49ff06f 00268693 40d787b3 eb5ff06f 00c12e23 00b12c23 02100613 00400593 00e12a23 00d12823 00a12623 1f5020ef 06a22423 00c12303 01012683 01412703 01812e03 01c12783 00050813 d2051ae3 000156b7 00015537 11868693 19050513 00000613 30f00593 16d020ef 00030513 01c00613 00100593 00f12c23 01c12a23 00e12823 00d12623 199020ef fc0502e3 00100593 00200613 01812783 01412e03 01012703 00c12683 00b52223 00c52423 ce1ff06f 00080313 0025d593 0015f793 0a078e63 00230813 02000793 410787b3 d11ff06f 00800813 e19ff06f 00865613 00f67793 00800813 e60790e3 00c00813 00465613 e55ff06f 002e5593 01e00793 00200813 cddff06f 00265613 02200813 d3dff06f 02000793 406787b3 00030813 cc1ff06f 02000793 410787b3 cb5ff06f 00365613 02300813 d15ff06f 002e5593 01d00793 00300813 0015d593 c95ff06f 03400813 00100613 cf5ff06f 02080813 cedff06f 00265793 0017f593 02058263 02280813 00078613 cd5ff06f 00330813 02000793 410787b3 0015d593 c55ff06f 00365613 02380813 cb5ff06f f2010113 0c112e23 0c812c23 0d212823 0d412423 0bb12623 00068a13 00060d93 00058413 00050913 644020ef 00052783 00078513 00f12e23 640020ef 05422783 02a12423 64078ee3 06442703 00c41783 00177713 00071663 2007f713 66070a63 0087f793 24078263 01042783 22078e63 000157b7 65878793 0c912a23 0d312623 0d512223 0d612023 0b712e23 0b812c23 0b912a23 0ba12823 00f12c23 00012a23 02012223 02012023 02012623 00012823 01412623 000dc603 000d8493 fdb60793 00f037b3 00c03733 00e7f7b3 02078463 0014c603 00148493 fdb60713 00e03733 00c037b3 00e7f7b3 fe0794e3 41b48b33 05b49263 22060c63 00148493 04010ba3 fff00b13 00000b93 00000a13 0004c983 00148d93 fe098793 05800713 08f76063 01812703 00279793 00e787b3 0007a783 00078067 000d8613 000b0693 00040593 00090513 371010ef fff00793 1ef50063 01012783 0004c603 016787b3 00f12823 f95ff06f fd098793 00000b93 00900693 002b9713 000dc983 01770bb3 001b9b93 01778bb3 fd098793 001d8d93 fef6f2e3 fe098793 05800713 f8f774e3 18098863 00100893 07310c23 04010ba3 00088493 00000b13 00000813 07810a93 084a7c13 560c1463 409b8d33 43a048e3 05714703 52071463 411b0b33 11604463 100a7713 380708e3 06500713 2b3752e3 02412503 02012583 00000613 00000693 03012823 1f9060ef 03012803 4a0502e3 05c12703 00e04463 7d90006f 01412783 00080b13 0107d463 00078b13 6f6042e3 fffb4713 41f75713 00eb7b33 41680d33 01a05463 0100106f 05c12d03 01412783 54fd4ce3 001a7713 540718e3 41a78d33 41078b33 016d5463 2e00106f fffb4793 41f7d793 00fb7b33 416d0d33 01a05463 09c0106f 004a7313 00030663 409b8b33 1d6040e3 009bd463 00048b93 01012783 017787b3 00f12823 e11ff06f 00040593 00090513 208020ef da050ee3 06442783 0017f793 00079a63 00c45783 2007f793 00079463 1050106f fff00793 00f12823 08c0006f 01000c13 00015637 2b6c54e3 02912a23 7bc60d13 000b0493 fff00c93 03012823 03112c23 00060b13 00c0006f ff048493 269c56e3 01000693 000d0613 00040593 00090513 191010ef ff9512e3 06442703 00c41783 00177713 04070863 0407f793 00078463 5700106f 0d412483 0cc12983 0c412a83 0c012b03 0bc12b83 0b812c03 0b412c83 0b012d03 0dc12083 0d812403 01012503 0d012903 0c812a03 0ac12d83 0e010113 00008067 2007f713 fa0718e3 05842503 299030ef 00c41783 fa1ff06f 010a6a13 000d8493 d65ff06f 00c12783 0007ab83 00478793 00f12623 fe0bd4e3 41700bb3 004a6a13 000d8493 d41ff06f 008a7793 6c0788e3 00c12783 04010513 0007a783 0007a703 04e12023 0047a703 04e12223 0087a703 04e12423 00c7a783 04f12623 201060ef 00c12783 02b12023 02a12223 00478793 00f12623 00058713 000157b7 4307ac03 4347ac83 02412a83 00171493 0014d593 000a8513 000c0613 000c8693 0fd060ef 00051e63 000a8513 0014d593 000c0613 000c8693 015060ef 0ca040e3 02412703 02012783 00070613 00078693 00070513 00078593 0c5060ef 00050463 5fc0106f fff00793 100a6c93 fdf9f493 00fb1463 1540106f 04700793 00f48463 14c0106f 02012783 000b1463 49c0106f 0007d463 62c0106f 00078d13 01612a23 00000c13 02412703 000d0613 06410893 00070593 06010813 05c10793 000b0713 00200693 00090513 b31fc0ef 00050a93 001a7713 00070463 3c40106f 06412783 05c12803 415787b3 00f12a23 010b2b33 ffd82713 01676733 ffe98993 00071463 3280106f fff80713 07310423 04e12e23 02b00693 00075863 00100713 41070733 02d00693 06d104a3 00900693 00e6c463 3d80106f 07710593 ccccd8b7 00058813 ccd88893 06300e93 031736b3 00080f13 fff80813 00070613 0036d693 00269793 00d787b3 00179793 40f707b3 03078793 00f80023 00068713 fccec8e3 03068713 fee80fa3 ffef0513 00b56463 60c0106f 41e58eb3 001e8893 00400613 000f0693 01166463 5e80106f 06e10523 00084703 06c10893 ffcef613 06e105a3 00088813 00cf0533 0016c783 0006c303 0026c703 00879793 0067e7b3 01071713 00f76733 0036c783 00468693 00480813 01879793 00e7e7b3 fef82e23 fcd516e3 04ce8863 00c88633 00054683 00150713 00d60023 02b77e63 00154683 00250713 00d600a3 02b77663 00254683 00350713 00d60123 00b77e63 00354683 00450713 00d601a3 00b77663 00454703 00e60223 01d888b3 06810713 40e887b3 02f12623 00078693 01412783 00100713 00d788b3 00f74463 2d40106f 02812783 00000813 00f888b3 fff8c493 41f4d493 0098f4b3 000c1463 1680106f 02d00713 00148493 000c8a13 04e10ba3 00000b13 40c0006f 05842503 724030ef 00c41783 985ff06f ffcb8d13 00300893 00400493 00000b13 00000813 71a04263 00000c13 03112a23 03012823 00100693 05710613 00040593 00090513 5a0010ef fff00713 03012803 03412883 c0e504e3 08000793 aafc14e3 409b8d33 aba050e3 01000c13 00015637 13ac5ce3 02912a23 fff00c93 03012823 000d0493 03112c23 00c0006f ff048493 109c52e3 000157b7 01000693 7bc78613 00040593 00090513 53c010ef ff9510e3 badff06f 00c12783 00478693 010a7793 00068613 40079263 00c12783 040a7593 0007a783 00078713 54059ce3 4007c063 2e0b4863 00fb67b3 f7fa7593 480790e3 05714783 004a7813 00f034b3 760808e3 00079463 4500106f 00d12623 00058a13 00000893 00000b13 00000813 0a010a93 00400c13 f09ff06f 05714783 ba0794e3 02000793 04f10ba3 000d8493 901ff06f 001a6a13 000d8493 8f5ff06f 00c12783 04010ba3 0007aa83 00478c13 740a84e3 760b48e3 000b0613 00000593 000a8513 6c5010ef 05714703 6c050ce3 415508b3 fff8c493 41f4d493 0098f4b3 760702e3 00148493 01812623 00000b13 00000813 2680006f 010a7793 20079263 00c12783 040a7813 04010ba3 00478613 48080ae3 0007d703 200b4663 00eb6833 f7fa7793 48080ae3 00078a13 1f80006f 010a7793 08079663 00c12703 040a7793 00470613 440788e3 04010ba3 00075683 080b5263 0a010a93 0076f713 000a8593 03070713 0036d693 feea8fa3 fffa8a93 fe0694e3 fd070713 00e03733 00ea7733 7a071863 0a010793 41578833 000b0493 010b5463 00080493 084a7c13 000c1463 3440106f 05714703 00c12623 00080893 00000813 dc0716e3 df5ff06f 010a6a13 00c12783 04010ba3 0007a683 00478613 f80b42e3 00db6733 f7fa7793 46070463 00078a13 f71ff06f 000087b7 83078793 00c12703 04f11c23 00c12783 04010ba3 00072703 00478793 1c0b4ae3 00eb66b3 f7fa7613 320680e3 000155b7 00f77693 21858593 00b686b3 0006c683 00475713 08d10fa3 00071463 2dc0106f 00266a13 00f12623 00200813 07800993 09f10a93 00f77793 00f587b3 0007c783 00475713 fffa8a93 00fa8023 fe0714e3 0a010793 415788b3 000b0493 011b5463 00088493 00081463 1f80106f 084a7c13 00248493 1c0c0ce3 05714703 16071ee3 00000813 03112a23 03012823 00200693 05810613 ce1ff06f 00c12703 010a7793 00470713 1e079c63 040a7313 1e030863 00c12783 01012683 00e12623 0007a783 00d79023 e58ff06f 080a6a13 000d8493 ea4ff06f 008a6a13 000d8493 e98ff06f 010a6a13 00c12783 04010ba3 0007a703 00478613 000b4a63 00eb67b3 f7fa7693 04078ee3 00068a13 00900813 6ae86663 03070713 08e10fa3 000b0493 01604463 00100493 05714783 56078663 00148493 00c12623 00100893 00000813 09f10a93 084a7c13 c20c10e3 ee4ff06f 00c12783 00100893 04010ba3 0007a783 00088493 00000b13 06f10c23 00c12783 00000813 07810a93 00478793 00f12623 ea8ff06f 02b00793 04f10ba3 000d8493 de8ff06f 000dc983 02a00793 001d8d93 00f99463 7d10006f fd098793 00900693 00000713 00000b13 dcf6e463 00271b13 000dc983 00eb0b33 001b1b13 00fb0733 fd098793 001d8d93 fef6f2e3 00070b13 da075063 fff00b13 d98ff06f 040a6a13 000d8493 d84ff06f 00c12783 010a6a13 00478693 00c12783 00068613 0007a783 00078713 c007d4e3 02d00713 04e10ba3 40f00733 ee0b44e3 f7fa7a13 ee1ff06f 000155b7 20458593 05800693 00c12703 010a7793 00470613 3a078c63 00072703 001a7813 34080e63 6e070063 03000793 04f10c23 00f77793 04d10ca3 04010ba3 00f587b3 0007c783 140b40e3 f7fa7313 08f10fa3 00475713 00236a13 00071463 0200106f 00c12623 00200813 d99ff06f 00c12783 01012683 0007a783 00d7a023 00e12623 c6cff06f 00015637 01000c13 7cc60d13 fff00c93 00060993 016c4863 3e00006f ff0b0b13 3d6c5a63 01000693 000d0613 00040593 00090513 034010ef ff9512e3 ea4ff06f 01412783 00100693 00f6c663 00da7733 48070c63 00100693 000a8613 00040593 00090513 004010ef fff00b13 e7650a63 02812683 01c12603 00040593 00090513 7e9000ef e5650e63 01412783 02412503 02012583 00000613 00000693 01678d33 70d050ef 32051063 01412703 00100793 4ae7c863 02c12683 06810613 00040593 00090513 7a5000ef fff00793 d6f51463 e10ff06f 02412503 02012583 00000613 00000693 f7fa7493 73d050ef 02054ce3 04700793 05714703 3537dce3 000157b7 1f878a93 02071ce3 004a7313 00031663 ffdb8d13 09a04263 00300893 00048a13 00088493 00088693 000a8613 f91ff06f 000b0613 03012803 00048b13 03812883 03412483 000b0693 7bc60613 00040593 00090513 03112a23 03012823 70d000ef fff00713 03012803 03412883 c2e51263 d70ff06f 001a7493 30049863 0847f813 76080863 05714703 620708e3 00c12623 00078a13 a01ff06f 00300893 00048a13 00000b13 00088493 00000813 02012823 01000c13 00015637 05ac5c63 02912c23 fff00c93 03012a23 000d0493 03112e23 00c0006f ff048493 029c5263 000157b7 01000693 7cc78613 00040593 00090513 679000ef ff9510e3 ce8ff06f 00048d13 03412803 03c12883 03812483 00015637 000d0693 7cc60613 00040593 00090513 03112c23 03012a23 fff00c13 63d000ef cb850863 05714703 03412803 03812883 5c071463 03012783 b4078063 00000c13 b81ff06f 00090513 ff1fa0ef 9a0ff06f 00015637 11460613 00100693 00040593 00090513 5f5000ef fff00793 c6f50263 05c12783 01412703 00e7c663 001a7793 ba078263 02812683 01c12603 00040593 00090513 5c5000ef fff00b13 c3650a63 01412783 01678d33 b7a05e63 00015637 01000c93 7bc60c13 00060993 01acc863 52c0006f ff0d0d13 53acd063 01000693 000c0613 00040593 00090513 57d000ef ff6512e3 becff06f 04010ba3 4c0b4463 00eb67b3 f7fa7693 52078e63 00f77793 00f587b3 0007c783 00475713 00c12623 08f10fa3 00068a13 a4071ae3 000b0493 01604463 00100493 00068a13 00100813 09f10a93 985ff06f 040a7793 30078263 00075703 c45ff06f 02812683 01c12603 00040593 00090513 03012823 4fd000ef fff00713 b6e50663 01412783 05c12d03 03012803 41a78d33 41078b33 016d5463 000d0b13 a9605463 010a8633 000b0693 00040593 00090513 4c1000ef fff00793 b2f50863 05c12d03 01412783 41a78d33 a5cff06f 000d0693 001a8613 00040593 00090513 495000ef cd651ee3 b04ff06f 00c12623 00100893 00000813 09f10a93 980ff06f 00098613 000b0693 7cc60613 00040593 00090513 461000ef fff00793 a2f51a63 accff06f 00048d13 03012803 03812883 03412483 00015637 000d0693 7bc60613 00040593 00090513 03112a23 03012823 425000ef fff00713 a8e50a63 03412883 03012803 411b0b33 930ff06f ffe58593 03000713 0a010793 40b78833 feea8fa3 000b0493 010b5463 00080493 00058a93 845ff06f 03000713 08e10fa3 0847f813 74080a63 05714703 380704e3 00c12623 00078a13 00048893 00000b13 00000813 09f10a93 00400c13 df4ff06f 000b0693 000a8613 00040593 00090513 03012823 395000ef fff00713 03012803 90e51063 9fcff06f 000a8613 00040593 00090513 375000ef fff00793 baf51ce3 9e0ff06f ccccd8b7 ccd88893 0a010a93 031737b3 00070593 fffa8a93 0037d793 00279693 00f686b3 00169693 40d70733 03070713 00ea8023 00078713 fcb86ae3 0a010793 41578833 000b0493 350b4463 05714703 00e03733 00e484b3 f6cff06f 00015637 01100793 7bc60c13 01000c93 00060993 00e7c863 6100006f ff0d0d13 61acd263 01000693 000c0613 00040593 00090513 2d5000ef ff6512e3 944ff06f 00015637 11460613 00100693 00040593 00090513 2b5000ef fff00b13 93650263 05c12703 01412783 001a7693 00e7e733 00d76733 2c070c63 02812683 01c12603 00040593 00090513 281000ef 8f650a63 05c12703 48074e63 01412683 000a8613 abdff06f 01000b13 00015637 59ab5c63 02912823 7bc60c93 000d0493 fff00c13 00080993 00060d13 00c0006f ff048493 569b5263 01000693 000c8613 00040593 00090513 225000ef ff8512e3 894ff06f 00072703 945ff06f 00c12783 00778793 ff87f793 0007a703 00878793 02e12223 ffc7a703 00f12623 02e12023 958ff06f 04010ba3 2e0b4863 f7fa7793 580b0e63 03000713 08e10fa3 00078a13 000b0493 09f10a93 e24ff06f 004a7493 00c12623 00068a13 00000893 00000b13 2c049663 00000813 0a010a93 eb1fe06f 00015637 01000b13 7bc60c93 fff00c13 00060993 01ab4863 1180006f ff0d0d13 11ab5663 01000693 000c8613 00040593 00090513 169000ef ff8512e3 fd9fe06f 000155b7 00f77693 21858593 00b686b3 0006c683 00475713 002a6a13 08d10fa3 060704e3 00f12623 00200813 07800993 e40ff06f 00000c13 00100693 05710613 00040593 00090513 03112823 111000ef fff00713 03012883 e6e51463 06442703 00c41783 00177713 00070463 f79fe06f fc1fe06f 00266a13 00f12623 00000893 00200493 07800993 0a010a93 409b8d33 01a04c63 05714703 f8071ee3 00000813 00000c13 e20ff06f 00200793 00000813 02f12823 9f1ff06f 00f77793 00f587b3 0007c783 00475713 00c12623 08f10fa3 da071063 00100493 00048813 09f10a93 cdcff06f 00058a13 e60ff06f 00098613 000d0693 7bc60613 8b9ff06f 00100693 05710613 00040593 00090513 03112c23 03012a23 049000ef 01851463 eb9fe06f 03012783 03412803 03812883 a0079ae3 411b0b33 d4dfe06f 004a7493 00068a13 2c049063 00c12623 00000893 00000b13 0a010a93 d19fe06f 004a7b13 f00b0ce3 00f12623 00266a13 00000893 00200493 00000b13 00000813 0a010a93 07800993 00400c13 d40ff06f 00080493 cb9ff06f 000155b7 21858593 07800693 edcff06f 00012a23 d85fe06f 01079793 4107d793 00078713 aa0ff06f 04010ba3 00072683 c20b5c63 bb4ff06f 0007a703 d60b4e63 00eb66b3 f7fa7793 b6069a63 004a7493 20049e63 00078a13 f5dff06f 000d0b13 d21fe06f 08f10fa3 00475713 002a6a13 ec071863 00080893 00c12623 00100493 09f10a93 c98ff06f 02d00793 04f10ba3 04700793 3737de63 000157b7 1f878a93 004a7313 00048a13 94030863 00100693 05710613 00040593 00090513 710000ef fff00713 00e51463 d7dfe06f 00300893 00400493 fb4ff06f 03000793 08f10fa3 00080493 09f10a93 b44ff06f 00000b13 00000493 00000813 0a010a93 411b0b33 bf1fe06f 00600b13 02012783 00000c13 00078d13 0007d863 80000d37 01a7cd33 02d00c13 06600793 38f99c63 02412703 000d0613 00300693 00070593 06410893 000b0713 06010813 05c10793 00090513 9e5fb0ef 00054603 03000693 00050a93 01650733 40d60063 05c12783 02412503 00f707b3 000d0593 00000613 00000693 00f12a23 58c050ef 01412783 3a050a63 06412703 38f77e63 03000613 00170693 06d12223 00c70023 06412703 fef768e3 415707b3 04700693 00f12a23 05c12803 00d49463 e65fe06f 06600713 00e98463 e71fe06f 001a7713 01676733 4b005c63 3e071063 00080493 00080893 06600993 fd9fe06f 00015637 ff000693 40e00d33 7bc60c93 01000c13 00060993 00d74863 2900006f ff0d0d13 29ac5263 01000693 000c8613 00040593 00090513 5a0000ef ff6512e3 c11fe06f 01812623 30070a63 001b0493 000b0893 00000813 00000b13 ba0ff06f 00058a13 00d12623 00000893 00000b13 0a010a93 a75fe06f 00078a13 00000893 00000b13 00c12623 00000493 0a010a93 411b0b33 a69fe06f 00600793 000b0493 0167f463 00078493 000157b7 01812623 22c78a93 00048893 00000b13 00000813 a21fe06f 000a8513 6d5000ef 05714703 fff54493 41f4d493 00050893 009574b3 8a071263 01812623 00000b13 00000813 9f1fe06f 00098613 000d0693 7bc60613 95dff06f 000d0613 00048d13 03012483 00098813 000d0693 7bc60613 00040593 00090513 03012823 4b0000ef fff00713 03012803 00e50463 a31fe06f b15fe06f 05714703 08070463 00148493 000c8a13 00000b13 aa8ff06f 00078a13 00c12623 00048893 00000b13 09f10a93 97dfe06f 01412783 0af84a63 001a7313 26031863 fff84493 41f4d493 009874b3 00080893 06700993 e41fe06f 004a7493 00c12623 00078a13 00000893 a80484e3 00000493 00000813 0a010a93 411b0b33 941fe06f 000157b7 1f478a93 cacff06f 000c8a13 00000b13 90dfe06f fff00793 00f12823 a8dfe06f 02412503 000d0593 00000613 00000693 328050ef 00050e63 01412783 06412703 00fa87b3 d8f76ee3 415707b3 00f12a23 05c12803 c1dfe06f 000157b7 1f478a93 c89ff06f 02812703 00e788b3 01004663 410888b3 00188893 fff8c493 41f4d493 0098f4b3 06700993 d89fe06f 03070713 00400793 06e105a3 03000713 06e10523 02f12623 00078693 d3dfe06f 1e07c263 00078d13 00100793 00000c13 00f12a23 00078b13 b65fe06f 00ea7833 00080463 d29fe06f fff8c493 41f4d493 0098f4b3 d31fe06f 00098613 000d0693 7bc60613 00040593 00090513 31c000ef fff00713 8ae512e3 989fe06f 02412603 fbb48793 0017b793 016787b3 00078713 00060593 00f12a23 000d0613 06410893 06010813 05c10793 00200693 00090513 e40fb0ef 04700713 00050a93 00e49463 b09fe06f 02412503 000d0593 00000613 00000693 1f8050ef 1c050463 01412783 06412703 00fa87b3 c6f766e3 415707b3 05c12803 00f12a23 c8dff06f 415787b3 05c12803 00f12a23 c89ff06f 000b0893 000b0493 00000813 00000b13 f74fe06f 02412503 000d0593 00000613 00000693 00e12a23 198050ef 01412703 08051863 05c12803 01070733 415707b3 00f12a23 c41ff06f 02012783 f7fa7493 0c07d263 02d00793 04f10ba3 04700793 0d37d663 000157b7 20078a93 ae5ff06f 02812783 010b08b3 06600993 00f888b3 fff8c493 41f4d493 0098f4b3 bedfe06f 02812783 06700993 00f808b3 fff8c493 41f4d493 0098f4b3 bd1fe06f 80000d37 01612a23 01a7cd33 02d00c13 9d5fe06f 00100793 416787b3 04f12e23 b51ff06f 00c12783 0007ab03 00478793 000b4863 00f12623 000d8493 decfe06f fff00b13 00f12623 ff1ff06f 80000d37 01a7cd33 00100793 02d00c13 00f12a23 00078b13 981fe06f 04700793 05714703 0137de63 000157b7 20078a93 9f0ff06f 000157b7 1fc78a93 a1dff06f 000157b7 1fc78a93 9d8ff06f 00071a63 00100493 00048893 06600993 b25fe06f 02812783 06600993 00178893 016888b3 fff8c493 41f4d493 0098f4b3 b05fe06f 06a10613 06c10893 a71fe06f 00200793 02f12623 00078693 abdfe06f 05c12803 959fe06f 05842503 254020ef ef8fe06f 00100493 00f12623 00048893 09f10a93 07800993 e11fe06f 00c12603 00088813 d15fe06f 00000893 00000b13 00078a13 00c12623 00000813 0a010a93 411b0b33 db8fe06f 00000893 00000b13 00058a13 00d12623 00000813 0a010a93 411b0b33 d98fe06f 000b0493 01604463 00100493 00080893 00c12623 09f10a93 da9fe06f 00080893 00c12623 00000813 d58fe06f 00048893 00000b13 00078a13 00c12623 00000813 09f10a93 411b0b33 d4cfe06f 000b0493 01604463 00100493 00f12623 00266a13 00100893 09f10a93 07800993 d55fe06f fe010113 01412423 00112e23 00d60a33 06068a63 00812c23 00912a23 01212823 01312623 00060413 00050993 00058913 fff00493 0080006f 03440e63 00044583 00090613 00098513 4c4000ef 00140413 fe9514e3 01812403 01c12083 01412483 01012903 00c12983 00812a03 02010113 00008067 01812403 01412483 01012903 00c12983 01c12083 00812a03 00000513 02010113 00008067 ff010113 00112623 01212023 0e058263 05422783 00812423 00912223 00058413 00050493 10078263 97cfa0ef 06442783 00c41703 0017f793 0a079463 20077713 0e070863 00040593 00048513 118000ef 02c42783 00050913 00078a63 01c42583 00048513 000780e7 0a054063 00c45783 0807f793 0a079263 03042583 00058c63 04040793 00f58663 00048513 c9dfc0ef 02042823 04442583 00058863 00048513 c89fc0ef 04042223 06442783 00041623 0017f793 0a078263 05842503 7ed010ef 8ecfa0ef 00c12083 00812403 00412483 00090513 00012903 01010113 00008067 f60712e3 8c8fa0ef 00812403 00412483 00c12083 00000913 00090513 00012903 01010113 00008067 00c45783 fff00913 0807f793 f60782e3 01042583 00048513 c09fc0ef f55ff06f 820fa0ef efdff06f 05842503 779010ef 00c41783 f00794e3 06442783 0017f793 f8079ee3 05842503 791010ef f91ff06f 05842503 785010ef f59ff06f 00c59783 fe010113 00812c23 01312623 00112e23 0087f713 00058413 00050993 0e071263 0045a703 16e05463 02842703 0a070e63 01212823 00912a23 05822483 04022c23 01379693 1606c063 01c42583 00100693 00000613 00098513 000700e7 fff00713 18e50663 00c41783 02842703 0047f793 00078e63 00442683 03042783 40d50533 00078663 03c42783 40f50533 01c42583 00050613 00000693 00098513 000700e7 fff00713 00c41683 10e50263 01042783 00042223 00f42023 01369793 1207c463 03042583 04922c23 0c058863 04040793 00f58663 00098513 ae9fc0ef 01412483 01012903 02042823 00000513 01c12083 01812403 00c12983 02010113 00008067 01212823 0105a903 08090a63 00912a23 0005a483 0037f793 0125a023 412484b3 00000713 00079463 0145a703 00e42423 00904863 0640006f 00a90933 04905e63 02442783 01c42583 00048693 00090613 00098513 000780e7 40a484b3 fca04ee3 00c45783 01c12083 01412483 0407e793 00f41623 01812403 01012903 00c12983 fff00513 02010113 00008067 03c5a703 e8e04ce3 f55ff06f 01412483 01012903 f49ff06f 05042503 ec5ff06f 05822603 01d00793 08c7e063 20400737 00170713 00c75733 00177713 06070663 01042783 00042223 00f42023 01369793 ee07d2e3 ee0610e3 04a42823 ed9ff06f 05822783 e6078ae3 fe378693 fea78793 0016b693 0017b793 00f6e7b3 00078a63 04922c23 01012903 01412483 ed1ff06f 00c45783 01412483 01012903 0407e793 00f41623 ebdff06f 0406e693 01412483 01012903 00d41623 ea9ff06f 05422783 fe010113 00112e23 00050693 08078e63 00c59703 00000793 04070263 0645a783 0017f793 00079663 20077713 04070063 00068513 00b12423 d79ff0ef 00812583 00050793 0645a703 00177713 00071863 00c5d703 20077713 02070863 01c12083 00078513 02010113 00008067 0585a503 00d12623 00b12423 481010ef 00c12683 00812583 fadff06f 00a12423 0585a503 49d010ef 00812783 01c12083 00078513 02010113 00008067 00b12623 00a12423 ce5f90ef 00c12583 00812683 f55ff06f 05422783 fe010113 00112e23 00050713 08078e63 06462783 0017f793 00079863 00c65783 2007f793 06078063 00070513 00c12223 098000ef 00412603 00050713 06462783 0017f793 00079863 00c65783 2007f793 00078a63 01c12083 00070513 02010113 00008067 00a12223 05862503 3fd010ef 00412703 01c12083 00070513 02010113 00008067 05862503 00b12623 00e12423 00c12223 3a1010ef 00c12583 00812703 00412603 f85ff06f 00c12623 00b12423 00a12223 c1df90ef 00c12603 00812583 00412703 f4dff06f 05422783 fe010113 00112e23 00050813 0e078263 06462783 0017f793 00079863 00c65783 2007f793 08078463 00862783 0ff5f713 fff78793 00f62423 0207d063 01862503 ff670693 00d036b3 00a7a7b3 0017b793 00d7f7b3 04078063 00062783 0ff5f593 00178693 00d62023 00e78023 06462783 0017f793 00079863 00c65783 2007f793 04078863 01c12083 00058513 02010113 00008067 00080513 00c12223 074000ef 00412603 00050593 fc5ff06f 05862503 00b12623 01012423 00c12223 2ad010ef 00c12583 00812803 00412603 f5dff06f 05862503 00b12223 2c5010ef 00412583 01c12083 00058513 02010113 00008067 00c12623 00b12423 00a12223 b09f90ef 00c12603 00812583 00412803 f05ff06f 05422783 fe010113 00812c23 00912a23 00112e23 00058413 00050493 0e078663 01862703 00c65783 00e62423 0087f793 06078863 01062783 06078463 00062703 01462683 40f707b3 08d7d263 00178793 00862683 00170593 00b62023 fff68693 00d62423 00870023 01462703 0ff47413 08f70063 00c65783 ff640713 00173713 00e7f7b3 06079663 01c12083 00040513 01812403 01412483 02010113 00008067 00060593 00048513 00c12623 06c000ef 04051863 00c12603 01062783 00062703 01462683 40f707b3 f8d7c2e3 00060593 00048513 00c12623 c85ff0ef 00c12603 02051063 00062703 00100793 f65ff06f 00060593 00048513 c65ff0ef f80506e3 fff00413 f85ff06f 00c12623 9e9f90ef 00c12603 f0dff06f 05422783 fe010113 00112e23 00050613 00058713 14078063 00c71783 0087f693 02068a63 01072683 04068a63 0017f693 0a068663 01472783 00072423 40f007b3 00f72c23 00000513 01c12083 02010113 00008067 0107f693 14068263 0047f693 08069863 01072683 0087e793 01079793 4107d793 00f71623 fa069ae3 00c72583 20000513 2805f593 0aa58a63 00060513 00070593 00e12423 298010ef 00812703 00c71783 01072683 0017f613 0c060263 01472603 00072423 40c00633 00c72c23 f80692e3 0807f693 f6068ee3 0407e793 00f71623 fff00513 f71ff06f 0027f793 04079a63 01472783 00f72423 f59ff06f 03072583 02058663 04070693 02d58063 00060513 00e12623 00c12423 cb0fc0ef 00c12703 00812603 00c71783 02072823 01072683 fdb7f793 00072223 00d72023 f39ff06f 00072423 f0dff06f 0017f613 04061463 0027f613 02060a63 00072423 f75ff06f 00a12423 00000513 00b12623 87df90ef 00c12703 00812603 eadff06f 0027f613 00000593 00061463 01472583 00b72423 f3dff06f 01472683 00072423 40d006b3 00d72c23 f2dff06f 0407e793 00900613 00f71623 04c22c23 fff00513 e99ff06f 00016537 05850513 00008067 00357793 00050713 04079c63 7f7f86b7 f7f68693 fff00593 00072603 00470713 00d677b3 00d787b3 00c7e7b3 00d7e7b3 feb784e3 ffc74683 40a707b3 04068463 ffd74683 02068c63 ffe74503 00a03533 00f50533 ffe50513 00008067 fa0688e3 00074783 00170713 00377693 fe0798e3 40a70733 fff70513 00008067 ffd78513 00008067 ffc78513 00008067 00357693 00050713 0ff5f813 02068e63 00400793 40d787b3 0cf66c63 00200693 0ed78863 00300693 0cd78c63 00100693 00d79a63 00074683 00070513 0b068863 00170713 40f60633 ffc67513 00a70533 06a77e63 0ff5f593 00859893 00b888b3 01089793 7f7f85b7 00f888b3 f7f58593 fff00313 00c0006f 00470713 04a77663 00072683 00d8c6b3 00b6f7b3 00b787b3 00d7e7b3 00b7e7b3 fe6780e3 00074783 00070513 05078463 00174783 09078063 00274783 410787b3 00f037b3 00f707b3 00278513 00008067 00367613 00c706b3 00070513 00061863 04c0006f 00150513 04d50263 00054783 ff079ae3 00008067 00060793 00200693 f2d796e3 0140006f 00074683 00070513 ff0682e3 00170713 00074683 00070513 fd068ae3 00170713 f15ff06f 00000513 00008067 00170513 00008067 ff010113 00060813 00112623 00050313 00058713 04822503 00068613 02080063 000157b7 23478793 000155b7 00030693 24458593 0dc000ef 1a0010ef 000157b7 24078793 00078813 fe1ff06f 02c5b7b3 02c585b3 06079463 fe010113 00112e23 ba1f80ef 00050793 04050263 ffc52603 02400693 ffc67613 ffc60613 04c6ea63 01300593 00050713 00c5fc63 00052023 00052223 01b00713 04c76c63 00850713 00072023 00072223 00072423 01c12083 00078513 02010113 00008067 00c00713 04e22c23 00000793 00078513 00008067 00000593 00a12623 ac1f90ef 00c12783 01c12083 00078513 02010113 00008067 00052423 00052623 01050713 fad612e3 00052823 00052a23 01850713 f95ff06f fc010113 02810313 00058e13 02c12423 02d12623 00050593 000e0613 00030693 00000513 00112e23 02e12823 02f12a23 03012c23 03112e23 00612623 010000ef 01c12083 04010113 00008067 05422783 f7010113 08912223 09212023 07312e23 07712623 08112623 00060493 00068b93 00058913 00050993 160786e3 06492703 00c91783 00177713 00071663 2007f713 26070c63 0087f793 1e078e63 01092783 1e078a63 000157b7 7dc78793 08812423 07412c23 07512a23 07612823 07812423 07912223 07a12023 05b12e23 00f12a23 00012623 0004c603 00048413 fdb60793 00f037b3 00c03733 00e7f7b3 02078463 00144603 00140413 fdb60713 00e03733 00c037b3 00e7f7b3 fe0794e3 40940a33 04941263 12060463 00140413 020101a3 fff00c13 00000a93 00000a13 00044703 00140493 fe070793 05800693 08f6e063 01412683 00279793 00d787b3 0007a783 00078067 00048613 000a0693 00090593 00098513 a08ff0ef fff00793 0cf50863 00c12783 00044603 014787b3 00f12623 f95ff06f fd070793 00000a93 00900613 002a9693 0004c703 015686b3 00169693 00d78ab3 fd070793 00148493 fef672e3 fe070793 05800693 f8f6f4e3 08070063 00100793 02e10423 00f12823 020101a3 00078b13 00000c13 02810413 084a7c93 3c0c9e63 416a8db3 7fb04a63 02314783 0a079ae3 01012783 40fc0d33 69a05e63 000167b7 01000c13 00f12c23 94078d93 fff00c93 01ac4863 6600006f ff0d0d13 65ac5c63 01000693 000d8613 00090593 00098513 938ff0ef ff9512e3 06492703 00c91783 00177713 08070063 0407f793 30079ce3 08812403 07812a03 07412a83 07012b03 06812c03 06412c83 06012d03 05c12d83 08c12083 00c12503 08412483 08012903 07c12983 06c12b83 09010113 00008067 00090593 00098513 8d5ff0ef e00502e3 06492783 0017f793 00079863 00c95783 2007f793 36078ce3 fff00793 00f12623 fb1ff06f 2007f713 f80710e3 05892503 210010ef 00c91783 f71ff06f 010a6a13 00048413 e45ff06f 000baa83 004b8b93 fe0ad8e3 41500ab3 004a6a13 00048413 e29ff06f 05892503 1a4010ef 00c91783 d81ff06f 004b8613 010a7793 00060693 3e079263 000ba783 040a7593 00078713 100592e3 3e07c063 3e0c4863 00fc67b3 f7fa7593 080794e3 02314783 004a7c13 00f03b33 2c0c02e3 320786e3 00058a13 00060b93 00012823 00000c13 05010413 00400c93 2280006f 0004c703 02a00793 00148493 22f706e3 fd070793 00900613 00000c13 d8f66ee3 002c1693 0004c703 018686b3 00169693 00f68c33 fd070793 00148493 fef672e3 d60c5ce3 fff00c13 d71ff06f 010a7793 18079463 040a7793 020101a3 004b8693 040788e3 000bd703 180c5063 05010413 00777793 00040613 03078793 00375713 fef40fa3 fff40413 fe0714e3 fd078793 00f037b3 00fa77b3 5e079663 05010793 408785b3 000c0b13 00bc5463 00058b13 084a7c93 1c0c84e3 02314783 00b12823 00068b93 16079063 1780006f 000087b7 83078793 02f11223 020101a3 000ba783 004b8713 6e0c4263 00fc66b3 f7fa7593 040692e3 004a7c13 00012823 00070b93 0025ea13 00200b13 7e0c1063 05010413 416a8db3 4db04663 02314783 00000c93 38078a63 00100693 02310613 00090593 00098513 ebdfe0ef fff00793 36f51c63 06492703 00c91783 00177713 d80712e3 dfdff06f 000ba403 020101a3 004b8b93 6e040e63 360c4863 000c0613 00000593 00040513 8cdff0ef 02314783 04050ee3 40850733 fff74b13 41fb5b13 00e12823 01677b33 36078063 001b0b13 00000c13 084a7c93 080c9063 cc1ff06f 010a7793 004b8713 30079663 040a7a13 300a0263 000ba783 00c12683 00070b93 00d79023 b89ff06f 010a6a13 020101a3 000ba703 004b8693 e80c44e3 00ec6633 f7fa7793 5a061263 001a7b13 4a0b1a63 0847fc13 5a0c0a63 02314703 040704e3 00078a13 00068b93 00012823 00000c13 05010413 00400c93 00100693 02310613 00090593 00098513 dbdfe0ef fff00793 c8f502e3 08000793 c2fc9ae3 416a8d33 c3a056e3 000167b7 01000c93 00f12c23 fff00d93 01acc863 47c0006f ff0d0d13 47acda63 000167b7 01000693 94078613 00090593 00098513 d6dfe0ef ffb510e3 c35ff06f 010a6a13 020101a3 000ba703 004b8693 100c4863 00ec67b3 f7fa7613 58079263 004a7b13 600b1c63 00060a13 00068b93 00012823 00000c13 05010413 b9dff06f 000ba783 00100713 00e12823 020101a3 02f10423 004b8b93 00070b13 00000c13 02810413 b6dff06f 010a7793 f8079ce3 040a7793 00f12823 020101a3 004b8693 56079e63 000ba703 080c4c63 00ec6633 f7fa7793 58061263 004a7b13 6e0b1263 00078a13 00068b93 00000c13 05010413 b29ff06f 02314783 c20790e3 02000793 02f101a3 00048413 a59ff06f 001a6a13 00048413 a4dff06f 02b00793 02f101a3 00048413 a3dff06f 080a6a13 00048413 a31ff06f 010a6a13 004b8613 000ba783 00060693 00078713 c207d4e3 02d00713 02e101a3 40f00733 000c4463 f7fa7a13 00900513 38e56063 03070713 04e107a3 000c0b13 01804463 00100b13 02314783 2a078063 00100793 001b0b13 00068b93 00f12823 04f10413 db9ff06f 040a6a13 00048413 9bdff06f 00015637 20460613 05800713 010a7793 004b8693 18079a63 040a7793 18078663 001a7593 000bd783 18058663 36078c63 02e102a3 03000713 02e10223 00f7f713 020101a3 00e60733 00074703 560c4863 f7fa7a13 04e107a3 0047d793 002a6a13 68078c63 00068b93 00200593 04f10413 00f7f713 00e60733 00074703 0047d793 fff40413 00e40023 fe0794e3 05010793 408787b3 00f12823 000c0b13 00fc5463 00078b13 62058263 084a7c93 002b0b13 c60c84e3 02314783 c6079ae3 00200693 02410613 d71ff06f 000ba783 00c12683 00070b93 00d7a023 889ff06f 00040513 cdcff0ef 02314783 fff54b13 41fb5b13 00a12823 01657b33 ca0794e3 00000c13 969ff06f 01812783 000d0693 00090593 94078613 00098513 ae1fe0ef fff00793 9af504e3 01012683 00040613 00090593 00098513 ac5fe0ef fff00793 98f506e3 004a7a13 000a0663 416a8cb3 01904e63 016ad463 000b0a93 00c12783 015787b3 00f12623 ffcff06f 000167b7 01000413 00f12c23 95078c13 fff00a13 01944863 18c0006f ff0c8c93 19945263 01000693 000c0613 00090593 00098513 a5dfe0ef ff4512e3 925ff06f 001a7593 000ba783 e6059ee3 020101a3 240c4a63 00fc6733 f7fa7513 3a071463 004a7b13 320b1a63 00050a13 00068b93 00012823 00000c13 05010413 88dff06f 00200793 00f12e23 000167b7 01000c93 00f12c23 fff00d13 01bcc863 02c0006f ff0d8d93 03bcd263 000167b7 01000693 95078613 00090593 00098513 9d5fe0ef ffa510e3 89dff06f 01812783 000d8693 00090593 95078613 00098513 9b5fe0ef fff00c93 87950ee3 02314783 1e079663 01c12783 820782e3 00000c93 e59ff06f 00012e23 f85ff06f b69f80ef e94ff06f 00100793 00068b93 00f12823 04f10413 fe0ff06f ffe60613 03000793 05010713 40c705b3 fef40fa3 000c0b13 00bc5463 00058b13 00060413 a09ff06f 03000713 04e107a3 0847fc13 3a0c0863 02314703 3c070463 00078a13 00068b93 01612823 00000c13 04f10413 00400c93 b49ff06f 01812783 000d0693 94078613 00090593 00098513 8fdfe0ef fff00793 f6f51e63 fc0ff06f 01812783 000c8693 00090593 95078613 00098513 8d9fe0ef fff00793 e2f514e3 f9cff06f 00100693 02310613 fbdff06f ccccd837 ccd80813 05010413 03073633 fff40413 00070593 00365613 00261793 00c787b3 00179793 40f707b3 03078793 00f40023 00060713 fcb56ae3 05010793 408785b3 000c0b13 00bc5463 00058b13 02314783 00f037b3 00fb0b33 921ff06f 00078a13 8d5ff06f 020101a3 200c4063 f7fa7793 160c1a63 004a7b13 240b1463 00078a13 00068b93 00012823 05010413 ea4ff06f 00015637 00f7f693 21860613 00c686b3 0006c683 0047d793 002a6a13 04d107a3 00070b93 00200593 c6079ae3 00100b13 01612823 04f10413 ca1ff06f 00f7f713 00e60733 00074703 0047d793 00068b93 04e107a3 c40794e3 00100b13 000b0593 04f10413 885ff06f 00060a13 b7dff06f 00100693 02310613 00090593 00098513 fa8fe0ef e19512e3 e70ff06f 00058a13 b59ff06f 00600793 000c0b13 0b87e863 00015437 22c40413 01612823 00000c13 de8ff06f 00015637 21860613 07800713 b7dff06f 000bd703 b20c40e3 00ec67b3 00f12823 00ec6633 f7fa7793 a80602e3 00078a13 b05ff06f 000ba703 920c5ae3 fb4ff06f 01079793 4107d793 00078713 ef4ff06f 00068b93 00060a13 00012823 00000b13 00000c13 05010413 d94ff06f 00000c13 05010413 00400c93 bc1ff06f 00068b93 00050a13 00012823 00000b13 00000c13 05010413 d68ff06f 00078b13 f51ff06f 03000713 04e107a3 00078a13 000c0b13 04f10413 f80ff06f 00015637 00f7f693 21860613 00c686b3 0006c683 0047d793 04d107a3 16078e63 0025ea13 00070b93 00200593 b05ff06f 00f7f713 00e60733 00074703 0047d793 00050a13 04e107a3 00068b93 ae0792e3 000c0b13 01804463 00100b13 00050a13 00100593 04f10413 f14ff06f 03000793 04f107a3 00058b13 04f10413 f00ff06f 04e107a3 0047d793 002a6a13 a8079ee3 00b12823 00068b93 00100b13 04f10413 acdff06f 04078863 001c0b13 01812823 00000c13 fb8ff06f fff00793 00f12623 ce4ff06f 00068b93 00078a13 00012823 00000b13 05010413 c6cff06f 00068b93 00078a13 00000b13 00000c13 05010413 c54ff06f 000c0b13 01812823 00000c13 c2cff06f 000bac03 004b8b93 d20c5463 fff00c13 00048413 b64ff06f 00068b93 00078a13 00012823 00000c13 05010413 c14ff06f 00078a13 00068b93 01612823 04f10413 bf0ff06f 00b12823 00068b93 be4ff06f 00068b93 00078a13 01612823 00000c13 04f10413 bdcff06f 00058a13 00060b93 00012823 05010413 bb8ff06f 05892503 6b0000ef c84ff06f 01012583 000b8693 de8ff06f 000c0b13 01804463 00100b13 00100793 00070b93 0025ea13 00f12823 04f10413 9b5ff06f 000c0b13 01804463 00100b13 00b12823 00068b93 04f10413 999ff06f 00060b93 00058a13 00012823 00000c13 05010413 b58ff06f 00c59703 00277793 00078e63 04358793 00100713 00f5a023 00f5a823 00e5aa23 00008067 00058793 00e59583 f8010113 06812c23 06112e23 00050413 0805cc63 01810613 00f12423 144000ef 00812783 08054063 40000593 00040513 06912a23 00f12423 01c12483 be9f70ef 00812783 0e050063 00c7d703 40000693 00d7aa23 08076713 00e79623 40c4d713 00a7a023 00a7a823 00f77713 00200693 0ed71463 00e79583 00040513 00f12423 130000ef 0c050a63 00812783 07412483 00c7d703 ffc77713 00176713 00e79623 04c0006f 00c79703 04000693 08077713 00068593 04070463 00040513 00f12623 00d12423 b61f70ef 00812683 00c12783 04050c63 00c7d703 00a7a023 00a7a823 08076713 00d7aa23 00e79623 07c12083 07812403 08010113 00008067 40000693 00068593 00040513 00f12623 00d12423 b15f70ef 00812683 00c12783 fa051ce3 0080006f 07412483 00c79703 20077693 fa069ee3 ffc77713 04378693 00276713 00100613 00e79623 00d7a023 00d7a823 00c7aa23 f99ff06f 07412483 f91ff06f ff010113 00812423 00058513 00060593 00112623 a801ac23 23c000ef fff00793 00f50a63 00c12083 00812403 01010113 00008067 a981a783 fe0786e3 00c12083 00812403 04f22c23 01010113 00008067 ff010113 00812423 00058513 00112623 a801ac23 208000ef fff00793 00f50a63 00c12083 00812403 01010113 00008067 a981a783 fe0786e3 00c12083 00812403 04f22c23 01010113 00008067 ff010113 00600513 00112623 09c000ef 00100513 198000ef 02058463 00000513 00060e63 04068463 00064783 00f5a023 00064503 00a03533 00008067 00008067 ff010113 00c10593 00000513 00060c63 02068263 00064783 00f5a023 00064503 00a03533 01010113 00008067 ffe00513 00008067 ffe00513 fedff06f 00000513 00058a63 0ff00793 00c7e863 00c58023 00100513 00008067 08a00713 04e22c23 fff00513 00008067 01f00793 08a7e663 06c22783 fe010113 00112e23 00050613 02078e63 00251713 00e787b3 0007a703 02070663 00100693 00d70a63 fff00613 04c70063 0007a023 000700e7 01c12083 00000513 02010113 00008067 00000513 00c12623 094000ef 00c12603 01c12083 00050593 00000513 02010113 02c0006f 01c12083 01600713 04e22c23 00068513 02010113 00008067 01600713 04e22c23 fff00513 00008067 ff010113 00812423 00058513 00060593 00112623 a801ac23 0b0000ef fff00793 00f50a63 00c12083 00812403 01010113 00008067 a981a783 fe0786e3 00c12083 00812403 04f22c23 01010113 00008067 0300006f 00100713 04e22c23 fff00513 00008067 30501073 00100073 0000006f 00100713 04e22c23 fff00513 00008067 00100513 00008067 f9010113 00810593 06112623 fddff0ef fff00793 00f50e63 00c12503 06c12083 00d55513 00157513 07010113 00008067 06c12083 00000513 07010113 00008067 01600713 04e22c23 fff00513 00008067 00100713 04e22c23 fff00513 00008067 c301a683 000017b7 f807c703 00068863 f8e78023 00d00693 00d70863 00e50023 00100513 00008067 00a00693 f8d78023 00e50023 00100513 00008067 000167b7 0d47a783 02f55a63 00000793 00061663 00078513 00008067 000167b7 0d87a703 00251793 00058513 00f70733 00072783 00060593 00078067 fff00793 fd5ff06f 00016637 b0c62703 000196b7 91868693 00e507b3 00d7e863 000166b7 b106a683 00d7ea63 00c00713 04e22c23 fff00513 00008067 00070513 b0f62623 00008067 00050793 02b05063 000016b7 f8068693 00b50633 0007c703 00178793 00e68023 fef61ae3 00058513 00008067 000167b7 0e07a783 02f55e63 000167b7 0e47a683 00251793 00c03733 00f686b3 0006a683 00000513 00d037b3 00e7f7b3 00079463 00008067 00058513 00060593 00068067 fff00513 00008067 ff010113 00112623 508000ef 00c12083 c3418513 01010113 0680006f ff010113 c3418513 00112623 08c000ef 00c12083 01010113 5000006f ff010113 00812423 00050413 01800513 00112623 e5cf70ef 00c12083 00a42023 00812403 00052023 00052223 00052423 00052623 00052823 00052a23 01010113 00008067 e38f706f ff010113 00812423 00112623 00050413 fff00593 fff00613 00040513 3e5010ef fe0508e3 00c12083 00812403 01010113 00008067 5d40206f fe010113 00112e23 00900793 00050713 02a7ee63 ccccd7b7 ccd78793 02f737b3 00001637 0037d793 00279693 00f687b3 00179793 40f70733 03070713 f8e60023 01c12083 02010113 00008067 ccccd537 ccd50513 02a73533 00e12623 00355513 fa1ff0ef 00c12703 fadff06f 00054783 00078e63 00001737 f8070713 00f70023 00154783 00150513 fe079ae3 00008067 00c3a683 0083a603 0043a583 0046a783 00c6a803 00b03533 00c788b3 01003733 0116a223 00a77733 00071463 00008067 0003a703 00e7e463 40e787b3 40f706b3 00f80533 04c6fe63 fd010113 00068613 02112623 00712823 00d12623 00f12c23 00e12e23 01012a23 e4cf80ef 01012383 01c12703 01812783 0083a603 00c12683 0043a583 01412503 02c12083 40e60633 00f60633 00d585b3 03010113 e18f806f e14f806f 00c3a783 0103c683 0087a703 02069463 0083a683 0043a603 00d706b3 02c6ea63 0047a583 40c686b3 00d7a423 40c586b3 00d7a223 00c7a683 0003a503 00d037b3 00a03633 00c7f7b3 02079263 00008067 00d7a423 0003a503 00c7a683 00a03633 00d037b3 00c7f7b3 fe0782e3 0043a783 00f76463 40f70733 0083a603 40e78833 00e685b3 04c87e63 fd010113 00080613 02112623 00712823 01012623 00e12c23 00f12e23 00d12a23 d68f80ef 01012383 01c12783 01812703 0083a603 00c12803 0003a503 01412583 02c12083 40f60633 00e60633 01050533 03010113 d34f806f d30f806f 340027f3 08078a63 f14027f3 01052703 00e78663 fff00893 00000073 00452683 00279793 fe418713 00f707b3 08a68263 0007a703 04e50263 00052783 00f6a023 00d7a223 00052023 00052223 06070863 340027f3 00078463 00008067 03c22783 06078463 fff78793 02f22e23 fe0796e3 30046073 00008067 0086a703 00d7a023 00c6a683 35d69073 34d71073 0007a703 00452683 fa5ff06f 03c22783 00178713 02e22e23 f60792e3 30047073 f5dff06f 00052023 00052223 0007a023 08000793 3047b073 f8dff06f fff00893 00000073 00008067 340027f3 0387a683 fff00713 00e68863 00e7ae23 00100513 00008067 00015537 fe010113 28450513 00112e23 00f12623 d51ff0ef f1402573 cddff0ef 00015537 29450513 d3dff0ef 00c12783 00001637 07c7a703 00900793 01c75693 01875293 00d7b6b3 00f2f293 01475f93 0057b5b3 00ffff93 01075f13 40d006b3 01f7b8b3 00ff7f13 00c75e93 0276f693 40b005b3 01c75513 01e7b833 00fefe93 00875e13 03068693 0275f593 411008b3 00a686b3 03058593 01d7b533 00fe7e13 00475313 0278f893 41000833 f8d60023 00b282b3 03088893 01c7b5b3 00f37313 02787813 40a00533 f8560023 00f77713 011f8fb3 03080813 0067b6b3 02757513 40b005b3 f9f60023 010f0f33 00e7b7b3 03050513 0275f593 40d006b3 f9e60023 00ae8eb3 03058593 0276f693 40f007b3 f9d60023 00be0e33 03068693 0277f793 f9c60023 00d30333 03078793 f8660023 00e787b3 00015537 f8f60023 29850513 c25ff0ef 30501073 00100073 0000006f 340027f3 00078463 00008067 03c22783 00178713 02e22e23 fe0798e3 30047073 00008067 340027f3 00078463 00008067 03c22783 00078c63 fff78793 02f22e23 fe0796e3 30046073 00008067 fff00893 00000073 00008067 c80027f3 c0002573 c80025f3 fef59ae3 00008067 340027f3 0e078263 f14027f3 00052303 0e030c63 00452703 0a070463 01052683 00f68663 fff00893 00000073 10a70a63 fe418813 00279893 01180e33 000e2683 08a68e63 00672023 00e32223 00f52823 00b52423 00c52623 00068793 00069a63 0f40006f 0cc70863 0047a783 0ad78863 00c7a703 fee678e3 0007a703 00a7a023 00f52223 00e52023 00a72223 0ed78863 08000793 3047a073 340027f3 00078463 00008067 03c22783 0c078463 fff78793 02f22e23 fe0796e3 30046073 00008067 fff00893 00000073 fe418813 00279893 01180e33 000e2683 f6a696e3 00ee2023 00070693 f61ff06f 03c22783 00178713 02e22e23 f0079ae3 30047073 f14027f3 00052303 f00318e3 fe418813 00279893 01180733 00072683 f35ff06f 0007a703 00a7a023 00f52223 00e52023 00a72223 f61ff06f 0087a703 f2e5f8e3 f3dff06f 00f52823 00b52423 00c52623 00279893 fe418813 01180833 00a82023 00a52223 00a52023 35d61073 34d59073 f25ff06f fff00893 00000073 00008067 01180833 00a82023 35d61073 34d59073 f05ff06f 00151e13 00ae05b3 00459593 cd418893 00b887b3 00100693 0ed7a72f fe071ee3 00ae0633 00461613 00c88633 00462303 1a030263 00050813 00432503 fd010113 02112623 00662423 00a62223 0ee7a72f 01858593 00b88533 10430063 00c62783 08f6fc63 c80027f3 c00026f3 c8002773 fee79ae3 02832603 02c32703 00e665b3 10058c63 00d605b3 00c5b633 00f70733 00e60633 02032423 02032623 01012e23 01c12c23 00612a23 00b12823 00c12623 dc1ff0ef 01812e03 01c12803 00c12603 01012583 010e0533 cd418893 00451513 00a88533 00b52823 00c52a23 01412303 06021063 34001073 02c12083 00030513 03010113 904ef06f 01862783 02078263 01012a23 01c12823 00612623 ab9ff0ef 01412803 01012e03 00c12303 cd418893 010e0533 00451513 00a88533 00000593 00000613 00b52823 00c52a23 fa0204e3 04022783 06078e63 02c12083 00030513 03010113 8a4ef06f 01862783 00078e63 01012823 01c12623 a5dff0ef 01012803 00c12e03 cd418893 010e0533 02c12083 00451513 00a887b3 0007a823 0007aa23 03010113 00008067 010e0733 00471713 00e88733 00c72703 cd01a603 02e65633 00d605b3 00c5b633 00f60633 ee1ff06f 00000213 02c12083 00030513 03010113 828ef06f 00062423 0e67a32f 00020e63 04022783 00078663 00000513 80cef06f 00000213 ff5ff06f 34001073 fedff06f f1402573 dfdff06f f1402573 df5ff06f ffc52783 fc010113 02112e23 ff050313 02078e63 00100713 0ee7a6af ffc52783 fe069ce3 ff452703 22e30463 0087a683 22d30463 ff052683 00d72023 00e6a223 00000713 0ee7a72f fe052e23 02452e03 f14027f3 00fe0663 fff00893 00000073 001e1893 01c88633 00461613 cd418813 00c807b3 00100713 0ee7a6af fe069ee3 01c88733 00471713 00e80733 00872e83 1a0e8263 000ea703 006ea023 ffd52a23 fee52823 00672223 000e8593 01c88733 00471713 00e80733 00c72683 00b72223 00100593 00b686b3 00d72623 feb52c23 00672423 00000693 0ed7a6af 01072f03 01472f83 c80027f3 c00026f3 c8002773 fee79ae3 01c88733 00471713 00e80733 00c72583 01860613 00100293 00c80533 0ab2ea63 01872703 04070663 03112223 03f12023 01e12e23 00d12c23 00f12a23 01d12823 01c12623 00612423 879ff0ef cd418813 02412883 02012f83 01c12f03 01812683 01412783 01012e83 00c12e03 00812303 00000593 00000613 01c888b3 00489893 01180833 00c82a23 00b82823 01d03733 00100613 01f7e663 0aff8c63 00000613 00c77733 00070e63 40df06b3 00df3f33 40ff8fb3 41ef8fb3 03fea623 02dea423 03c12083 00030513 04010113 e29ee06f cd01a603 03112623 03f12423 02b65633 03e12223 03d12023 01c12e23 00612c23 00d12a23 00f12823 00d605b3 00c5b633 00f60633 00c12623 00b12423 a61ff0ef 00812583 00c12603 01012783 01412683 01812303 01c12e03 02012e83 02412f03 02812f83 02c12883 cd418813 f3dff06f fe652a23 fe652823 00030593 e6dff06f f5e6e8e3 00000613 f49ff06f 0007a423 dedff06f 00e7a423 dd9ff06f fe010113 00112e23 340027f3 f14026f3 0887a703 800007b7 00778793 0cf70063 800007b7 00b78793 0af71263 00100713 fdc18693 0ee6a6af fe069ce3 00100713 fd818693 0ee6a6af fe069ce3 f14025f3 000016b7 00359593 0055e593 f0068693 0eb6a72f 00377713 fe071ce3 0ee6a5af 4025d593 fd818693 0ee6a72f ffe00713 04e58063 fdc18813 00482703 02070a63 000126b7 00812c23 00912a23 00070613 54c68493 00100413 00872683 0eb68463 00472703 fec71ae3 01812403 01412483 00000713 fdc18793 0ee7a72f 01c12083 00000513 02010113 00008067 00812c23 00269693 fe418413 00d40433 00042503 06050263 c80027f3 c00026f3 c8002773 fee79ae3 00c52703 04e7e663 0cf70c63 00452783 04a78a63 0087a703 00f42023 00c7a783 35d79073 34d71073 00052783 00452703 01452683 00f72023 00e7a223 00052023 00052223 000680e7 00042503 fa0512e3 01812403 01c12083 00000513 02010113 00008067 00042023 08000793 3047b073 01452783 00052023 00052223 000780e7 00042503 f60516e3 01812403 fc9ff06f 00000693 fdc18613 0ed626af 00c72683 00b12623 04969663 00e12423 f1402573 9ddff0ef 00812703 00c12583 fdc18813 fdc18693 0e86a6af fe069ce3 00472703 ee0702e3 00482603 ecc716e3 ed9ff06f 00852783 f2f6f4e3 01812403 f69ff06f 00070513 00e12423 000680e7 00c12583 00812703 fdc18813 fb9ff06f fd41a503 00008067 ff010113 00112623 00100793 00f52423 00012737 000127b7 00a52023 cc018613 00a52223 fff00693 00052623 55470713 54c78793 00052823 00052a23 02052423 02052623 02052823 02052a23 02050c23 02052e23 02e52223 00062023 00062223 00f62623 00d62423 04d52023 340027f3 2c078863 00100713 fdc18693 0ee6a6af fe069ce3 00062703 2e070e63 fff00893 00000073 fdc18693 0046a703 2c070c63 00072683 00c72023 00e62223 00d62023 00c6a223 00000713 fdc18793 0ee7a72f 340027f3 28078a63 fd41a783 00100e93 00001737 01d787b3 fcf1aa23 000e8593 f0070713 ffe00e13 fff00f13 01000f93 fd41a883 002e9613 00266613 fd818793 0eb7a7af fe079ce3 0ec727af 0037f793 fe079ce3 0ef7282f 40285813 fd818293 0ef2a7af fdc80ce3 03e80063 fd41a783 ff178ee3 001e8e93 fbdffce3 fff00893 00000073 fadff06f fd41a703 cd418793 00100693 00a7a223 00a7a423 00d7a623 18070063 00012737 fd41a603 54470713 0007ac23 0007ae23 02e7a623 16c6f263 fd41a603 0407a423 0407a623 04e7ae23 00200693 14c6f663 fd41a603 0607ac23 0607ae23 08e7a623 00300693 12c6fa63 fd41a603 0a07a423 0a07a623 0ae7ae23 00400693 10c6fe63 fd41a603 0c07ac23 0c07ae23 0ee7a623 00500693 10c6f263 fd41a603 1007a423 1007a623 10e7ae23 00600693 0ec6f663 fd41a603 1207ac23 1207ae23 14e7a623 00700693 0cc6fa63 fd41a603 1607a423 1607a623 16e7ae23 00800693 0ac6fe63 fd41a603 1807ac23 1807ae23 1ae7a623 00900693 0ac6f263 fd41a603 1c07a423 1c07a623 1ce7ae23 00a00693 08c6f663 fd41a603 1e07ac23 1e07ae23 20e7a623 00b00693 06c6fa63 fd41a603 2207a423 2207a623 22e7ae23 00c00693 04c6fe63 fd41a603 2407ac23 2407ae23 26e7a623 00d00693 04c6f263 fd41a603 2807a423 2807a623 28e7ae23 00e00693 02c6f663 fd41a603 2a07ac23 2a07ae23 2ce7a623 00f00693 00c6fa63 fd41a683 2e07a423 2e07a623 2ee7ae23 cc002573 3e700793 02a7f663 3e800613 00000693 00000593 f14f30ef 03200793 02f507b3 00c12083 ccf1a823 01010113 00008067 03200793 02f535b3 3e800613 00000693 02f50533 ee4f30ef 00c12083 00050793 ccf1a823 01010113 00008067 03c22783 00178713 02e22e23 d20794e3 30047073 d21ff06f 03c22783 02078a63 fff78793 02f22e23 d60790e3 30046073 d59ff06f 00c62223 00c62023 00c6a223 d35ff06f 00462703 d00712e3 d09ff06f fff00893 00000073 d31ff06f 00100793 fd818713 0ef7272f fe071ce3 f1402673 00001737 00361613 00566613 f0070713 0ec727af 0037f793 fe079ce3 0ef7262f fd818713 0ef727af 00008067 fd010113 02912223 03212023 01412c23 02112623 02812423 01312e23 00050493 00060a13 00050913 10050063 000167b7 000169b7 af078793 b1898993 41378433 00b40433 00016637 00890433 afc60613 40f60633 00078593 00040513 00d12623 00c12423 e28f70ef 00812603 000167b7 afc78793 00c40533 00000593 40f98633 c68f70ef 0014b493 409004b3 000127b7 00997933 55478793 ff242423 fcf42e23 fa042c23 fa042e23 fc042023 fc042223 fc042423 fc042623 fe042023 fe042223 fb840513 f1402673 ff057593 00c12683 fff64613 f7458793 00013737 fec42623 fe040823 fe042a23 fef42c23 02c12083 02812403 46c70713 f6e5aa23 00800713 f945a623 f8d5a423 fe05a423 fee5a623 02412483 02012903 01c12983 01812a03 03010113 00008067 00058513 00d12623 00b12423 c04f60ef 00812583 00c12683 00050913 ee0514e3 fff00893 00000073 eddff06f 340027f3 10078863 00450a63 04052783 00078663 fd41a783 00f5e663 fff00893 00000073 00c52783 02078e63 00100713 0ee7a6af 00c52783 fe069ce3 00452703 30a70663 0087a683 34d50263 00052683 00d72023 00e6a223 00000713 0ee7a72f 00052623 00852703 00100793 cd418813 1cf70663 03452783 00159313 00b30e33 41f7d793 00b7c7b3 004e1e13 02f52a23 02c50c23 01c807b3 00100713 0ee7a6af fe069ee3 00b30733 00471713 00e80733 00472703 26070863 00072683 00a72023 00e52223 00d52023 00a6a223 00b30733 00471713 00e80733 00c72683 00100893 00a72223 011686b3 00d72623 01152423 f14026f3 00c72603 08d58263 03160863 00000713 0ee7a72f 340027f3 24078463 00008067 03c22783 00178713 02e22e23 ee0794e3 30047073 ee1ff06f 00872703 fc0718e3 0ee7a72f 000016b7 00259593 0025e593 f0068693 ffe00813 fd818793 0ec7a7af fe079ce3 0eb6a7af 0037f793 fe079ce3 0ef6a52f fd818893 0ef8a7af 40255793 fd078ce3 f91ff06f 00000693 0ed7a6af 00200793 f8f610e3 01072783 01472703 fe010113 00112e23 00e7e7b3 18079863 c8002773 c00026f3 c80027f3 fef71ae3 00b307b3 00479793 00f807b3 00c7a583 cd01a603 018e0513 00a80533 02b65633 00f12623 00d605b3 00c5b633 00e60633 00c12423 00b12223 8ccff0ef 00c12783 00412583 00812603 00b7a823 00c7aa23 340027f3 00078863 01c12083 02010113 00008067 03c22783 14078e63 fff78793 02f22e23 fe0792e3 30046073 01c12083 02010113 00008067 03452783 41f7de13 00fe4e33 001e1e93 01ce87b3 00479793 00f807b3 0ee7a6af fe069ee3 01ce8733 00452883 00471713 00e80733 00872683 12a88063 00472303 0ea30a63 00052703 00e8a023 01172223 01ce8733 00471713 00e80733 00c72303 00000893 fff30313 00672623 0f17a8af f14027f3 41c787b3 40a68733 00f037b3 00173713 00e7f7b3 da0788e3 002e1893 000016b7 0028e893 f0068693 00100313 ffe00f93 fd818793 0e67a7af fe079ce3 0f16a7af 0037f793 fe079ce3 0ef6af2f fd818293 0ef2a7af 402f5793 fdf78ce3 01ce87b3 00479793 00f807b3 0087a783 d4a79ce3 0000006f 00a52223 00a52023 da1ff06f fff00893 00000073 c8002773 c00026f3 c80027f3 e6f710e3 e6dff06f 0007a423 d09ff06f 03c22783 04078263 fff78793 02f22e23 da0796e3 30046073 00008067 01172223 f0dff06f fff00893 00000073 01c12083 02010113 00008067 00e7a423 cbdff06f 00072223 ef5ff06f fff00893 00000073 00008067 340027f3 08078263 00c52783 02078e63 00100713 0ee7a6af 00c52783 fe069ce3 00452703 10a70e63 0087a683 12d50863 00052683 00d72023 00e6a223 00000713 0ee7a72f 00052623 00852703 00100793 04f70863 00070663 fff00893 00000073 340027f3 00078463 00008067 03c22783 0e078063 fff78793 02f22e23 fe0796e3 30046073 00008067 03c22783 00178713 02e22e23 f6079ae3 30047073 f6dff06f 03452883 cd418813 00189313 011307b3 00479793 00f807b3 0ee7a6af fe069ee3 01130733 00452603 00471713 00e80733 00872683 08a60863 00472583 06a58663 00052703 00e62023 00c72223 01130733 00471713 00e80733 00c72583 00000613 fff58593 00b72623 0ec7a62f f14027f3 40f887b3 40a68733 00f037b3 00173713 00e7f7b3 04079463 00052423 00052023 00052223 340027f3 f20798e3 f31ff06f 0007a423 ef9ff06f 00c72223 f95ff06f fff00893 00000073 00008067 00e7a423 ed1ff06f 00072223 f85ff06f 00289613 00001737 00266613 f0070713 00100593 ffe00e93 fd818793 0eb7a7af fe079ce3 0ec727af 0037f793 fe079ce3 0ef72e2f fd818f13 0eff27af 402e5793 fdd78ce3 011307b3 00479793 00f80833 00882783 f6a794e3 0000006f fe010113 00112e23 340027f3 0e078263 00020513 340027f3 0e078c63 00a12623 e19ff0ef 00c12503 04052023 340027f3 10078663 f1402573 340027f3 12078263 fd41a783 00f56663 fff00893 00000073 f14027f3 06f50263 00251613 00001737 00266613 f0070713 00100593 ffe00813 fd818793 0eb7a7af fe079ce3 0ec727af 0037f793 fe079ce3 0ef7252f fd818893 0ef8a7af 40255793 fd078ce3 340027f3 02078263 fff00893 00000073 01c12083 02010113 00008067 e21fe0ef 340027f3 fe0792e3 03c22783 0a078e63 fff78793 02f22e23 fc0798e3 30046073 fff00893 00000073 01c12083 02010113 00008067 03c22783 00178713 02e22e23 f0079ae3 30047073 00020513 340027f3 f00798e3 03c22783 00178713 02e22e23 f00790e3 30047073 00a12623 d11ff0ef 00c12503 04052023 340027f3 ee079ee3 03c22783 02078c63 fff78793 02f22e23 ee0794e3 30046073 f1402573 340027f3 ee0792e3 03c22783 00178713 02e22e23 ec079ae3 30047073 ecdff06f fff00893 00000073 eb5ff06f fff00893 00000073 fff00893 00000073 01c12083 02010113 00008067 fd010113 02112623 00050713 340027f3 18078c63 00021663 fff00893 00000073 fff00793 18f59e63 18b61c63 03422e03 f14027f3 00fe0663 fff00893 00000073 001e1313 01c30533 00451513 cd418813 00a807b3 00100693 0ed7a62f fe061ee3 01c306b3 00422603 00469693 00d806b3 0046ae83 1c460c63 15d20e63 00022683 00d62023 00c6a223 004ea583 01c306b3 00469693 00d806b3 00c6a603 00b6a223 01d6a423 fff60613 00c6a623 00000693 0ed7a6af 00022423 1a070663 00e22623 00100793 0ef726af fe069ee3 00872783 10078a63 0007a683 0047a023 00f22223 00d22023 0046a223 00000793 0ef727af 01c307b3 00479793 00f807b3 00c7a683 01850513 00100713 00a80533 10d77663 c80027f3 c00026f3 c8002773 fee79ae3 028ea603 02cea703 00e665b3 14058263 00d605b3 00c5b633 00f70733 00e60633 020ea423 020ea623 00612e23 01c12c23 01d12a23 00b12823 00c12623 a4dfe0ef 00c12603 01012583 01412e83 01812e03 01c12303 cd418813 01c30333 00431313 00680833 000e8513 00b82823 00c82a23 da1ed0ef 340027f3 04078e63 02c12083 03010113 00008067 03c22783 00178693 02d22e23 e60796e3 30047073 e59ff06f 01020513 00e12623 9e1fe0ef 00c12703 e5dff06f fff00893 00000073 00422603 e9dff06f 00422223 00422023 00472423 ef9ff06f 03c22783 0a078063 fff78793 02f22e23 f8079ce3 30046073 02c12083 03010113 00008067 0187a783 02078263 00612a23 01c12823 01d12623 ed0fe0ef 01412303 01012e03 00c12e83 cd418813 00000593 00000613 f31ff06f 01d60663 fff00893 00000073 00000593 00000e93 e2dff06f 00022023 00022223 e85ff06f 01c30733 00471713 00e80733 00c72703 cd01a603 02e65633 00d605b3 00c5b633 00f60633 eb5ff06f fff00893 00000073 02c12083 03010113 00008067 00452703 00050793 12470663 fe010113 00112e23 34002773 0e070e63 00c5e733 04071263 00100513 0ea7a52f 16051463 0087a703 0a071863 00100513 0047a223 00a7a423 00000713 0ee7a72f 340027f3 0a078063 00100513 01c12083 02010113 00008067 00100713 0ee7a6af fe069ee3 0087a683 fc0682e3 0147a683 0e068a63 00000713 0ee7a72f fff00713 00c78513 0ce58263 34002773 12070063 c8002773 c0002873 c80026f3 fed71ae3 00b805b3 0105b833 00c70633 00c80633 00f12623 c95ff0ef 34002773 00c12783 0a070663 00100713 0ee7a52f fe051ee3 0087a703 f4070ce3 0ea7a72f 340027f3 f60796e3 03c22783 0a078863 fff78793 02f22e23 f4079ce3 30046073 01c12083 02010113 00008067 03c22703 00170693 02d22e23 ee071ee3 30047073 00c5e733 ee070ce3 f35ff06f 00852883 fff00713 00e89463 00000073 00188893 0117a423 00100513 00008067 f4b610e3 fff00593 fff00613 00f12623 bf1ff0ef 00c12783 f65ff06f 00e7a823 f0dff06f 03c22703 04070a63 fff70713 02e22e23 f40714e3 30046073 f41ff06f 340027f3 00000513 ea079ee3 f51ff06f fff00893 00000073 01c12083 02010113 00008067 03c22703 00170693 02d22e23 ec071ce3 30047073 ed1ff06f fff00893 00000073 ef9ff06f 340027f3 12078663 00452783 00852883 02079e63 14088c63 0388c783 fe010113 00112e23 04078463 0348a583 00088513 00100613 c34ff0ef 340027f3 10078663 01c12083 02010113 00008067 00089663 00852883 fe088ee3 0388c783 00052223 fe010113 00112e23 fc0790e3 340027f3 12078a63 00100793 cbc18713 0ef7272f fe071ce3 fd41a583 14058e63 c7c18e13 000e0813 ce018613 00000593 fff00313 01c0006f fd41a503 0067f663 00078313 00058713 00158593 0ca5fe63 00062783 00082503 03060613 00480813 00a787b3 fc079ae3 00259793 00fe07b3 00100713 06e7a72f 00000713 00f12623 cbc18793 0ee7a72f 0388c603 00088513 b6cff0ef 00c12783 fff00893 0717a72f 340027f3 f20794e3 03c22783 0a078c63 fff78793 02f22e23 f0079ae3 30046073 f0dff06f 03c22783 00178713 02e22e23 ec0796e3 30047073 ec5ff06f 03c22783 06078863 fff78793 02f22e23 ee0794e3 30046073 01c12083 02010113 00008067 340027f3 00078463 00008067 03c22783 04078e63 fff78793 02f22e23 fe0796e3 30046073 00008067 00271793 00fe07b3 00070593 f3dff06f 03c22783 00178713 02e22e23 ec0792e3 30047073 ebdff06f fff00893 00000073 01c12083 02010113 00008067 00000073 e65ff06f fff00893 00000073 00008067 c7c18793 ef5ff06f fb010113 05010793 04812423 03412c23 03812423 03a12023 04112623 04912223 03512a23 00050413 00b12823 00068c13 00070d13 00060a13 00f12e23 340027f3 1a078463 01042a83 014af663 fff00893 00000073 01ac67b3 12078463 00100793 0ef4272f fe071ee3 00442783 00842703 00fa07b3 40e787b3 1efafa63 05212023 03312e23 03712623 03912223 fff00b93 00000c93 00000993 00100913 077c1463 078d1263 01c42783 1a078463 00000793 0ef427af fff00593 fff00613 01440513 8cdff0ef 0f2424af fe049ee3 00442783 00842703 00fa07b3 40e787b3 18faf063 01440513 d31ff0ef 1da9fa63 419c07b3 00fc3c33 413d0d33 418d0d33 00078c13 fb7c00e3 c80024f3 c0002cf3 c80027f3 fef49ae3 01c42703 00000793 16070a63 0ef427af 340027f3 10078863 c80027f3 c0002673 c80026f3 fed79ae3 018605b3 01a787b3 00c5b633 00f60633 01440513 83dff0ef 340027f3 0c078263 c80027f3 c0002773 c80026f3 fed79ae3 41970cb3 01973733 409787b3 40e789b3 f49ff06f 00100493 0e9424af 10049a63 00442783 00842703 00fa07b3 40e787b3 00faea63 0c0a1863 02040513 c6dff0ef 000a0493 00000793 0ef427af 340027f3 04078263 04c12083 04812403 03812a03 03412a83 02812c03 02012d03 00048513 04412483 05010113 00008067 03c22783 00178713 02e22e23 e40798e3 30047073 e49ff06f 03c22783 0a078063 fff78793 02f22e23 fa0798e3 30046073 fa9ff06f 03c22783 08078863 fff78793 02f22e23 f20798e3 30046073 f29ff06f 03c22783 00178713 02e22e23 ee0794e3 30047073 ee1ff06f 01242c23 0ef427af e5dff06f 04012903 03c12983 02c12b83 02412c83 f40a00e3 00c10393 01512623 01412a23 00812c23 e81fd0ef 02040513 b8dff0ef f21ff06f 01242c23 0ee4272f e8dff06f 00000493 f19ff06f fff00893 00000073 f15ff06f fff00893 00000073 ea5ff06f 013d1463 e38ce6e3 04012903 03c12983 02c12b83 02412c83 eddff06f fb010113 03412c23 00078a13 05010793 03312e23 04112623 04812423 02a12223 00b12c23 02c12023 02d10423 00070993 02f12623 340027f3 0e078463 01052683 00160793 00f03733 00c6b5b3 00d12e23 00b77733 0017b793 00070663 fff00893 00000073 0149e733 00f767b3 06078663 03512a23 00100793 02412683 0ef6a72f fe071ce3 02412403 fff00a93 00442703 00842783 40f70733 23560e63 02012783 0cf76663 22079e63 03412a83 00000713 0ee4272f 34002773 08070063 04c12083 04812403 03c12983 03812a03 00078513 05010113 00008067 00100793 0ef527af 20079c63 02412403 04912223 02012483 00442703 00842683 40d70733 22976463 16049e63 00048793 04412483 01440513 00f12623 a29ff0ef 00c12783 f91ff06f 03c22783 00178713 02e22e23 f00798e3 30047073 f09ff06f 03c22703 1c070263 fff70713 02e22e23 f6071ae3 30046073 04c12083 04812403 03c12983 03812a03 00078513 05010113 00008067 04912223 05212023 03612823 00000913 00000b13 00100493 07599863 073a1663 02842783 12078663 00000793 0ef427af 02412403 fff00593 fff00613 02040513 d08ff0ef 0e9426af 02412403 fe069ce3 00442703 00842683 02012783 40d70733 16f77663 02040513 969ff0ef 17497863 416987b3 00f9b9b3 412a0a33 413a0a33 00078993 f9598ce3 c8002973 c0002b73 c80027f3 fef91ae3 02412783 00000713 0287a683 0a068c63 0ee7a72f 340027f3 08078463 02412503 02050513 c8002773 c0002673 c80027f3 fef71ae3 013605b3 01470733 00c5b633 00e60633 c6cff0ef 340027f3 02078c63 c80026f3 c0002773 c80027f3 fef69ae3 41670b33 01673733 412686b3 02412403 40e68933 f39ff06f 01810393 c4dfd0ef e81ff06f 03c22783 0a078063 fff78793 02f22e23 fa079ee3 30046073 fb5ff06f 03c22783 00178713 02e22e23 f60798e3 30047073 f69ff06f 02942223 0ef427af ed9ff06f 0297a223 0ed7a6af f49ff06f 02e12023 00070793 dc0786e3 01810393 00f12623 be5fd0ef 00c12783 03412a83 e19ff06f 00000793 db9ff06f fff00893 00000073 04c12083 04812403 03c12983 03812a03 00078513 05010113 00008067 04412483 d85ff06f fff00893 00000073 f21ff06f 04412483 04012903 03012b03 d61ff06f 012a1463 e93b68e3 04412483 04012903 03412a83 03012b03 00000793 d49ff06f 00452703 00050793 00470663 fff00893 00000073 0087a703 00100693 00e6f863 fff70713 00e7a423 00008067 fe010113 00112e23 34002773 04070463 00100693 0ed7a72f fe071ee3 00c78513 0007a423 0007a223 00e12623 00f12423 f78ff0ef 00812783 00c12703 0ee7a72f 340027f3 02078463 01c12083 02010113 00008067 03c22703 00170693 02d22e23 fa0718e3 30047073 fa9ff06f 03c22783 00078c63 fff78793 02f22e23 fc0796e3 30046073 fc5ff06f fff00893 00000073 fb9ff06f 0000006f 0000006f 0000006f 0000006f 0000006f 0000006f 0000006f 0000006f 0000006f 0000006f 0000006f 0000006f 0000006f 0000006f fd010113 01512a23 0145da93 02812423 02912223 03212023 01312e23 01612823 01712623 00050b13 00050413 00c59493 02112623 01412c23 7ffaf513 00060b93 00068913 00c4d493 01f5d993 38050463 7ff00793 3ef50663 01db5693 00349493 0096e6b3 008007b7 00f6ea33 003b1413 c0150a93 00000b13 01495713 00c91493 7ff77713 000b8893 00c4d493 01f95913 3e070463 7ff00793 44f70663 01dbd793 00349493 00f4e4b3 008007b7 00f4e7b3 003b9893 c0170713 00000693 40ea8533 002b1713 00d76733 00700613 0129c833 44e64263 00100613 60c70463 ffe70593 00500313 44b37a63 0147e663 4b146063 48fa1e63 01fa1693 00145713 01f41293 001a5a13 00e6e433 00879e13 0188d613 01c66633 010e5e13 03ca57b3 01061e93 010ede93 01045713 00889593 03ca76b3 02fe8333 01069693 00d76733 00677a63 00e60733 00c76463 44676863 fff78793 40670733 03c75333 01041693 0106d693 03c77733 026e8f33 01071713 00e6e733 01e77a63 00e60733 01e77463 42c77463 fff30313 01079793 0067e7b3 01079693 01059f93 0107d393 0106d693 010fdf93 41e70733 0105df13 03f68433 03f384b3 01045313 02df06b3 03e383b3 009686b3 00d30333 00937663 000106b7 00d383b3 01035693 01041413 01031313 01045413 007686b3 00830333 00d76663 02d71e63 0262fc63 00b283b3 0053b433 00c40933 01270733 fff78493 00038293 00e66663 00e61a63 00041863 38d76c63 0063f463 38e68863 00048793 40628333 40d70733 0062b2b3 40570733 fff00413 0ee60a63 03c75433 01035693 03c77733 028e82b3 01071713 00e6e6b3 0056fa63 00d606b3 0056f463 36c6f263 fff40413 405686b3 03c6d2b3 01031713 01075713 03c6f6b3 025e8eb3 01069693 00d76733 01d77a63 00e60733 01d77463 32c77e63 fff28293 01041413 00546433 01041693 0106d693 01045e13 41d70733 02df8eb3 03cf8fb3 03cf0e33 02df0f33 010ed693 01ff0f33 01e686b3 01f6f663 00010337 006e0e33 0106d313 010e9e93 01069693 010ede93 01c30333 01d686b3 00676663 30671463 2e068c63 00e60e33 fff40e93 000e0713 00ce6863 2c6e6663 2e6e1463 2cd5e263 00058893 000e8413 2cd89e63 2c671c63 3ff50713 2ee05463 00747693 02068063 00f47693 00400613 00c68a63 00c406b3 0086b633 00c787b3 00068413 00779693 0006da63 ff000737 fff70713 00e7f7b3 40050713 7fe00693 36e6c463 01d79613 00345413 00866633 0037d793 02c12083 02812403 00c79793 01471713 00c7d793 00f76733 01f81813 02412483 02012903 01c12983 01812a03 01412a83 01012b03 00c12b83 00060513 010765b3 03010113 00008067 0164ea33 080a0063 04048063 00048513 ae5f40ef 00050793 ff550713 01d00693 ff878613 40e686b3 00c494b3 00db56b3 0096ea33 00cb14b3 c0d00513 40f50ab3 00048413 c5dff06f 000b0513 aa9f40ef 01550713 01c00693 02050793 fce6d0e3 ff850693 00db1a33 fd1ff06f 0164ea33 020a1263 00000413 00050a93 00200b13 c25ff06f 00000413 00000a93 00100b13 c15ff06f 00048a13 00050a93 00300b13 c05ff06f 0174e7b3 06078e63 04048063 00048513 a41f40ef 00050693 ff550713 01d00793 ff868613 40e787b3 00c494b3 00fbd7b3 0097e7b3 00cb94b3 c0d00713 40d70733 00048893 bfdff06f 000b8513 a05f40ef 01550713 01c00793 02050693 fce7d0e3 ff850793 00fb97b3 fd1ff06f 0174e7b3 02079063 00000893 00200693 bc9ff06f 00000893 00000713 00100693 bb9ff06f 00048793 00300693 badff06f ff670713 00500613 1ce66263 00016637 00271713 a6460613 00c70733 00072703 00070067 00e61633 05467593 04059063 08867613 0c061263 b8671ee3 000807b7 7ff00713 00000813 e31ff06f 00098813 000a0793 00200713 16eb0a63 00300713 16eb0063 00100713 daeb1ae3 00000793 00000613 10c0006f fff50513 00000293 b75ff06f ffe78793 00c70733 bb1ff06f ffe30313 00c70733 bd9ff06f 007582b3 00b2b3b3 00c383b3 ffe78793 00770733 c65ff06f ffe40413 00c686b3 c9dff06f ffe28293 00c70733 cc5ff06f 00989893 00b8b5b3 00c585b3 ffe40413 00be0733 d35ff06f 00000893 d2dff06f 000e8413 00146413 d29ff06f 00090813 00088413 00068b13 f51ff06f 08070063 fc900693 f4d74ee3 fe200693 06d74c63 00100693 40e686b3 41e50513 00d45733 00a41433 00803433 00a79533 00a46433 00876733 00d7d7b3 00777693 02068063 00f77693 00400613 00c68a63 00c706b3 00e6b633 00c787b3 00068713 00879693 0606c863 01d79613 00375713 00e66633 0037d793 00000713 cf5ff06f 00100693 f99ff06f fe100593 40e586b3 00d7d6b3 00000613 00b70663 43e50513 00a79633 00866633 00c03633 00c6e733 00000793 f89ff06f 000807b7 00000613 e79ff06f 00000793 00000613 7ff00713 ca1ff06f 00000793 00000613 00100713 c91ff06f 0145d813 00c59793 00c69713 0146d893 7ff87813 7ff00313 00c7d793 01f5de93 00c75713 7ff8f893 01f6de13 00681c63 00a7ef33 000f0863 00100713 00070513 00008067 00689663 00c76733 fe0716e3 00b6c6b3 00169693 fe0690e3 fcc51ee3 00000713 fdce8ce3 fc0818e3 00a7e7b3 00f03733 fc9ff06f 0145d313 00c59893 00c69713 0146d813 7ff37313 7ff00793 00c8d893 01f5d593 00c75713 7ff87813 01f6d693 04f30263 7ff00e13 00080793 01c81663 00c76e33 020e1c63 00000e13 00031663 00a8ee33 001e3e13 06081263 00c76eb3 020e0463 000e8e63 00169793 fff78793 0100006f 00a8e7b3 fa078ee3 00200793 00078513 00008067 020e9c63 40b005b3 0015e793 fedff06f fd0348e3 ff1768e3 00a67463 fee884e3 00c56663 00000793 fce8f8e3 00159793 fb5ff06f fa0e16e3 fcb696e3 fc685ae3 40d006b3 0016e793 fb1ff06f 00c59713 0145d593 00c69793 7ff5f593 0146d693 7ff00813 00c75713 00c7d793 7ff6f693 01059863 00a76733 00100513 00071a63 00000513 01069663 00c7e7b3 00f03533 00008067 ff010113 00812423 00112623 00050413 06050063 e24f40ef 41e00713 00a00793 40a70733 02a7ce63 00b00793 40a787b3 01550513 00f457b3 00a41433 00c12083 00040513 00812403 00c79793 01471713 00c7d793 00f765b3 01010113 00008067 ff550513 00a417b3 00000413 fd1ff06f 00000793 00000713 fc5ff06f 00c52583 00852783 fe010113 00452703 00052683 00f12423 00f12c23 01059793 0107d793 00f12e23 00159793 00e12223 00b12623 00e12a23 00d12023 0117d713 00d12823 01f5d593 01010613 01c10793 0007a503 ffc7a803 ffc78793 00351513 01d85813 01056533 00a7a223 fef612e3 00369513 00170693 01169813 00a12823 01285813 1e080c63 ffffc6b7 40068693 00d70733 7fe00693 28e6c863 04e05463 01812803 01c12783 01412603 01c85693 00479793 00d7e7b3 00461693 00a6e6b3 01c65613 00481813 00d036b3 01066633 00c6e6b3 0076f613 22061c63 00068613 2000006f fcc00693 20d74e63 01c12e03 000806b7 00060813 00de6e33 03d00693 40e68733 40575e93 01c12e23 01f77713 00000513 00000693 00082883 00150513 00480813 0116e6b3 feae98e3 002e9813 02071663 01060833 00082703 ffee8793 0017b793 00e12823 00200713 00ee9463 01c12a23 00178793 0480006f 01060533 00052503 02000313 40e30333 00651533 00a6e6b3 00300513 41d50533 00f807b3 00000f13 0de51863 00251513 00400793 00a60533 00ee5733 41d787b3 00e52023 00400713 40f70733 00279793 00f60633 00271793 00800713 00e7ea63 00062023 00062223 ff878793 00e60633 00400713 00e7e463 00062023 01012783 00d036b3 00f6e6b3 01412783 00f6e633 12061a63 00000793 00000713 00365613 01d79693 00c6e6b3 7ff00613 0037d793 00c71e63 00f6e6b3 00000793 00068863 00000593 000807b7 00000693 7ff77713 00c79793 00c7d793 01471713 01f59593 00f76733 00b767b3 00068513 00078593 02010113 00008067 0007a883 0047af83 410782b3 00e8d8b3 006f9fb3 01f8e8b3 0112a023 001f0f13 00478793 f0dff06f 01412683 01812783 01c12803 00f6e633 01066633 00a66633 02071063 00000793 00100693 f4060ce3 00468613 00d636b3 00d787b3 0300006f 08060263 00479713 01c6d693 01c7d793 00481813 00e6e6b3 0107e7b3 00400737 00e7e7b3 ff86f613 7ff00713 00879693 f006dae3 00170713 7ff00693 04d70863 ff8006b7 fff68693 00d7f7b3 ef9ff06f 00000713 00100693 00000793 00f6f613 00400513 f8a616e3 dc1ff06f 00000713 db1ff06f 00000793 00000613 7ff00713 ec5ff06f 00000793 ff5ff06f 00000793 00000613 eb1ff06f 00014380 00014384 00014388 0001438c 00014390 00014394 00014398 0001439c 000143a0 000143a4 000143b4 00011fdc 000143a8 000143ac 000143b4 000143b0 64255b1b 4864253b 38345b1b 253b323b 64253b64 6d64253b 00000020 64255b1b 4864253b 38345b1b 253b323b 64253b64 6d64253b 38335b1b 253b323b 64253b64 6d64253b 008396e2 323f5b1b 00006c35 00485b1b 38345b1b 313b353b 5b1b6d36 353b3833 6d35313b 00000000 4a325b1b 00000000 64255b1b 4864253b 00000000 323f5b1b 00006835 706d6f43 6574656c 75252064 20752578 25206e69 736d2075 20796220 74207525 61657268 29732864 0000000a 69666e49 7974696e 00000000 004e614e 00000030 6c6c6142 7320636f 65636375 64656465 00000000 6d6f682f 74772f65 65626d61 636f442f 6e656d75 722f7374 2d757076 6c697562 2e2e2f64 7076722f 77732f75 7369722f 672d7663 742d756e 636c6f6f 6e696168 77656e2f 2f62696c 6c77656e 6c2f6269 2f636269 6c647473 642f6269 2e616f74 00000063 6d6f682f 74772f65 65626d61 636f442f 6e656d75 722f7374 2d757076 6c697562 2e2e2f64 7076722f 77732f75 7369722f 672d7663 742d756e 636c6f6f 6e696168 77656e2f 2f62696c 6c77656e 6c2f6269 2f636269 6c647473 6d2f6269 63657270 0000632e 00464e49 00666e69 004e414e 006e616e 33323130 37363534 42413938 46454443 00000000 33323130 37363534 62613938 66656463 00000000 6c756e28 0000296c 7566202c 6974636e 203a6e6f 00000000 65737361 6f697472 2522206e 66202273 656c6961 66203a64 20656c69 22732522 696c202c 2520656e 25732564 00000a73 00000043 49534f50 00000058 0000002e 3d3d3d3d 504f4f20 50432053 00000055 00783020 3d3d3d20 00000a3d 3f800000 bf800000 7149f2ca 40800000 41200000 c1200000 c1f00000 3e99999a 3e4ccccd 3dcccccd 447a0000 3f333333 3f4ccccd 3f000000 3a83126f c0400000 c1800000 40000000 3f19999a 3ecccccd 42480000 bfc00000 c1400000 3fc00000 42fa0000 bf000000 c1900000 40400000 3f666666 40e00000 40a00000 430e0000 c1a00000 41a00000 41f00000 c1c80000 3fe66666 3fd9999a 44ea6000 c22d3480 437f0000 3f15c000 35d1cfdc c3160000 43000000 3fb8aa00 36eca570 3e800000 3eaaaaab 3fb8aa3b 4b800000 3e53f142 3e6c3255 3e8ba305 3edb6db7 3f764000 3f76384f b8f623c6 3338aa3c 3f317200 3f317218 35bfbe8c 3331bb4c 35ddea0e 388ab355 3b360b61 3e2aaaab 4c000000 0da24260 f149f2ca 8da24260 33000000 10000000 70000000 d2f1a9fc 3f50624d 00000000 3fe00000 00000000 408f4000 00000000 3ff00000 00000000 40440000 00000000 40390000 00000000 3ff80000 636f4361 3fd287a7 8b60c8b3 3fc68a28 509f79fb 3fd34413 00000000 40240000 00000000 401c0000 00000000 40140000 ffffffff 7fefffff 0da24260 3f800000 000084a8 00008540 000084f0 000084f0 000084f0 000084a8 02020100 03030303 04040404 04040404 05050505 05050505 05050505 05050505 06060606 06060606 06060606 06060606 06060606 06060606 06060606 06060606 07070707 07070707 07070707 07070707 07070707 07070707 07070707 07070707 07070707 07070707 07070707 07070707 07070707 07070707 07070707 07070707 08080808 08080808 08080808 08080808 08080808 08080808 08080808 08080808 08080808 08080808 08080808 08080808 08080808 08080808 08080808 08080808 08080808 08080808 08080808 08080808 08080808 08080808 08080808 08080808 08080808 08080808 08080808 08080808 08080808 08080808 08080808 08080808 00000005 00000019 0000007d 00000000 37e08000 4341c379 b5056e17 4693b8b5 e93ff9f5 4d384f03 f9301d32 5a827748 7f73bf3c 75154fdd 00000000 3ff00000 00000000 40240000 00000000 40590000 00000000 408f4000 00000000 40c38800 00000000 40f86a00 00000000 412e8480 00000000 416312d0 00000000 4197d784 00000000 41cdcd65 20000000 4202a05f e8000000 42374876 a2000000 426d1a94 e5400000 42a2309c 1e900000 42d6bcc4 26340000 430c6bf5 37e08000 4341c379 85d8a000 43763457 674ec800 43abc16d 60913d00 43e158e4 78b58c40 4415af1d d6e2ef50 444b1ae4 064dd592 4480f0cf c7e14af6 44b52d02 79d99db4 44ea7843 0000e6b8 0000e05c 0000e05c 0000e6d0 0000e05c 0000e05c 0000e05c 0000e05c 0000e05c 0000e05c 0000e26c 0000e9d8 0000e05c 0000e284 0000e9e8 0000e05c 0000e920 0000e024 0000e024 0000e024 0000e024 0000e024 0000e024 0000e024 0000e024 0000e024 0000e05c 0000e05c 0000e05c 0000e05c 0000e05c 0000e05c 0000e05c 0000e05c 0000e05c 0000e05c 0000ea4c 0000e290 0000e05c 0000e290 0000e05c 0000e05c 0000e05c 0000e05c 0000e92c 0000e05c 0000e05c 0000e7f8 0000e05c 0000e05c 0000e05c 0000e05c 0000e05c 0000e938 0000e05c 0000e05c 0000ea84 0000e05c 0000e05c 0000e05c 0000e05c 0000e05c 0000e05c 0000e05c 0000e05c 0000e05c 0000e05c 0000e9a4 0000e644 0000e290 0000e290 0000e290 0000ea40 0000e644 0000e05c 0000e05c 0000e260 0000e05c 0000e8f0 0000e76c 0000e824 0000e260 0000e05c 0000e6dc 0000e05c 0000e734 0000e05c 0000e05c 0000f3a8 30303030 30303030 30303030 30303030 20202020 20202020 20202020 20202020 00010ec8 000109c4 000109c4 00010ee0 000109c4 000109c4 000109c4 000109c4 000109c4 000109c4 00010af4 00010eec 000109c4 00010b04 00010b84 000109c4 00010efc 0001098c 0001098c 0001098c 0001098c 0001098c 0001098c 0001098c 0001098c 0001098c 000109c4 000109c4 000109c4 000109c4 000109c4 000109c4 000109c4 000109c4 000109c4 000109c4 00010f08 000109c4 000109c4 000109c4 000109c4 000109c4 000109c4 000109c4 000109c4 000109c4 000109c4 00010d58 000109c4 000109c4 000109c4 000109c4 000109c4 00010e14 000109c4 000109c4 00010f7c 000109c4 000109c4 000109c4 000109c4 000109c4 000109c4 000109c4 000109c4 000109c4 000109c4 00010e54 00010b20 000109c4 000109c4 000109c4 00010f70 00010b20 000109c4 000109c4 00010ae8 000109c4 00010d30 00010bd0 00010c50 00010ae8 000109c4 00010cd8 000109c4 00010e7c 000109c4 000109c4 00011400 30303030 30303030 30303030 30303030 20202020 20202020 20202020 20202020 20202000 20202020 28282020 20282828 20202020 20202020 20202020 20202020 10108820 10101010 10101010 10101010 04040410 04040404 10040404 10101010 41411010 41414141 01010101 01010101 01010101 01010101 01010101 10101010 42421010 42424242 02020202 02020202 02020202 02020202 02020202 10101010 00000020 00000000 00000000 00000000 00000000 00000000 00000000 00000000 00000000 00000000 00000000 00000000 00000000 00000000 00000000 00000000 00000000 00000000 00000000 00000000 00000000 00000000 00000000 00000000 00000000 00000000 00000000 00000000 00000000 00000000 00000000 00000000 00000000 00014a8c 000149c4 00014918 00014918 00014918 00014a8c 00000010 00000000 00527a03 01017c01 00020c1b 00000010 00000018 ffff0940 000003ec 00000000 00000000 00000000 00000000 00000000 00000000 00000000 00000000 00000000 00000000 00000000 00000000 00000000 00000000 00000000 00000000 00000000 00000000 00000000 00000000 00016320 000162b8 00016250 00001378 00001688 00001640 00000000 00000000 00000000 00000000 00000000 00000000 00000000 00000001 00000000 00000000 00000000 00000000 00000000 00000000 00000003 00000004 ffffffff 00020000 00000000 00000000 00015b50 00015b50 00015b58 00015b58 00015b60 00015b60 00015b68 00015b68 00015b70 00015b70 00015b78 00015b78 00015b80 00015b80 00015b88 00015b88 00015b90 00015b90 00015b98 00015b98 00015ba0 00015ba0 00015ba8 00015ba8 00015bb0 00015bb0 00015bb8 00015bb8 00015bc0 00015bc0 00015bc8 00015bc8 00015bd0 00015bd0 00015bd8 00015bd8 00015be0 00015be0 00015be8 00015be8 00015bf0 00015bf0 00015bf8 00015bf8 00015c00 00015c00 00015c08 00015c08 00015c10 00015c10 00015c18 00015c18 00015c20 00015c20 00015c28 00015c28 00015c30 00015c30 00015c38 00015c38 00015c40 00015c40 00015c48 00015c48 00015c50 00015c50 00015c58 00015c58 00015c60 00015c60 00015c68 00015c68 00015c70 00015c70 00015c78 00015c78 00015c80 00015c80 00015c88 00015c88 00015c90 00015c90 00015c98 00015c98 00015ca0 00015ca0 00015ca8 00015ca8 00015cb0 00015cb0 00015cb8 00015cb8 00015cc0 00015cc0 00015cc8 00015cc8 00015cd0 00015cd0 00015cd8 00015cd8 00015ce0 00015ce0 00015ce8 00015ce8 00015cf0 00015cf0 00015cf8 00015cf8 00015d00 00015d00 00015d08 00015d08 00015d10 00015d10 00015d18 00015d18 00015d20 00015d20 00015d28 00015d28 00015d30 00015d30 00015d38 00015d38 00015d40 00015d40 00015d48 00015d48 00015d50 00015d50 00015d58 00015d58 00015d60 00015d60 00015d68 00015d68 00015d70 00015d70 00015d78 00015d78 00015d80 00015d80 00015d88 00015d88 00015d90 00015d90 00015d98 00015d98 00015da0 00015da0 00015da8 00015da8 00015db0 00015db0 00015db8 00015db8 00015dc0 00015dc0 00015dc8 00015dc8 00015dd0 00015dd0 00015dd8 00015dd8 00015de0 00015de0 00015de8 00015de8 00015df0 00015df0 00015df8 00015df8 00015e00 00015e00 00015e08 00015e08 00015e10 00015e10 00015e18 00015e18 00015e20 00015e20 00015e28 00015e28 00015e30 00015e30 00015e38 00015e38 00015e40 00015e40 00015e48 00015e48 00015e50 00015e50 00015e58 00015e58 00015e60 00015e60 00015e68 00015e68 00015e70 00015e70 00015e78 00015e78 00015e80 00015e80 00015e88 00015e88 00015e90 00015e90 00015e98 00015e98 00015ea0 00015ea0 00015ea8 00015ea8 00015eb0 00015eb0 00015eb8 00015eb8 00015ec0 00015ec0 00015ec8 00015ec8 00015ed0 00015ed0 00015ed8 00015ed8 00015ee0 00015ee0 00015ee8 00015ee8 00015ef0 00015ef0 00015ef8 00015ef8 00015f00 00015f00 00015f08 00015f08 00015f10 00015f10 00015f18 00015f18 00015f20 00015f20 00015f28 00015f28 00015f30 00015f30 00015f38 00015f38 00015f40 00015f40 00015f48 00015f48 00000000 00000003 00016250 00016540 00000043 00000000 00000000 00000000 00000000 00000000 00000000 00000000 00000043 00000000 00000000 00000000 00000000 00000000 00000000 00000000 00000043 00000000 00000000 00000000 00000000 00000000 00000000 00000000 00000043 00000000 00000000 00000000 00000000 00000000 00000000 00000000 00000043 00000000 00000000 00000000 00000000 00000000 00000000 00000000 00000043 00000000 00000000 00000000 00000000 00000000 00000000 00000000 00000043 00000000 00000000 00000000 00000000 00000000 00000000 00000000 0001194c 000118e8 00000000 00015960 00015280 00015240 00015240 00015240 00015240 00015240 00015240 00015240 00015240 00015240 ffffffff ffffffff ffffffff 0000ffff 53410001 00494943 00000000 00000000 00000000 00000000 00000000 00000000 53410000 00494943 00000000 00000000 00000000 00000000 00000000 00000000 00000000 00000001 000160dc 00011b00 00000003 000160e8 00000000 00011bc0 00011bc0 