00010197 17818193 00001297 7a828293 30529073 30047073 000012b7 80028293 30429073 34001073 f1402473 04040663 ed018493 0004a283 fe541ee3 00010117 8d412103 e0010113 00000213 2b50d0ef 0004a283 00128293 0054a023 00941413 20040413 00010117 03410113 00810133 30046073 10500073 00010617 89062603 02061863 00010597 88458593 00010617 8ec60613 40b60633 40c10133 00010513 00010297 86c2a423 21c0c0ef 0180006f 00010517 85850513 40c10133 00010593 2040c0ef 00010517 8b450513 00012617 fcc60613 40a60633 00000593 1cc0c0ef 00010517 81c50513 00010617 81c60613 40a60633 40c10133 00010513 00000593 1a80c0ef 0000f597 7ec58593 0000f617 7f060613 40b60633 40c10133 00010513 1a40c0ef fb810113 00010213 ff017113 00012317 f6830313 0000f297 7c62aa23 0000f297 7c22a823 00020513 0410d0ef 0000c517 0c850513 51c0b0ef 0280c0ef 00000513 00000593 00000613 034000ef 0040006f ff010113 00000593 00812423 00112623 00050413 22c0c0ef 9901a783 00078463 000780e7 00040513 2cd0c0ef b6010113 00058613 00a12e23 01c10593 06210513 48112e23 48812c23 48912a23 49212823 49312623 49412423 49512223 49612023 47712e23 47812c23 47912a23 47a12823 47b12623 398060ef 00100513 690050ef 02a11023 00200513 684050ef 02a11123 00300513 678050ef 02a11223 00400513 66c050ef 02a12e23 00500513 660050ef 00051463 00700513 02012783 04a12023 5c0788e3 00100713 00e79463 45c0106f 00000c93 02010413 03810493 7d000913 01000993 00700513 624050ef 01051593 4105d513 020500e3 00a4a023 7f1050ef 004c9613 019606b3 02012883 00269813 01010b33 02ab2423 ff14a423 02411b83 04012c03 00700513 037b1223 060b1023 058b2023 5d8050ef 01051d93 410dd513 001c8c93 04448d13 7c050c63 04a4a223 79d050ef 004c9a93 019a8e33 02012f03 002e1e93 01d107b3 02a7a423 ffed2423 02411283 04012703 00700513 02579223 06079023 04e7a023 584050ef 01051313 41035513 001c8493 78051e63 052d2223 7d000513 749050ef 00449393 009385b3 02012803 00259613 00c108b3 02a8a423 030d2623 02411a03 04012b03 00700513 03489223 06089023 0568a023 530050ef 01051513 41055513 002c8b93 74051063 092d2423 7d000513 004b9c13 6f1050ef 017c0db3 02012e03 002d9a93 01510f33 02af2423 07cd2823 02411f83 04012783 060f1023 03ff1223 04ff2023 003c8c93 0ccd0493 eb3c98e3 0027fd13 01a03933 0017f293 0047fb93 01228c33 000b8863 001c0993 01099713 01075c13 03812383 07c12b03 0c012d83 10412a03 14812f83 18c12783 1d012f03 21412e83 25812e03 29c12303 2e012883 32412803 36812503 3ac12583 3f012603 43412683 0383dcb3 00000393 038b54b3 038ddab3 038a5733 038fd9b3 03912c23 0387d933 06912e23 038f5b33 0d512023 038eddb3 10e12223 038e5a33 15312423 03835fb3 19212623 0388d7b3 1d612823 03885f33 21b12a23 03855eb3 25412c23 0385de33 29f12e23 03865333 2ef12023 0386dc33 33e12223 37d12423 3bc12623 3e612823 43812a23 2c029ee3 120d1ee3 200b96e3 02840913 46840c13 ff892583 0015f313 78031063 0025f893 74089863 0045f513 5e051863 03c92b03 04490913 001b7693 60069063 002b7713 60071c63 004b7f13 620f1e63 03c92f83 04490d13 001ffe93 640e9663 002ffe13 660e1263 004ffa13 680a1463 08092603 08890993 00167b93 680b9c63 00267313 6a031863 00467593 6c059a63 0cc90913 f98910e3 03c12c03 240c1a63 00010537 3d052d03 3d452c83 00100d93 03b12e23 03c12683 00269713 00d704b3 00149393 02712e23 545050ef 03c12a83 04012c23 04012e23 1c0a8663 00100593 00040513 568010ef 05815583 360050ef 04a11c23 fff00593 00040513 550010ef 05815583 348050ef 01051293 0102db13 01051f13 01eb6eb3 05d12c23 19ba8463 00100993 413a8e33 003e7f93 0a0f8863 073f8a63 00200a13 034f8c63 00098593 00040513 508010ef 05815583 000a0993 2fc050ef fff00593 04a11c23 00040513 4ec010ef 05815583 2e4050ef 04a11c23 00100593 00040513 4d4010ef 05815583 00198993 2c8050ef fff00593 04a11c23 00040513 4b8010ef 05815583 2b0050ef 04a11c23 00100593 00040513 4a0010ef 05815583 00198993 294050ef fff00593 04a11c23 00040513 484010ef 05815583 27c050ef 04a11c23 0d3a8663 00100593 00040513 468010ef 05815583 00498993 25c050ef 04a11c23 fff00593 00040513 44c010ef 05815583 244050ef 00100593 04a11c23 00040513 434010ef 05815583 22c050ef fff00593 04a11c23 00040513 41c010ef 05815583 214050ef 00100593 04a11c23 00040513 404010ef 05815583 1fc050ef fff00593 04a11c23 00040513 3ec010ef 05815583 1e4050ef 00100593 04a11c23 00040513 3d4010ef 05815583 1cc050ef fff00593 04a11c23 00040513 3bc010ef 05815583 1b4050ef 04a11c23 f33a9ee3 409050ef 4a5050ef 4e1050ef 000d0613 000c8693 00050913 00058b93 52d090ef de0548e3 00090513 000b8593 3ad0a0ef 08050ae3 00a00313 02a358b3 03c12803 00188793 02f80633 02c12e23 31d050ef 000114b7 9404a583 01000c13 4abc7c63 9584a023 00000a13 004a1513 03c12d03 04012d83 01450cb3 002c9693 00d103b3 00d40533 03a3ae23 05b3a023 001a0a93 4b9050ef 9404a983 010a9293 0102db13 004b1f13 0b3b7a63 03c12e83 04012f83 016f0e33 002e1a13 01410933 01440533 03d92e23 05f92023 001b0b93 47d050ef 9404a983 010b9313 01035c13 004c1893 073c7c63 03c12803 04012603 018887b3 00279593 00b10d33 00b40533 030d2e23 04cd2023 001c0c93 441050ef 9404a983 010c9d93 010dda93 004a9713 033afe63 03c12683 04012283 015703b3 00239b13 01610eb3 01640533 02deae23 045ea023 409050ef 001a8e13 9404a983 010e1f93 010fda13 f13a6ae3 14098463 00000d13 004d1b93 01ab8333 00231c13 01840533 479050ef 001d0913 9404a803 01091893 0108dd13 004d1793 110d7c63 01a78633 00261593 00b40533 451050ef 001d0513 9404aa83 01051c93 010cdd93 004d9713 0f5df863 01b706b3 00269393 00740533 429050ef 001d8293 9404af03 01029b13 010b5a13 004a1e93 0dea7463 014e8e33 002e1f93 01f40533 401050ef 001a0993 9404a303 01099b93 010bdc13 004c1913 0a6c7063 018908b3 00289d13 01a40533 3d9050ef 001c0813 9404a603 01081793 0107dc93 004c9593 06ccfc63 01958533 00251d93 01b40533 3b1050ef 001c8a93 9404a683 010a9713 01075b13 004b1393 04db7863 016382b3 00229a13 01440533 389050ef 001b0f13 9404ae03 010f1e93 010ed993 00499f93 03c9f463 013f8bb3 002b9c13 01840533 361050ef 00198313 9404a883 01031913 01095d13 ed1d62e3 169050ef 205050ef 00050913 02011503 00058b13 00000593 570050ef 00050593 02211503 564050ef 00050593 02411503 558050ef 00050593 03811503 54c050ef 00008837 b0580793 00050a93 4cf50ee3 22a7f663 000093b7 a0238293 485506e3 0000fbb7 9f5b8313 5c651c63 00010d37 e70d0513 2a40b0ef 000098b7 000027b7 fd778c93 e3a88813 0000e637 01012223 01912423 71460c13 00300593 00412d03 00812c83 01812023 00b12c23 2280006f 0124a023 7d000513 fe0ff06f 0524a223 7d000513 829ff06f 08ad2423 8c9ff06f 04ad2223 86dff06f fec92603 fd891583 03812503 04490913 401040ef ff892b03 001b7693 a00684e3 fd891603 fe492583 03812503 5c5010ef ff892b03 fea92e23 002b7713 9e0708e3 fda91483 fd891383 fe892583 03812503 01049293 00090693 0072e633 5b5030ef ff892b03 004b7f13 9c0f06e3 fec92603 fd891583 03812503 04490d13 395040ef ff8d2f83 001ffe93 9a0e8ee3 fd8d1603 fe4d2583 03812503 559010ef ff8d2f83 fead2e23 002ffe13 9a0e02e3 fdad1c83 fd8d1d83 fe8d2583 03812503 010c9a93 000d0693 01bae633 549030ef ff8d2f83 004ffa13 980a00e3 fecd2603 fd8d1583 03812503 08890993 329040ef ff89a603 00167b93 960b88e3 fd899603 fe49a583 03812503 4ed010ef ff89a603 fea9ae23 00267313 94030ce3 fda99883 fd899803 fe89a583 03812503 01089793 0107e633 00098693 4dd030ef ff89a603 00467593 92058ae3 fec9a603 fd899583 03812503 2c1040ef 921ff06f fda91783 fd891803 fe892583 03812503 01079613 00090693 01066633 49d030ef ff892583 891ff06f fe492583 fd891603 03812503 465010ef ff892583 fea92e23 86dff06f b40598e3 d89ff06f 00002537 8f250d93 2fba84e3 00005eb7 eafe8993 3b3a9863 00010e37 e40e0513 07c0b0ef 0000efb7 00005337 5a4f8b93 60830893 01712223 01112423 00007837 00412d03 00812c83 a7980c13 00200793 01812023 00f12c23 9404a603 2c060ae3 000105b7 00010537 00010db7 ec858713 ef850693 f2cd8393 00000993 00000b93 00e12623 00d12823 00712a23 0480006f bfea5603 0fa60263 00412683 01412503 000b8593 169050ef c00a5283 00128f13 010f1e93 410ede13 c1ca1023 001b8b93 9404a303 010b9f93 010fdb93 01c989b3 2e6bfe63 004b9d93 017d82b3 00229a13 46010f13 014f0a33 be0a2583 c00a1023 0015fe93 020e8663 bfaa5603 03860263 00012683 00c12503 000b8593 101050ef c00a5e03 be0a2583 001e0f93 c1fa1023 0025f313 02030e63 017d88b3 00289813 46010793 01078a33 bfca5603 03960263 00812683 01012503 000b8593 0c1050ef c00a5603 be0a2583 00160513 c0aa1023 017d86b3 00269393 46010d93 0045f713 007d8a33 f0071ee3 c00a1e03 f41ff06f 03938d33 06c12c03 0b012703 0f412903 13812483 17c12283 1c012f03 20412e83 24812e03 28c12303 2d012b03 02812783 31412d83 35812503 39c12583 3e012603 42412683 01ac0a33 01a709b3 01a90c33 01a48733 01a28933 01af04b3 01ae82b3 01ae0f33 01a30eb3 01ab08b3 00138393 01a78fb3 01ad8833 01a50e33 01a58333 01a60b33 01a68d33 01039a93 03f12823 07412a23 0b312c23 0f812e23 14e12023 19212223 1c912423 20512623 25e12823 29d12a23 2d112c23 31012e23 37c12023 3a612223 3f612423 43a12623 010ad393 de0b8e63 03938bb3 0b012d83 02812c83 0f412a83 13812f83 17c12a03 1c012983 06c12783 20412c03 24812303 28c12883 2d012803 31412503 35812583 39c12603 3e012683 42412703 017c8933 017d83b3 017a82b3 017f8b33 017a0f33 01798eb3 017784b3 017c0e33 01730d33 01788cb3 01780db3 01750ab3 01758fb3 01760a33 017689b3 01770bb3 03212a23 06912c23 0a712e23 10512023 15612223 19e12423 1dd12623 21c12823 25a12a23 29912c23 2db12e23 33512023 37f12223 3b412423 3f312623 43712823 d34ff06f 02812283 06c12a83 0b012703 0f412983 13812483 17c12903 1c012b03 20412d83 24812a03 28c12883 2d012803 31412503 35812583 39c12603 3e012683 42412f83 02512623 07512823 0ae12a23 0f312c23 12912e23 19212023 1d612223 21b12423 25412623 29112823 2d012a23 30a12c23 34b12e23 3ac12023 3ed12223 43f12423 00100393 ca0d0463 dddff06f 00100513 f6cff06f 02411483 a2049e63 06600513 02a11223 a30ff06f fff00993 01312c23 1a0050ef 00a98d33 010d1c93 410cd993 64099463 000108b7 f7488513 00090593 620050ef 00090513 000b0593 3d4050ef 00010837 00050613 00058693 f8c80513 600050ef 00090513 000b0593 3b4050ef 00000613 00000693 338090ef 04a05863 03c12603 9404a783 02f60533 2f80a0ef 00050d93 00058a13 00090513 000b0593 380050ef 00050613 00058693 000d8513 000a0593 385080ef 00058693 000105b7 00050613 fa458513 598050ef 00090513 000b0593 34c050ef 00010737 3d872603 3dc72683 39c090ef 56054a63 03c12283 9404af03 00010eb7 ffce8513 03e285b3 00010c37 00010cb7 00010bb7 00010a37 550050ef 00010e37 020e0513 014c0593 540050ef 00010fb7 038c8593 070f8513 530050ef 9404a603 088a0593 090b8513 520050ef 00010bb7 00010337 0a4b8593 0ac30513 50c050ef 46098463 000107b7 000a8593 0c478513 4f8050ef 04012d83 001df593 0e058e63 9404a703 0e070a63 00010537 00000a93 0e050c13 004a9693 015683b3 00239293 46010f13 005f0eb3 bfaed603 000a8593 000c0513 4b4050ef 001a8e13 9404af83 010e1c93 010cda13 000c0513 004a1b93 0bfa7263 014b8333 00231a93 46010d13 015d08b3 bfa8d603 000a0593 47c050ef 001a0813 9404a903 01081613 01065d93 000c0513 004d9b13 072df663 01bb07b3 00279593 46010713 00b706b3 bfa6d603 000d8593 444050ef 001d8393 9404af03 01039293 0102dc93 000c0513 004c9e93 03ecfa63 019e8e33 002e1a13 46010f93 014f8bb3 bfabd603 000c8593 40c050ef 001c8513 9404ad03 01051313 01035a93 f3aae2e3 04012d83 002dfc13 0e0c0e63 9404a883 0e088a63 00010837 00000a13 0fc80d93 004a1613 01460b33 002b1793 46010593 00f58733 bfc75603 000a0593 000d8513 3b4050ef 001a0913 9404a383 01091693 0106dc93 000d8513 004c9293 0a7cf263 01928f33 002f1e93 46010e13 01de0a33 bfca5603 000c8593 37c050ef 001c8f93 9404a303 010f9b93 010bda93 000d8513 004a9d13 066af663 015d0c33 002c1893 46010813 01180633 bfc65603 000a8593 001a8b13 340050ef 9404a583 010b1793 0107d913 000d8513 00491713 02b97a63 012706b3 00269c93 46010393 019382b3 bfc2d603 00090593 30c050ef 00190513 9404ae83 01051f13 010f5a13 f3da62e3 04012d83 004dfe13 0e0e0c63 9404af83 0e0f8863 00010bb7 00000c93 118b8a93 004c9313 01930d33 46010893 002d1c13 01888833 bfe85603 000c8593 000a8513 2b4050ef 001c8613 9404a583 01061b13 010b5913 000a8513 00491793 0ab97263 01278733 00271693 46010c93 00dc83b3 bfe3d603 00090593 27c050ef 00190293 9404ae83 01029f13 010f5a13 000a8513 004a1d93 07da7663 014d8e33 002e1f93 46010b93 01fb8333 bfe35603 000a0593 001a0d13 240050ef 9404a883 010d1c13 010c5b13 000a8513 004b1813 031b7a63 01680633 00261913 46010593 012587b3 bfe7d603 000b0593 20c050ef 001b0513 9404a683 01051713 01075c93 f2dce2e3 9404aa83 0e0a8063 000103b7 00000913 13438a13 00491293 01228f33 002f1e93 01d10e33 058e5603 00090593 000a0513 1c4050ef 00190f93 9404a303 010f9b93 010bdd13 000a0513 004d1c13 086d7c63 01ac0b33 002b1893 01110633 05865603 000d0593 001d0913 18c050ef 9404a703 01091593 0105dc93 000a0513 004c9793 06ecf263 019786b3 00269a93 015102b3 0582d603 000c8593 15c050ef 001c8f13 9404ae03 010f1e93 010edd93 000a0513 004d9f93 03cdf863 01bf8bb3 002b9d13 01a10c33 058c5603 000d8593 128050ef 001d8513 9404a883 01051b13 010b5913 f3196ae3 13305e63 000104b7 1cc48513 7940a0ef 00840a13 44840413 000a2503 044a0a13 511040ef ff441ae3 06210513 0c4050ef 49c12083 49812403 49412483 49012903 48c12983 48812a03 48412a83 48012b03 47c12b83 47812c03 47412c83 47012d03 46c12d83 00000513 4a010113 00008067 00010ab7 150a8513 7280a0ef 01812883 00300d13 f9a896e3 03c12803 9404a603 02c80533 5a1090ef 00050993 00058d93 00090513 000b0593 629040ef 00050613 00058693 00098513 000d8593 62c080ef 00010937 00058693 00050613 038c8793 014c0713 19c90513 038050ef 00010b37 0a4b8593 1b8b0513 028050ef 9404a583 000104b7 088a0613 1c048513 014050ef 00a00513 5300a0ef f09ff06f 00010537 fbc50513 68c0a0ef 00198693 01069393 4103d993 a79ff06f 03812583 00010c37 f5cc0513 7dd040ef 9adff06f 000109b7 1dc98513 65c0a0ef ec9ff06f 02411283 00028463 ba1fe06f 341533b7 06600313 41538413 02812023 02611223 b89fe06f 00010a37 de8a0513 6280a0ef 00006f37 0000c9b7 e47f0e93 e5298e13 0000dfb7 01d12223 01c12423 4b0f8c13 00412d03 00812c83 01812023 00012c23 db0ff06f 00010cb7 e14c8513 5e80a0ef 00004637 00001537 9bf60593 19950d93 00003737 00b12223 01b12423 34070c13 00100693 00412d03 00812c83 01812023 00d12c23 d6cff06f 00010737 e9c70513 5a40a0ef 000093b7 d8438293 0000ea37 74700693 00512223 3c1a0c13 00400f13 00412d03 00d12423 01812023 74700c93 01e12c23 d2cff06f 00000993 899ff06f 00000013 00000013 00000013 00000793 00078863 0000d537 21850513 6cd0906f 00008067 f7410113 00021c63 34031373 00031663 34001073 0840006f 34031373 00112023 00512423 00612623 00712823 00812a23 00912c23 00a12e23 02b12023 02c12223 02d12423 02e12623 02f12823 03012a23 03112c23 03212e23 05312023 05412223 05512423 05612623 05712823 05812a23 05912c23 05a12e23 07b12023 07c12223 07d12423 07e12623 07f12823 08c10293 00512223 34002373 300023f3 34102e73 34302ef3 34b02f73 34202ff3 06612a23 06712c23 07c12e23 09d12023 09e12223 09f12423 34011073 000fd663 7a50b0ef 0300006f 002f9293 0000d317 52030313 0000d397 55838393 005302b3 0072f863 0002a283 000280e7 0080006f 10c0d0ef 07c12e03 00050463 004e0e13 341e1073 07812383 30039073 07412303 34031073 00021463 06030e63 00012083 00812283 00c12303 01012383 01412403 01812483 01c12503 02012583 02412603 02812683 02c12703 03012783 03412803 03812883 03c12903 04012983 04412a03 04812a83 04c12b03 05012b83 05412c03 05812c83 05c12d03 06012d83 06412e03 06812e83 06c12f03 07012f83 00412103 30200073 08c10113 30046073 10500073 04020a63 f7410113 04222023 34002373 06612a23 04031063 00112023 00812a23 00912c23 03212e23 05312023 05412223 05512423 05612623 05712823 05812a23 05912c23 05a12e23 07b12023 300023f3 06712c23 02051463 f14022f3 00929293 20028293 0000e117 6d810113 00510133 00000213 30046073 10500073 00050213 04022103 07412303 00030863 00030113 00000513 ec1ff06f 07812383 00012083 34031073 30039073 03422e03 020e5063 41c00e33 fffe0e13 03c22a23 01812e83 01412503 08c10113 000e8067 01412403 01812483 03c12903 04012983 04412a03 04812a83 04c12b03 05012b83 05412c03 05812c83 05c12d03 06012d83 08c10113 00008067 ff010113 00812423 00011437 97844783 00112623 02079263 00000793 00078a63 00011537 87c50513 00000097 000000e7 00100793 96f40c23 00c12083 00812403 01010113 00008067 00000793 00078e63 000115b7 00011537 97c58593 87c50513 00000317 00000067 00008067 00000000 00000000 00000000 00000000 00000000 00451303 fa010113 04812c23 04112e23 04912a23 03912a23 00012c23 02452403 40605ce3 00b12823 00000693 00000e93 00000893 00000e13 01012283 0ff6f793 00f12c23 5002c863 00040c93 00041863 4880006f 000cac83 000c8a63 004ca703 01012603 00271383 fec396e3 08040c63 00042483 00000613 00c42023 08048463 0004af03 0084a023 00048413 060f0c63 000f2803 009f2023 000f0413 06080463 00082f83 01e82023 00080413 040f8c63 000fa783 010fa023 000f8413 04078463 0007a283 01f7a023 00078413 02028c63 0002a703 00f2a023 00028413 02070463 00072383 00572023 00070413 00070613 00038a63 00038413 00042483 00c42023 f80490e3 3c0c8a63 004ca483 00188893 00049f03 001f7813 00080863 409f5f93 001ff793 01c78e33 000ca283 40028463 0002a603 01012f03 00cca023 00042483 0092a023 00542023 3a0f4863 01012f83 00168813 01081293 001f8793 01079c93 410cd713 4102d693 00e12823 ecd316e3 05212823 00289913 05312623 41d909b3 03b12623 01c98db3 010d9313 01035e93 01d12e23 00050d93 6ab04c63 00042d83 01012883 00040c93 000da983 004da703 0049a303 0009ae83 006da223 00e9a223 01dda023 0009a023 2e08ce63 004ca383 01012f03 00239603 01e60e63 000cac83 240c84e3 004ca383 01012f03 00239603 ffe616e3 220c8ae3 00442f83 01c12583 000f9503 27c040ef 000cac83 00a12e23 0c0c8463 00442283 00050593 00029503 260040ef 000ca483 00a12e23 00050593 0a048463 00442783 00079503 244040ef 0004a903 00a12e23 00050593 08090663 00442683 00069503 228040ef 00092d83 00a12e23 00050593 060d8863 00442303 00031503 20c040ef 000dac83 00a12e23 00050593 040c8a63 00442e83 000e9503 1f0040ef 000ca483 00a12e23 00050593 02048c63 00442883 00089503 1d4040ef 0004a903 00a12e23 00050593 00090e63 00442e03 000e1503 1b8040ef 00092c83 00a12e23 f20c92e3 00042803 0049a703 00482583 00082503 00100f93 00b9a223 00e82223 00a9a023 01382023 000f8393 26040ee3 00000913 00000713 00000293 007ff993 00040613 00000793 00128293 08098463 0ff7d663 00042603 00100793 0e060063 06f98a63 00200f13 07e98063 00300813 05098663 00400693 02d98c63 00500d93 03b98263 00600313 00698863 00062603 000f0793 0a060463 00062603 00178793 08060e63 00062603 00178793 08060863 00062603 00178793 08060263 00062603 00178793 06060c63 00062603 00178793 06060663 07f7d463 00062603 00178793 00078e93 04060c63 00062603 00178793 04060663 00062603 002e8793 04060063 00062603 003e8793 02060a63 00062603 004e8793 02060463 00062603 005e8793 00060e63 00062603 006e8793 00060863 00062603 007e8793 f8061ee3 00040693 000f8593 00060413 02f05463 00058463 02041663 00070313 fff78793 00068713 0006a683 14030663 00e32023 fef040e3 38b05e63 16040c63 14078063 fff78e13 003e7c93 00442483 200c8a63 0046a883 00249503 00089983 00289f03 01099d93 f009f813 018dd313 00686eb3 01d89023 00049603 40af0533 01061993 f0067893 0189df13 01e8e833 01049023 12a05a63 00070313 fff58593 00040713 00042403 f80314e3 0cc0006f 000cac83 760c8463 004ca583 01812503 0005ce03 ffc516e3 d21ff06f 00042803 01012c83 001e8e93 00482f83 001f8783 0017f293 01c28e33 c40cdce3 00168693 01069713 41075693 c6d306e3 0ff6f393 00712c23 00040c93 00c0006f 000cac83 b40c88e3 004ca603 01812f03 00064483 ffe496e3 b3dff06f 01012c83 c00cdae3 00168693 01069713 41075693 c2d304e3 0ff6f393 00712c23 fa041ee3 00002783 05212823 05312623 05412423 05512223 05612023 03712e23 03812c23 03a12823 03b12623 00100073 00070913 e95ff06f 00070793 0140006f 00e7a023 00070793 02040263 24058063 00040713 fff58593 00042403 fe0792e3 00070913 00070793 fe0412e3 00072023 6a53d463 00090413 001f9f93 d31ff06f 0006a803 000e0793 00070c63 00070313 00068713 00e32023 00080693 e51ff06f 00068713 00068913 1fc05663 00100e13 00080693 07cc8463 00200d93 1fbc9063 00482983 00249d83 00099603 00299883 01061f13 f0067e13 018f5c93 019e6333 00699023 00049e83 41b88533 010e9d93 f00ef993 018dd613 00c9e8b3 01149023 e4a048e3 00082803 fff78793 f80710e3 00068713 00068913 00080693 0046af03 00249e03 000f1c83 002f1803 010c9e93 f00cf313 018ed513 00a369b3 013f1023 00049d83 41c80f33 010d9613 f00df893 01865e13 01c8ecb3 01949023 dfe04ae3 fff78793 0006a803 00078313 f20710e3 00068713 00068913 10f05e63 00482e03 00249d83 00080693 000e1603 002e1883 01061e93 f0067c93 018ed513 00acef33 01ee1023 00049983 41b88db3 01099613 f009fe13 01865893 011e6cb3 01949023 d9b048e3 00082803 fff78793 ec0710e3 00482503 00068713 00249e83 00051683 00251983 00070913 01069f13 f006fd93 018f5e13 01cde633 00c51023 00049c83 41d988b3 00080693 010c9e93 f00cf513 018ed993 01356db3 01b49023 d3104ae3 00082803 ffe30793 e60712e3 00482603 00068713 00249c83 00061683 00261883 00070913 01069f13 f006fe13 018f5513 00ae6eb3 01d61023 00049983 41988db3 00080693 01099613 f009fc93 01865893 011cee33 01c49023 cdb04ce3 00082803 ffd30793 e00714e3 e89ff06f b20418e3 dddff06f 00080693 c59ff06f 00482c83 00249303 000c9e83 002c9503 010e9613 f00ef893 01865993 0138ef33 01ec9023 00049e03 40650db3 010e1313 f00e7c93 01835e93 01dce533 00a49023 c7b04ae3 00082803 fff78793 da0712e3 00068713 00068913 00080693 dc9ff06f 00100513 028d8593 05412423 05512223 05612023 03712e23 03812c23 03a12823 00a12423 00b12623 50040e63 00000a13 00000493 00012a23 01412c03 00812a83 00040793 001c0d13 007afb13 01a12a23 00000b93 080b0663 00812883 0f1bd863 00042783 00100b93 0e078263 077b0a63 00200e13 07cb0063 00300393 047b0663 00400613 02cb0c63 00500f13 03eb0263 00600813 010b0863 0007a783 000e0b93 0a078663 0007a783 001b8b93 0a078063 0007a783 001b8b93 08078a63 0007a783 001b8b93 08078463 0007a783 001b8b93 06078e63 0007a783 001b8b93 06078863 00812f83 07fbd463 0007a783 001b8b93 000b8293 04078c63 0007a783 001b8b93 04078663 0007a783 00228b93 04078063 0007a783 00328b93 02078a63 0007a783 00428b93 02078463 0007a783 00528b93 00078e63 0007a783 00628b93 00078863 0007a783 00728b93 f8079ce3 00812c83 00040d13 00078413 03705463 000c8463 02041663 00048b13 fffb8b93 000d0493 000d2d03 040b0e63 009b2023 ff7040e3 09905463 08040463 060b8063 004d2903 00442983 00091a83 080af693 10068463 07fafc13 00099a83 080af793 08078263 07faf813 410c09b3 0d305663 00048b13 fffc8c93 00040493 00042403 fa0b16e3 00048a13 f85ff06f 01a4a023 000d0493 020c8263 02040063 00040d13 fffc8c93 00042403 fe0492e3 000d0a13 000d0493 fe0c92e3 000d0493 e20418e3 01412b83 0004a023 00100793 000a0413 1f77d263 00812903 00191693 00d12423 dfdff06f 403ad913 00f97693 00469713 007af313 00e685b3 12030e63 00100513 0aa30463 010a9f13 000a8b13 010f5513 038dd583 350030ef 07fb7813 f00aff93 01f862b3 02ad9c23 0802ea93 01599023 410c09b3 f3304ee3 000d2c03 fffb8b93 12048c63 00048b13 000d0493 009b2023 000c0d13 eddff06f 403ad713 00f77313 00431513 007afe93 00a305b3 080e8263 00100e13 05ce8c63 010a9f13 000a8b13 010f5513 038dd583 07fb7c13 2d8030ef f00af813 010c6fb3 02ad9c23 080fe293 00591023 eb5ff06f 038dd603 00c12503 315000ef 03cdd383 01051613 41065b13 f40398e3 02ad9e23 f49ff06f 038dd603 00c12503 2f1000ef 03cdd383 01051613 41065b13 fa0390e3 02ad9e23 f99ff06f 02200b13 038dd783 00058c13 0165d463 02200c13 014da583 002d9683 000d9603 018da503 1ffc7713 5ec020ef 03edd583 01051893 4108db13 f4059ee3 02ad9f23 f55ff06f 02200e93 038dd783 00058893 01d5d463 02200893 014da583 002d9683 000d9603 018da503 1ff8f713 5a8020ef 03edd583 01051e13 410e5b13 ea0592e3 02ad9f23 e9dff06f 000d0493 000d0a13 000c0d13 db704ee3 dadff06f 00042c83 dc0c9663 00000813 eacff06f 05212823 05312623 03b12623 00b12823 00012e23 d48ff06f 04812a03 04412a83 04012b03 03c12b83 03812c03 03012d03 d34ff06f 00092983 0e098263 00492283 01c12583 00029503 001030ef 0009a403 00a12e23 0c040463 00492383 00050593 00039503 7e4030ef 00042483 00a12e23 00050593 0a048463 00492703 00071503 7c8030ef 0004a983 00a12e23 00050593 08098663 00492683 00069503 7ac030ef 0009ad83 00a12e23 00050593 060d8863 00492803 00081503 790030ef 000dac83 00a12e23 00050593 040c8a63 00492e83 000e9503 774030ef 000ca403 00a12e23 00050593 02040c63 00492503 00051503 758030ef 00042483 00a12e23 00050593 00048e63 00492f03 000f1503 73c030ef 0004a983 00a12e23 f20992e3 05c12083 05812403 01c12503 05012903 04c12983 02c12d83 05412483 03412c83 06010113 00008067 05412423 05512223 05612023 03712e23 03812c23 03a12823 00002023 00100073 00000013 00000013 00000013 00000013 00000000 00000000 00000000 00000000 00000000 ccccd7b7 ccd78293 02553333 ff010113 00812623 00912423 01212223 ffff8537 0005a023 08050393 01058f13 00058693 00435413 ffe40713 00371813 010584b3 0095a223 00271e13 00049123 00749023 00858893 01c48933 00448e93 5c9f7463 00848513 5d257063 ffff85b7 0006a423 0116a023 01d6a623 fff00f93 fff5c793 01f49223 00f49323 06070663 ffff88b7 00000593 fff8c293 00b64333 00331393 0783f413 0075f813 01046e33 008e1e93 008f0893 01de07b3 0298fc63 00450313 55237863 0006af83 00158593 01ff2023 01e6a023 00af2223 00f51023 00551123 00b70863 00030513 00088f13 fadff06f 0006a883 0008a503 06050a63 ccccd4b7 ccd48913 03273733 00100593 00200313 00275293 0255f463 0048af03 00052f83 00130313 00bf1123 00158593 040f8063 00050893 000f8513 fe55e0e3 00831393 00b64833 7003f413 0048ae03 01046eb3 00052f83 012e9793 0127d893 011e1123 00158593 00130313 fc0f94e3 00100393 00038493 20068663 00000513 00000713 00000413 0073f613 00068893 00000793 00140413 08060463 0e77d663 0006a883 00100793 0e088063 06f60a63 00200913 07260063 00300293 04560663 00400813 03060c63 00500e13 03c60263 00600e93 01d60863 0008a883 00090793 0a088463 0008a883 00178793 08088e63 0008a883 00178793 08088863 0008a883 00178793 08088263 0008a883 00178793 06088c63 0008a883 00178793 06088663 0677d463 0008a883 00178793 00078f93 04088c63 0008a883 00178793 04088663 0008a883 002f8793 04088063 0008a883 003f8793 02088a63 0008a883 004f8793 02088463 0008a883 005f8793 00088e63 0008a883 006f8793 00088863 0008a883 007f8793 f8089ee3 00068613 00038813 00088693 02f05463 00080463 02069663 00070893 fff78793 00060713 00062603 08088063 00e8a023 fef040e3 0b005863 0a068863 06078a63 fff78f13 003f7f93 0046a883 140f8a63 00462e03 00289283 000e1583 002e1303 01059913 f005fe93 01895593 00beeeb3 01de1023 00089903 405302b3 01091313 f0097e13 01835593 00be6eb3 01d89023 06505a63 00070893 fff80813 00068713 0006a683 f80894e3 00070513 f61ff06f 00070793 0140006f 00e7a023 00070793 02080263 02068263 00068713 fff80813 0006a683 fe0792e3 00070513 00070793 fe0812e3 e0069ee3 00072023 2884d663 00050693 00139393 de069ee3 00002023 00100073 00062303 000f0793 00070c63 00070893 00060713 00e8a023 00030613 f11ff06f 00060713 00060513 1fe05263 00100f13 00030613 07ef8463 00200913 1d2f9c63 00432e83 00289f83 000e9283 002e9e03 01029593 0185d913 f002ff13 012f62b3 005e9023 00089f03 41fe0fb3 010f1e13 f00f7e93 018e5593 00bee933 01289023 f1f048e3 00032303 fff78793 f80710e3 00060713 00060513 00030613 00462283 00289f03 00029f83 00229303 010f9e13 f00ffe93 018e5593 00bee933 01229023 00089283 41e30f33 01029313 f002ff93 01835e93 01dfee33 01c89023 ebe04ae3 fff78793 00062303 00078e93 f20710e3 00060713 00060513 10f05a63 00432f03 00289283 00030613 000f1583 002f1e03 01059913 f005ff93 01895593 00bfefb3 01ff1023 00089903 405e02b3 01091e13 f0097f13 018e5593 00bf6fb3 01f89023 e45048e3 00032303 fff78793 ec0710e3 00432903 00060713 00289f83 00091603 00291e03 00070513 01061293 0182d593 f0067f13 00bf6633 00c91023 00089903 41fe0e33 00030613 01091f93 f0097f13 018fd293 005f65b3 00b89023 dfc04ae3 00032303 ffee8793 e60712e3 00432903 00060713 00289f83 00091603 00291e03 00070513 01061293 0182d593 f0067f13 00bf6633 00c91023 00089903 41fe0e33 00030613 01091f93 f0097f13 018fd293 005f65b3 00b89023 d9c04ce3 00032303 ffde8793 e00714e3 e89ff06f 00030613 d21ff06f 00432e83 00289f83 000e9283 002e9e03 01029593 0185d913 f002ff13 012f62b3 005e9023 00089f03 41fe0fb3 010f1e13 f00f7e93 018e5593 00bee933 01289023 d3f04ee3 00032303 fff78793 da0716e3 00060713 00060513 00030613 dd1ff06f 00c12403 00812483 00412903 01010113 00008067 00158593 ace58ee3 00050313 000f0893 ac5ff06f 00088f13 000e8513 00000893 a59ff06f 00000013 00000013 00000013 00000013 00000000 00000000 00000000 00000000 00000000 00000000 00000000 ff010113 01212023 01c52903 00112623 00812423 00912223 02052c23 02052e23 1c090663 00100593 00050413 bb5fe0ef 03845583 00100493 1a9020ef 02a41c23 fff00593 00040513 b99fe0ef 03845583 191020ef 01051793 0107d293 01051513 00a2e333 02642c23 18990263 409903b3 0033f593 0a058863 06958a63 00200713 02e58c63 00048593 00040513 b55fe0ef 03845583 00200493 149020ef 02a41c23 fff00593 00040513 b39fe0ef 03845583 131020ef 02a41c23 00100593 00040513 b21fe0ef 03845583 00148493 115020ef 02a41c23 fff00593 00040513 b05fe0ef 03845583 0fd020ef 02a41c23 00100593 00040513 aedfe0ef 03845583 00148493 0e1020ef 02a41c23 fff00593 00040513 ad1fe0ef 03845583 0c9020ef 02a41c23 0c990663 00100593 00040513 ab5fe0ef 03845583 00448493 0a9020ef 02a41c23 fff00593 00040513 a99fe0ef 03845583 091020ef 02a41c23 00100593 00040513 a81fe0ef 03845583 079020ef 02a41c23 fff00593 00040513 a69fe0ef 03845583 061020ef 02a41c23 00100593 00040513 a51fe0ef 03845583 049020ef 02a41c23 fff00593 00040513 a39fe0ef 03845583 031020ef 02a41c23 00100593 00040513 a21fe0ef 03845583 019020ef 02a41c23 fff00593 00040513 a09fe0ef 03845583 001020ef 02a41c23 f2991ee3 00c12083 00812403 00412483 00012903 00000513 01010113 00008067 00000013 00000013 00000013 00000013 00000013 00000013 00000013 00000000 00000000 00000000 00000000 00000000 00000000 00000000 fa010113 04912a23 00052483 05212823 05412423 03712e23 03812c23 03912a23 fffff937 04112e23 00c52b83 00452c03 00852a03 0125e933 00060c93 00049463 6fc0106f 04812c23 00149413 008c0633 05312623 05512223 05612023 03a12823 03b12623 00058993 00060693 00000e13 ffe40713 00175293 00128313 00737393 408687b3 0a038463 00100593 08b38663 00200513 06a38a63 00300813 05038e63 00400893 05138263 00500a93 03538663 00600b13 01638a63 0007dd03 00278793 01a98db3 ffb79f23 0007de83 00278793 01d98f33 ffe79f23 0007df83 00278793 01f98733 fee79f23 0007d283 00278793 00598333 fe679f23 0007d383 00278793 007985b3 feb79f23 0007d503 00278793 00a98833 ff079f23 0007d883 00278793 01198ab3 ff579f23 06f68663 0007db03 0027dd03 0047dd83 0067df83 0087d283 00a7d383 00c7d583 00e7d703 01698f33 01a98eb3 01b98333 01f988b3 00598833 00798533 00b98ab3 00e98b33 01e79023 01d79123 00679223 01179323 01079423 00a79523 01579623 01679723 01078793 f8f69ee3 001e0e13 008686b3 edc49ae3 00000313 00000893 ffe40793 0017dd13 001d0d93 00231f93 007df293 408606b3 01fb87b3 0c028263 00100393 0a728263 00200593 08b28463 00300713 06e28663 00400f13 05e28863 00500e93 03d28a63 00600813 01028c63 00069503 00478793 00268693 03350ab3 ff57ae23 00069b03 00478793 00268693 033b0e33 ffc7ae23 00069d03 00478793 00268693 033d0db3 ffb7ae23 00069f83 00478793 00268693 033f82b3 fe57ae23 00069383 00478793 00268693 033385b3 feb7ae23 00069703 00478793 00268693 03370f33 ffe7ae23 00069e83 00268693 00478793 033e8833 ff07ae23 06d60863 00069a83 00269b03 00469d03 00669e03 00869d83 00a69503 00c69283 00e69383 033a8fb3 01068693 02078793 033b05b3 fff7a023 033d0733 feb7a223 033e0f33 fee7a423 033d8eb3 ffe7a623 03350833 ffd7a823 03328ab3 ff07aa23 03338b33 ff57ac23 ff67ae23 f8d61ce3 00188893 00930333 00860633 eb1494e3 00249a93 015b8b33 000b0613 00000813 00000793 00000513 00000593 ffca8693 0026dd13 001d0e13 007e7d93 41560733 5a0d80e3 00100293 0e5d8663 00200393 0c7d8263 00300f93 09fd8e63 00400f13 07ed8a63 00500e93 05dd8663 00600893 031d8263 00080313 00072803 010787b3 00f95463 3940106f 010326b3 00d50533 00470713 00080d13 00072803 010787b3 00f95463 3440106f 010d2e33 01c50533 00470713 00080d93 00072803 010787b3 00f95463 3000106f 010da2b3 00550533 00470713 00080393 00072803 010787b3 00f95463 2b00106f 0103afb3 01f50533 00470713 00080f13 00072803 010787b3 00f95463 2600106f 010f2eb3 01d50533 00470713 00080893 00072803 010787b3 00f95463 2100106f 0108a333 00650533 00470713 00080693 00072803 010787b3 00f95463 1940106f 0106ad33 01a50533 01051e13 410e5513 00470713 48e612e3 00158593 01560633 ecb492e3 00000593 1bd020ef 000b8593 01212823 00000f93 008a02b3 00040913 00a12a23 414288b3 ffe88313 00135d13 001d0e13 001f9693 007e7d93 000a0513 00000793 018686b3 0c0d8e63 00100813 0b0d8c63 00200393 087d8c63 00300f13 07ed8c63 00400e93 05dd8c63 00500713 02ed8c63 00600413 008d8c63 00069783 000a1603 00268693 002a0513 02c787b3 00069883 00051303 00268693 00250513 02688d33 01a787b3 00069e03 00051d83 00268693 00250513 03be0833 010787b3 00069383 00051f03 00268693 00250513 03e38eb3 01d787b3 00069703 00051403 00268693 00250513 02870633 00c787b3 00069883 00051303 00268693 00250513 02688d33 01a787b3 00069e03 00051d83 00250513 00268693 03be0833 010787b3 0aa28063 01f12423 00b12623 00069f83 00051583 00269383 00251e83 02bf8733 00451d83 00469e03 00669d03 00651303 00869f83 00851f03 03d38eb3 00a69583 00a51603 00c69883 00c51403 00e787b3 00e69803 03be0e33 00e51383 01050513 01d78db3 01068693 026d0733 01cd8d33 03ef8333 00ed0fb3 02c58f33 006f85b3 02888633 01e58eb3 027808b3 00ce8433 011407b3 f6a29ce3 00812f83 00c12583 00f5a023 00458593 009f8fb3 e4bb1ce3 00090413 01412603 01012903 00000813 00000793 00000513 00000593 ffca8293 0022d693 00168393 0073fe13 415b0733 3c0e08e3 00100d93 0dbe0e63 00200d13 0bae0c63 00300313 086e0a63 00400f13 07ee0863 00500e93 05de0663 00600893 031e0263 00080f93 00072803 010787b3 00f95463 0780106f 010fa2b3 00550533 00470713 00080693 00072803 010787b3 00f95463 0280106f 0106a3b3 00750533 00470713 00080e13 00072803 010787b3 7cf948e3 010e2db3 01b50533 00470713 00080d13 00072803 010787b3 78f942e3 010d2333 00650533 00470713 00080f13 00072803 010787b3 72f94ce3 010f2eb3 01d50533 00470713 00080893 00072803 010787b3 6ef946e3 0108afb3 01f50533 00470713 00080293 00072803 010787b3 68f94ae3 0102a6b3 00d50533 01051393 4103d513 00470713 2ceb14e3 00158593 015b0b33 ecb49ce3 00060593 6a8020ef 000c0b13 00000813 00000e93 008c03b3 01712823 01812c23 01412a23 00090f13 00098f93 00a12e23 01012283 01412903 00281893 00000993 01128533 000a8b93 01012623 41638ab3 ffea8693 0016de13 001e0d93 007dfd13 00090793 000b0813 00000713 0c0d0e63 00100313 0a6d0c63 00200613 08cd0c63 00300a13 074d0c63 00400c13 058d0c63 00500593 02bd0c63 00600893 011d0c63 000b1703 00091283 002b0813 008907b3 02570733 00081a83 00079683 00280813 008787b3 02da8e33 01c70733 00081d83 00079d03 00280813 008787b3 03ad8333 00670733 00081603 00079a03 00280813 008787b3 03460c33 01870733 00081583 00079883 00280813 008787b3 031582b3 00570733 00081a83 00079683 00280813 008787b3 02da8e33 01c70733 00081d83 00079d03 00280813 008787b3 03ad8333 00670733 0b038a63 00912423 008784b3 00081603 00079c03 00049a83 00281a03 038606b3 008485b3 00858e33 00059883 00481483 008e0d33 000e1283 035a0a33 00681d83 008d07b3 000d1603 00881583 00a81d03 00079e03 031484b3 00878ab3 00c81303 000a9c03 008a87b3 00e81883 00079a83 025d8db3 00d70733 014706b3 009682b3 01080813 008787b3 02c585b3 01b28633 03cd0a33 00b60d33 03830e33 014d0333 03588c33 01c304b3 01848733 f5039ee3 00812483 00e52023 00198993 00450513 00290913 e53492e3 00c12903 001e8e93 000b8a93 008b0b33 00990833 008383b3 e1d496e3 000f0913 01012b83 01812c03 01412a03 01c12f03 000f8993 00000893 00000f93 00000793 00000513 00000d93 002f9713 00eb82b3 00088693 0002a883 fff48593 0075f613 011787b3 3cf95ae3 00a50793 01079313 41035513 00000793 00100693 00428713 1296f063 180604e3 0ed60663 00200e93 0dd60263 00300b13 09660e63 00400813 07060a63 00500393 04760663 00600593 02b60263 00088613 0042a883 011787b3 4ef948e3 011622b3 00550533 00168693 00470713 00088d13 00072883 011787b3 4af940e3 011d2e33 01c50533 00168693 00470713 00088313 00072883 011787b3 44f948e3 01132eb3 01d50533 00168693 00470713 00088b13 00072883 011787b3 40f940e3 011b2833 01050533 00168693 00470713 00088393 00072883 011787b3 3af942e3 0113a5b3 00b50533 00168693 00470713 00088613 00072883 011787b3 36f940e3 011622b3 00550533 00168693 00470713 00088d13 00072883 011787b3 2ef94ae3 011d2e33 01c50533 01051313 41035513 00168693 00470713 0696e8e3 001d8d93 009f8fb3 ea9de0e3 000f0593 2f0020ef 000b8593 000c0d13 00000d93 000a0e93 00058f93 00000f13 000d1303 000e9b03 fff48813 00100e13 036303b3 00387293 002d0893 008e8733 4023d613 4053d793 00f67693 07f7f313 02668333 149e7a63 0a028263 07c28663 00200b13 03628a63 002d1803 00071383 000b0e13 004d0893 027802b3 00870733 4022d613 4052d793 00f67693 07f7fb13 03668833 01030333 00089383 00071283 001e0e13 00288893 02538633 00870733 40265693 40565793 00f6fb13 07f7f813 030b03b3 00730333 00089283 00071603 001e0e13 00288893 02c287b3 00870733 4027d693 4057db13 00f6f813 07fb7393 027802b3 00530333 0a9e7863 00071603 00089783 00870733 00289b03 008702b3 00071683 00489383 00828733 00029803 02c787b3 00689283 00071603 004e0e13 00888893 00870733 02db06b3 4027db13 4057d793 00fb7b13 07f7f793 03038833 4026d393 4056d693 07f6f693 00f3f393 02c28633 40285293 40585813 00f2f293 07f87813 02fb07b3 40265b13 40565613 00fb7b13 07f67613 02d383b3 00f30333 030286b3 007302b3 02cb0833 00d287b3 01078333 f49e6ce3 006fa023 001f0f13 004f8f93 002e8e93 e69f64e3 001d8d93 008d0d33 015585b3 e49de6e3 00000f93 00000e13 00000713 00000f13 00000893 002f9e93 01db8433 000e0a13 00042e03 fff48a93 007afb13 01c70733 06e95ee3 00a88713 01071313 41035893 00000713 00100813 00440693 12987063 7a0b0463 0f0b0663 00200293 0c5b0263 00300793 08fb0e63 00400d93 07bb0a63 00500d13 05ab0663 00600593 02bb0263 000e0e93 00442e03 01c70733 1ae940e3 01cea433 008888b3 00180813 00468693 000e0a13 0006ae03 01c70733 14e948e3 01ca2ab3 015888b3 00180813 00468693 000e0b13 0006ae03 01c70733 10e940e3 01cb2633 00c888b3 00180813 00468693 000e0393 0006ae03 01c70733 0ae948e3 01c3a333 006888b3 00180813 00468693 000e0293 0006ae03 01c70733 06e946e3 01c2a7b3 00f888b3 00180813 00468693 000e0d93 0006ae03 01c70733 00e948e3 01cdad33 01a888b3 00180813 00468693 000e0593 0006ae03 01c70733 7ce94263 01c5aeb3 01d888b3 01089413 41045893 00180813 00468693 68986863 001f0f13 009f8fb3 ea9f60e3 00050593 00088513 7a9010ef 00000813 00000593 00181913 012c0bb3 000bdf83 fff48f13 00100713 413f8b33 016b9023 007f7613 002b8793 12977863 0c060063 0ae60263 00200393 08760463 00300313 06660663 00400293 04560863 00500d93 03b60a63 00600d13 01a60c63 002bde83 00038713 004b8793 413e8e33 01cb9123 0007d403 00170713 00278793 41340a33 ff479f23 0007da83 00170713 00278793 413a88b3 ff179f23 0007d683 00170713 00278793 41368933 ff279f23 0007db83 00170713 00278793 413b8fb3 fff79f23 0007df03 00170713 00278793 413f0b33 ff679f23 0007d603 00170713 00278793 413603b3 fe779f23 06977863 0007d283 0027dd83 0047dd03 0067de03 0087d303 00a7d403 00c7da03 00e7da83 41328933 413d8bb3 413d0eb3 413e0fb3 41330f33 413408b3 413a0b33 413a86b3 01279023 01779123 01d79223 01f79323 01e79423 01179523 01679623 00d79723 00870713 01078793 f8976ce3 00158593 00980833 ea95e2e3 05812403 04c12983 04412a83 04012b03 03012d03 02c12d83 05c12083 05412483 05012903 04812a03 03c12b83 03812c03 000c8593 03412c83 01051513 41055513 06010113 5f90106f 00472f03 00000393 00a50f93 01e38333 00470713 0a695c63 00472d03 00000313 00af8893 01a30533 0aa94c63 00872d83 01af26b3 00d88e33 01b507b3 0af94c63 00c72f83 01bd22b3 005e03b3 01f78eb3 0bd94c63 01072883 01fda833 01038f33 011e86b3 0ad94c63 01472e03 011fa333 006f0d33 01c682b3 0a594c63 01872803 01c8a533 00ad0db3 010287b3 0af94c63 010e23b3 007d8fb3 010f9f13 410f5513 01c70713 b8e60263 00072283 005783b3 f47948e3 00472f03 00582833 01050fb3 01e38333 00470713 f46948e3 00472d03 01e2aeb3 01df88b3 01a30533 f4a958e3 00872d83 00000513 00a88e13 01b507b3 f4f958e3 00c72f83 00000793 00ae0393 01f78eb3 f5d958e3 01072883 00000e93 00a38f13 011e86b3 f4d958e3 01472e03 00000693 00af0d13 01c682b3 f45958e3 01872803 00000293 00ad0d93 010287b3 f4f958e3 00ad8793 01079e93 410ed513 00000793 f4dff06f 00472f03 00000d13 00a50313 01ed0fb3 00470713 0bf95c63 00472283 00000f93 00a30893 005f8533 0aa94c63 00872e03 005f26b3 00d883b3 01c507b3 0af94c63 00c72303 01c2adb3 01b38d33 00678eb3 0bd94c63 01072883 006e2833 010d0f33 011e86b3 0ad94c63 01472383 01132fb3 01ff02b3 00768db3 0bb94c63 01872803 0078a533 00a28e33 010d87b3 0af94c63 0103ad33 01ae0333 01031f13 410f5513 01c70713 d4eb0063 00072d83 01b78d33 f5a948e3 00472f03 01b82833 01050333 01ed0fb3 00470713 f5f948e3 00472283 01edaeb3 01d308b3 005f8533 f4a958e3 00872e03 00000513 00a88393 01c507b3 f4f958e3 00c72303 00000793 00a38d13 00678eb3 f5d958e3 01072883 00000e93 00ad0f13 011e86b3 f4d958e3 01472383 00000693 00af0293 00768db3 f5b958e3 01872803 00000d93 00a28e13 010d87b3 f4f958e3 00ae0793 01079e93 410ed513 00000793 f4dff06f 00472583 00000813 00a50393 00b80d33 00168693 00470713 0da95063 00472e03 00000d13 00a38293 01cd07b3 0cf94063 00872e83 01c5a533 00a28333 01d788b3 0d194063 00c72383 01de2b33 01630833 007882b3 0c594063 01072d03 007ea5b3 00b80633 01a287b3 0cf94063 01472503 01a3ae33 01c60333 00a78833 0d094063 01872883 00ad2eb3 01d30b33 011807b3 0cf94063 011523b3 007b05b3 01059613 41065513 00768693 01c70713 f896fc63 00072b03 01678833 f50944e3 00472583 0168a8b3 011503b3 00b80d33 00168693 00470713 f5a944e3 00472e03 00bb2633 00c382b3 01cd07b3 f4f954e3 00872e83 00000793 00a28313 01d788b3 f51954e3 00c72383 00000893 00a30813 007882b3 f45954e3 01072d03 00000293 00a80613 01a287b3 f4f954e3 01472503 00000793 00a60313 00a78833 f50954e3 01872883 00000813 00a30b13 011807b3 f4f954e3 00ab0293 01029d13 410d5513 00000793 f45ff06f 0046a383 00000b13 00a88613 007b07b3 00180813 00468693 0cf95063 0046ad83 00000793 00a60293 01b78eb3 0dd94063 0086a403 01b3ad33 01a285b3 008e8733 0ce94063 00c6aa83 008da8b3 01158a33 01570633 0cc94063 0106a383 01542b33 016a0e33 007607b3 0cf94063 0146ad83 007aa333 006e02b3 01b78eb3 0dd94063 0186ae03 01b3ad33 01a285b3 01ce8733 0ce94063 01cda433 008588b3 01089a13 410a5893 00780813 01c68693 96987ce3 0006aa83 01570b33 f56944e3 0046a383 015e2e33 01c88633 007b07b3 00180813 00468693 f4f944e3 0046ad83 007aa333 006602b3 01b78eb3 f5d954e3 0086a403 00000e93 00a28593 008e8733 f4e954e3 00c6aa83 00000713 00a58a13 01570633 f4c954e3 0106a383 00000613 00aa0e13 007607b3 f4f954e3 0146ad83 00000793 00ae0293 01b78eb3 f5d954e3 0186ae03 00000e93 00a28593 01ce8733 f4e954e3 00a58713 01071a93 410ad893 00000713 f45ff06f 01ca2633 00c888b3 01089393 4103d893 f88ff06f 0116ad33 01a50533 01051e13 410e5513 c30ff06f 00a50793 01079d93 410dd513 00000793 e71fe06f 00a50793 01079e13 410e5513 00000793 970ff06f 00a50793 01079e93 410ed513 00000793 d10ff06f 00a88713 01071a13 410a5893 00000713 841ff06f 00a50513 00000793 918ff06f 00a50513 00000793 df5fe06f 00a88893 00000713 ff4ff06f 00a50513 00000793 ca4ff06f 00a50513 00000793 8ccff06f 00a50513 00000793 da5fe06f 00a50513 00000793 c60ff06f 00a88893 00000713 f98ff06f 00a50513 00000793 880ff06f 00a50513 00000793 d55fe06f 00a88893 00000713 f54ff06f 00a50513 00000793 c04ff06f 00a50513 00000793 834ff06f 00a50513 00000793 d05fe06f 00a88893 00000713 f04ff06f 00a50513 00000793 bb4ff06f 00a50513 00000793 cc1fe06f 00a50513 00000793 fddfe06f 00a88893 00000713 eb4ff06f 00a50513 00000793 b64ff06f 00a50513 00000793 c71fe06f 00a50513 00000793 f8dfe06f 00a88893 00000713 e64ff06f 00a50513 00000793 b14ff06f 00000593 00000513 6dc010ef 00050593 00000513 6d0010ef 00050593 00000513 6c4010ef 00050593 00000513 6b8010ef 891ff06f 00000013 00000013 00000013 00000013 fe010113 00812e23 00912c23 01212a23 00050713 00068413 00061463 00100613 00000793 32070c63 00178813 030803b3 00278893 00378e13 00478e93 00578f13 00678f93 00778493 00078513 03188333 00878793 00339913 06e97863 00331293 00080513 03ce06b3 06e2f063 00369393 00088513 03de8833 04e3f863 000e0513 00381e13 03ef08b3 04ee7063 00389313 000e8513 03ff8eb3 02e37863 003e9913 000f0513 02948f33 02e97063 003f1693 000f8513 02f78fb3 00e6f863 00048513 003f9493 f6e4e2e3 fff58593 ffc5f793 02a50733 00478493 00171393 007486b3 2a050463 01312823 01412623 01512423 00050913 00000f93 00100e13 00151293 00068f13 00048e93 03c60633 fff50993 0039fa13 00100313 006e05b3 002f0893 002e8813 41f65a93 010ad713 00e607b3 01079613 01065993 40e98633 00ce0ab3 015e0733 015f1023 0ff77793 00fe9023 1aa37c63 0c0a0a63 086a0663 00200993 053a0263 02b60a33 00098313 004f0893 004e8813 41fa5613 01065a93 015a0733 01071793 0107d993 41598633 00c58a33 014585b3 0ff5fa93 014f1123 015e9123 006e05b3 02b60633 00130313 00288893 00280813 41f65713 01075793 00f609b3 01099a13 010a5a93 40fa8633 00c58733 00e587b3 fee89f23 0ff7f993 ff381f23 00158593 02b60633 00130313 00288893 00280813 41f65a13 010a5a93 01560733 01071793 0107d993 41598633 00c58a33 01458ab3 ff489f23 0ffaf713 fee81f23 00158593 0ea37263 02b60633 00158993 00258a13 00430313 00888893 00880813 41f65793 0107da93 01560733 01071613 01065793 41578ab3 033a8733 01558633 fec89c23 00c587b3 0ff7fa93 ff581c23 41f75613 01065793 00f70733 01071a93 010ad613 40f60733 034707b3 00e98ab3 ff589d23 015989b3 0ff9f613 fec81d23 41f7d713 01075a93 015787b3 01079993 0109d613 415607b3 00358a93 03578733 00fa09b3 ff389e23 013a0a33 0ffa7613 fec81e23 00458593 41f75793 0107d993 01370733 01071a13 010a5613 41360633 00ca89b3 013a8ab3 ff389f23 0ffaf793 fef81f23 f2a362e3 001f8f93 00ae0e33 005f0f33 005e8eb3 deafe8e3 01012983 00c12a03 00812a83 00768333 fff30593 ffc5f893 00488813 00942223 01242023 00d42423 01042623 01c12403 01812483 01412903 02010113 00008067 fff58693 ffc6f293 fff00913 01312823 01412623 01512423 00090513 00200393 00428493 00628693 d71ff06f 00000913 00000393 f99ff06f 00000013 00000013 00000013 00000013 00000000 00000000 00000000 00000000 00000000 00000000 00000000 f9010113 06812423 06912223 05312e23 05812423 06112623 07212023 05412c23 05512a23 05612823 0005c883 02010413 02012023 00042223 00042423 00042623 00042823 00042a23 00042c23 00042e23 00012023 00012223 00012423 00012623 00012823 00012a23 00012c23 00012e23 00058f93 00050c13 00010e93 00078593 00060993 00068513 00070493 160884e3 05712623 00088813 000f8313 00000913 00000713 00000393 00000293 00000a13 00000693 00000613 02c00e13 02e00793 04500a93 00900f13 05c804e3 72f80e63 4907ee63 fd580b93 0fdbf813 7c080663 00134803 00190913 00168693 00130313 00100b13 002b1b93 01db8b33 000b2b83 001b8b93 017b2023 fc0810e3 03212223 02e12c23 02712623 02c12a23 03412823 02512423 02d12023 018f8ab3 04c12b83 195ff663 00100893 011498e3 000fc783 ffffc693 00da8933 02c00713 00797c13 00e78663 0137ce33 01cf8023 001f8793 1557fa63 0c0c0263 00100f13 0bec0263 00200313 086c0463 00300813 070c0663 00400b13 056c0863 00500893 031c0a63 00600a13 014c0c63 0007c603 00e60663 013642b3 00578023 00178793 0007c383 00e38663 0133c6b3 00d78023 00178793 0007c903 00e90663 01394c33 01878023 00178793 0007ce03 00ee0663 013e4f33 01e78023 00178793 0007c303 00e30663 01334833 01078023 00178793 0007cb03 00eb0663 013b48b3 01178023 00178793 0007ca03 00ea0663 013a4633 00c78023 00178793 0957f863 0007c283 00e28663 0132c3b3 00778023 0017c903 00178693 00e90663 01394c33 018780a3 0016c783 00e78663 0137ce33 01c680a3 0026cf03 00ef0663 013f4333 00668123 0036c803 00e80663 01384b33 016681a3 0046c883 00e88663 0138ca33 01468223 0056c603 00e60663 013642b3 005682a3 0066c383 00e38663 0133c933 01268323 00768793 f757ece3 000fc883 74088463 03812283 03412903 03012a03 02c12f03 02812e03 02412983 02012383 000f8813 02c00713 02e00313 04500b13 00900693 62e88c63 52688a63 23136a63 fd588613 0fd67793 54078063 00184883 00198993 00138393 00180813 00100613 00261c13 01dc07b3 0007a603 00160c13 0187a023 fc0890e3 03312223 02512c23 03e12623 03212a23 03412823 03c12423 02712023 195ff263 00100a13 63449063 000fc303 ffffc393 007a86b3 02c00493 0076f713 00930663 00a349b3 013f8023 001f8f93 155ffa63 0c070263 00100b13 0b670263 00200e13 09c70463 00300f13 07e70663 00400893 05170863 00500793 02f70a63 00600613 00c70c63 000fcc03 009c0663 00ac4a33 014f8023 001f8f93 000fc903 00990663 00a94833 010f8023 001f8f93 000fc283 00928663 00a2c333 006f8023 001f8f93 000fc383 00938663 00a3c6b3 00df8023 001f8f93 000fc703 00970663 00a749b3 013f8023 001f8f93 000fcb03 009b0663 00ab4e33 01cf8023 001f8f93 000fcf03 009f0663 00af48b3 011f8023 001f8f93 095ff863 000fc783 00978663 00a7c633 00cf8023 001fcc03 001f8a13 009c0663 00ac4933 012f80a3 001a4f83 009f8663 00afc833 010a00a3 002a4283 00928663 00a2c333 006a0123 003a4383 00938663 00a3c6b3 00da01a3 004a4703 00970663 00a749b3 013a0223 005a4b03 009b0663 00ab4e33 01ca02a3 006a4f03 009f0663 00af48b3 011a0323 007a0f93 f75fece3 00040493 000e8a93 000aa503 004a8a93 00448493 1bd000ef 00050593 ffc4a503 1b1000ef 00050593 ff5410e3 06c12083 06812403 06412483 06012903 05c12983 05812a03 05412a83 05012b03 04812c03 07010113 00008067 fd088c13 0ffc7893 dd16eae3 00184783 00138393 00180c13 28078063 34e78463 06678463 fd078813 0ff87893 2716f063 001c4883 001a0a13 001c0813 00100613 db1ff06f fd080813 0ff87b13 b76f66e3 00134803 00168693 00130b93 22080063 37c80663 10f80c63 fd080313 0ff37b13 216f7063 001bc803 001a0a13 001b8313 00100b13 b49ff06f 001c4603 001c0c13 001a0a13 22060e63 26e60c63 0df67813 05681c63 001c4783 00190913 001c0813 40078263 3ae78c63 fd578813 0fd87893 08089663 002c4603 001f0f13 002c0813 3a060463 3ae60863 fd060793 0ff7f813 0306fc63 003c4883 00128293 003c0813 00100613 cfdff06f fd060793 0ff7f893 1d16f263 001c4883 00190913 001c0813 00100613 cddff06f 003c4783 003c0c13 00128293 04078463 2ee78463 fd078893 0ff8f613 02c6f663 001c4883 00198993 001c0813 00100613 ca9ff06f 002c4883 001f0f13 002c0813 00100613 c95ff06f 001c4783 001c0c13 fc0790e3 000c0813 00000893 00700613 c79ff06f 001bc803 001b8b93 001a0a13 12080663 17c80463 0df87313 05531c63 001bcb03 00160613 001b8313 300b0e63 2fcb0a63 fd5b0313 0fd37813 08081663 002bcb03 00138393 002b8313 2e0b0263 2dcb0463 fd0b0313 0ff37813 030f7c63 003bc803 00170713 003b8313 00100b13 9e5ff06f fd080813 0ff87b13 0b6f7a63 001bc803 00160613 001b8313 00100b13 9c5ff06f 003bc803 003b8b93 00170713 04080463 1fc80e63 fd080b13 0ffb7313 026f7663 001bc803 00190913 001b8313 00100b13 991ff06f 002bc803 00138393 002b8313 00100b13 97dff06f 001bc803 001b8b93 fc0810e3 000b8313 00000813 00700b13 961ff06f 001bc803 001b8b93 de0814e3 000b8313 00000813 00400b13 945ff06f 001c4783 001c0c13 d80794e3 000c0813 00000893 00400613 b4dff06f 001bc803 001b8b93 ec081ee3 000b8313 00000813 00500b13 90dff06f 001c4603 001c0c13 dc0616e3 000c0813 00000893 00500613 b15ff06f 00134803 00168693 00130b93 fc0804e3 ebc810e3 00500b13 0f80006f 00184603 00138393 00180c13 fc0604e3 d8e618e3 00500613 0f00006f 00184883 00138393 00180c13 1c088263 1ce88e63 fd088c13 0ffc7613 00c6fe63 02688a63 00284883 001e0e13 00280813 00100613 aa5ff06f 00284783 001e0e13 00280c13 f2078ee3 cce790e3 00400613 09c0006f 00284603 001e0e13 00280c13 d20610e3 f55ff06f 00134b03 00168693 00130b93 160b0463 15cb0863 fd0b0b93 0ffbf813 010f7e63 02fb0a63 00234803 00128293 00230313 00100b13 819ff06f 00234803 00128293 00230b93 ea080ce3 c9c81ee3 00400b13 0200006f 00234803 00128293 00230b93 da0816e3 ed1ff06f 00030b93 00000b13 001bc803 001b8313 fd4ff06f 00080c13 00000613 001c4883 001c0813 9e5ff06f 00700613 ff1ff06f 00700b13 fd5ff06f 000f8393 02c00a13 0003c603 01460663 013642b3 00538023 009383b3 ff53e6e3 000fc883 940898e3 b75ff0e3 02c00913 000fc803 01280663 00a842b3 005f8023 009f8fb3 ff5fe6e3 b41ff06f 00080c13 00300613 f91ff06f 00000893 00600613 971ff06f 00080c13 00600613 f79ff06f 00030b93 00600b13 f59ff06f 00030b93 00300b13 f4dff06f 00000813 00600b13 f1cff06f 00000893 00300613 935ff06f 00000813 00300b13 f04ff06f 018f8ab3 f35fee63 ad5ff06f 955fece3 acdff06f 00200b13 f0dff06f 000c0813 00200613 901ff06f 000b8313 00000813 00200b13 eccff06f 00200613 efdff06f 00000013 00000013 00000000 ff010113 00812623 fff50e13 00100f93 00050413 00000813 00060e93 19cff463 00158793 00912423 01212223 000104b7 00010537 000103b7 000102b7 01079593 00700f13 0077f613 02c00913 00400313 41848493 40850513 3f838393 3e828293 4105d593 0be60263 10c34063 ffd60713 01071693 0106d793 0cffec63 0015d693 00c6f793 00f50633 00062703 00800693 00180893 00d88633 09c67863 00074883 010e87b3 01178023 00174803 010780a3 00274883 01178123 00374803 010781a3 02668463 00474883 00800693 01178223 00574803 010782a3 00674883 01178323 00774703 00e783a3 00d786b3 00158793 00060813 01079593 01268023 0077f613 4105d593 f7e612e3 0015d693 00c6f713 00e288b3 0008a703 00800693 00180893 00d88633 f7c66ce3 00812483 00412903 06887463 00100613 05147463 00c12403 00000593 010e8533 01010113 29d0606f 0015d613 00c67893 01148733 00072703 00400693 f2dff06f 0015d793 00c7f613 00c388b3 0008a703 00800693 f15ff06f 41040633 00c12403 00000593 010e8533 01010113 2550606f 00c12403 01010113 00008067 000f8893 f8dff06f 00000013 00000013 00000013 00000013 00000000 00010737 42870293 00251793 00500393 00578333 00a3e663 00032503 00050067 00000513 00008067 8401a503 00008067 84c1a503 00008067 8481a503 00008067 000116b7 9446a503 00008067 8441a503 00008067 00000000 00000000 00000000 0ff5f793 00879293 0085d593 00001737 fffff8b7 00b2e333 f0f70393 0f088f93 00737633 01f376b3 00461813 0046de13 00f57e93 0f057f13 000037b7 ffffd337 33378893 01c862b3 004e9713 ccc30813 004f5593 0112fe33 0102f633 00b766b3 002e1f13 00265e93 0336f293 0cc6f713 000055b7 ffffb337 55558613 01df67b3 00229e13 00275f13 aaa30293 0057feb3 01ee6733 00c7f6b3 00169793 05577593 0aa77e13 001edf13 00159313 001e5693 01e7eeb3 00d36733 008ed793 00e7cf33 000105b7 001f1313 44058e13 01c306b3 0006d703 008e9e93 00855513 01d747b3 0ff77f13 01079313 008f1593 01835693 00d5e733 00777eb3 01f777b3 004e9f13 0047d593 00bf6333 011376b3 01037733 00269e93 00275793 00feef33 00cf75b3 005f76b3 00159313 0016d713 00e36eb3 0ffef793 00879f13 008ed593 00bf6333 007376b3 01f37733 00469793 00475f13 01e7e5b3 00f57e93 0115f333 0105f6b3 004e9713 00455513 00a767b3 00231f13 0026de93 01df6733 0337f593 0cc7f793 00c77533 00577333 0027de93 00259593 00151693 00135f13 01d5e533 01e6e733 05557313 0aa57693 00131f13 0016d793 00ff6eb3 00875593 01d5c533 00151313 01c30e33 000e5683 00871713 00e6cf33 0ff6f793 010f1e93 00879593 018ed513 00a5e333 007373b3 01f37fb3 00439e13 004fd693 00de6733 011778b3 01077833 00289f13 00285793 00ff65b3 00c5f633 0055f2b3 00161e93 0012d513 00aee533 00008067 00000000 00000000 00000000 00000000 00000000 00000000 00000000 0ff5f793 00879293 0085d593 00001737 fffff8b7 f0f70393 0f088893 00b2e333 00737633 011376b3 00461813 0046de13 00f57e93 0f057f13 ffffd337 000037b7 33378793 01c86fb3 004e9293 ccc30813 004f5593 00b2e6b3 00fff733 010ff633 00271f13 00265f93 0336fe13 0cc6fe93 000055b7 ffffb337 55558693 01ff62b3 aaa30593 002edf13 002e1713 00d2f633 01e76e33 00b2ffb3 001fd293 055e7713 0aae7313 00161e93 00171f13 00135613 005eeeb3 00cf6fb3 008ed293 01f2c733 00010337 00171f13 44030713 00ef0633 00065f83 008e9e93 00855293 01dfc333 0fffff13 01031f93 008f1613 018fde93 01d66333 00737f33 01137633 004f1f93 00465e93 01dfe333 00f37f33 01037fb3 002f1613 002fde93 01d66333 00d37f33 00b37fb3 001f1e93 001fd613 00cee333 0ff37f13 008f1f93 00835e93 01dfe333 01137f33 00737633 004f5e93 00461313 01d36633 00f2ff93 00f67eb3 0f02f293 004f9313 01067fb3 0042df13 002fd613 002e9293 00c2eeb3 00deffb3 00bef2b3 01e36333 001f9613 03337f13 0cc37f93 0012de93 01d662b3 002f1613 002fde93 01d66333 05537f93 0aa37f13 001f5313 001f9e93 006eefb3 0082d613 01f64f33 001f1e93 00ee8333 00035603 00829293 01055e13 00564fb3 0ff67f13 010f9e93 008f1313 018ed613 00c362b3 0072ffb3 0112ff33 004f9313 004f5e93 01d362b3 00f2f633 0102ffb3 00261f13 002fd313 006f62b3 00d2feb3 00b2f633 001e9f93 00165f13 01efe333 0ff37293 00829613 00835e93 01d66fb3 007fff33 011ff333 004f1293 00435613 00c2eeb3 00feffb3 00fe7613 0f0e7e13 010eff33 002f9313 00461e93 004e5f93 002f5293 01feef33 033f7613 0ccf7f93 00536333 002fde93 00261293 00d37f33 00b37e33 01d2efb3 001f1613 055ff293 0aaffe93 001e5313 00129f13 001ede13 00666333 01cf6fb3 00835613 01f642b3 00129e93 00ee8f33 000f5f83 00831e13 01855513 01cfc333 0ffff613 01031e93 00861293 018edf13 01e2efb3 007ffe33 011ff333 004e1293 00435613 00c2eeb3 00feff33 010effb3 002f1313 002fde13 01c362b3 00d2feb3 00b2f633 001e9f13 00165f93 01ff6333 0ff37e13 008e1293 00835e93 01d2e633 00767f33 01167fb3 004fde13 00f57293 004f1313 01c36f33 00429613 00455e93 01d66333 00ff7533 010f7fb3 002fdf13 03337e13 0cc37613 00251293 01e2e533 002e1f93 00265e93 00d57333 01dfef33 00b572b3 00131613 0012d513 055f7f93 0aaf7e13 001f9e93 00a66f33 001e5313 006ee2b3 008f5613 00564533 00151f93 00ef8733 00075e03 008f1e93 01de4333 0ffe7293 01031613 00829f13 01865513 00af6fb3 007ff3b3 011ff8b3 00439713 0048de13 01c76eb3 00fef7b3 010ef833 00279313 00285293 00536f33 00df76b3 00bf75b3 00169613 0015d513 00a66533 00008067 00000013 00000013 00000013 00000013 00000000 00000000 00000000 00000000 00000000 00000000 00000000 0ff5f793 00879293 0085d593 00001737 fffff8b7 00b2e333 f0f70393 0f088f93 00737633 01f376b3 00461813 0046de13 00f57e93 0f057f13 000037b7 ffffd337 33378893 01c862b3 004e9713 ccc30813 004f5593 0112fe33 0102f633 00b766b3 002e1f13 00265e93 0336f293 0cc6f713 000055b7 ffffb337 55558613 01df67b3 00229e13 00275f13 aaa30293 0057feb3 01ee6733 00c7f6b3 00169793 05577593 0aa77e13 001edf13 00159313 001e5693 01e7eeb3 00d36733 008ed793 00e7cf33 000105b7 001f1313 44058e13 01c306b3 0006d703 008e9e93 00855513 01d747b3 0ff77f13 01079313 008f1593 01835693 00d5e733 00777eb3 01f777b3 004e9f13 0047d593 00bf6333 011376b3 01037733 00269e93 00275793 00feef33 00cf75b3 005f76b3 00159313 0016d713 00e36eb3 0ffef793 00879f13 008ed593 00bf6333 007376b3 01f37733 00469793 00475f13 01e7e5b3 0115f7b3 0105f6b3 00f57e93 0f057513 00455313 00279f13 0026d513 004e9713 00af65b3 00676eb3 033ef513 00c5f733 0ccefe93 0055f333 00171793 00251593 002ed713 00135693 00e5e333 00d7ef33 05537793 0aa37693 00179513 0016de93 01d56733 008f5593 00e5c333 00131793 01c78e33 000e5683 008f1f13 01e6c533 0ff6fe93 01051713 008e9593 01875313 0065e7b3 0077f3b3 01f7ffb3 00439e13 004fd693 00de6f33 011f78b3 010f7833 00289513 00285e93 01d565b3 00c5f633 0055f2b3 00161713 0012d313 00676533 00008067 00000013 00000013 00000013 00000013 00000013 00000013 00000013 00000000 00000000 00000000 00000000 00000000 00000000 00000000 00000513 00008067 00000013 00000013 00000013 00000013 00000013 00000013 00000013 00000000 00000000 00000000 00000000 00000000 00000000 00000000 ff010113 00112623 cf9fc0ef fff00613 82818293 06c2a62f 00100313 00660863 00c12083 01010113 00008067 00c12083 00011537 fff00693 fff00713 00000593 91450513 01010113 2640806f 00000013 00000013 00000013 00000000 00000000 4280506f 00000013 00000013 00000013 00000013 00000013 00000013 00000013 4140506f 00000013 00000013 00000013 00000013 00000013 00000013 00000013 c80027f3 c0002773 c80026f3 06d78a63 c80027f3 c0002773 c80022f3 06578263 c80027f3 c0002773 c8002373 04678a63 c80027f3 c0002773 c80023f3 04778263 c80027f3 c0002773 c8002573 02a78a63 c80027f3 c0002773 c80025f3 02b78263 c80027f3 c0002773 c8002673 00c78a63 c80027f3 c0002773 c8002873 f90792e3 82e1ac23 82f1ae23 00008067 00000013 00000013 00000013 00000013 00000013 c80027f3 c0002773 c80026f3 06d78a63 c80027f3 c0002773 c80022f3 06578263 c80027f3 c0002773 c8002373 04678a63 c80027f3 c0002773 c80023f3 04778263 c80027f3 c0002773 c8002573 02a78a63 c80027f3 c0002773 c80025f3 02b78263 c80027f3 c0002773 c8002673 00c78a63 c80027f3 c0002773 c8002873 f90792e3 82e1a823 82f1aa23 00008067 00000013 00000013 00000013 00000013 00000013 8301a783 8381a503 8341a583 83c1a283 40a78533 00a7b333 405583b3 406385b3 00008067 00000013 00000013 00000013 00000013 00000013 00000013 00000000 ff010113 00112623 00812423 00912223 01212023 cc002973 7c9040ef 00050413 00090513 00058493 73d040ef 00050613 00058693 00040513 00048593 7dc030ef 00c12083 00812403 00412483 00012903 01010113 00008067 00000000 00000000 ff010113 00812423 81c1a783 82c1a283 00b79313 00007637 000015b7 00050693 20060613 80058593 00628533 00112623 654070ef f14023f3 81c1a803 8241a883 00180e13 007e0eb3 031ef5b3 00100613 77c070ef 81c1af03 00c12083 00000513 001f0f93 81f1ae23 00812403 01010113 00008067 00000013 00000013 00000013 00000013 00000013 00000013 00000013 00000000 00000000 00000000 00000000 8201a783 000116b7 9406a283 00178313 8261a023 00530663 00000513 00008067 00011537 ff010113 fff00713 fff00793 00000693 00100613 00000593 91450513 00112623 158080ef 00c12083 00000513 01010113 00008067 00000013 00000000 ff010113 00812423 00112623 00050413 cc0025f3 00010537 2f050513 0c4000ef 00100793 00f40023 3dc070ef 00011737 82a1a223 94a72023 01000313 02a36863 82818693 0ea6a52f 94072803 00b81513 0b8050ef 82a1a623 02050a63 00c12083 00812403 01010113 00008067 000103b7 30438513 6fc050ef 01000593 00011737 00058513 94b72023 fb9ff06f 00812403 00c12083 00010e37 324e0513 01010113 6d00506f 00000000 00000000 00000000 00000000 00000000 00000000 00000000 000107b7 00050023 34878513 6a40506f 00000013 00000013 00000013 00000013 ad010113 4f612823 50112623 50912223 4f312e23 50b12a23 50c12c23 50d12e23 52e12023 52f12223 53012423 53112623 00054f83 51410b13 03612223 000f9463 1b80106f 4f512a23 4f812423 0d010993 00010c37 00010ab7 4f412c23 4f712623 50812423 51212023 4f912223 4fa12023 4db12e23 02500a13 01000b93 640c0c13 684a8a93 00098493 114f8a63 01f48023 00154f83 00148493 00150513 fe0f96e3 50812403 50012903 4f812a03 4f412a83 4ec12b83 4e812c03 4e412c83 4e012d03 4dc12d83 00048023 0d014303 00100b13 00031463 1400106f 000013b7 413b0e33 f8038893 00688023 0019c303 01c98533 00198713 08030863 00688023 0029c283 01c70533 00298613 06028e63 00588023 0039c683 01c60533 00398793 06068463 00d88023 0049c803 01c78533 00498e93 04080a63 01088023 0059c583 01ce8533 00598493 04058063 00b88023 0069cf83 01c48533 00698f13 020f8663 01f88023 0079cb03 01cf0533 00798393 000b0c63 01688023 0089c303 00898993 01c38533 f60312e3 50c12083 50412483 4fc12983 4f012b03 53010113 00008067 00000693 00154703 00150413 fe070793 0ff7f293 005bea63 00229313 018303b3 0003a583 00058067 fd070613 0ff67813 00900893 0d08f063 02a00c93 fff00913 21970063 02e00893 fff00c93 07170e63 0df77f13 04c00e13 fff00e93 01cf1863 00070e93 00140413 00044703 fbf70893 0ff8ff93 002f9293 03700393 01528333 35f3e263 00032583 00058067 0016e693 00040513 f71ff06f 0106e693 00040513 f65ff06f 0046e693 00040513 f59ff06f 0206e693 00040513 f4dff06f 0086e693 00040513 f41ff06f 00144703 00900f13 00140793 fd070f93 0ffff293 185f7863 02a00313 30670663 00078413 00000c93 f61ff06f 00000913 00291513 01250933 00191d13 00140413 00ed0db3 00044703 00040e13 fd0d8913 fd070e93 0ffeff13 f3e8e2e3 00291f93 012f87b3 00140413 00179293 00e28333 00044703 fd030913 00291393 012385b3 fd070c93 00159613 0ffcf513 00e60833 eea8e6e3 002e4703 fd080913 00291d13 012d0db3 fd070f93 001d9e93 0ffff793 002e0413 00ee8f33 ecf8e2e3 003e4703 fd0f0913 00291293 01228333 fd070613 00131393 0ff67813 003e0413 00e385b3 e908eee3 004e4703 fd058913 00291c93 012c8533 fd070e93 00151d13 0ffeff13 004e0413 00ed0db3 e7e8eae3 005e4703 fd0d8913 00291f93 012f87b3 fd070393 00179293 0ff3f593 005e0413 00e28333 e4b8e6e3 006e4703 fd030913 00291613 01260833 fd070513 00181c93 0ff57d93 006e0413 00ec8d33 e3b8e2e3 007e4703 007e0413 fd0d0913 fd070e13 0ffe7e93 edd8f0e3 e09ff06f 000b2903 00250413 00094863 00254703 004b0b13 df1ff06f 00254703 004b0b13 41200933 0106e693 dddff06f 00000c93 002c9393 019385b3 00178793 00159613 00e60833 0007c703 00078d13 fd080c93 fd070513 0ff57d93 11bf6e63 002c9413 01940cb3 001c9e13 00178793 00ee0eb3 0007c703 fd0e8c93 002c9893 01988fb3 fd070393 001f9293 0ff3f593 00e28333 0ebf6263 002d4703 fd030c93 002c9613 01960833 fd070413 00181513 0ff47e13 002d0793 00e50db3 0bcf6e63 003d4703 fd0d8c93 002c9e93 019e88b3 fd070313 00189f93 0ff37393 003d0793 00ef82b3 087f6a63 004d4703 fd028c93 002c9593 01958633 fd070d93 00161813 0ffdf413 004d0793 00e80533 068f6663 005d4703 fd050c93 002c9e13 019e0eb3 fd070293 001e9893 0ff2f313 005d0793 00e88fb3 046f6263 006d4703 fd0f8c93 002c9393 019385b3 fd070813 00159613 0ff87d93 006d0793 00e60533 01bf6e63 007d4703 007d0793 fd050c93 fd070d13 0ffd7413 ec8f70e3 000cd463 00000c93 00078413 c91ff06f 02500f13 01e70863 01e48023 00148493 b20708e3 00144f83 00e48023 00140513 00148493 b00f92e3 b19ff06f 000b2c83 00240793 004b0b13 040cc463 00244703 00078413 c49ff06f 0106fd93 000b2f83 0026e593 004b0b13 000d9463 0880106f ffe6f313 00236593 01000813 000fd463 45c0106f 00080f13 02000e93 0800106f 00244703 00000c93 fb9ff06f 01000713 000b2f83 00070313 004b0b13 0106fd13 340d1863 0016fe13 00000813 000e1463 1750106f 00100f13 03000e93 0206f513 34050463 01000793 00f31463 7500106f 00800393 000108b7 00730463 5d00106f 36088613 00000393 02000893 fff90913 320f9663 03000693 00000d93 00100793 08d10023 08010d13 000c8693 00fcd463 00078693 02000593 00048513 40d90933 280f1ae3 292056e3 00090613 01012e23 00612c23 00d12623 00f12423 01d12223 00712a23 01112823 01248933 59c050ef 01412483 00412e83 00812783 00c12683 01012f03 01812303 01c12803 2a0480e3 00990023 00190493 6a0f1ee3 01003533 ffe50913 0397d463 fff68e93 00100c93 00fec463 40f68cb3 00048513 000c8613 03000593 544050ef 019484b3 001d8793 0077f313 00100813 01bd07b3 00200613 00300393 00048713 fffd0d13 08030e63 09030263 06c30863 04730e63 00400893 05130263 00500513 02a30663 00600e13 01c30a63 0007c283 00148713 fff78793 00548023 0007cf83 00170713 fff78793 fff70fa3 0007c583 00170713 fff78793 feb70fa3 0007cf03 00170713 fff78793 ffe70fa3 0007c683 00170713 fff78793 fed70fa3 0007ce83 00170713 fff78793 ffd70fa3 0007cc83 fff78793 00170713 ff970fa3 04fd0863 0007c383 fff7c303 ffe7c883 ffd7c803 ffc7c503 ffb7ce03 ffa7c603 ff97c283 00770023 006700a3 01170123 010701a3 00a70223 01c702a3 00c70323 ff878793 005703a3 00870713 fafd1ce3 001d8d93 00090613 02000593 01b484b3 01205863 00048513 41c050ef 009904b3 00144f83 00140513 840f96e3 861ff06f 007b0b13 ff8b7f93 0106f713 000fae83 004faf03 008f8b13 0026ed13 50070ce3 ffe6fd93 02000e13 01c12623 002ded13 00000693 000e8513 000f0593 00000613 01d12423 01e12223 594030ef 00412683 00812283 50054ce3 004d7513 7a0502e3 02b00d93 fff90913 fff00893 011c9463 00600c93 00068593 02c10713 00028513 08010793 02810693 000c8613 6f0010ef 02c12303 03010813 00050713 00030463 0540106f 00074683 00069463 1740106f 02812e03 00170613 02e00593 01c04463 5480106f 40e602b3 fff28513 00160613 01c51463 4480106f 00d80023 fff64683 00180293 00069463 16c0106f 00028813 fd5ff06f 00800713 0106fd13 000b2f83 00070313 004b0b13 ca0d0ce3 ffe6f693 01000813 0206f513 00080f13 02000e93 cc0510e3 000102b7 36028613 00000393 00000893 cc0f8ee3 00000793 08010d13 02eff5b3 00078d93 00178793 00fd0e33 00078693 02efd533 00b602b3 0002c583 febe0fa3 ccefe0e3 02e57e33 00078d93 00178793 00fd02b3 02e55fb3 01c605b3 0005ce03 ffc28fa3 c8e56ee3 02eff5b3 00078d93 00268793 00fd02b3 02efd533 00b60e33 000e4583 feb28fa3 c6efece3 02e57e33 00078d93 00368793 00fd02b3 02e55fb3 01c605b3 0005ce03 ffc28fa3 c4e56ae3 02eff5b3 00078d93 00468793 00fd02b3 02efd533 00b60e33 000e4583 feb28fa3 c2efe8e3 02e57e33 00078d93 00568793 00fd02b3 02e55fb3 01c605b3 0005ce03 ffc28fa3 c0e566e3 02eff5b3 00078d93 00668793 00fd02b3 02efd533 00b60e33 000e4583 feb28fa3 beefe4e3 02e57e33 00078d93 00768793 00fd02b3 02e55fb3 01c606b3 0006c583 feb28fa3 eee570e3 bc1ff06f fff00d13 000b2303 0106f393 004b0b13 79a90263 00030e93 78039663 0016f593 780586e3 00100f13 03000593 7840006f 000b2d03 004b0b13 540d02e3 000d4703 00071463 2f00106f 007cfd93 000d0793 019d0cb3 080d8463 001d4f03 00100e13 00200513 00300813 00400e93 01cd07b3 0c0f0a63 07cd8463 04ad8c63 050d8463 03dd8c63 00500893 031d8263 00600f93 01fd8863 002d4283 00ad07b3 0a028463 0017c303 00178793 08030e63 0017c383 00178793 08038863 0017c583 00178793 08058263 0017c703 00178793 06070c63 0017c603 00178793 06060663 07978463 0017cd83 00178793 00078f13 040d8c63 0017ce03 00178793 040e0663 002f4503 002f0793 04050063 003f4803 003f0793 02080a63 004f4e83 004f0793 020e8463 005f4883 005f0793 00088e63 006f4f83 006f0793 000f8863 007f4283 007f0793 f8029ee3 0106f693 41a78cb3 500688e3 01905c63 00048513 000c8613 000d0593 058050ef 019484b3 c32cd0e3 41990cb3 000c8613 02000593 00048513 020050ef 019484b3 c05ff06f 00a00713 000b2f83 00070313 004b0b13 9b9ff06f 06c00d13 0406e693 1fae80e3 000b2583 004b0b13 0005ce83 560e8863 06300f93 37dfd0e3 51eb8337 51f30893 031eb633 06400293 00010e37 ccccd837 360e0e13 ccd80513 00900c93 00800793 00700813 00600713 00565d93 025d8d33 01be0fb3 000fc383 00500893 00400613 08710023 00300313 00200f13 41ae8db3 02adbeb3 003ed513 00ae02b3 0002cd03 00251f93 00af83b3 00139e93 09a100a3 41dd8eb3 01de0e33 000e4d83 01e10f33 09bf0023 02e00d13 006103b3 09a38023 0015cf83 4a0f8c63 06300e93 25fedee3 51eb8eb7 51fe8393 027fbdb3 00010f37 360f0e93 06400513 01110f33 00080893 000c8813 ccccde37 ccde0d13 00c102b3 005ddc93 02ac8db3 019e8633 00064503 00830c93 00070613 00078713 00730793 08a28023 41bf8fb3 03afb333 00335d13 01ae8e33 000e4383 002d1293 01a28db3 001d9513 087f0023 40af8fb3 01fe8eb3 000ecf03 00c10633 09e60023 02e00293 01110533 08550023 0025cf03 400f0063 06300f93 17efd0e3 51eb8637 51f60d13 03af33b3 00e10fb3 06400293 ccccde37 00010537 ccde0d93 36050e13 01010d33 000c8813 00688c93 0053d713 02570633 00ee0333 00078713 00588793 00034383 087f8023 40cf0f33 03bf38b3 0038d293 005e0db3 000dce83 00229513 00550fb3 001f9613 09dd0023 40cf0f33 01ee0e33 000e4d03 00e103b3 09a38023 02e00d93 01010533 09b50023 0035c303 34030863 06300593 0665dae3 51eb8537 51f50613 02c33f33 4d010713 00f702b3 01970db3 06400d13 00380793 00480c93 ccccde37 ccde0393 000108b7 005f5813 03a80eb3 36088513 010505b3 0005cf83 bbf28823 41d30333 02733633 00365f13 01e50d33 000d4e03 002f1393 01e388b3 00189713 bbcd8823 40e30333 00650533 00054283 00f107b3 08578023 0106f693 02069a63 41990db3 000d8613 02000593 00048513 fff90f93 692cd8e3 012484b3 01f12223 545040ef 00412903 419484b3 41b90933 000c8613 08010593 00048513 545040ef 00048d13 41990633 02000593 009c84b3 912cd0e3 00048513 50d040ef 01a904b3 8f1ff06f 06c00f13 d1ee94e3 00010837 000b2603 36080d13 004b0b13 00064f03 03a00e13 09c10123 004f5393 00ff7893 007d0333 011d0733 00034503 00074283 0106f693 08a10023 085100a3 00164783 09c102a3 0047d813 00f7fe93 010d05b3 01dd0db3 0005cf83 000dcc83 09f101a3 09910223 00264f03 09c10423 004f5393 00ff7893 007d0333 011d0733 00034503 00074283 08a10323 085103a3 00364783 09c105a3 0047d813 00f7fe93 010d05b3 01dd0db3 0005cf83 000dcc83 09f104a3 09910523 00464f03 09c10723 00ff7393 004f5e13 01cd08b3 007d0333 0008c503 00034703 08a10623 08e106a3 00564283 0042d613 00cd07b3 0007c803 00f2fe93 01dd0d33 090107a3 000d4583 08b10823 56069a63 01100d93 fef90613 02000593 00048513 552dde63 fef48493 3d9040ef 01248933 000d8613 08010593 00090513 3e1040ef 01b904b3 fa8ff06f 0106fc93 7c0c8463 000b2f83 fff90913 004b0b13 01f48023 00148493 f9205463 00090613 02000593 f70ff06f 0106f393 000b2f83 004b0b13 52038663 0206f713 0a070ce3 03000e93 ffe90913 4a0f9ae3 09d10023 000c8693 01904463 00100693 01000813 00000d93 00080313 00100793 02000e93 40d90933 08010d13 0180006f fff90913 00038663 00748023 00148493 00088a63 00800e13 11c30463 01000293 04530c63 da081863 63205ee3 00090613 00048513 000e8593 00f12223 00d12423 2f9040ef 00412783 012484b3 fff00913 db97d663 00812683 d80ff06f 420f0863 00800613 2ec302e3 01000713 00090493 7ee31663 fff00913 03000f93 07800593 01f48023 00b480a3 00248493 f99ff06f 00f10eb3 03000593 08be8023 d31ff06f 00e10733 03000293 08570023 c85ff06f 00c10e33 03000393 087e0023 bd5ff06f 03000293 00700c93 00600793 00500813 00400713 00300893 00200613 00100313 08510023 b05ff06f 0d010993 00098493 00048023 0d014303 00100b13 00030463 ec9fe06f 50c12083 50412483 4fc12983 4f012b03 00000513 53010113 00008067 03000f13 01e48023 00148493 ef9ff06f 00030e93 0016e693 72038863 00800913 01000f13 02000593 ffe6f693 0206f813 16081a63 62030463 00010e37 00fef513 360e0893 00a88fb3 000fc283 00100d13 08010393 01a387b3 fe578fa3 004ed713 00000d93 000d0313 0e070a63 00f77d93 01b88633 00064e03 000d0d93 001d0d13 01a38533 ffc50fa3 008edf93 0c0f8863 00fff293 005887b3 0007c703 000d0d93 00230d13 01a38633 fee60fa3 00cede13 0a0e0663 00fe7d93 01b88533 00054f83 000d0d93 00330d13 01a382b3 fff28fa3 010ed793 08078463 00f7f713 00e88633 00064e03 000d0d93 00430d13 01a38533 ffc50fa3 014edf93 060f8263 00fffd93 01b882b3 0002c783 000d0d93 00530d13 01a38733 fef70fa3 018ed613 04060063 00f67e13 01c88533 00054f83 000d0d93 00630d13 01a382b3 fff28fa3 01cede93 000e8e63 01d888b3 0008c703 000d0d93 00730d13 01a383b3 fee38fa3 000c8313 5dacca63 40690933 5c0f1063 51204c63 fff90913 04081e63 00048f93 3f2052e3 000f8513 00090613 00612223 08d040ef 01250fb3 279d54e3 00412303 fff00913 0500006f ffe90913 e80318e3 03000793 08f10023 000c8313 01904463 00100313 40690933 080f0ce3 00000d93 00100d13 03000f13 07800813 01e48023 00248f93 010480a3 0106f693 f8068ae3 239d50e3 fff30c93 00100493 01acc463 41a304b3 00048613 03000593 000f8513 00d040ef 009504b3 100d0c63 08010293 01b28733 07f10d13 41a70eb3 007ef893 00100393 00200313 00300f13 00048793 08088e63 08788263 06688863 05e88e63 00400813 05088263 00500693 02d88663 00600593 00b88a63 00074603 00148793 fff70713 00c48023 00074e03 00178793 fff70713 ffc78fa3 00074503 00178793 fff70713 fea78fa3 00074f83 00178793 fff70713 fff78fa3 00074c83 00178793 fff70713 ff978fa3 00074283 00178793 fff70713 fe578fa3 00074e83 fff70713 00178793 ffd78fa3 04ed0863 00074383 fff74f03 ffe74303 ffd74883 ffc74803 ffb74603 ffa74583 ff974683 00778023 01e780a3 00678123 011781a3 01078223 00c782a3 00b78323 ff870713 00d783a3 00878793 faed1ce3 001d8d93 01b484b3 ad205c63 00048513 00090613 02000593 6dc040ef 012484b3 ac0ff06f 02000613 0016f813 00c12623 ae080863 03000593 00b12623 ae4ff06f fff00913 b8dff06f 00090493 3a081463 ffe00913 9597c063 960ff06f 800003b7 02d00d93 0076c6b3 fff90913 aecff06f fff90913 01100d13 000d0613 08010593 00048513 68c040ef fef90c93 000c8613 02000593 01a484b3 e32d4c63 a44ff06f 0016fd93 0206f793 140d86e3 3a078a63 00010e37 00000813 00100f13 01000713 388e0613 03000e93 01000313 00000393 02000893 ffe90913 824ff06f 00010cb7 000b2603 388c8d13 004b0b13 921ff06f 0016f793 0e078ae3 00100f13 03000e93 00000813 020fc663 0045fe13 040e0463 00a00313 000102b7 36028613 00030713 02b00393 fff90913 0205f893 fd1fe06f 000108b7 00a00313 36088613 00030713 02d00393 41f00fb3 fff90913 0206f893 ad8ff06f 00010737 00a00313 0085f693 36070613 00030713 16069c63 00000393 0205f893 f89fe06f 00900f93 346fd863 ccccd637 ccd60f13 03e33e33 00010d37 360d0513 00f108b3 000c8793 00380c93 003e5713 00e502b3 0002cd83 00271e93 00ee85b3 00159f93 09b88023 41f30333 fb8ff06f 00900e93 2feedc63 ccccd337 ccd30613 02cf3d33 00010e37 360e0e13 00e102b3 00080713 00078813 000c8793 00588c93 003d5d93 01be0533 00054f83 002d9e93 01be88b3 00189313 09f28023 406f0f33 ec8ff06f 00900e13 29fe5c63 ccccd537 ccd50f13 03efb2b3 00010d37 360d0e93 00c10e33 00088613 00070893 00080713 00078813 000c8793 00730c93 0032dd93 01be8333 00034f03 002d9513 01b502b3 00129d13 09ee0023 41af8fb3 dccff06f 00900f13 21df5863 ccccdcb7 ccdc8713 02eeb533 000107b7 36078e13 00800c93 00700793 00600813 00500713 00400893 00300613 00200313 00355293 005e0db3 000dcd03 00229f93 005f8f33 001f1393 09a10023 00100f13 407e8eb3 cc4ff06f 00010637 35860d13 ac4ff06f 02000393 fff90913 0075f8b3 e11fe06f 008d7793 00000d93 86078063 02000d93 fff90913 854ff06f fff90613 02000593 00048513 34c05863 3dc040ef 000b2e83 fff48493 01248933 004b0b13 00190493 01d90023 fadfe06f 03000713 08e10023 000c8313 01904463 00100313 40690933 3c0f1663 00100d13 00000d93 67205863 00090613 00048513 02000593 00612623 01012423 00d12223 37c040ef 01248fb3 00812903 00412483 00c12303 34090e63 03000613 07800e13 00cf8023 01cf80a3 0104f513 3a051a63 002f8f93 ffe00913 b19ff06f fff90d93 532cdc63 41990633 00048513 02000593 012484b3 00c12223 324040ef 00412903 419484b3 412d8933 ac8ff06f 02d00f93 03110813 03f10823 fa5fe06f fff00913 0197d463 d99fe06f db9fe06f 00048f93 aa0812e3 ab5ff06f 000d0313 a2dff06f 34080663 fff00913 d71fe06f 00100f13 00800913 03000593 8d9ff06f 420f9863 03000513 08a10023 000c8693 01904463 00100693 00000d93 00100793 40d90933 08010d13 d35fe06f 01000313 000105b7 00000813 00100f13 03000e93 38858613 00030713 00000393 00000893 c79fe06f 000103b7 00700c93 00600793 00500813 00400713 00300893 00200613 00100313 00000f13 36038e13 ae4ff06f 00010db7 360d8e93 b80ff06f 000108b7 36088e13 c14ff06f 00010837 36080513 ca4ff06f 00a00313 00010537 02000e93 00080f13 36050613 00030713 02d00393 41f00fb3 fff90913 01d6f8b3 f29fe06f 00000f13 02000593 ffcff06f 03000593 00280e93 00b80023 02e00f13 000c8613 000e8513 00180293 000c8c63 01e800a3 01d12223 1bc040ef 00412703 019702b3 00028023 020d7513 03014303 00050463 0c0c8863 36030c63 03010893 13010313 00088813 00184f83 00180813 00080e93 040f8e63 00184f03 00180813 040f0863 002ece03 002e8813 040e0263 003ec583 003e8813 02058c63 004ec703 004e8813 02070663 005ec683 005e8813 02068063 006ec283 006e8813 00028a63 007ec503 007e8813 00050463 f8681ee3 41180cb3 41990933 011d7613 08061863 2d205e63 00090613 02000593 00048513 104040ef 012483b3 0c0d8a63 ffe00913 00138493 01b38023 a19050e3 00048513 000c8613 03010593 0f8040ef 019484b3 9e9ff06f 03010c93 02e00813 3a030a63 00030793 04500613 f30780e3 0df7f393 12c38663 001cc783 001c8c93 fe0796e3 02e00893 011c8023 03014303 000c80a3 ef9ff06f 00060913 cdcff06f 000d8663 01b48023 00148493 010d7d13 f80d16e3 3b205463 00c12583 00090613 00048513 064040ef 000c8613 03010593 012484b3 01904463 c3dfe06f 00048513 064040ef 009c84b3 c2dfe06f 36088613 00a00313 00000393 02000893 a35fe06f 2f905c63 000c8613 03010593 00038513 034040ef 00ac84b3 bfdfe06f 0104f593 06059063 ffe00913 fd9d4c63 000f8493 fe0d1c63 be1fe06f 03000393 010038b3 00190493 00790023 ffe88913 a79fe06f 0106f613 18060663 00100d13 2b9d5863 00048f93 00000d93 f98ff06f 00100d13 00000d93 c32040e3 fff90913 f64ff06f fff00913 f79d4e63 fa5ff06f 002f8f93 fff00913 f68ff06f ffe00913 a29fe06f ee0782e3 000ccf83 000c8393 100c8e93 080f8063 0013cf03 00138393 00038e13 040f0e63 0013c583 00138393 04058863 002e4703 002e0393 04070263 003e4683 003e0393 02068c63 004e4283 004e0393 02028663 005e4503 005e0393 02050063 006e4803 006e0393 00080a63 007e4603 007e0393 00060463 f9d39ee3 41938633 00c05863 001c8593 002c8513 6c5030ef 02e00793 00fc8023 03014303 d51ff06f 00d800a3 fff64683 00b80023 00280293 d20684e3 00028813 b91fe06f 00010337 36030613 899ff06f 000f8913 988ff06f 01000813 02000e93 00010d37 00080f13 00080313 388d0613 00080713 00000393 000e8893 bc9fe06f 01000813 000102b7 00080f13 00080313 02000e93 38828613 00080713 00000393 00000893 ba1fe06f 0106f693 00000c93 00068463 e29fe06f fff90d93 b1204ee3 000d8913 e19fe06f 00048f93 00000d93 00100d13 da0ff06f fff90913 dc0d80e3 01b48023 00148493 db5ff06f 00000c93 d05ff06f 000f8493 fff00913 e00d1a63 9fdfe06f 000f8493 e04ff06f 000d8913 db5fe06f 03000593 02e00793 00b80023 00f800a3 41c00633 00280293 02c05463 00028513 00d12423 00e12223 01c12823 5d1030ef 01012683 00412703 40d502b3 00812683 00174383 00128293 fed28fa3 00028893 be038ee3 00274303 00728023 00128293 be0306e3 00374f83 006880a3 00288293 bc0f8ee3 00474e83 01f88123 00388293 bc0e86e3 00574f03 01d881a3 00488293 ba0f0ee3 00674e03 01e88223 00588293 ba0e06e3 00774583 01c882a3 00688293 00870713 b8058ce3 00074683 00b88323 00788293 f6069ee3 b85ff06f 00038493 919fe06f 00048f93 fff90913 c84ff06f 00000d93 d18ff06f 03010c93 c6dff06f 00000f13 02000e93 f10ff06f 04079863 000108b7 01000313 38888613 00000813 00000f13 02000e93 00030713 00000393 00000893 ee0fe06f fff90913 f6cfe06f fff90913 bddff06f 00000f13 02000e93 e90fe06f fff90913 c88ff06f 00010337 00000813 00000f13 01000713 38830613 02000e93 e6cff06f 00000000 00000000 00000000 fa010113 04812c23 04912a23 05312623 05512223 03b12623 00060813 00c12a23 04112e23 05212823 05412423 05612023 03712e23 03812c23 03912a23 03a12823 04e00613 00050493 00058993 00068d93 00070413 00078a93 1b065663 00c12a23 00048513 00098593 00000613 00000693 00042023 5ed010ef 00055a63 00100713 800007b7 00e42023 00f9c9b3 0149d293 7ff2f313 c0130393 03300693 3276d4e3 40000293 1a538263 800008b7 00000913 0119f433 00048513 00098593 00000613 00000693 455010ef 1a050c63 00010837 3e082783 3e482283 00100fb7 00200337 00010637 050a8d13 ffff8713 ffe30393 3d862b03 3dc62b83 000d0a13 00e12c23 00f12423 00512623 00712e23 0800006f 40000f13 01ec9e63 01455f93 00c59613 00cf8833 00c51713 010767b3 00079863 800002b7 00000513 00b2f5b3 00812603 00c12683 fffa0c13 585000ef 000b0613 000b8693 5dd010ef 31d020ef 03050393 05000893 41888cb3 00098593 00000613 00000693 00048513 fe7a0fa3 019a8cb3 399010ef 26050463 000c0a13 00048513 00098593 000b8693 000b0613 47c010ef 0145d693 7ff6f893 c0188c93 03300c13 00050493 00058993 f59c4ce3 060cce63 be188e13 040e4663 01812e83 00000393 01ced2b3 00a2f6b3 00b3f8b3 0116ecb3 f40c88e3 fff2c993 fff3cc13 00a9f4b3 00048613 00bc76b3 00bc79b3 31c020ef f3dff06f e4085ee3 00012a23 e55ff06f 01c12603 01812303 01f00f13 419f0fb3 fff00713 01f61833 019757b3 00f802b3 019353b3 fa1ff06f 80000eb7 00000493 00bef9b3 ef9ff06f 0144d313 00c99393 007306b3 00c49513 00d565b3 e40586e3 00048513 00098593 00000613 00000693 00048913 00098413 2a1010ef e40518e3 00090513 00040593 00000613 00000693 301010ef 18a056e3 000109b7 3d89a603 3dc9a683 000104b7 00090513 00040593 481010ef 3d04ab03 3d44ab83 00050a13 000b0613 000b8693 00b12423 395010ef 00000493 140556e3 3dc9ac83 3d89ac03 00812e03 000a0513 000c0613 000c8693 000e0593 000e0413 439010ef fff48493 000b0613 000b8693 000a0913 00048d13 00050993 00058a13 349010ef 0a055863 00098513 000a0593 000c0613 000c8693 401010ef 000b0613 000b8693 00098913 000a0413 fff48493 00050993 00058a13 311010ef 06055c63 00098513 000a0593 000c0613 000c8693 3c9010ef 000b0613 000b8693 00098913 000a0413 ffed0493 00050993 00058a13 2d9010ef 04055063 000a0593 000c0613 000c8693 00098513 391010ef 000b0613 000b8693 000a0413 00b12423 00050a13 2a9010ef 00812e03 ffdd0493 00098913 f0054ee3 01412e83 009da023 009e8f33 01ea89b3 0559eae3 000a8493 050a8d13 2900006f 2bac70e3 418a84b3 04f48693 00b00e13 16de74e3 fff48993 00200e93 153efee3 41500f33 003f7f93 05048613 240f88e3 000c4803 002f7713 001a8513 010a8023 02070463 000a4783 00300293 002a8513 00fa80a3 265f94e3 002c4303 002a0a13 01fa8533 006a8123 41f603b3 ffc3f893 ffc88593 0025db13 001b0b93 01fa8733 003bf693 01fc07b3 00e88c33 0a068a63 00100e13 07c68a63 00200993 03368c63 0017ce83 0007cf03 0027cf83 0037c803 008e9613 01e662b3 010f9313 005365b3 01881b13 00bb6bb3 01772023 00478793 00470713 0017c983 0007ce03 0027ce83 0037c683 00899f13 01cf6fb3 010e9813 01f86633 01869293 00c2e333 00672023 00478793 00470713 0017c583 0007cb03 0027cb83 0037c983 00859e13 016e6eb3 010b9693 01d6ef33 01899f93 01efe833 01072023 00470713 00478793 0d870063 0017c283 0007c303 0027c603 0037cb03 00829593 0065ebb3 01061993 0179ee33 018b1e93 01cee6b3 00d72023 0057cf03 0047cf83 0067c803 0077c283 008f1313 01f36b33 01081613 016665b3 01829b93 00bbe9b3 01372223 0097ce83 0087ce03 00a7cf03 00b7c683 008e9f93 01cfe833 010f1293 0102e333 01869b13 006b6633 00c72423 00d7c583 00c7cb83 00e7c983 00f7ce83 00859e13 017e6f33 01099693 01e6efb3 018e9813 01f862b3 00572623 01070713 01078793 f58714e3 011a0a33 01150533 07138663 000a4383 001a0893 00750023 05a8fe63 001a4c03 002a0713 018500a3 05a77663 002a4303 003a0793 00650123 03a7fe63 003a4b03 004a0613 016501a3 03a67663 004a4583 005a0b93 00b50223 01abfe63 005a4983 006a0e93 013502a3 01aef663 006a4e03 01c50323 01412a03 019da023 009d04b3 019a0533 00aa89b3 5d59e063 2099e663 001008b7 00200637 409d03b3 fff88713 ffe60593 00010cb7 0013f313 00e12423 00b12a23 3d8cab03 3dccab83 03300a13 40000c93 80000c37 0a030a63 1da4f663 00090513 00040593 000b0613 000b8693 069010ef 0145d913 7ff97413 c0140e93 00050e13 00050f13 00058f93 5dda4663 780ec663 be140793 6007c263 00812683 00000293 00f6d833 010f7433 005ffeb3 01d467b3 5c078863 fff84693 fff2c813 01e6ff33 01f87fb3 000e0513 000f0613 000f8693 01e12e23 01f12c23 5e5010ef 01c12e03 00058413 01812583 00050913 000e0313 00030513 524020ef 00148493 03050e13 ffc48fa3 1299e063 11a4fe63 00090513 00040593 000b0613 000b8693 7b8010ef 0145d613 7ff67913 c0190413 00050313 00050e93 00058813 388a5463 37941c63 01455293 00c59393 007288b3 00c51713 01176e33 360e0063 00050913 00058413 00030513 4b4020ef 00148493 03050813 ff048fa3 0a99e863 000b0613 000b8693 00090513 00040593 74c010ef 0145d613 7ff67f13 c01f0693 00050f93 00050e93 00058313 38da4663 4806cc63 be1f0293 4402ca63 00812383 00000e13 0053d8b3 011eff33 01c376b3 00df62b3 34028c63 fff8c393 fffe4893 01d3feb3 0068f333 000f8513 000e8613 00030693 01d12e23 00612c23 4c9010ef 00058413 01c12f83 01812583 00050913 000f8313 00030513 408020ef 00148493 03050e13 ffc48fa3 ee99f4e3 47a9f663 0009cb03 03900b93 005b0a13 0ffa7c93 01998023 239bfa63 41598c33 007c7493 00098793 03000d13 0e048e63 01a98023 1d3af063 fff9c603 00160693 0ff6ff13 ffe98fa3 21ebf263 00100e93 fff98793 0dd48a63 00200f93 0bf48863 00300313 08648663 00400293 06548463 00500393 04748263 00600893 03148063 ffe9c703 ffa98fa3 ffe98793 00170e13 0ffe7913 ff298f23 1b2bfa63 fff7c403 01a78023 fff78793 00140513 0ff57593 00b78023 18bbfc63 fff7c803 01a78023 fff78793 00180b13 0ffb7a13 01478023 174bfe63 fff7cc83 01a78023 fff78793 001c8c13 0ffc7493 00978023 169bf063 fff7c603 01a78023 fff78793 00160693 0ff6ff13 01e78023 15ebf263 fff7ce83 01a78023 fff78793 001e8f93 0ffff313 00678023 126bf463 01a78023 0cfaf463 fff7c803 00180b13 0ffb7a13 ff478fa3 114bf663 ffe7cc83 ffa78fa3 001c8c13 0ffc7493 fe978f23 0e9bfa63 ffd7c603 ffa78f23 00160693 0ff6ff13 ffe78ea3 0debfe63 ffc7ce83 ffa78ea3 001e8f93 0ffff313 fe678e23 0c6bf263 ffb7c283 ffa78e23 00128393 0ff3f893 ff178da3 0b1bf663 ffa7ce03 ffa78da3 001e0913 0ff97713 fee78d23 08ebfa63 ff97c403 ffa78d23 00140513 0ff57593 feb78ca3 06bbfe63 ff87c803 ffa78ca3 00180b13 0ffb7a13 ff478c23 074bf263 ff878793 f39ff06f 03100b93 01778023 000da283 00128393 007da023 013af463 01a98023 0007cd03 03900893 00198993 03a8f863 03100e13 03000913 01c78023 000da703 00170413 008da023 0f3afe63 01298023 0007c583 00198993 feb8e0e3 00098023 05c12083 05812403 05412483 05012903 04c12983 04812a03 04012b03 03c12b83 03812c03 03412c83 03012d03 02c12d83 000a8513 04412a83 06010113 00008067 00000913 01887433 ca5ff06f 16044663 be190693 1006ca63 00812783 00000913 00d7d733 00eef433 01287633 00c466b3 fc0688e3 fff94793 fff74f13 01df7eb3 0107ffb3 00030513 000e8613 000f8693 01d12e23 01f12c23 1b1010ef 00058413 01c12303 01812583 00050913 c41ff06f 00000913 01837433 cddff06f ff969ae3 01455e13 00c59913 012e0433 00c51713 00876833 fc080ee3 00050913 00058413 cb5ff06f 0007c503 00198993 eea8e6e3 f0dff06f 1803c463 be130513 14054863 001005b7 fff58893 00a8df33 00000f93 01e4f433 01f9f633 00c46833 ca080e63 ffff4713 ffffca13 00977633 00048513 013a76b3 00098593 009774b3 10d010ef 00050913 00058413 013a79b3 c98ff06f 01412c03 000da023 018a89b3 fb59fa63 000a8023 e9dff06f 01412503 00812e03 01f00f13 408f0fb3 fff00393 01f512b3 0083d8b3 01128733 008e5933 ed9ff06f 01412403 00812603 01f00913 40d90733 fff00813 00e41533 00d857b3 00f508b3 00d65e33 b99ff06f 00058413 00050913 00000313 0185f5b3 b25ff06f 00058413 00050913 00000f93 0185f5b3 bb9ff06f 039e9663 01455293 00c59393 007288b3 00c51313 01136733 00070a63 00050913 00058413 000e0313 a75ff06f 00000913 018ff433 000e0313 a65ff06f 040a87a3 de1ff06f 01412883 00812903 01f00513 41d503b3 fff00713 00789333 01d75633 00c30833 01d952b3 9e9ff06f 01f00913 00200c37 40790a33 fff00b13 00100bb7 ffec0c93 014c9d33 007b5e33 fffb8e93 01cd0f33 007edfb3 e99ff06f 800007b7 00048913 00098413 00000493 00f9f9b3 b54ff06f 418d0f33 007f7f93 000a8793 0a0f8463 00100693 08df8663 00200813 070f8a63 00300293 045f8e63 00400a13 054f8263 00500513 02af8663 00600393 007f8a63 000c4883 001a8793 001c0c13 011a8023 000c4703 00178793 001c0c13 fee78fa3 000c4303 00178793 001c0c13 fe678fa3 000c4b03 00178793 001c0c13 ff678fa3 000c4603 00178793 001c0c13 fec78fa3 000c4583 00178793 001c0c13 feb78fa3 000c4b83 001c0c13 00178793 ff778fa3 858d04e3 000c4983 008c0c13 00878793 ff378c23 ff9c4e83 ffd78ca3 ffac4e03 ffc78d23 ffbc4f03 ffe78da3 ffcc4f83 fff78e23 ffdc4683 fed78ea3 ffec4803 ff078f23 fffc4283 fe578fa3 fb8d1ce3 ff8ff06f 000a8513 000c0a13 de4ff06f 00000e13 00058413 00050913 0185f5b3 000e0313 8c5ff06f 01412b03 019da023 019b0bb3 017a89b3 d959eae3 000a8493 fd4ff06f 001a0a13 da8ff06f 00000013 00000013 00000013 00000013 00000013 00000013 00000013 00c59793 fe010113 01d55713 0097d793 0146d893 00812c23 00f767b3 0145d413 00c69713 00912a23 7ff47413 01f5d493 7ff8f893 01d65593 00975713 00112e23 01212823 01312623 01f6d693 00351513 00e5e733 00361613 41140833 7ff00313 30d49663 17005663 0a089063 00c766b3 02068463 fff40813 00081e63 00c50633 00e787b3 00a63533 00a78733 00100413 0c80006f 08641063 01d79713 00355513 7ff00693 00a76733 0037d793 00d41e63 00f76733 00000793 00070863 000807b7 00000713 00000493 7ff47413 00c79793 00c7d793 01441413 01f49593 00f46433 01c12083 00b467b3 01812403 01412483 01012903 00c12983 00070513 00078593 02010113 00008067 28640c63 008006b7 00d76733 03800693 0b06c663 01f00693 02000893 0706c863 410888b3 011716b3 010655b3 011618b3 00b6e6b3 011038b3 0116e6b3 01075833 00a68633 00f80833 00d636b3 00d80733 00871793 1c07de63 00140413 7ff00793 5af40c63 ff8007b7 fff78793 00f777b3 00165713 00167613 00c76733 01f79613 00e66633 0017d713 1a80006f fe080693 00d756b3 00000593 01180863 04000593 410585b3 00b715b3 00c5e5b3 00b035b3 00b6e6b3 00000813 f89ff06f 00c766b3 00d036b3 ff1ff06f 0c080663 408886b3 06041a63 00a7e5b3 00059a63 00070793 00060513 00068413 ea9ff06f fff68593 e80582e3 fe6684e3 03800693 08b6c663 01f00693 02000313 04b6c863 40b30333 006796b3 00b55833 00651333 0106e6b3 00603333 0066e6b3 00b7d5b3 00c68633 00e585b3 00d636b3 00d58733 00088413 f11ff06f 4e688a63 008005b7 00b7e7b3 00068593 fa5ff06f fe058693 00d7d6b3 00000813 00658863 04000813 40b80833 01079833 00a86833 01003833 0106e6b3 00000593 fa9ff06f 00a7e6b3 00d036b3 ff1ff06f 00140693 7fe6f593 06059663 00a7e6b3 04041263 2a068a63 00c766b3 42068e63 00c506b3 00e787b3 00a6b533 00a78733 00871793 00068613 2807d863 ff8007b7 fff78793 00f777b3 00068513 00100413 dadff06f 44068863 00c76733 00030413 d8070ee3 00000493 004007b7 00000513 d8dff06f 40668663 00c50633 00e787b3 00a63533 00a787b3 01f79713 00165613 00c76633 00068413 0017d713 00767793 3c079263 00070793 00060513 00879713 d40756e3 00140413 7ff00713 3ce40463 ff800737 fff70713 00e7f7b3 d31ff06f 0f005063 02089c63 00c766b3 d20680e3 fff40813 00081e63 40c50633 40e787b3 00c53533 40a78733 00100413 0600006f 00641c63 7ff00413 cf5ff06f ce6408e3 008006b7 00d76733 03800693 0906c463 01f00693 02000893 0506c663 410888b3 011716b3 010655b3 011618b3 00b6e6b3 011038b3 0116e6b3 01075833 40d50633 41078833 00c53533 40a80733 00871793 f207dee3 00971913 00995913 00060993 2040006f fe080693 00d756b3 00000593 01180863 04000593 410585b3 00b715b3 00c5e5b3 00b035b3 00b6e6b3 00000813 fadff06f 00c766b3 00d036b3 ff1ff06f 0e080a63 40888833 08041e63 00a7e5b3 00059c63 00068493 00070793 00060513 00080413 c29ff06f fff80593 02059063 40a60533 00a635b3 40f707b3 00050613 40b78733 00068493 f01ff06f fc6804e3 03800813 08b84a63 01f00813 02000e13 04b84c63 40be0e33 00b55333 01c79833 01c51e33 00686833 01c03e33 01c86533 00b7d5b3 40a60533 00a637b3 40b705b3 00050613 40f58733 00088413 00068493 f0dff06f 24688663 008005b7 00b7e7b3 00080593 f9dff06f fe058813 0107d833 00000313 01c58863 04000313 40b30333 00679333 00a36333 00603333 00686533 00000593 fa1ff06f 00a7e533 00a03533 ff1ff06f 00140593 7fe5f593 08059c63 00a7e833 00c765b3 06041463 00081e63 1c058663 00068493 00c76533 10050c63 00000413 dc9ff06f 18058063 40c50833 010538b3 40e785b3 411585b3 00859893 0008de63 40a60533 00a635b3 40f707b3 00050613 40b78733 fbdff06f 00b86533 18050263 00058713 00080613 fadff06f 00081c63 16059e63 00000493 00000513 004007b7 dd1ff06f 00030413 ac0580e3 d25ff06f 40c505b3 00b53833 40e78933 41090933 00891813 00058993 06085e63 40a609b3 40f70933 01363633 40c90933 00068493 06090e63 00090513 325010ef ff850793 02000713 40f70733 00f91933 00e9d733 01276733 00f99633 0a87c463 408787b3 00178513 01f00693 02000593 06a6c263 40a585b3 00b717b3 00a656b3 00b615b3 00d7e7b3 00b035b3 00b7e633 00a75733 ef5ff06f 0125e533 f8051ce3 00000493 00000793 00000413 a11ff06f 00098513 2ad010ef 01850793 01f00713 f8f752e3 ff850713 00e99733 00000613 f8dff06f fe178793 00f757b3 00000693 00b50863 04000693 40a686b3 00d716b3 00d666b3 00d036b3 00d7e633 00000713 e89ff06f 40f40433 ff8007b7 fff78793 00f77733 c49ff06f 00078713 00050613 e69ff06f 00f67793 00400693 c2d78ce3 00d60533 00c537b3 00e787b3 c31ff06f 00068413 00000793 be5ff06f 00000493 ff5ff06f 00000493 00000793 961ff06f 00068493 00070793 00060513 c59ff06f fd010113 01512a23 0145da93 02812423 02912223 03212023 01312e23 01612823 01712623 00050b13 00050413 00c59493 02112623 01412c23 7ffaf513 00060b93 00068913 00c4d493 01f5d993 38050463 7ff00793 3ef50663 01db5693 00349493 0096e6b3 008007b7 00f6ea33 003b1413 c0150a93 00000b13 01495713 00c91493 7ff77713 000b8893 00c4d493 01f95913 3e070463 7ff00793 44f70663 01dbd793 00349493 00f4e4b3 008007b7 00f4e7b3 003b9893 c0170713 00000693 40ea8533 002b1713 00d76733 00700613 0129c833 44e64263 00100613 60c70463 ffe70593 00500313 44b37a63 0147e663 4b146063 48fa1e63 01fa1693 00145713 01f41293 001a5a13 00e6e433 00879e13 0188d613 01c66633 010e5e13 03ca57b3 01061e93 010ede93 01045713 00889593 03ca76b3 02fe8333 01069693 00d76733 00677a63 00e60733 00c76463 44676863 fff78793 40670733 03c75333 01041693 0106d693 03c77733 026e8f33 01071713 00e6e733 01e77a63 00e60733 01e77463 42c77463 fff30313 01079793 0067e7b3 01079693 01059f93 0107d393 0106d693 010fdf93 41e70733 0105df13 03f68433 03f384b3 01045313 02df06b3 03e383b3 009686b3 00d30333 00937663 000106b7 00d383b3 01035693 01041413 01031313 01045413 007686b3 00830333 00d76663 02d71e63 0262fc63 00b283b3 0053b433 00c40933 01270733 fff78493 00038293 00e66663 00e61a63 00041863 38d76c63 0063f463 38e68863 00048793 40628333 40d70733 0062b2b3 40570733 fff00413 0ee60a63 03c75433 01035693 03c77733 028e82b3 01071713 00e6e6b3 0056fa63 00d606b3 0056f463 36c6f263 fff40413 405686b3 03c6d2b3 01031713 01075713 03c6f6b3 025e8eb3 01069693 00d76733 01d77a63 00e60733 01d77463 32c77e63 fff28293 01041413 00546433 01041693 0106d693 01045e13 41d70733 02df8eb3 03cf8fb3 03cf0e33 02df0f33 010ed693 01ff0f33 01e686b3 01f6f663 00010337 006e0e33 0106d313 010e9e93 01069693 010ede93 01c30333 01d686b3 00676663 30671463 2e068c63 00e60e33 fff40e93 000e0713 00ce6863 2c6e6663 2e6e1463 2cd5e263 00058893 000e8413 2cd89e63 2c671c63 3ff50713 2ee05463 00747693 02068063 00f47693 00400613 00c68a63 00c406b3 0086b633 00c787b3 00068413 00779693 0006da63 ff000737 fff70713 00e7f7b3 40050713 7fe00693 36e6c463 01d79613 00345413 00866633 0037d793 02c12083 02812403 00c79793 01471713 00c7d793 00f76733 01f81813 02412483 02012903 01c12983 01812a03 01412a83 01012b03 00c12b83 00060513 010765b3 03010113 00008067 0164ea33 080a0063 04048063 00048513 60c010ef 00050793 ff550713 01d00693 ff878613 40e686b3 00c494b3 00db56b3 0096ea33 00cb14b3 c0d00513 40f50ab3 00048413 c5dff06f 000b0513 5d0010ef 01550713 01c00693 02050793 fce6d0e3 ff850693 00db1a33 fd1ff06f 0164ea33 020a1263 00000413 00050a93 00200b13 c25ff06f 00000413 00000a93 00100b13 c15ff06f 00048a13 00050a93 00300b13 c05ff06f 0174e7b3 06078e63 04048063 00048513 568010ef 00050693 ff550713 01d00793 ff868613 40e787b3 00c494b3 00fbd7b3 0097e7b3 00cb94b3 c0d00713 40d70733 00048893 bfdff06f 000b8513 52c010ef 01550713 01c00793 02050693 fce7d0e3 ff850793 00fb97b3 fd1ff06f 0174e7b3 02079063 00000893 00200693 bc9ff06f 00000893 00000713 00100693 bb9ff06f 00048793 00300693 badff06f ff670713 00500613 1ce66263 00010637 00271713 76460613 00c70733 00072703 00070067 00e61633 05467593 04059063 08867613 0c061263 b8671ee3 000807b7 7ff00713 00000813 e31ff06f 00098813 000a0793 00200713 16eb0a63 00300713 16eb0063 00100713 daeb1ae3 00000793 00000613 10c0006f fff50513 00000293 b75ff06f ffe78793 00c70733 bb1ff06f ffe30313 00c70733 bd9ff06f 007582b3 00b2b3b3 00c383b3 ffe78793 00770733 c65ff06f ffe40413 00c686b3 c9dff06f ffe28293 00c70733 cc5ff06f 00989893 00b8b5b3 00c585b3 ffe40413 00be0733 d35ff06f 00000893 d2dff06f 000e8413 00146413 d29ff06f 00090813 00088413 00068b13 f51ff06f 08070063 fc900693 f4d74ee3 fe200693 06d74c63 00100693 40e686b3 41e50513 00d45733 00a41433 00803433 00a79533 00a46433 00876733 00d7d7b3 00777693 02068063 00f77693 00400613 00c68a63 00c706b3 00e6b633 00c787b3 00068713 00879693 0606c863 01d79613 00375713 00e66633 0037d793 00000713 cf5ff06f 00100693 f99ff06f fe100593 40e586b3 00d7d6b3 00000613 00b70663 43e50513 00a79633 00866633 00c03633 00c6e733 00000793 f89ff06f 000807b7 00000613 e79ff06f 00000793 00000613 7ff00713 ca1ff06f 00000793 00000613 00100713 c91ff06f 0145d813 00c59793 00c69713 0146d893 7ff87813 7ff00313 00c7d793 01f5de93 00c75713 7ff8f893 01f6de13 00681c63 00a7ef33 000f0863 00100713 00070513 00008067 00689663 00c76733 fe0716e3 00b6c6b3 00169693 fe0690e3 fcc51ee3 00000713 fdce8ce3 fc0818e3 00a7e7b3 00f03733 fc9ff06f 0145d313 00c59893 00c69713 0146d813 7ff37313 7ff00793 00c8d893 01f5d593 00c75713 7ff87813 01f6d693 04f30263 7ff00e13 00080793 01c81663 00c76e33 020e1c63 00000e13 00031663 00a8ee33 001e3e13 06081263 00c76eb3 020e0463 000e8e63 00169793 fff78793 0100006f 00a8e7b3 fa078ee3 ffe00793 00078513 00008067 020e9c63 40b005b3 0015e793 fedff06f fd0348e3 ff1768e3 00a67463 fee884e3 00c56663 00000793 fce8f8e3 00159793 fb5ff06f fa0e16e3 fcb696e3 fc685ae3 40d006b3 0016e793 fb1ff06f 0145d313 00c59893 00c69713 0146d813 7ff37313 7ff00793 00c8d893 01f5d593 00c75713 7ff87813 01f6d693 04f30263 7ff00e13 00080793 01c81663 00c76e33 020e1c63 00000e13 00031663 00a8ee33 001e3e13 06081263 00c76eb3 020e0463 000e8e63 00169793 fff78793 0100006f 00a8e7b3 fa078ee3 00200793 00078513 00008067 020e9c63 40b005b3 0015e793 fedff06f fd0348e3 ff1768e3 00a67463 fee884e3 00c56663 00000793 fce8f8e3 00159793 fb5ff06f fa0e16e3 fcb696e3 fc685ae3 40d006b3 0016e793 fb1ff06f fd010113 01412c23 0145da13 02812423 02912223 01312e23 01512a23 01712623 00c59493 02112623 03212023 01612823 7ffa7a13 00050413 00060b93 00068993 00c4d493 01f5da93 0c0a0263 7ff00793 12fa0463 00349493 01d55793 0097e7b3 008004b7 0097e4b3 00351913 c01a0a13 00000b13 0149d713 00c99413 7ff77713 00c45413 01f9d993 12070063 7ff00793 18f70463 00341413 01dbd793 0087e7b3 00800437 0087e433 c0170713 003b9793 00000813 00ea0a33 002b1713 01076733 00b00693 001a0513 1ae6c663 00200613 013ac5b3 00100693 16e64863 fff70713 1ae6ea63 00080b13 00200713 4ceb0e63 00300713 18eb0663 00100713 34eb1863 00000413 00000613 4800006f 00a4e933 06090e63 04048263 00048513 7bd000ef 00050713 ff550693 01d00793 ff870613 40d787b3 00c494b3 00f457b3 0097e7b3 00c414b3 c0d00a13 00048913 40ea0a33 00078493 f1dff06f 781000ef 01550693 01c00793 02050713 fcd7d0e3 ff850793 00f417b3 fd1ff06f 00a4e933 02091063 00000493 00200b13 eedff06f 00000493 00000a13 00100b13 eddff06f 00050913 00300b13 ed1ff06f 017467b3 08078063 04040263 00040513 721000ef 00050793 ff550713 01d00693 ff878613 40e686b3 00c41433 00dbd6b3 0086e6b3 00cb9433 c0d00713 40f70733 00040793 00068413 ec1ff06f 000b8513 6e1000ef 01550713 01c00693 02050793 fae6dee3 ff850693 00db96b3 fcdff06f 017467b3 02079063 00000413 00200813 e8dff06f 00000413 00000713 00100813 e7dff06f 000b8793 00300813 e71ff06f 00e69733 53077693 2a069663 00001637 88860613 00c77633 28061a63 24077713 02070663 00080437 0180006f 00f00793 000a8593 28f71063 00080437 00000613 7ff00713 00000593 2180006f 01095893 01079e13 01091913 0107d613 01095913 010e5e13 03c907b3 03c88333 0107d813 03260733 02c886b3 00670733 00e80833 00687663 00010737 00e686b3 01045713 01079793 01041413 0107d793 01045413 01085f93 01081813 02890f33 00f80833 02e90933 010f5313 028887b3 02e888b3 00f90933 01230333 00f37663 000107b7 00f888b3 010f1f13 010f5f13 01031793 01e787b3 0104df13 01049493 0104d493 029e02b3 01035e93 011e8eb3 00ff8fb3 03ee0e33 0102d893 03e603b3 02960633 01c60633 00c888b3 01c8f663 00010637 00c383b3 02940633 01029293 0108d313 0102d293 01089893 00730333 005888b3 03e40433 01065e13 03e70f33 02970733 00870733 00ee0e33 008e7663 00010737 00ef0f33 01061613 010e1713 01065613 01f686b3 00c70733 01d70eb3 00f6b7b3 00fe87b3 011688b3 00678333 00d8b6b3 00eeb633 00d306b3 01d7beb3 00f33733 01d66633 0066b333 010e5e13 00989793 01c60633 00676733 00c70733 0107e7b3 01e70733 00f037b3 0178d893 00971713 0176d413 0117e7b3 00969693 00d7e7b3 00771693 00876433 0c06dc63 0017d713 0017f793 00f76733 01f41793 00f767b3 00145413 3ff50713 0ce05063 0077f693 02068063 00f7f693 00400613 00c68a63 00c786b3 00f6b633 00c40433 00068793 00741693 0006da63 ff000737 fff70713 00e47433 40050713 7fe00693 12e6ca63 01d41613 0037d793 00f66633 00345413 00c41413 00c45413 01471713 02c12083 00876733 02812403 01f59593 00b767b3 02412483 02012903 01c12983 01812a03 01412a83 01012b03 00c12b83 00060513 00078593 03010113 00008067 00098593 bedff06f 00048413 00090793 be5ff06f 000a0513 f41ff06f 08070063 fc900693 bed744e3 fe200693 06d74c63 00100693 40e68733 41e50513 00e7d6b3 00a797b3 00f037b3 00a41533 00a7e7b3 00d7e7b3 00e45433 0077f713 02070063 00f7f713 00400693 00d70a63 00d78733 00f736b3 00d40433 00070793 00841713 06074263 01d41613 0037d793 00f66633 00345413 00000713 f1dff06f 00100713 f99ff06f fe100813 40e806b3 00d456b3 00000613 01070663 43e50513 00a41633 00c7e7b3 00f037b3 00f6e7b3 00000413 f89ff06f 00000413 00000613 7ff00713 ed5ff06f 00000413 00000613 00100713 ec5ff06f fe010113 0145d713 00c59793 00812c23 0097d793 7ff77413 01d55713 00f767b3 00c69713 0146d893 00912a23 00975713 01f5d493 01d65593 00e5e733 00112e23 01212823 01312623 7ff8f893 7ff00593 00351513 01f6d693 00361613 00b89663 00c765b3 00059463 0016c693 41140833 7ff00313 30969263 17005663 0a089063 00c766b3 02068463 fff40813 00081e63 00c50633 00e787b3 00a63533 00a787b3 00100413 0c80006f 08641063 01d79693 00355513 7ff00713 00a6e6b3 0037d793 00e41e63 00f6e6b3 00000793 00068863 000807b7 00000693 00000493 7ff47713 00c79793 01c12083 01812403 00c7d793 01471713 01f49593 00f76733 00b767b3 01412483 01012903 00c12983 00068513 00078593 02010113 00008067 28640863 008006b7 00d76733 03800693 0b06c663 01f00693 02000893 0706c863 410888b3 011716b3 010655b3 011618b3 00b6e6b3 011038b3 0116e6b3 01075833 00a68633 00f80833 00d636b3 00d807b3 00879713 1c075c63 00140413 7ff00713 5ae40e63 ff800737 fff70713 00e7f7b3 00165713 00167613 00c76733 01f79613 00e66633 0017d793 1a40006f fe080693 00d756b3 00000593 01180863 04000593 410585b3 00b715b3 00c5e5b3 00b035b3 00b6e6b3 00000813 f89ff06f 00c766b3 00d036b3 ff1ff06f 0c080663 408886b3 06041a63 00a7e5b3 00059a63 00070793 00060513 00068413 ea9ff06f fff68593 e80582e3 fe6684e3 03800693 08b6c663 01f00693 02000313 04b6c863 40b30333 006796b3 00b55833 00651333 0106e6b3 00603333 0066e6b3 00b7d5b3 00c68633 00e585b3 00d636b3 00d587b3 00088413 f11ff06f 4e688863 008005b7 00b7e7b3 00068593 fa5ff06f fe058693 00d7d6b3 00000813 00658863 04000813 40b80833 01079833 00a86833 01003833 0106e6b3 00000593 fa9ff06f 00a7e6b3 00d036b3 ff1ff06f 00140693 7fe6f593 06059463 00a7e6b3 04041063 44068263 00c766b3 44068263 00c50633 00e787b3 00a63533 00a787b3 00879713 2c075463 ff800737 fff70713 00e7f7b3 00060513 00100413 db1ff06f 44068863 00c76733 00030413 da0700e3 00000493 004007b7 00000513 d91ff06f 40668a63 00c50633 00e787b3 00a63533 00a787b3 01f79713 00165613 00c76633 0017d793 00068413 00767713 3c071663 00060513 00879713 d4075ae3 00140413 7ff00713 3ce40a63 ff800737 fff70713 00e7f7b3 d39ff06f 0f005063 02089c63 00c766b3 d20684e3 fff40813 00081e63 40c50633 40e787b3 00c53533 40a787b3 00100413 0600006f 00641c63 7ff00413 cfdff06f ce640ce3 008006b7 00d76733 03800693 0906c463 01f00693 02000893 0506c663 410888b3 011716b3 010655b3 011618b3 00b6e6b3 011038b3 0116e6b3 01075833 40d50633 41078833 00c53533 40a807b3 00879713 f40750e3 00979913 00995913 00060993 20c0006f fe080693 00d756b3 00000593 01180863 04000593 410585b3 00b715b3 00c5e5b3 00b035b3 00b6e6b3 00000813 fadff06f 00c766b3 00d036b3 ff1ff06f 0e080a63 40888833 08041e63 00a7e5b3 00059c63 00068493 00070793 00060513 00080413 c31ff06f fff80593 02059063 40a60533 00a635b3 40f707b3 00050613 40b787b3 00068493 f01ff06f fc6804e3 03800813 08b84a63 01f00813 02000e13 04b84c63 40be0e33 00b55333 01c79833 01c51e33 00686833 01c03e33 01c86533 00b7d5b3 40a60533 00a637b3 40b705b3 00050613 40f587b3 00088413 00068493 f0dff06f 24688863 008005b7 00b7e7b3 00080593 f9dff06f fe058813 0107d833 00000313 01c58863 04000313 40b30333 00679333 00a36333 00603333 00686533 00000593 fa1ff06f 00a7e533 00a03533 ff1ff06f 00140593 7fe5f593 0a059063 00c765b3 00a7e833 06041863 00081a63 00070793 02059e63 00000493 1c40006f 18058c63 40c50833 010538b3 40e785b3 411585b3 00859893 0208d663 40a60533 00a635b3 40f707b3 00050613 40b787b3 00068493 00c7e533 0e050263 00000413 d91ff06f 00b86533 18050063 00058793 00080613 fe1ff06f 00081c63 16059c63 00000493 00000513 004007b7 dc9ff06f 00030413 ac0580e3 d21ff06f 40c505b3 00b53833 40e78933 41090933 00891813 00058993 06085e63 40a609b3 40f70933 01363633 40c90933 00068493 06090e63 00090513 4c4000ef ff850713 02000793 40e787b3 00e91933 00f9d7b3 0127e7b3 00e99633 0a874463 40870733 00170513 01f00693 02000593 06a6c263 40a585b3 00b79733 00a656b3 00b615b3 00d76733 00b035b3 00b76633 00a7d7b3 f29ff06f 0125e533 f8051ce3 00000493 00000793 00000413 a11ff06f 00098513 44c000ef 01850713 01f00793 f8e7d2e3 ff850793 00f997b3 00000613 f8dff06f fe170713 00e7d733 00000693 00b50863 04000693 40a686b3 00d796b3 00d666b3 00d036b3 00d76633 00000793 ebdff06f 40e40433 ff800737 fff70713 00e7f7b3 c45ff06f 00070793 ea1ff06f 00050613 e99ff06f 00f67713 00400693 c2d708e3 00d60533 00c53633 00c787b3 c25ff06f 00068413 00000793 bddff06f 00000493 00000793 965ff06f 00068493 00070793 00060513 c55ff06f 0145d713 00c59793 7ff77713 3fe00693 00c7d793 01f5d593 04e6de63 41d00693 00e6da63 80000537 fff50513 00a58533 00008067 001006b7 00d7e7b3 41300693 02e6d463 bed70693 00d797b3 43300693 40e68733 00e55533 00a7e533 00058e63 40a00533 00008067 40e686b3 00d7d533 fedff06f 00000513 00008067 0145d713 00c59693 7ff77713 3fe00793 00050613 00c6d693 01f5d593 00e7c663 00000513 00008067 41f00793 40b787b3 fff58513 02f75e63 fe0594e3 001007b7 00f6e7b3 41300693 02e6d063 bed70693 00d797b3 43300693 40e68733 00e65633 00c7e533 00008067 40e686b3 00d7d533 00008067 ff010113 00812423 00112623 00050413 06050063 290000ef 41e00713 00a00793 40a70733 02a7ce63 00b00793 40a787b3 01550513 00f457b3 00a41433 00c12083 00040513 00812403 00c79793 01471713 00c7d793 00f765b3 01010113 00008067 ff550513 00a417b3 00000413 fd1ff06f 00000793 00000713 fc5ff06f fe010113 00112e23 00812c23 00912a23 01212823 01312623 01412423 00b56733 18070263 00050913 00058493 00058413 0a058e63 00058513 1f0000ef 43e00a13 00a00793 00050993 40aa0a33 10a7c463 00700793 12a7c263 03850613 00048593 00090513 188000ef 00b56533 00800613 00a034b3 00040593 41360633 00090513 130000ef 00a4e7b3 00058413 ff800737 fff70713 00e47433 0077f713 02070e63 00f7f713 00400693 02d70863 00d78733 00f736b3 00d40433 00070793 00841713 00075c63 ff800737 fff70713 43f00a13 00e47433 413a0a33 01d41713 0037d793 00f76733 00345413 0380006f 13c000ef 02050993 43e00a13 02a00793 413a0a33 0737c463 02b00413 ff598713 41340433 00e494b3 00895433 00946433 00e91733 00c41413 014a1a13 00c45413 008a65b3 01c12083 01812403 01412483 01012903 00c12983 00812a03 00070513 02010113 00008067 00b00793 00090713 faf514e3 43300a13 fbdff06f ff550413 00000713 00891433 fadff06f 00800713 00090793 f0e506e3 02800413 ff850713 40a40433 00895433 00e494b3 00946433 00e917b3 eedff06f 00000413 00000a13 f75ff06f 00060e63 01f00793 00c7dc63 fe060613 00c5d533 00000713 00070593 00008067 02000793 40c787b3 00c5d733 00c55533 00f595b3 00a5e533 fe1ff06f 00060e63 01f00793 00c7dc63 fe060613 00c515b3 00000713 00070513 00008067 02000793 40c787b3 00c51733 00c595b3 00f55533 00b565b3 fe1ff06f 000107b7 02f57a63 10053793 0017b793 00379793 00010737 00f55533 77c70713 00a70733 00074503 02000693 40f686b3 40a68533 00008067 01000737 01800793 fce57ae3 01000793 fcdff06f 00050593 00000693 00000613 00000513 4650006f 00050593 00000513 0940006f 00050593 00000513 6650006f ff010113 00812423 8501a783 00912223 01212023 00112623 00050913 00058493 00079863 00000593 23d000ef 84a1a823 00048593 00090513 22d000ef fff00493 00050413 02950263 00350413 ffc47413 00850c63 40a405b3 00090513 209000ef 00951463 00050413 00c12083 00040513 00812403 00412483 00012903 01010113 00008067 fe010113 00912a23 00358493 ffc4f493 00112e23 00812c23 01212823 01312623 01412423 01512223 00848493 00c00793 00f4f463 00078493 0004c463 02b4fc63 00c00713 04e22c23 00000913 01c12083 01812403 01412483 00c12983 00812a03 00412a83 00090513 01012903 02010113 00008067 00050a93 65c010ef 8541a783 00078413 08041063 00048593 000a8513 eedff0ef fff00793 00050413 12f51263 8541a403 00040913 0e091263 10040063 00042a03 00000593 000a8513 01440a33 121000ef 0eaa1463 00042783 000a8513 40f484b3 00048593 ea5ff0ef fff00793 0cf50663 00042783 009787b3 00f42023 8541a783 0047a703 0a071063 8401aa23 0340006f 00042683 409686b3 0606ca63 00b00713 04d77a63 00942023 00940733 04879063 84e1aa23 00442783 00d72023 00f72223 000a8513 5b8010ef 00b40913 00440793 ff897913 40f90733 f0f900e3 00e40433 412787b3 00f42023 ef1ff06f 00e7a223 fc5ff06f 00442703 00879663 84e1aa23 fc1ff06f 00e7a223 fb9ff06f 00040793 00442403 efdff06f 00090413 00492903 f15ff06f 00078713 0047a783 fe879ce3 00072223 f8dff06f 00c00713 000a8513 04e22c23 538010ef e91ff06f 00952023 f71ff06f ff010113 00812423 00112623 00050413 00b51623 00c51723 00052023 00052223 00052423 06052223 00052823 00052a23 00052c23 00800613 00000593 05c50513 17d000ef 0000d7b7 cfc78793 02f42023 0000d7b7 d4c78793 02f42223 0000d7b7 dd078793 02f42423 0000d7b7 e2878793 02f42623 00011737 000117b7 a3878793 9d070713 40f407b3 40e40733 0017b793 00173713 00842e23 00e7e7b3 00079663 92818793 00f41c63 05840513 00812403 00c12083 01010113 4d00106f 00c12083 00812403 01010113 00008067 00011637 0000d5b7 94860613 5f858593 00000513 1100006f 05022583 ff010113 000117b7 00812423 00112623 9d078793 00050413 00f58463 409000ef 04c22583 000117b7 a3878793 00f58663 00040513 3f1000ef 04822583 92818793 00f58c63 00040513 00812403 00c12083 01010113 3d10006f 00c12083 00812403 01010113 00008067 0000d7b7 00011537 ff010113 9b878793 00000613 00400593 9d050513 00112623 98f1a823 e8dff0ef 00011537 00100613 00900593 a3850513 e79ff0ef 00c12083 00200613 01200593 92818513 01010113 e61ff06f b6018513 3e80106f b6018513 4140106f ff010113 00112623 fe9ff0ef 05422703 00070863 00c12083 01010113 fddff06f 0000d737 9d070713 04e22a23 9901a783 fe0792e3 f69ff0ef fddff06f fd010113 02812423 03212023 01312e23 01412c23 01512a23 02112623 02912223 00050a13 00058a93 00000413 00100913 fff00993 00862583 00462483 fff48493 0204da63 00062603 fe0616e3 02c12083 00040513 02812403 02412483 02012903 01c12983 01812a03 01412a83 03010113 00008067 00c5d783 02f97463 00e59783 03378063 000a0513 00c12623 00b12423 000a80e7 00c12603 00812583 00a46433 06858593 f99ff06f 04c22603 00050593 00000513 7750006f fe010113 00812c23 04c22403 05422783 01212823 01412423 00112e23 00912a23 01312623 00050a13 00058913 00079463 eddff0ef 06442783 0017f793 00079c63 00c45783 2007f793 00079663 05842503 298010ef 00c45783 0087f793 00078663 01042783 0c079c63 00040593 000a0513 324000ef fff00493 0c050263 06442783 0017f793 00079c63 00c45783 2007f793 00079663 05842503 284010ef 01c12083 01812403 01012903 00c12983 00812a03 00048513 01412483 02010113 00008067 0007da63 01842703 04e7ce63 ff658793 04078a63 00042783 00178713 00e42023 00b78023 00190913 00842783 00094583 fff78793 00f42423 fc0594e3 0407d463 00040613 00a00593 000a0513 190000ef fff00793 00050493 f6f502e3 00a00493 f5dff06f 00040613 000a0513 170000ef 00050493 fb3518e3 f45ff06f fff00993 fa9ff06f 00042783 00a00493 00178713 00e42023 00978023 f25ff06f 00050593 00000513 e9dff06f ff010113 00812423 00058413 00e59583 00112623 3b0000ef 02054063 05042783 00a787b3 04f42823 00c12083 00812403 01010113 00008067 00c45783 fffff737 fff70713 00e7f7b3 00f41623 fddff06f 00c5d783 fe010113 00812c23 00912a23 01212823 01312623 00112e23 1007f793 00050493 00058413 00060913 00068993 00078a63 00e59583 00200693 00000613 2f0000ef 00c45783 fffff737 fff70713 00e7f7b3 00e41583 00f41623 01812403 01c12083 00098693 00090613 00c12983 01012903 00048513 01412483 02010113 3740006f ff010113 00812423 00058413 00e59583 00112623 298000ef fff00713 00c41783 02e51263 fffff737 00a70733 00e7f7b3 00f41623 00c12083 00812403 01010113 00008067 00001737 00e7e7b3 00f41623 04a42823 fe1ff06f 00e59583 2140006f 05422783 fe010113 00812c23 01212823 01312623 00112e23 00912a23 00050993 00058913 00060413 00079463 c45ff0ef 01842783 00f42423 00c45783 0087f793 0a078063 01042783 08078c63 01042783 00042503 40f50533 01442783 00f54a63 00040593 00098513 27d000ef 08051263 00842783 00150513 0ff97493 fff78793 00f42423 00042783 00178713 00e42023 01278023 01442783 00a78c63 ff648793 02079063 00c45783 0017f793 00078a63 00040593 00098513 22d000ef 02051a63 01c12083 01812403 01012903 00c12983 00048513 01412483 02010113 00008067 00040593 00098513 010000ef f60500e3 fff00493 fcdff06f 05422783 ff010113 00812423 00912223 00112623 00050493 00058413 00079663 00000513 b55ff0ef 00c41783 0087f713 06071a63 0107f713 02071663 00900693 04d22c23 0407e793 00f41623 fff00513 00c12083 00812403 00412483 01010113 00008067 0047f713 02070a63 03042583 00058c63 04040793 00f58663 00048513 558000ef 02042823 00c45783 01042703 00042223 fdb7f793 00e42023 0087e793 00f41623 01042783 02079063 00c42783 20000713 2807f793 00e78863 00040593 00048513 24d000ef 00c41783 0017f713 02070263 01442703 00042423 40e00733 00e42c23 01042703 02070263 00000513 f61ff06f 0027f713 00000693 00071463 01442683 00d42423 fddff06f 0807f713 fc070ee3 f31ff06f ff010113 00812423 00058513 00112623 9801aa23 405000ef fff00793 00f51863 9941a703 00070463 04e22c23 00c12083 00812403 01010113 00008067 ff010113 00812423 00058513 00060593 00068613 00112623 9801aa23 425000ef fff00793 00f51863 9941a703 00070463 04e22c23 00c12083 00812403 01010113 00008067 ff010113 00812423 00058513 00060593 00068613 00112623 9801aa23 421000ef fff00793 00f51863 9941a703 00070463 04e22c23 00c12083 00812403 01010113 00008067 ff010113 00812423 00058513 00112623 9801aa23 429000ef fff00793 00f51863 9941a703 00070463 04e22c23 00c12083 00812403 01010113 00008067 ff010113 00812423 00058513 00060593 00068613 00112623 9801aa23 455000ef fff00793 00f51863 9941a703 00070463 04e22c23 00c12083 00812403 01010113 00008067 ff010113 00812423 00912223 00011437 000114b7 8fc40413 8fc48493 408484b3 01212023 00112623 4024d493 00000913 02991e63 00011437 000114b7 8fc40413 90448493 408484b3 4024d493 00000913 02991863 00c12083 00812403 00412483 00012903 01010113 00008067 00042783 00190913 00440413 000780e7 fb5ff06f 00042783 00190913 00440413 000780e7 fc1ff06f ff010113 00812423 00912223 00011437 000114b7 90448493 90840413 40940433 00112623 40245413 00041c63 00c12083 00812403 00412483 01010113 00008067 fff40413 00241793 00f487b3 0007a783 000780e7 fd5ff06f 02060a63 00050713 00100693 00b56c63 fff00693 00c70733 00c585b3 00d70733 00d585b3 0005c783 fff60613 00f70023 fe0616e3 00008067 00050693 00060a63 00b68023 fff60613 00168693 fe061ae3 00008067 00050693 00060e63 0005c703 00e68023 fff60613 00168693 00158593 fe0616e3 00008067 fe010113 00912a23 000114b7 00812c23 00050413 9544a503 00b12623 00c12423 00d12223 00112e23 36d000ef b281a783 00412683 00812603 00c12583 00079663 99818793 b2f1a423 0047a703 01f00813 9544a503 02e85063 371000ef fff00513 01c12083 01812403 01412483 02010113 00008067 00271893 02040c63 01178333 08c32423 1887a803 00100613 00e61633 00c86833 1907a423 10d32423 00200693 00d41863 18c7a683 00c6e6b3 18d7a623 00170713 00e7a223 011787b3 00b7a423 309000ef 00000513 f99ff06f fb010113 03412c23 00011a37 01b12e23 00050d93 954a2503 03512a23 03612823 03712623 04112623 04812423 04912223 05212023 03312e23 03812423 03912223 03a12023 00058b13 281000ef 00100b93 b281a483 00048c63 0044a403 fff40993 00241413 00848433 0409d263 04812403 954a2503 04c12083 04412483 04012903 03c12983 03812a03 03412a83 03012b03 02c12b83 02812c03 02412c83 02012d03 01c12d83 05010113 2550006f 000b0663 10442783 07679263 0044a783 00442903 fff78793 07379063 0134a223 04090663 08442583 954a2503 1884ac83 00b12623 0044ac03 18c4ad03 215000ef 013b97b3 0197fcb3 00c12583 020c9a63 000900e7 954a2503 1c5000ef 0044a783 f58792e3 b281a783 f2f49ee3 fff98993 ffc40413 f49ff06f 00042223 fa5ff06f 01a7f7b3 00079863 000d8513 000900e7 fc5ff06f 00058513 000900e7 fb9ff06f 0e058a63 ffc5a783 fe010113 00812c23 00112e23 ffc58413 0007d463 00f40433 00a12623 0d5000ef 8541a783 00c12503 00079e63 00042223 8481aa23 01812403 01c12083 02010113 0cd0006f 02f47463 00042603 00c406b3 00d79a63 0007a683 0047a783 00c686b3 00d42023 00f42223 fc9ff06f 00078713 0047a783 00078463 fef47ae3 00072683 00d70633 02861863 00042603 00c686b3 00d72023 00d70633 f8c79ee3 0007a603 0047a783 00d606b3 00d72023 00f72223 f85ff06f 00c47863 00c00713 04e22c23 f75ff06f 00042603 00c406b3 00d79a63 0007a683 0047a783 00c686b3 00d42023 00f42223 00872223 f4dff06f 00008067 ff010113 00112623 00812423 00912223 01212023 02059263 00000493 00c12083 00812403 00012903 00048513 00412483 01010113 00008067 05422783 00058413 00050913 00079463 c60ff0ef c4cff0ef 06442783 0017f793 00079c63 00c45783 2007f793 02079863 05842503 019000ef 00c41783 02079063 06442783 0017f793 00079663 05842503 031000ef c14ff0ef f89ff06f 00040593 00090513 094000ef 02c42783 00050493 00078c63 01c42583 00090513 000780e7 00055463 fff00493 00c45783 0807f793 00078863 01042583 00090513 e35ff0ef 03042583 00058c63 04040793 00f58663 00090513 e1dff0ef 02042823 04442583 00058863 00090513 e09ff0ef 04042223 06442783 00041623 0017f793 00079663 05842503 79c000ef 05842503 75c000ef b78ff0ef ef1ff06f 00c59783 fe010113 00812c23 01312623 00112e23 00912a23 01212823 0087f713 00050993 00058413 14071e63 0045a703 00e04663 03c5a703 00e05663 02842703 02071263 00000513 01c12083 01812403 01412483 01012903 00c12983 02010113 00008067 05822903 04022c23 01379693 0a06de63 05042503 00c45783 0047f793 00078e63 00442783 40f50533 03042783 00078663 03c42783 40f50533 02842783 01c42583 00050613 00000693 00098513 000780e7 fff00793 00c41703 02f51263 05822683 01d00793 0ad7e863 204007b7 00178793 00d7d7b3 0017f793 08078e63 01042783 00042223 00f42023 01371793 0007dc63 fff00793 00f51663 05822783 00079463 04a42823 03042583 05222c23 f2058ae3 04040793 00f58663 00098513 cb9ff0ef 02042823 f1dff06f 01c42583 00100693 00000613 00098513 000700e7 fff00793 f2f51ae3 05822783 f20786e3 fea78713 00070663 fe378793 00079663 05222c23 ee1ff06f 00c45783 0407e793 00f41623 ed5ff06f 04076713 00e41623 ec9ff06f 0105a903 ea090ee3 0005a483 0037f793 0125a023 412484b3 00000713 00079463 0145a703 00e42423 e8905ce3 02442783 01c42583 00048693 00090613 00098513 000780e7 00a04c63 00c45783 fff00513 0407e793 00f41623 e6dff06f 00a90933 40a484b3 fc5ff06f 05422783 ff010113 00812423 01212023 00112623 00912223 00050913 00058413 00079463 968ff0ef 00c41783 00000493 04078863 06442703 00177713 00071a63 2007f793 00079663 05842503 51c000ef 00040593 00090513 dbdff0ef 06442783 00050493 0017f793 00079c63 00c45783 2007f793 00079663 05842503 520000ef 00c12083 00812403 00012903 00048513 00412483 01010113 00008067 f8010113 06812c23 00058413 00e59583 06912a23 06112e23 00060493 0005cc63 01810613 00d12623 204000ef 00c12683 02055c63 00c45783 0807f793 04078263 00000793 04000713 07c12083 07812403 00f6a023 00e4a023 00000513 07412483 08010113 00008067 01c12783 0000f737 00e7f7b3 ffffe737 00e787b3 0017b793 40000713 fc5ff06f 00c5d703 fd010113 02812423 02112623 02912223 00277713 00058413 02070663 04340793 00f42023 00f42823 00100793 00f42a23 02c12083 02812403 02412483 03010113 00008067 01c10693 01810613 00050493 f25ff0ef 01812583 00048513 00b12623 c89fe0ef 00c41783 00c12583 00051e63 2007f713 fa071ee3 ffc7f793 0027e793 00f41623 f99ff06f 0807e793 00f41623 01c12783 00a42023 00a42823 00b42a23 f80788e3 00e41583 00048513 134000ef f80500e3 00c45783 ffc7f793 0017e793 00f41623 f6dff06f 05422783 ff010113 00812423 00912223 01212023 00112623 00050913 00058493 00060413 00079463 f75fe0ef 06442783 0017f793 00079c63 00c45783 2007f793 00079663 05842503 330000ef 00842783 0ff4f713 fff78793 00f42423 0007da63 01842683 04d7ce63 ff670793 04078a63 00042783 0ff4f493 00178693 00d42023 00e78023 06442783 0017f793 00079c63 00c45783 2007f793 00079663 05842503 30c000ef 00c12083 00812403 00012903 00048513 00412483 01010113 00008067 00048593 00040613 00090513 a60ff0ef 00050493 fb1ff06f ff010113 00812423 00058513 00060593 00112623 9801aa23 080000ef fff00793 00f51863 9941a703 00070463 04e22c23 00c12083 00812403 01010113 00008067 ff010113 00812423 00058513 00112623 9801aa23 054000ef fff00793 00f51863 9941a703 00070463 04e22c23 00c12083 00812403 01010113 00008067 00100713 04e22c23 fff00513 00008067 30501073 00100073 0000006f 00100713 04e22c23 fff00513 00008067 f9010113 00810593 06112623 fe5ff0ef fff00793 00f50e63 00c12503 00d55513 00157513 06c12083 07010113 00008067 00000513 ff1ff06f 00100713 04e22c23 fff00513 00008067 000017b7 b2c1a683 f807c703 00068c63 f8e78023 00d00693 00d71663 00a00693 f8d78023 00e50023 00100513 00008067 00011737 95872703 00050793 00058513 02e7d463 00000713 02060263 00011737 95c72703 00279793 00060593 00f70733 00072783 00078067 fff00713 00070513 00008067 00011637 90c62783 000136b7 09868693 00f50733 00d76e63 000116b7 9106a683 00d77863 00078513 90e62623 00008067 00c00713 04e22c23 fff00513 00008067 00001737 00050793 00b50633 f8070713 40f606b3 00d04663 00058513 00008067 0007c683 00178793 00d70023 fe5ff06f 00011737 96472703 00050793 00058513 02e7d463 00011737 96872703 00279793 00f70733 00072783 00060c63 00078a63 00060593 00078067 fff00513 00008067 00000513 00008067 ff010113 00112623 44c000ef 00c12083 b3018513 01010113 06c0006f ff010113 b3018513 00112623 090000ef 00c12083 01010113 4400006f ff010113 00812423 00050413 01800513 00112623 845fe0ef 00c12083 00a42023 00812403 00052023 00052223 00052423 00052623 00052823 00052a23 01010113 00008067 fbdff06f 81dfe06f ff010113 00812423 00112623 00050413 fff00593 fff00613 00040513 530010ef fe0508e3 00c12083 00812403 01010113 00008067 5d00106f ff010113 00812423 00112623 00900793 00050413 00a7f863 00a00513 02a45533 fe1ff0ef 00a00793 02f47433 000017b7 03040413 f8878023 00c12083 00812403 01010113 00008067 000017b7 f8078793 00054703 00071463 00008067 00e78023 00150513 fedff06f 00251613 00001737 00100593 00266613 f0070713 ffe00813 ed418793 0eb7a7af fe079ce3 0ec727af 0037f793 fe079ce3 0ef7252f 40255513 ed418893 0ef8a7af fd050ce3 00008067 00100713 00c52783 0ee7a6af fe069ce3 00452703 00c52783 02a70663 0087a683 00a69463 00e7a423 00052683 00d72023 00e6a223 00000713 0ee7a72f 00052623 00008067 0007a423 fedff06f 00c3a783 fd010113 0083a603 02812423 0047a403 03212023 00c7a903 02112623 02912223 01312e23 00c40733 00e7a223 0043a583 06090263 06058063 0003a483 00946463 40940433 408489b3 00890533 02c9f663 00098613 00712623 ab8ff0ef 00c12383 00090513 0083a603 0043a583 40960633 00860633 013585b3 02812403 02c12083 02412483 02012903 01c12983 03010113 a80ff06f 02c12083 02812403 02412483 02012903 01c12983 03010113 00008067 00c3a703 0103c783 fd010113 02812423 02112623 02912223 03212023 01312e23 00872403 00079c63 0083a783 0043a683 00f407b3 06d7fc63 00f72423 00c72983 0003a503 08098063 06050e63 0043a483 00946463 40940433 0083a603 40848933 008985b3 02c97663 00090613 00712623 9f0ff0ef 00c12383 00098593 0083a603 0003a503 40960633 00860633 01250533 02812403 02c12083 02412483 02012903 01c12983 03010113 9b8ff06f 40d787b3 00f72423 00472783 40d787b3 00f72223 f7dff06f 02c12083 02812403 02412483 02012903 01c12983 03010113 00008067 00021663 34001073 811f406f 04022783 fe079ce3 00000213 ff1ff06f 00100793 ed418713 0ef7272f fe071ce3 f1402673 00001737 00361613 00566613 f0070713 0ec727af 0037f793 fe079ce3 0ef7252f ed418713 0ef727af 40255513 00008067 ff010113 00112623 00812423 34002473 03842703 fff00793 06f71c63 00010537 3b050513 d35ff0ef f1402573 ce5ff0ef 00010537 3c050513 d21ff0ef 07c42503 000016b7 01c00713 00900813 f8068693 ffc00593 00e557b3 00f7f793 03000613 00f87463 05700613 00c787b3 00f68023 ffc70713 feb710e3 00010537 3c450513 cd9ff0ef 30501073 00100073 0000006f 00c12083 00f42e23 00812403 00100513 01010113 00008067 340027f3 00079c63 03c22783 00178713 02e22e23 00079463 30047073 00008067 340027f3 02079463 03c22783 00079863 fff00893 00000073 00008067 fff78793 02f22e23 00079463 30046073 00008067 c80027f3 c0002573 c80025f3 fef59ae3 00008067 fe010113 00112e23 00a12623 00b12423 00c12223 f89ff0ef f1402873 00c12503 00412603 00052303 00812583 ee018713 00281693 02030c63 00452783 00078663 01052883 01088663 fff00893 00000073 04a78463 00d708b3 0008ae03 00ae1463 00f8a023 0067a023 00f32223 00d708b3 01052823 0008a803 00b52423 00c52623 00080793 02081463 00a52223 00a52023 00a8a023 0540006f 00d707b3 0007a023 fcdff06f 0047a783 04f80e63 00c7a883 01166863 fec898e3 0087a883 ff15f4e3 00100893 0007a303 00a7a023 00f52223 00652023 00a32223 00f81c63 00088a63 00d70733 00a72023 35d61073 34d59073 08000793 3047a073 01c12083 02010113 ebdff06f 00000893 fbdff06f 00052783 0a078263 ff010113 00812423 00112623 00050413 e79ff0ef f1402773 01042783 00f70663 fff00893 00000073 00442683 ee018793 00271713 06868063 00e78633 00062583 00b41c63 00d62023 0086a603 00c6a683 35d69073 34d61073 00042683 00442603 00d62023 00c6a223 00e787b3 0007a783 00042023 00042223 00079663 08000793 3047b073 00812403 00c12083 01010113 e19ff06f 00e786b3 0006a023 fcdff06f 00008067 fe010113 01312623 00050993 03000513 02a98533 01212823 bd018913 00912a23 00112e23 00812c23 01412423 01512223 01612023 012504b3 00100793 0ef4aaaf fe0a9ee3 03000413 02898433 00890433 00442a03 060a1263 01042783 01442703 00042423 00e7e7b3 00078c63 01850513 00a90533 ee1ff0ef 00042823 00042a23 00000793 0ef4a7af 00000513 c51ff0ef 01c12083 01812403 01412483 01012903 00c12983 00812a03 00412a83 00012b03 02010113 00008067 004a2703 01850513 01442423 00e42223 00a90b33 084a0a63 00c42703 06e7fc63 d5dff0ef 00c42703 bcc1a783 028a2403 020a2423 02e7d7b3 02ca2703 020a2623 00878433 00f437b3 00a40533 00e787b3 00853433 00b787b3 00f40433 00050a93 00050593 00040613 000b0513 d25ff0ef 03000793 02f989b3 00000793 01390933 01592823 00892a23 0ef4a7af 000a0513 f45ff06f 000b0513 e05ff0ef 00000a93 00000413 fcdff06f 000b0513 df1ff0ef 00042823 00042a23 0f54aaaf f1dff06f f1402573 e85ff06f 00000513 ff5ff06f ffc52783 fd010113 02912223 03212023 02112623 02812423 01312e23 01412c23 01512a23 01612823 01712623 01812423 00050493 ff050913 00078663 00090513 935ff0ef 0244aa83 f14027f3 00fa8663 fff00893 00000073 03000a13 034a8a33 bd018413 00100793 008a09b3 0ef9a72f fe071ee3 03000793 02fa87b3 00f407b3 0047a783 10078863 0007a703 0127a023 fef4aa23 fee4a823 01272223 03000793 02fa87b3 ff44a703 00f407b3 00e7a223 00c7a703 0087ac03 0107ab83 00170713 00e7a623 00100713 fee4ac23 0147ab03 0127a423 bd9ff0ef 00050493 020c0463 0165e663 02bb1063 01757e63 409b87b3 00fbbbb3 40bb0b33 417b0b33 02fc2423 036c2623 03000793 02fa87b3 018a0513 00100713 00a40533 00f407b3 00c7a783 08f77063 bcc1a603 02f65633 009604b3 00c4b633 00b60a33 000a0613 00048593 b81ff0ef 03000793 02fa87b3 00f40433 00942823 01442a23 00000793 0ef9a7af 02812403 02c12083 02412483 01c12983 01812a03 01412a83 01012b03 00c12b83 00812c03 00090513 02012903 03010113 9dcf406f ff24aa23 ff24a823 f01ff06f c2dff0ef 00000493 00000a13 f99ff06f fe010113 00a12623 00112e23 aa1ff0ef 00c12503 00100713 ed818693 0ee6a6af fe069ce3 00052703 00071663 00452703 00070663 fff00893 00000073 ed818693 0046a703 02070863 00072683 00a72023 00e52223 00d52023 00a6a223 00000713 ed818793 0ee7a72f 01c12083 02010113 a5dff06f 00a52223 00a52023 fddff06f fd010113 02112623 02812423 02912223 03212023 01312e23 34002773 f14027f3 08872683 80000737 00770713 02e69e63 00279793 ee018493 00f484b3 08000913 0004a403 08041263 02c12083 02812403 02412483 02012903 01c12983 00000513 03010113 00008067 800007b7 00b78793 fcf69ce3 00100793 ed818713 0ef7272f fe071ce3 8bdff0ef ffe00793 00050993 02f50463 ed818493 0044a503 00050e63 00100913 00852783 09378463 00452503 0044a783 fea798e3 00000793 ed818713 0ef727af f85ff06f 9b5ff0ef 00c42783 f6f5ece3 00b79663 00842783 f6f566e3 00442783 04878063 0087a703 00f4a023 00c7a783 35d79073 34d71073 00042783 00442703 00f72023 00e7a223 01442783 00042023 00042223 00040513 000780e7 f21ff06f 0004a023 30493073 fe1ff06f 00000793 ed818713 0ef727af 00c52783 00a12623 000780e7 00c12503 ed818793 0f27a7af fe079ce3 00452783 f40798e3 f59ff06f ed01a503 00008067 fe010113 0000e7b7 00112e23 00812c23 00912a23 01212823 01312623 01412423 01512223 00100493 5f078793 fff00993 00a52223 00a52023 00952423 00052623 02f52223 00052823 00052a23 02052423 02052623 02052823 02052a23 02050c23 02052e23 05352023 00050413 0000e7b7 bbc18513 5e878793 00f52623 00052023 00052223 01352423 d8dff0ef f48ff0ef ed01a783 01000a13 009787b3 ecf1a823 00048513 ed01aa83 ce8ff0ef 03350063 ed01a783 ff578ee3 00148493 fe9a72e3 fff00893 00000073 fd9ff06f bd018793 00100713 0000e6b7 00e7a623 0087a223 0087a423 00000713 5e068693 ed01a603 04c76863 cc002573 3e700793 04a7fe63 3e800613 00000693 00000593 725000ef 03200793 02f50533 01c12083 01812403 bca1a623 01412483 01012903 00c12983 00812a03 00412a83 02010113 00008067 03078793 00170713 fe07a423 fe07a623 fed7ae23 f99ff06f 03200793 02f535b3 3e800613 00000693 02f50533 6c5000ef fa9ff06f e60ff06f fe010113 00912a23 01212823 01312623 01512223 01612023 00112e23 00812c23 01412423 00050913 00058993 00060a93 00068b13 00050493 00051e63 00058513 b45fd0ef 00050493 00051663 fff00893 00000073 000117b7 00011a37 8f078593 904a0a13 41458433 01340433 000119b7 8fc98993 00848433 40b989b3 00098613 00040513 f3cfe0ef 00011637 8fc60613 40ca0633 00000593 01340533 f08fe0ef 00193913 41200933 0000e7b7 5f078793 0124f4b3 fb840513 fa042c23 fa042e23 fc042023 fc042223 fc042423 fc042623 fcf42e23 fe042023 fe042223 fe942423 f14027f3 ff057693 fff7c793 fef42623 00010737 f7468793 fe040823 fe042a23 fef42c23 01c12083 01812403 95470713 f6e6aa23 00800713 f966a423 f956a623 fe06a423 fee6a623 01412483 01012903 00c12983 00812a03 00412a83 00012b03 02010113 00008067 fc010113 02812c23 03212823 03512223 02112e23 02912a23 03312623 03412423 03612023 01712e23 00050413 00058913 00060a93 dccff0ef 00440a63 04042783 00078663 ed01a783 00f96663 fff00893 00000073 00c42783 00078663 00040513 ab8ff0ef 00842783 00100713 bd018493 06e79c63 03442703 41f75993 00e9c9b3 03000713 02e98733 00e48733 0ef726af fe069ee3 03000793 02f987b3 00442683 00f487b3 14868063 0047a603 00861463 00d7a223 00042783 00f6a023 00d7a223 03000a13 03498a33 01448a33 00ca2783 fff78793 00fa2623 00000793 0ef727af f14027f3 11379863 03000a13 03490a33 03442783 03540c23 41f7d793 0127c7b3 02f42a23 00100793 014489b3 0ef9a72f fe071ee3 03000793 02f907b3 00f487b3 0047a783 0c078e63 0007a703 0087a023 00f42223 00e42023 00872223 03000793 02f907b3 00f487b3 00c7a703 0087a223 0087ab83 00170713 00e7a623 00100713 00e42423 0107aa83 0147a403 ce4ff0ef 00050b13 00058613 020b8463 0085e663 02b41063 01557e63 416a87b3 00fabab3 40c40433 41540433 02fba423 028ba623 f14027f3 06f90463 00090513 924ff0ef 00000793 0ef9a7af 03812403 03c12083 03412483 03012903 02c12983 02812a03 02412a83 02012b03 01c12b83 04010113 c40ff06f 0007a223 ed9ff06f 00098513 8e0ff0ef 008a2783 fe878ae3 eedff06f 00842223 00842023 f35ff06f 018a0513 00a48533 000b0593 00c12623 c48ff0ef 03000793 02f90933 00c12603 012484b3 0164a823 00c4aa23 f79ff06f fe010113 00912a23 ed01a783 00812c23 00112e23 00100413 03854603 00f47463 02060263 03452783 01812403 01c12083 01412483 41f7d593 00f5c5b3 02010113 d85ff06f 00a12623 b7cff0ef 00c12503 bb818713 0e8725af fe059ce3 b7818713 bd018813 00000613 fff00893 00070413 ed01a683 04d66263 00259713 00e40433 00100713 06e4272f 00000713 bb818793 0ee7a72f 03854603 d2dff0ef fff00793 06f427af 01812403 01c12083 01412483 02010113 b30ff06f 00c82683 00072303 006686b3 02068463 0116ee63 00088693 00160613 03080813 00470713 00068893 f91ff06f 00060593 fe9ff06f 00060593 f89ff06f ff010113 00812423 00112623 00050413 00912223 01212023 ab8ff0ef 00c42783 00078663 00040513 fc1fe0ef 00842783 00100713 0ae79a63 03442903 03000693 02d906b3 bd018713 00e686b3 0ef6a62f fe061ee3 03000793 02f907b3 00442603 00f707b3 06860463 0047a583 00859463 00c7a223 00042783 00f62023 00c7a223 03000793 02f907b3 00f704b3 00c4a783 fff78793 00f4a623 00000793 0ef6a7af f14027f3 02f91c63 00042423 00042023 00042223 00812403 00c12083 00412483 00012903 01010113 a28ff06f 0007a223 fb1ff06f 00090513 ec9fe0ef 0084a783 fe878ae3 fc5ff06f fc0786e3 fff00893 00000073 fc1ff06f fe010113 00112e23 00a12623 9ccff0ef 00c12503 ef5ff0ef 00c12503 01c12083 04052023 02010113 9d0ff06f fd010113 02812423 00b12623 00c12423 02112623 02912223 03212023 01312e23 01412c23 01512a23 01612823 00050413 97cff0ef 00812603 00c12583 00021663 fff00893 00000073 fff00793 00f59463 00b60663 01020513 9b8ff0ef 03422a03 f14027f3 00fa0663 fff00893 00000073 03000713 02ea0733 bd018493 00100693 00970ab3 0edaa7af fe079ee3 03000793 02fa07b3 00422603 00f487b3 0047a983 12460a63 01320663 00c7a783 00f6e663 fff00893 00000073 00022783 00422683 00f6a023 00d7a223 0049a783 03000913 032a0933 01870713 00e48b33 00100713 01248933 00f92223 00c92783 01392423 fff78793 00f92623 00022423 0ef77c63 8fcff0ef 00c92703 bcc1a783 0289a603 0209a423 02e7d7b3 02c9a703 0209a623 00c78633 00f637b3 00a60933 00e787b3 00b787b3 00c93633 00f60633 00090593 000b0513 00c12423 8c8ff0ef 00812603 03000793 02fa0a33 00000793 014484b3 0124a823 00c4aa23 0efaa7af 0a040663 00822623 00100793 0ef4272f fe071ee3 00842783 08078263 0007a703 0047a023 00f22223 00e22023 00472223 00000793 0ef427af 00098513 f14f30ef 02812403 02c12083 02412483 02012903 01c12983 01812a03 01412a83 01012b03 03010113 ffdfe06f 01361663 00c7a783 00d78663 fff00893 00000073 00000793 00000993 eddff06f 000b0513 924ff0ef 00000913 00000613 f4dff06f 00422223 00422023 00442423 f89ff06f 00022023 00022223 f85ff06f fd010113 02812423 02912223 03212023 00050413 00058493 00060913 02112623 01312e23 f65fe0ef 0124e7b3 00100513 0c078263 0ea427af fe079ee3 00842783 04078663 01442783 00079463 00a42823 00000793 0ef427af fff00793 06f49663 06991463 fff00593 fff00613 00c40513 d6dff0ef 00042823 00100793 0ef4252f fe051ee3 00842783 00079863 00100513 00442223 00a42423 00000793 0ef427af 00a12623 f05fe0ef 02c12083 02812403 00c12503 02412483 02012903 01c12983 03010113 00008067 ec1fe0ef f0dfe0ef 009504b3 00a4b533 01258633 00c50633 00048593 00c40513 cf5ff0ef ebdfe0ef f85ff06f 0ea4252f f80506e3 00000513 fa1ff06f 00452783 02479263 00852883 fff00793 00f89463 00000073 00188893 01152423 00100513 00008067 ed5ff06f fe010113 00a12623 00112e23 e4dfe0ef 00c12503 00852783 00079e63 00452783 00079863 01c12083 02010113 e4dfe06f fe5ff06f 00078513 a5dff0ef fe9ff06f ff010113 00812423 00112623 00912223 00050413 e05fe0ef 00100793 0ef424af fe049ee3 00042423 00042223 00c40513 f91ff0ef 0e9424af 00812403 00c12083 00412483 01010113 df1fe06f 00452783 00478663 fff00893 00000073 00852783 00100713 00f77863 fff78793 00f52423 00008067 f8dff06f f9010113 06812423 07010793 00050413 06912223 07212023 05312e23 05512a23 06112623 05412c23 05612823 05712623 05812423 05912223 05a12023 03b12e23 00060993 00068913 00070493 02f12623 02b12023 d4dfe0ef 01042a83 013af663 fff00893 00000073 009967b3 00100d93 14078c63 0fb427af fe079ee3 00442783 00842703 00f987b3 40e787b3 0efaf463 01440793 00000b13 00000a13 fff00d13 00100c93 00f12623 01a91463 01248863 d41fe0ef 00050b93 00058c13 01c42783 00079463 01942c23 00000793 0ef427af 07a91263 07249063 00c12503 fff00593 fff00613 b11ff0ef 00042c23 0f942daf fe0d9ee3 00442783 00842703 00f987b3 40e787b3 06faf863 00c12503 e3dff0ef 009a6663 07449463 072b7263 416907b3 00f93733 414484b3 00078913 40e484b3 f79ff06f c6dfe0ef cb9fe0ef 00958633 012505b3 00a5b533 00c50633 00c12503 aa5ff0ef c6dfe0ef 00042c23 c95fe0ef 41750b33 01653533 418585b3 40a58a33 f7dff06f 06099a63 00098d93 00000793 0ef427af c3dfe0ef 06c12083 06812403 06412483 06012903 05c12983 05812a03 05412a83 05012b03 04c12b83 04812c03 04412c83 04012d03 000d8513 03c12d83 07010113 00008067 0fb42daf 020d9e63 00442783 00842703 00f987b3 40e787b3 f8faeee3 00098c63 01c10393 01512e23 03312223 02812423 90dfe0ef 02040513 d49ff0ef f75ff06f 00000d93 f79ff06f fa010113 04912a23 00078493 06010793 05212823 05312623 00070913 00050993 02f12623 02c12023 00c12623 04112e23 04812c23 05412423 05512223 05612023 03712e23 03812c23 03912a23 02a12223 00b12c23 02d10423 b39fe0ef 0109a703 00c12603 00e12e23 00160793 00c77863 00078663 fff00893 00000073 00996733 00071463 18079263 00100713 02412783 0ee7a6af fe069ce3 02412983 fff00c13 0049a783 0089a703 40e787b3 07861663 02f12023 00078413 00040c63 01810393 8e9fe0ef 02412503 01450513 c6dff0ef 02412703 00000793 0ef727af ad5fe0ef 05c12083 00040513 05812403 05412483 05012903 04c12983 04812a03 04412a83 04012b03 03c12b83 03812c03 03412c83 06010113 00008067 02012403 f887fee3 00000a93 00000a13 00100c93 01891463 01248863 aadfe0ef 00050b13 00058b93 0289a783 00079463 0399a223 00000793 0ef9a7af 02412403 02040993 07891663 07249463 fff00593 fff00613 00098513 875ff0ef 02042223 02412783 0f97a72f fe071ce3 02412983 02012403 0049a783 0089a703 40e787b3 f287f0e3 02098513 b99ff0ef 009a6663 09449e63 092afc63 415907b3 00f93733 414484b3 00078913 40e484b3 f69ff06f 9c9fe0ef a15fe0ef 00958633 012505b3 00a5b533 00c50633 00098513 801ff0ef 9c9fe0ef 02042223 9f1fe0ef 41650ab3 01553533 417585b3 40a58a33 f75ff06f 00100413 0e89a42f 02041e63 02412703 02012483 00472783 00872703 40e787b3 ea97e4e3 00049663 00048413 e91ff06f 01810393 f6cfe0ef ff1ff06f 00000413 e89ff06f 00000413 e8dff06f fe010113 00a12623 00112e23 931fe0ef ed01a783 00c12503 00f56663 fff00893 00000073 f14027f3 00f50a63 de0fe0ef 01c12083 02010113 925fe06f b1dfe0ef ff1ff06f ff010113 00112623 8f1fe0ef 00020513 f10ff0ef f1402573 fa5ff0ef fff00893 00000073 00c12083 01010113 00008067 0000006f 0000006f 0000006f 0000006f 0000006f 0000006f 0000006f 0000006f 0000006f 0000006f 0000006f 0000006f 0000006f 0000006f 00060713 00068893 00050813 00058313 24069463 000107b7 77c78793 0ec5f463 000106b7 0cd67063 10063693 0016b693 00369693 00d65e33 01c787b3 0007c783 00d787b3 02000693 00d78e63 40f686b3 00d59333 00f557b3 00d61733 0067e333 00d51833 01075513 02a357b3 01071593 0105d593 01085693 02a37333 02f58633 01031313 0066e6b3 00c6fa63 00d706b3 00c6f463 06e6f263 fff78793 40c686b3 02a6d633 01081813 01085813 02a6f6b3 02c585b3 01069693 00d86833 00b87a63 01070833 00b87463 18e87463 fff60613 01079793 00c7e7b3 00078513 00088593 00008067 01000e37 01800693 f5c674e3 01000693 f41ff06f ffe78793 00e686b3 f9dff06f 00000693 00060c63 000106b7 06d67863 10063693 0016b693 00369693 00d658b3 011787b3 0007c783 00d787b3 02000693 06d79063 40c58633 00100893 01075513 02a657b3 01071593 0105d593 01085693 02a67633 02f58333 01061613 00c6e6b3 0066fa63 00d706b3 0066f463 0ce6fa63 fff78793 406686b3 f25ff06f 010008b7 01800693 f9167ce3 01000693 f91ff06f 40f68833 01061733 00f5d6b3 010595b3 00f557b3 01051833 01075513 02a6d8b3 01071613 01065613 00b7e7b3 02a6f6b3 03160333 01069593 0107d693 00b6e6b3 0066fa63 00d706b3 0066f463 04e6f663 fff88893 406686b3 02a6d5b3 01079793 0107d793 02a6f6b3 02b60633 01069693 00d7e7b3 00c7fa63 00f707b3 00c7f463 02e7f263 fff58593 01089893 40c78633 00b8e8b3 f19ff06f ffe88893 00e686b3 fb5ff06f ffe58593 00e787b3 fddff06f ffe78793 00e686b3 f2dff06f ffe60613 e7dff06f 18d5e463 000107b7 04f6f463 1006b793 0017b793 00379793 00010737 00f6d833 77c70713 01070733 00074703 02000813 00f70733 03071863 00c537b3 0017b793 00b6b6b3 00d7e7b3 00000893 e35ff06f 01000737 01800793 fce6f0e3 01000793 fb9ff06f 40e80833 00e658b3 010696b3 00d8e8b3 0108de13 00e5d6b3 03c6d7b3 01089313 01035313 010595b3 00e55733 00b76733 01061633 03c6f6b3 02f30eb3 01069593 01075693 00b6e6b3 01d6fa63 00d886b3 01d6f463 0b16fc63 fff78793 41d686b3 03c6d5b3 01071713 01075713 03c6f6b3 02b30333 01069693 00d76733 00677a63 00e88733 00677463 09177863 fff58593 01079793 00b7e7b3 40670733 01059593 01061313 0105d593 0107d893 01035313 01065613 02658e33 02688333 010e5693 02c585b3 02c888b3 006585b3 00b686b3 0066f663 00010637 00c888b3 0106d613 01160633 02c76063 010e1e13 01069693 010e5e13 01051533 01c686b3 eed574e3 eec712e3 fff78793 eddff06f ffe78793 011686b3 f49ff06f ffe58593 01170733 f71ff06f 00000893 00000793 cf1ff06f 0000f984 0000f988 0000f98c 0000f990 0000f994 0000f998 0000f99c 0000f9a0 0000f9a4 0000f9a8 0000f9b8 0000e1a4 0000f9ac 0000f9b0 0000f9b8 0000f9b4 70206b36 6f667265 6e616d72 72206563 70206e75 6d617261 72657465 6f662073 6f632072 616d6572 002e6b72 76206b36 64696c61 6f697461 7572206e 6170206e 656d6172 73726574 726f6620 726f6320 72616d65 00002e6b 666f7250 20656c69 656e6567 69746172 72206e6f 70206e75 6d617261 72657465 6f662073 6f632072 616d6572 002e6b72 70204b32 6f667265 6e616d72 72206563 70206e75 6d617261 72657465 6f662073 6f632072 616d6572 002e6b72 76204b32 64696c61 6f697461 7572206e 6170206e 656d6172 73726574 726f6620 726f6320 72616d65 00002e6b 5d75255b 4f525245 6c202152 20747369 20637263 30257830 2d207834 6f687320 20646c75 30206562 34302578 00000a78 5d75255b 4f525245 6d202152 69727461 72632078 78302063 78343025 73202d20 6c756f68 65622064 25783020 0a783430 00000000 5d75255b 4f525245 73202152 65746174 63726320 25783020 20783430 6873202d 646c756f 20656220 30257830 000a7834 65726f43 6b72614d 7a695320 20202065 25203a20 000a756c 61746f54 6974206c 20736b63 20202020 25203a20 000a756c 61746f54 6974206c 2820656d 73636573 25203a29 00000a66 72657449 6f697461 532f736e 20206365 25203a20 00000a66 4f525245 4d202152 20747375 63657865 20657475 20726f66 6c207461 74736165 20303120 73636573 726f6620 76206120 64696c61 73657220 21746c75 00000000 72657449 6f697461 2020736e 20202020 25203a20 000a756c 31434347 2e312e36 00000030 706d6f43 72656c69 72657620 6e6f6973 25203a20 00000a73 20334f2d 554d442d 5449544c 41455248 36313d44 55442d20 5f5f4553 313d534f 50442d20 4f465245 4e414d52 525f4543 313d4e55 00000000 706d6f43 72656c69 616c6620 20207367 25203a20 00000a73 65726f63 00202073 61726150 6c656c6c 20732520 6425203a 0000000a 50414548 00000000 6f6d654d 6c207972 7461636f 206e6f69 25203a20 00000a73 64656573 20637263 20202020 20202020 30203a20 34302578 00000a78 5d64255b 6c637263 20747369 20202020 203a2020 30257830 000a7834 5d64255b 6d637263 69727461 20202078 203a2020 30257830 000a7834 5d64255b 73637263 65746174 20202020 203a2020 30257830 000a7834 5d64255b 66637263 6c616e69 20202020 203a2020 30257830 000a7834 72726f43 20746365 7265706f 6f697461 6176206e 6164696c 2e646574 65655320 61657220 2e656d64 20747874 20726f66 206e7572 20646e61 6f706572 6e697472 75722067 2e73656c 00000000 65726f43 6b72614d 302e3120 25203a20 202f2066 25207325 00000073 25202f20 00000073 25202f20 73253a64 00000000 6f727245 64207372 63657465 00646574 6e6e6143 7620746f 64696c61 20657461 7265706f 6f697461 6f66206e 68742072 20657365 64656573 6c617620 2c736575 656c7020 20657361 706d6f63 20657261 68746977 73657220 73746c75 206e6f20 6e6b2061 206e776f 74616c70 6d726f66 0000002e 332e3054 46312d65 00000000 542e542d 71542b2b 00000000 2e335431 7a346534 00000000 302e3433 5e542d65 00000000 30352e35 332b6530 00000000 32312e2d 322d6533 00000000 6537382d 3233382b 00000000 362e302b 32312d65 00000000 352e3533 30303434 00000000 3332312e 30303534 00000000 3031312d 3030372e 00000000 362e302b 30303434 00000000 32313035 00000000 34333231 00000000 3437382d 00000000 3232312b 00000000 65726f43 6b72614d 25204020 7a482075 0000000a 4e524157 21474e49 636e5f20 29287570 4c554d3e 48544954 44414552 00000021 4f525245 46202152 656c6961 6f742064 6c6c6120 7461636f 74732065 216b6361 00000000 65726f43 6b72614d 6e6f6420 00000065 4c554e3c 00003e4c 33323130 37363534 62613938 66656463 6a696867 6e6d6c6b 7271706f 76757473 7a797877 00000000 33323130 37363534 42413938 46454443 4a494847 4e4d4c4b 5251504f 56555453 5a595857 00000000 3d3d3d3d 504f4f20 50432053 00000055 00783020 3d3d3d20 00000a3d 00000000 00000000 3ff00000 00000000 40240000 eb851eb8 3f9eb851 00010240 0001024c 00010258 00010264 00010270 0001027c 00010288 00010294 000102a0 000102ac 000102b8 000102c4 000102d0 000102d8 000102e0 000102e8 000068a0 000068b0 000068b8 000068c0 000068cc 000068a8 80050000 000a800f 001e801b 80110014 00368033 8039003c 802d0028 00228027 00668063 8069006c 807d0078 00728077 80550050 005a805f 004e804b 80410044 00c680c3 80c900cc 80dd00d8 00d280d7 80f500f0 00fa80ff 00ee80eb 80e100e4 80a500a0 00aa80af 00be80bb 80b100b4 00968093 8099009c 808d0088 00828087 01868183 8189018c 819d0198 01928197 81b501b0 01ba81bf 01ae81ab 81a101a4 81e501e0 01ea81ef 01fe81fb 81f101f4 01d681d3 81d901dc 81cd01c8 01c281c7 81450140 014a814f 015e815b 81510154 01768173 8179017c 816d0168 01628167 01268123 8129012c 813d0138 01328137 81150110 011a811f 010e810b 81010104 03068303 8309030c 831d0318 03128317 83350330 033a833f 032e832b 83210324 83650360 036a836f 037e837b 83710374 03568353 8359035c 834d0348 03428347 83c503c0 03ca83cf 03de83db 83d103d4 03f683f3 83f903fc 83ed03e8 03e283e7 03a683a3 83a903ac 83bd03b8 03b283b7 83950390 039a839f 038e838b 83810384 82850280 028a828f 029e829b 82910294 02b682b3 82b902bc 82ad02a8 02a282a7 02e682e3 82e902ec 82fd02f8 02f282f7 82d502d0 02da82df 02ce82cb 82c102c4 02468243 8249024c 825d0258 02528257 82750270 027a827f 026e826b 82610264 82250220 022a822f 023e823b 82310234 02168213 8219021c 820d0208 02028207 000078b8 00007824 00007824 000078ac 00007824 00007824 00007824 00007824 00007824 00007824 00007824 000078a0 00007824 00007894 00007824 00007824 00007888 000082a8 00007bc0 00007bc0 00007bc0 00007bc0 00007bc0 00007bc0 00007bc0 00007bc0 00007bc0 00007bc0 00007bc0 00007bc0 00007bc0 00007bc0 00007bc0 00007bc0 00007bc0 00007bc0 00007bc0 00007bc0 00007bc0 00007bc0 0000871c 00007bc0 00007bc0 00007bc0 00007bc0 00007bc0 00007bc0 00007bc0 00007bc0 000085a8 00007bc0 000086f0 00007c08 00007bc0 00007ea4 00007bc0 00007bc0 00007c08 00007bc0 00007bc0 00007bc0 00007bc0 00007bc0 00007f98 0000810c 00007bc0 00007bc0 0000813c 00007bc0 00008294 00007bc0 00007bc0 00007c4c 0000b30c 0000b244 0000b198 0000b198 0000b198 0000b30c 02020100 03030303 04040404 04040404 05050505 05050505 05050505 05050505 06060606 06060606 06060606 06060606 06060606 06060606 06060606 06060606 07070707 07070707 07070707 07070707 07070707 07070707 07070707 07070707 07070707 07070707 07070707 07070707 07070707 07070707 07070707 07070707 08080808 08080808 08080808 08080808 08080808 08080808 08080808 08080808 08080808 08080808 08080808 08080808 08080808 08080808 08080808 08080808 08080808 08080808 08080808 08080808 08080808 08080808 08080808 08080808 08080808 08080808 08080808 08080808 08080808 08080808 08080808 08080808 00000010 00000000 00527a03 01017c01 00020c1b 00000010 00000018 fffff124 000003ec 00000000 00000000 00000000 00000000 00000000 00000000 00000000 00000000 00000000 00000000 00000000 00000000 00000000 00000000 00000000 00000000 00000000 00000000 00000000 00000000 00010aa0 00010a38 000109d0 00002798 00002aa8 00002a60 00000000 00000000 00000000 00000000 00000000 00000000 00000000 00000001 00000000 00000000 00000000 00000000 00000000 00000000 00000001 00000066 00000000 00000003 000109d0 00010cc0 00000001 00010960 0000dccc 00000003 0001096c 00000000 0000dd80 0000dd80 