0000f197 99418193 82418513 01418593 00b55863 00052023 00450513 feb54ce3 020000ef 00100073 00000000 00000000 00000000 00000000 00000000 00000000 f6010113 00058613 00a12623 00c10593 05e10513 08112e23 08812c23 08912a23 09212823 09312623 09412423 09512223 09612023 07712e23 07812c23 07912a23 07a12823 0bd050ef 00100513 375040ef 00050793 00200513 00f11e23 365040ef 00050293 00300513 00511f23 355040ef 00050313 00400513 02611023 345040ef 00050393 00500513 02712c23 335040ef 00051463 00700513 01c12083 02a12e23 00009663 02011703 42070c63 00100493 42908e63 0000f8b7 1d888913 00257993 01303ab3 00157b13 03212223 04011e23 00457a13 015b0cb3 000a0863 001c8b93 010b9c13 010c5c93 7d000d13 039d5e33 00000793 03c12a23 3c0b1863 3a099063 3a0a1c63 03c12403 00147093 00008e63 01c11603 02812583 03412503 5a4010ef 03c12403 04a12023 00247713 1a071e63 00447493 00048a63 03012603 01c11583 03412503 6fc040ef 03812903 0c091863 0000f9b7 1989aa03 8081aa83 00100b13 03612c23 03812503 00000b13 00251b93 00ab8c33 001c1c93 03912c23 5a4050ef 03812d03 04012a23 04012c23 040d0263 00100593 01c10513 289000ef 05415583 281040ef 00050e13 fff00593 01c10513 05c11a23 26d000ef 05415583 265040ef 04a11a23 100b0863 001b0b13 fd6d12e3 5f0050ef 68c050ef 6c8050ef 000a0613 000a8693 00050493 00058413 5080b0ef f6054ae3 00048513 00040593 3ec0c0ef 2c050c63 00a00f13 02af5fb3 03812283 001f8793 02f28333 02612c23 504050ef 01c10513 0dd010ef 598050ef 634050ef 00050413 01c11503 00058393 00000593 00712223 1bc050ef 00050593 01e11503 1b0050ef 00050593 02011503 1a4050ef 00050593 03411503 198050ef 00008737 b0570693 00050493 14d506e3 08a6fe63 00009937 a0290993 113502e3 0000fbb7 9f5b8c13 27851c63 0000ecb7 a20c8513 6c0050ef 00009d37 00002e37 0000eeb7 e3ad0a13 fd7e0a93 714e8993 00300f13 000a0c13 000a8b93 00098b13 01e12423 0980006f 04a11b23 00100e93 efdd0ae3 00100b13 eadff06f 01e11683 01c11603 02c12583 03412503 01069813 00c86633 04410693 45c030ef 03c12583 0045f893 e20894e3 e35ff06f 00002fb7 8f2f8793 02f50ae3 000056b7 eaf68093 1e151063 0000e637 9ec60513 628050ef 0000e837 000055b7 000078b7 5a480a13 60858a93 a7988993 00200913 000a0c13 000a8b93 00098b13 01212423 81c1a503 08050ae3 07b12623 00000d13 00000d93 05c0006f ffa35603 11860863 0000e3b7 000d8593 000a0693 ae038513 00612023 5c4050ef 00012603 ffc65703 00170813 01081593 4105d893 ff161e23 001d8d93 81c1a083 011d0d33 010d9513 010d1e13 01055d93 410e5d13 6a1dfe63 004d9913 01b90e33 002e1e93 060e8f13 002f0fb3 fdcfa683 fe0f9e23 0016f793 02078c63 ff6fd603 01f12023 03660663 0000e2b7 00098693 000d8593 a7c28513 548050ef 00012303 ffc35383 fdc32683 00138713 fee31e23 0026f093 04008463 01b90633 00261813 06080593 002588b3 ff88d603 01112023 03760663 0000e537 000a8693 000d8593 aac50513 4fc050ef 00012e03 ffce5e83 fdce2683 001e8f13 ffee1e23 01b90933 00291793 06078293 0046ff93 00228333 ee0f98e3 ffc31883 f21ff06f 03c78eb3 00178f13 010f1f93 010fd793 01d902b3 02512623 c40a08e3 03c78333 006903b3 02712823 c41ff06f 03212423 00100793 c20988e3 fc9ff06f 00100513 d29ff06f 06600413 02811023 bc5ff06f 02011583 bc0592e3 34153637 41560693 06600813 00d12e23 03011023 badff06f fff00a13 01412423 fff00d13 1c8050ef 03412583 0000ec37 00ad09b3 b10c0513 434050ef 0000ebb7 00040593 b28b8513 424050ef 00412b03 00040513 01099a93 000b0593 350050ef 0000eeb7 00050613 00058693 b40e8513 3fc050ef 00040513 000b0593 330050ef 00000613 00000693 410ad993 0980b0ef 04a05863 81c1a683 03812f03 02df0533 0d00c0ef 00050913 00058d13 00040513 000b0593 2f8050ef 00050613 00058693 00090513 000d0593 0f50a0ef 0000efb7 00050613 00058693 b58f8513 390050ef 00412583 00040513 2c4050ef 80c1a603 8101a683 10c0b0ef 4a054e63 03812803 81c1a603 0000e737 bb070513 02c805b3 0000ec37 0000eab7 0000ea37 0000ebb7 34c050ef 0000e8b7 bd488513 bc8c0593 33c050ef 0000ee37 c04e0513 beca8593 32c050ef c1ca0593 c24b8513 320050ef 00048593 0000e4b7 c3c48513 310050ef 03c12803 00187b13 0e0b0c63 81c1a083 0e008863 00000493 0000e937 00449e93 009e86b3 00269f13 060f0d13 002d0533 ff655603 00048593 c5890513 2d0050ef 00148f93 81c1a583 010f9793 0107db93 c5890513 0abbf463 004b9293 01728333 00231393 06038613 00260733 ff675603 000b8593 298050ef 001b8893 81c1a803 01089e13 010e5493 c5890513 0704f863 00449b13 009b00b3 00209e93 060e8693 00268f33 ff6f5603 00048593 260050ef 00148593 81c1ad03 01059f93 010fdb93 c5890513 03abfc63 004b9793 017782b3 00229313 06030393 00238633 ff665603 000b8593 228050ef 001b8713 81c1a503 01071813 01085493 f2a4e2e3 03c12803 00287913 0e090c63 81c1a883 0e088863 00000493 0000eb37 00449e13 009e00b3 00209e93 060e8693 00268f33 ff8f5603 00048593 c74b0513 1d4050ef 00148593 81c1ad03 01059f93 010fdb93 c74b0513 0babf463 004b9793 017782b3 00229313 06030393 00238633 ff865603 000b8593 19c050ef 001b8813 81c1a703 01081493 0104d913 c74b0513 06e97863 00491893 01288e33 002e1093 06008e93 002e86b3 ff86d603 00090593 00190d13 160050ef 81c1af03 010d1593 0105db93 c74b0513 03ebfc63 004b9f93 017f87b3 00279293 06028313 002303b3 ff83d603 000b8593 12c050ef 001b8613 81c1a503 01061713 01075493 f2a4e2e3 03c12803 00487b13 0e0b0a63 81c1a903 0e090663 00000b13 0000ed37 004b1893 01688e33 002e1093 06008e93 002e86b3 ffa6d603 000b0593 c90d0513 0d8050ef 001b0593 81c1af03 01059b93 010bd493 c90d0513 0be4f463 00449f93 009f87b3 00279293 06028313 002303b3 ffa3d603 00048593 0a0050ef 00148713 81c1a603 01071813 01085b13 c90d0513 06cb7863 004b1913 016908b3 00289e13 060e0093 00208eb3 ffaed603 000b0593 068050ef 001b0f13 81c1a683 010f1593 0105db93 c90d0513 02dbfc63 004b9493 01748fb3 002f9793 06078293 00228333 ffa35603 000b8593 030050ef 001b8393 81c1a503 01039613 01065b13 f2ab62e3 81c1ad03 0e0d0663 00000b13 0000e937 004b1713 01670833 00281893 06088e13 002e00b3 ff40d603 000b0593 cac90513 7e9040ef 001b0693 81c1ae83 01069f13 010f5b93 cac90513 0bdbf463 004b9593 017584b3 00249f93 060f8793 002782b3 ff42d603 000b8593 7b1040ef 001b8393 81c1a303 01039613 01065b13 cac90513 066b7863 004b1d13 016d0733 00271813 06080893 00288e33 ff4e5603 000b0593 779040ef 001b0693 81c1ae83 01069f13 010f5b93 cac90513 03dbfc63 004b9093 017085b3 00259493 06048f93 002f87b3 ff47d603 000b8593 741040ef 001b8293 81c1a503 01029313 01035b13 f2ab62e3 08098663 05304e63 0000e437 d3840513 719040ef 05e10513 6f1040ef 09c12083 09812403 09412483 09012903 08c12983 08812a03 08412a83 08012b03 07c12b83 07812c03 07412c83 07012d03 00000513 0a010113 00008067 06c12d83 a85ff06f 0000ecb7 d9cc8513 6c1040ef fa9ff06f 0000e2b7 b7028513 6b1040ef 00198313 01031393 4103d993 b31ff06f 0000e9b7 cc898513 695040ef 00812383 00300913 f7239ae3 81c1a603 03812d03 02cd0533 37d0b0ef 00058713 00412583 00050b93 00040513 00070493 5a1040ef 00050613 00058693 000b8513 00048593 39c0a0ef bc8c0713 0000ec37 00050613 00058693 beca8793 d14c0513 631040ef 0000eab7 c1ca0593 d30a8513 621040ef 0000ea37 baca0513 615040ef efdff06f 0000e2b7 a5028513 605040ef 00009337 0000e3b7 d8430a13 3c138993 00400713 000a0c13 74700a93 74700b93 00098b13 00e12423 fe0ff06f 0000ea37 990a0513 5cd040ef 00006b37 0000cab7 0000d537 e47b0a13 e52a8a93 4b050993 000a0c13 000a8b93 00098b13 00012423 fa8ff06f 0000e0b7 9c008513 595040ef 00004637 00001837 000035b7 9bf60a13 19980a93 34058993 00100893 000a0c13 000a8b93 00098b13 01112423 f6cff06f 00000d13 915ff06f 00000000 00000000 00000000 00000000 00000000 00000000 00451e03 fa010113 04812c23 03912a23 04112e23 04912a23 03712e23 00012c23 02452403 00050c93 00058813 0fc054e3 00b12623 00000313 00000593 00000513 00000893 00c12083 0ff5f793 00f12c23 4800c863 1e0402e3 00040293 00c0006f 0002a283 00028a63 0042a483 00c12b83 00249603 ff7616e3 00042e83 00000613 00c42023 00040f13 080e8663 000eaf83 01eea023 000e8413 060f8e63 000fa783 01dfa023 000f8413 06078663 0007a083 01f7a023 00078413 04008e63 0000a383 00f0a023 00008413 04038663 0003a683 0013a023 00038413 02068e63 0006a703 0076a023 00068413 02070663 00072483 00d72023 00070413 00070613 00048c63 00048413 00042e83 00c42023 00040f13 f60e9ee3 3e028a63 0042ab83 00150513 01051e93 000b9f03 010ed513 001f7f93 000f8c63 409f5793 0017f093 011088b3 01089393 0103d893 0002a703 00070c63 00072683 00d2a023 00042283 00572023 00e42023 00c12083 0000ca63 00108393 01039713 41075693 00d12623 00158593 01059293 4102d593 eabe1ee3 05212823 00251913 05312623 406909b3 01198e33 010e1513 01055893 01112e23 3b004863 00042c83 00c12503 00040913 000ca983 004cab83 0049a583 0009ae03 00bca223 0179a223 01cca023 0009a023 2e054863 00492603 00c12f03 00261e83 01ee8e63 00092903 6e090a63 00492603 00c12f03 00261e83 ffee96e3 6e090063 00442f83 01c12583 000f9503 5c8040ef 00092483 00a12e23 0c048463 00442783 00050593 00079503 5ac040ef 0004ac83 00a12e23 00050593 0a0c8463 00442083 00009503 590040ef 000cab83 00a12e23 00050593 080b8663 00442383 00039503 574040ef 000ba903 00a12e23 00050593 06090863 00442703 00071503 558040ef 00092483 00a12e23 00050593 04048a63 00442683 00069503 53c040ef 0004ac83 00a12e23 00050593 020c8c63 00442283 00029503 520040ef 000cab83 00a12e23 00050593 000b8e63 00442e03 000e1503 504040ef 000ba903 00a12e23 f20912e3 00042903 0049ab83 00492583 00092503 00100e93 00b9a223 01792223 00a9a023 01392023 00100f93 74040663 00000f13 00000613 00000913 007ef893 00040713 00000793 001f0f13 08088463 0fd7d663 00042703 00100793 0e070063 06f88a63 00200813 07088063 00300313 04688663 00400993 03388c63 00500093 02188263 00600393 00788863 00072703 00200793 0a070463 00072703 00178793 08070e63 00072703 00178793 08070863 00072703 00178793 08070263 00072703 00178793 06070c63 00072703 00178793 06070663 07d7d463 00072703 00178793 00078493 04070c63 00072703 00178793 04070663 00072703 00248793 04070063 00072703 00348793 02070a63 00072703 00448793 02070463 00072703 00548793 00070e63 00072703 00648793 00070863 00072703 00748793 f8071ee3 000e8593 02f05263 10059463 00040813 fff78793 00042403 06060e63 01062023 00080613 fef042e3 0eb05863 0e070c63 04078a63 00442083 00472803 00009383 00281283 00209983 01039313 01035493 f003f693 0084de13 01c6e533 00a09023 00081c83 40598bb3 010c9893 0108d093 f00cf393 0080d993 0133e2b3 00581023 f97056e3 00070813 fff58593 00072703 f80616e3 00080913 00080613 f89ff06f 00092903 42090063 00492883 01812303 0008c803 ff0316e3 d2dff06f 54040c63 00040293 00c0006f 0002a283 b80284e3 0042a703 01812683 00074383 fe7696e3 b75ff06f 00042483 00130313 01031613 0044ab83 01065313 001b8e83 001eff13 011f0fb3 010f9793 0107d893 c35ff06f ee070ee3 f21ff06f 00070663 00070413 de1ff06f 00062023 3defde63 00090413 001e9e93 dbdff06f 05412423 05512223 00100a13 028c8a93 05612023 03812c23 03a12823 03b12623 01412423 01512a23 4e040a63 00000d93 00000a13 00012823 01012803 00812b03 00040493 00180313 007b7c13 00612823 00000d13 080c0663 00812603 0ecd5863 00042483 00100d13 0e048263 07ac0a63 00200b93 077c0063 00300e93 05dc0663 00400f13 03ec0c63 00500f93 03fc0263 00600793 00fc0863 0004a483 00200d13 0a048663 0004a483 001d0d13 0a048063 0004a483 001d0d13 08048a63 0004a483 001d0d13 08048463 0004a483 001d0d13 06048e63 0004a483 001d0d13 06048863 00812083 061d5463 0004a483 001d0d13 000d0393 04048c63 0004a483 001d0d13 04048663 0004a483 00238d13 04048063 0004a483 00338d13 02048a63 0004a483 00438d13 02048463 0004a483 00538d13 00048e63 0004a483 00638d13 00048863 0004a483 00738d13 f8049ce3 00812c03 03a05263 060c1c63 00040093 fffd0d13 00042403 040d8e63 001da023 00008d93 ffa042e3 1f805463 1e048863 020d0a63 00442b03 0044a983 000b1a83 080af713 04070a63 00099b03 07fafb93 080b7613 08060e63 07fb7293 405b89b3 fb3056e3 00048093 fffc0c13 0004a483 fa0d96e3 00008a13 00008d93 fa9ff06f f80486e3 00442b03 0044a983 000b1a83 080af713 fa071ae3 403ad793 00f7fe93 004e9f93 007aff13 01fe85b3 120f0063 00100513 0eaf0a63 010a9093 000a8913 0100d513 038cd583 07f97b93 08d030ef f00af293 005be833 02ac9c23 08086593 00bb1023 00099b03 080b7613 f60616e3 403b5a93 00fafe93 004e9713 007b7793 00ee85b3 06078063 00100693 02d78a63 010b1513 000b0913 01055513 038cd583 039030ef f00b7813 07f97293 0102e5b3 02ac9c23 0805eb13 01699023 f21ff06f 038cd603 01412503 7b0000ef 03ccd883 01051393 4103d913 fc0892e3 02ac9e23 fbdff06f 02200f13 038cd783 00058f93 01e5d463 02200f93 002c9683 000c9603 014ca583 018ca503 1ffff713 70c020ef 03ecd303 01051e13 410e5913 f80310e3 02ac9f23 f79ff06f 038cd603 01412503 748000ef 03ccd883 01051393 4103d913 f00892e3 02ac9e23 efdff06f 02200313 038cd783 00058e13 0065d463 02200e13 002c9683 000c9603 014ca583 018ca503 1ffe7713 6a4020ef 03ecd683 01051b93 410bd913 ec0690e3 02ac9f23 eb9ff06f 00048663 00048413 cd5ff06f 000da023 01012d83 00100713 000a0413 03b75263 00812683 00169293 00512423 ca1ff06f 00042903 920910e3 00000913 a01ff06f 04812a03 04412a83 04012b03 03812c03 03012d03 02c12d83 8a1ff06f 05212823 05312623 00b12623 00012e23 889ff06f 00092b83 0e0b8263 00492603 01c12583 00061503 6a5030ef 000ba403 00a12e23 0c040463 00492f03 00050593 000f1503 689030ef 00042c83 00a12e23 00050593 0a0c8463 00492f83 000f9503 66d030ef 000cab83 00a12e23 00050593 080b8663 00492683 00069503 651030ef 000ba983 00a12e23 00050593 06098863 00492283 00029503 635030ef 0009a483 00a12e23 00050593 04048a63 00492e03 000e1503 619030ef 0004a403 00a12e23 00050593 02040c63 00492503 00051503 5fd030ef 00042c83 00a12e23 00050593 000c8e63 00492883 00089503 5e1030ef 000cab83 00a12e23 f20b92e3 05c12083 05812403 01c12503 05012903 04c12983 05412483 03c12b83 03412c83 06010113 00008067 00002783 05212823 05312623 05412423 05512223 05612023 03812c23 03a12823 03b12623 00100073 05412423 05512223 05612023 03812c23 03a12823 03b12623 00002023 00100073 00000000 00000000 00000000 00000000 00000000 00000000 00000000 00000000 01400793 02f55833 0005a023 00058793 01058313 00858713 ffff86b7 08068293 00060893 ffe80393 00339593 00b78833 0107a223 00239e13 00081123 00581023 01c805b3 00480613 3d037863 00880e93 3cbef463 ffff8537 00e7a023 00c7a623 0007a423 fff00f13 fff54f93 00070693 000e8613 00030713 01e81223 01f81323 0e038263 01089e13 ffff8eb7 0013f293 010e5f13 00000313 fffece13 32029463 01031293 0102de93 01eec533 00351f93 078ff293 007efe93 01d2e533 00851f93 01f50eb3 010e9513 00870293 41055e93 0902fa63 00460f93 02bff263 00d72023 00e7a023 00c72223 00070693 01d61023 01c61123 00028713 000f8613 00130313 01031293 0102de93 01eec533 00351f93 078ff293 007efe93 01d2e533 00851f93 01f502b3 01029513 00870e93 41055f93 030efa63 00460293 02b2f263 00d72023 00e7a023 00c72223 01f61023 01c61123 00070693 00028613 000e8713 00130313 f46390e3 0006a583 06058863 00500813 0303d3b3 00004f37 00100713 00200513 ffff0e93 02777463 0046af03 0005a603 00150513 00ef1123 00170713 02060e63 00058693 00060593 fe7760e3 00851f93 0046ae03 700ff293 00e8c6b3 0005a603 00d2e333 01d37833 010e1123 00170713 00150513 fc0616e3 00100f93 00100393 1c078c63 00000293 00000813 00000513 007ff893 00078713 00000693 00128293 08088463 0ff6d663 0007a703 00100693 0e070063 06d88a63 00200593 06b88063 00300e93 05d88663 00400e13 03c88c63 00500313 02688263 00600613 00c88863 00072703 00200693 0a070463 00072703 00168693 08070e63 00072703 00168693 08070863 00072703 00168693 08070263 00072703 00168693 06070c63 00072703 00168693 06070663 07f6d463 00072703 00168693 00068f13 04070c63 00072703 00168693 04070663 00072703 002f0693 04070063 00072703 003f0693 02070a63 00072703 004f0693 02070463 00072703 005f0693 00070e63 00072703 006f0693 00070863 00072703 007f0693 f8071ee3 000f8593 02d05263 08059c63 0007a303 fff68693 08080263 00f82023 00078813 00030793 fed042e3 08b05063 08070463 04068a63 0047ae03 00472303 000e1603 00231f03 002e1883 01061e93 010ede93 008ede93 f0067613 01d66633 00ce1023 00031e83 41e888b3 010e9e13 010e5f13 f00ef613 008f5e93 01d66e33 01c31023 f91056e3 00078313 fff58593 00070793 00072703 f80812e3 00078513 f81ff06f f60706e3 f91ff06f 00070663 00070793 e51ff06f 00082023 0053dc63 00050793 001f9f93 e20798e3 00002023 00100073 00008067 003f1313 07837513 00851f93 01f502b3 01029313 00870e93 41035513 d90ef2e3 00460f93 02bff263 00d72023 00e7a023 00c72223 00a61023 01c61123 00070693 000f8613 000e8713 00100313 c86398e3 d51ff06f 00000693 c65ff06f 00000000 00000000 00000000 00000000 00000000 00000000 00000000 00000000 ff010113 01212023 01c52903 00112623 02052c23 02052e23 04090c63 00812423 00912223 00050413 00000493 00100593 00040513 8ecff0ef 03845583 0e4030ef 02a41c23 fff00593 00040513 8d4ff0ef 03845583 0cc030ef 02a41c23 02048463 00148493 fc9914e3 00812403 00412483 00c12083 00012903 00000513 01010113 00008067 02a41d23 00100793 fcf90ee3 00100493 f99ff06f 00000000 00000000 00000000 00000000 00000000 00000000 00000000 00000000 00000000 00000000 fa010113 04812c23 00052403 05212823 05512223 05612023 03812c23 03912a23 fffff937 04112e23 00c52a83 00452c03 00852b03 00060c93 0125e933 00041463 3190106f 04912a23 00141493 05312623 009c0633 00058993 408005b3 05412423 03712e23 03a12823 03b12623 00060713 00000e93 00259a13 40970533 40a706b3 ffe68093 0010d293 00128313 00737393 00050793 0a038463 00100813 09038663 00200893 07138a63 00300b93 05738e63 00400d13 05a38263 00500d93 03b38663 00600e13 01c38a63 00055f03 00250793 01e98fb3 01f51023 0007d683 00278793 00d980b3 fe179f23 0007d283 00278793 00598333 fe679f23 0007d383 00278793 00798833 ff079f23 0007d883 00278793 01198bb3 ff779f23 0007dd03 00278793 01a98db3 ffb79f23 0007de03 00278793 01c98f33 ffe79f23 06f70663 0007d083 0027df83 0047d383 0067db83 0087d303 00a7d883 00c7d803 00e7d683 001982b3 01f98d33 00798db3 01798e33 00698f33 011980b3 01098fb3 00d983b3 00579023 01a79123 01b79223 01c79323 01e79423 00179523 01f79623 00779723 01078793 f8f71ee3 001e8e93 41450733 edd416e3 00000b93 00000313 40960533 40a607b3 ffe78893 0018d813 00180693 002b9293 0076fd13 015287b3 00050693 0c0d0263 00100d93 0bbd0263 00200e13 09cd0463 00300f13 07ed0663 00400093 041d0863 00500f93 03fd0a63 00600393 007d0c63 00051e83 00250693 00478793 033e8733 fee7ae23 00069883 00478793 00268693 03388833 ff07ae23 00069283 00478793 00268693 03328d33 ffa7ae23 00069d83 00478793 00268693 033d8e33 ffc7ae23 00069f03 00478793 00268693 033f00b3 fe17ae23 00069f83 00478793 00268693 033f83b3 fe77ae23 00069e83 00268693 00478793 033e8733 fee7ae23 06d60863 00069d03 00269283 00469d83 00669e03 00869083 00a69883 00c69803 00e69703 033d0f33 01068693 02078793 033283b3 ffe7a023 033d8fb3 fe77a223 033e0d33 fff7a423 03308eb3 ffa7a623 033882b3 ffd7a823 03380db3 fe57aa23 03370e33 ffb7ac23 ffc7ae23 f8d61ce3 00130313 008b8bb3 41450633 ea6410e3 414a8bb3 000b8713 00000513 00000313 00000893 00000613 00359593 00ea00b3 401706b3 ffc68793 0027d813 00180f13 007f7393 00008693 00039463 4ac0106f 00100f93 11f38e63 00200d13 0fa38663 00300e93 0bd38e63 00400293 08538663 00500d93 05b38e63 00600e13 03c38663 00030693 0000a303 006888b3 01195463 7800106f 0066a7b3 00f50533 01051813 41085513 00408693 00030393 0006a303 006888b3 01195463 6f40106f 0063afb3 01f50d33 010d1e93 410ed513 00468693 00030e13 0006a303 006888b3 01195463 67c0106f 006e27b3 00f50533 01051813 41085513 00468693 00030393 0006a303 006888b3 01195463 6040106f 0063afb3 01f50d33 010d1e93 410ed513 00468693 00030e13 0006a303 006888b3 01195463 58c0106f 006e27b3 00f50533 01051813 41085513 00468693 00030393 0006a303 006888b3 01195463 5140106f 0063afb3 01f50d33 010d1e93 410ed513 00468693 00030e13 0006a303 006888b3 01195463 49c0106f 006e27b3 00f50533 01051813 41085513 00468693 00d70463 35c0106f 00160613 40b08733 e8c412e3 00000593 384030ef 000a8593 00000f13 009b0fb3 00a12823 416f80b3 ffe08793 0017d393 00138d13 001f1e93 007d7313 000b0613 00000793 01dc06b3 0c030e63 00100293 0a530c63 00200d93 09b30c63 00300e13 07c30c63 00400813 05030c63 00500893 03130c63 00600713 00e30c63 00069503 000b1083 00268693 002b0613 021507b3 00069383 00061d03 00268693 00260613 03a38eb3 01d787b3 00069303 00061283 00268693 00260613 02530db3 01b787b3 00069e03 00061803 00268693 00260613 030e08b3 011787b3 00069703 00061503 00268693 00260613 02a700b3 001787b3 00069383 00061d03 00268693 00260613 03a38eb3 01d787b3 00069303 00061283 00260613 00268693 02530db3 01b787b3 0acf8063 01e12423 00b12623 00069f03 00061583 00269d83 00261e03 02bf0733 00461d03 00469303 00669083 00661883 00861383 00869803 00a69283 00a61f03 00c69583 03cd8e33 00c61e83 00e787b3 00e69503 00e61d83 01060613 01068693 03a30333 01c78d33 03108733 006d00b3 02780833 00e083b3 03e288b3 010382b3 03d58f33 011285b3 03b50eb3 01e58533 01d507b3 f6cf9ce3 00812f03 00c12583 00f5a023 00458593 008f0f33 e4bb9ce3 01012603 00000693 00000513 00000e93 00000893 00000593 00269b93 017a8fb3 000e8e13 000fae83 fff40d93 007df793 01d888b3 01194463 2600106f 00a50093 01009813 41085513 00000893 00100813 004f8713 34887663 24078a63 13078a63 00200393 10778063 00300293 0c578663 00400f13 09e78c63 00500b93 07778263 00600e13 03c78863 000e8d93 004fae83 01d888b3 01195463 3f40106f 01ddafb3 01f50533 01051793 4107d513 00180813 00470713 000e8d13 00072e83 01d888b3 01195463 3a00106f 01dd20b3 001503b3 01039293 4102d513 00180813 00470713 000e8e13 00072e83 01d888b3 01195463 3100106f 01de2db3 01b50fb3 010f9513 41055513 00180813 00470713 000e8313 00072e83 01d888b3 01195463 2a80106f 01d32d33 01a500b3 01009393 4103d513 00180813 00470713 000e8b93 00072e83 01d888b3 01195463 2180106f 01dbae33 01c50db3 010d9f93 410fd513 00180813 00470713 000e8313 00072e83 01d888b3 01195463 1c40106f 01d32d33 01a500b3 01009393 4103d513 00180813 00470713 000e8f13 00072e83 01d888b3 01195463 1480106f 01df2bb3 01750e33 010e1d93 410dd513 00180813 00470713 0e886863 1e00006f 00472f03 00a50893 00000093 01089293 01e080b3 4102d393 00180813 00470713 0e195c63 00472e83 00a38f93 00000093 010f9513 01d08bb3 41055d13 0f794c63 00872e03 01df27b3 00fd0333 01031393 01cb87b3 4103df13 0ef94c63 00c72383 01ceadb3 01bf0fb3 010f9513 00778db3 41055e93 0fb94c63 01072f83 007e2333 006e82b3 01029f13 01fd8333 410f5e13 0e694c63 01472283 01f3a533 00ae0d33 010d1093 00530533 4100d393 0ea94c63 01872e83 005faf33 01e38bb3 010b9e13 01d508b3 410e5f93 0f194c63 01d2ad33 01af80b3 01009793 00780813 4107d513 01c70713 0e887c63 00072d03 01a880b3 f01948e3 00472f03 01aeaeb3 01d507b3 01079313 01e080b3 41035393 00180813 00470713 f01948e3 00472e83 01ed2bb3 01738e33 010e1d93 01d08bb3 410ddd13 f17958e3 00872e03 00ad0893 00000b93 01089293 01cb87b3 4102df13 f0f958e3 00c72383 00af0d13 00000793 010d1093 00778db3 4100de93 f1b958e3 01072f83 00ae8893 00000d93 01089b93 01fd8333 410bde13 f06958e3 01472283 00ae0e93 00000313 010e9793 00530533 4107d393 f0a958e3 01872e83 00a38893 00000513 01089d93 01d508b3 410ddf93 f11958e3 00af8393 01039313 00780813 41035513 00000893 01c70713 f08868e3 00158593 008686b3 c685e8e3 00060593 615020ef 000a8693 000c0893 00000613 00050593 000b0813 000a8293 000b0093 00068e13 00000313 00090393 00058b13 00060a93 00089903 00081f03 fff40b93 00100593 03e90733 007bfd93 00288613 009807b3 1c85fc63 0e0d8c63 0cbd8a63 00200f93 0bfd8863 00300513 08ad8663 00400e93 07dd8463 00500d13 05ad8263 00600913 032d8063 00061f03 00079b83 00200593 00488613 037f0db3 009787b3 01b70733 00061f83 00079503 00158593 00260613 02af8eb3 009787b3 01d70733 00061d03 00079903 00158593 00260613 032d0f33 009787b3 01e70733 00061b83 00079d83 00158593 00260613 03bb8fb3 009787b3 01f70733 00061503 00079e83 00158593 00260613 03d50d33 009787b3 01a70733 00061903 00079f03 00158593 00260613 03e90bb3 009787b3 01770733 00061d83 00079f83 00158593 00260613 03fd8533 009787b3 00a70733 0e85f063 00978d33 00061903 00079e83 000d1503 00261f83 03d90db3 009d0bb3 009b87b3 00661903 00079e83 000b9d03 00461f03 01212423 01d12623 00861b83 02af8fb3 01b70733 009787b3 00978eb3 00079903 01712823 00a61783 000e9b83 01212a23 00f12c23 03af0f33 01f70db3 00c12d03 00812f83 01712e23 009e8933 00091b83 00c61e83 009907b3 00079903 03af8fb3 01ed8733 01412d83 01012f03 01c12d03 00e61503 00858593 01060613 009787b3 01f70733 01812f83 03bf0f33 03af8db3 01e70f33 037e8eb3 01bf0bb3 03250533 01db8933 00a90733 f285e4e3 00ee2023 00130313 004e0e13 00280813 de836ce3 000a8813 00180613 000b0593 00038913 00008b13 00028a93 009888b3 414686b3 da866ae3 00000293 00000513 00000e93 00000893 00000093 00229e13 01ca8333 000e8393 00032e83 fff40793 0077ff93 01d888b3 451950e3 00a50f13 010f1b93 410bd513 00000893 00100813 00430713 32887863 220f8c63 110f8e63 00200613 0ecf8663 00300693 0adf8e63 00400e13 09cf8663 00500393 047f8e63 00600793 02ff8663 000e8f93 00432e83 01d888b3 61194ae3 01dfa333 00650533 01051d13 410d5513 00180813 00470713 000e8f13 00072e83 01d888b3 591944e3 01df2bb3 01750633 01061693 4106d513 00180813 00470713 000e8793 00072e83 01d888b3 53194ce3 01d7afb3 01f50333 01031513 41055513 00180813 00470713 000e8d93 00072e83 01d888b3 49194ce3 01ddaf33 01e50bb3 010b9613 41065513 00180813 00470713 000e8393 00072e83 01d888b3 451944e3 01d3a7b3 00f50fb3 010f9313 41035513 00180813 00470713 000e8d93 00072e83 01d888b3 3b1944e3 01ddaf33 01e50bb3 010b9613 41065513 00180813 00470713 000e8e13 00072e83 01d888b3 351942e3 01de23b3 007507b3 01079f93 410fd513 00180813 00470713 0e886863 1e00006f 00472383 00a50893 00000d93 01089693 007d8db3 4106d613 00180813 00470713 0fb95c63 00472e83 00a60313 00000d93 01031513 01dd8e33 41055d13 0fc94c63 00872f83 01d3af33 01ed0bb3 010b9613 01fe0f33 41065393 0fe94c63 00c72b83 01fea7b3 00f38333 01031513 017f07b3 41055e93 0ef94c63 01072303 017fa633 00ce86b3 01069393 00678633 4103df93 0ec94c63 01472683 006ba533 00af8d33 010d1d93 00d60533 410ddb93 0ea94c63 01872e83 00d323b3 007b8e33 010e1f93 01d508b3 410fd313 0f194c63 01d6ad33 01a30db3 010d9f13 00780813 410f5513 01c70713 0e887c63 00072d03 01a88db3 f1b948e3 00472383 01aeaeb3 01d50f33 010f1b93 007d8db3 410bd613 00180813 00470713 f1b948e3 00472e83 007d2e33 01c607b3 01079f93 01dd8e33 410fdd13 f1c958e3 00872f83 00ad0893 00000e13 01089693 01fe0f33 4106d393 f1e958e3 00c72b83 00a38d13 00000f13 010d1d93 017f07b3 410dde93 f0f958e3 01072303 00ae8893 00000793 01089e13 00678633 410e5f93 f0c958e3 01472683 00af8e93 00000613 010e9f13 00d60533 410f5b93 f0a958e3 01872e83 00ab8893 00000513 01089793 01d508b3 4107d313 f11958e3 00a30b93 010b9613 00780813 41065513 00000893 01c70713 f08868e3 00108093 008282b3 c880e8e3 029020ef 000a8f13 000c0e93 00000f93 00050593 000b0d93 000f0e13 00000313 000e9283 000d9083 fff40693 00100513 021283b3 0036fd13 002e8813 009d86b3 4023d793 4053db93 00f7f613 07fbf893 031607b3 14857a63 0a0d0263 06ad0663 00200713 02ed0a63 00081283 00069083 00200513 004e8813 021283b3 009686b3 4023dd13 4053db93 00fd7613 07fbf893 03160733 00e787b3 00081283 00069083 00150513 00280813 021283b3 009686b3 4023dd13 4053db93 00fd7613 07fbf893 03160733 00e787b3 00081283 00069083 00150513 00280813 021283b3 009686b3 4023dd13 4053db93 00fd7613 07fbf893 03160733 00e787b3 0a857863 00081b83 00069603 009682b3 00029083 009286b3 00281383 00069d03 009682b3 00481883 02cb8733 00029b83 00681603 009286b3 00450513 00880813 021383b3 40575293 40275093 00f0f093 07f2f713 03a888b3 4023dd13 4053d393 07f3f393 00fd7d13 03760633 4058d293 4028db93 00fbf893 07f2fb93 02e08733 40265093 40565613 00f0f293 07f67093 027d0d33 00e787b3 037883b3 01a788b3 02128bb3 00788733 017707b3 f4856ce3 00fe2023 00130313 004e0e13 002d8d93 e68364e3 001f8f93 009e8eb3 414f0f33 e48fe6e3 00000d93 00000513 00000e13 00000893 00000493 002d9313 006a8a33 000e0813 000a2e03 fff40b13 007b7693 01c888b3 6d195c63 00a50093 01009d13 410d5513 00000893 00100813 004a0713 32887863 22068c63 11068e63 00200793 0ef68663 00300393 0a768e63 00400b93 09768663 00500f93 05f68e63 00600e93 03d68663 000e0f13 004a2e03 01c888b3 0d194ae3 01cf2333 00650a33 010a1b13 410b5513 00180813 00470713 000e0613 00072e03 01c888b3 05194ee3 01c622b3 00550533 01051093 4100d513 00180813 00470713 000e0393 00072e03 01c888b3 7d194863 01c3abb3 01750fb3 010f9e93 410ed513 00180813 00470713 000e0a13 00072e03 01c888b3 77194663 01ca2b33 016506b3 01069613 41065513 00180813 00470713 000e0093 00072e03 01c888b3 6f194063 01c0ad33 01a50533 01051793 4107d513 00180813 00470713 000e0f93 00072e03 01c888b3 67194463 01cfaeb3 01d50f33 010f1313 41035513 00180813 00470713 000e0693 00072e03 01c888b3 5d194e63 01c6a633 00c502b3 01029093 4100d513 00180813 00470713 0e886863 1e00006f 00472303 00a50e93 00000b93 010e9f13 006b88b3 410f5f93 00180813 00470713 0f195c63 00472d03 00af8613 00000893 01061293 01a88eb3 4102d093 0fd94c63 00872f03 01a323b3 00708bb3 010b9e13 01ee80b3 410e5f93 0e194c63 01ed2333 00c72d03 006f8a33 010a1b13 01a08fb3 410b5293 0ff94c63 01072e83 01af23b3 00728bb3 010b9e13 01df82b3 410e5793 0e594c63 01472083 01dd2f33 01e78333 01031a13 00128533 410a5613 0ea94c63 01872e03 001ead33 01a603b3 01039b93 01c508b3 410bd793 0f194c63 01c0afb3 01f78eb3 010e9f13 00780813 410f5513 01c70713 0e887c63 00072383 00788bb3 f17948e3 00472303 007e2e33 01c50533 01051793 006b88b3 4107df93 00180813 00470713 f11948e3 00472d03 0063aa33 014f8b33 010b1693 01a88eb3 4106d093 f1d958e3 00872f03 00a08513 00000e93 01051793 01ee80b3 4107df93 f01958e3 00c72d03 00af8693 00000093 01069613 01a08fb3 41065293 f1f958e3 01072e83 00a28893 00000f93 01089513 01df82b3 41055793 f05958e3 01472083 00a78b13 00000293 010b1693 00128533 4106d613 f0a958e3 00a60e13 010e1893 01872e03 00000513 4108d793 01c508b3 f11958e3 00a78313 01031a13 00780813 410a5513 00000893 01c70713 f08868e3 00148493 008d8db3 c884e8e3 2d4020ef 00000313 00000e13 00131593 00bc0933 00095a83 fff40d93 00100713 413a84b3 00991023 007dfb13 00290793 12877863 0c0b0063 0aeb0263 00200693 08db0463 00300613 06cb0663 00400293 045b0863 00500093 021b0a63 00600d13 01ab0c63 00295383 00200713 00490793 41338bb3 01791123 0007df83 00170713 00278793 413f8eb3 ffd79f23 0007df03 00170713 00278793 413f0a33 ff479f23 0007d883 00170713 00278793 41388833 ff079f23 0007d583 00170713 00278793 41358933 ff279f23 0007da83 00170713 00278793 413a8db3 ffb79f23 0007d483 00170713 00278793 41348b33 ff679f23 06877863 0007d283 0027d083 0047dd03 0067d383 0087db83 00a7da03 00c7d603 00e7d683 41328fb3 41308f33 413d0eb3 413388b3 413b8833 413a05b3 41360933 41368ab3 01f79023 01e79123 01d79223 01179323 01079423 00b79523 01279623 01579723 00870713 01078793 f8876ce3 001e0e13 00830333 ea8e62e3 05412483 04c12983 04812a03 03c12b83 03012d03 02c12d83 05812403 05c12083 05012903 04412a83 04012b03 03812c03 000c8593 03412c83 01051513 41055513 06010113 1240206f 0046a803 00a50d93 00000f93 010d9e13 010f8333 410e5293 00468693 0e695a63 0046ad03 00a28893 00000313 01089393 01a30533 4103df93 0ea94a63 0086af03 01a82eb3 01df82b3 01029d93 01e502b3 410dd793 0e594a63 00c6ad83 01ed23b3 00778fb3 010f9313 01b28fb3 41035e93 0ff94a63 0106a303 01bf2e33 01ce8833 01081793 006f8833 4107d393 0f094a63 0146a503 006dad33 01a38eb3 010e9293 00a80eb3 4102de13 0fd94a63 00a327b3 0186a303 00fe0f33 010f1393 006e88b3 4103dd13 0f194a63 006522b3 005d0db3 010d9e13 410e5513 01c68693 00d71463 cadfe06f 0006a383 00788fb3 f1f94ae3 0046a803 00732333 00650d33 010d1e93 010f8333 410ed293 00468693 f0694ae3 0046ad03 0103a7b3 00f28533 01051f13 01a30533 410f5f93 f0a95ae3 0086af03 00af8e13 00000513 010e1813 01e502b3 41085793 f0595ae3 00c6ad83 00a78893 00000293 01089d13 01b28fb3 410d5e93 f1f95ae3 0106a303 00ae8513 00000f93 01051f13 006f8833 410f5393 f1095ae3 0146a503 00a38893 00000813 01089d93 00a80eb3 410dde13 f1d95ae3 00ae0f93 010f9313 41035d13 0186a303 00000e93 006e88b3 f1195ae3 00ad0893 01089813 41085513 00000893 f11ff06f 01c82633 00c50533 01051293 4102d513 92dff06f 01d3a733 00e50d33 010d1d93 410dd513 bc4ff06f 01de2333 00650d33 010d1713 41075513 da5fe06f 00a50893 01089f13 410f5513 00000893 b69fe06f 00a50893 01089d13 410d5513 00000893 a29ff06f 00a50313 01031513 41055513 00000893 cc0ff06f 00a50f93 010f9513 41055513 00000893 ebdfe06f 00a50293 01029d93 410dd513 00000893 af1fe06f 00a50893 01089693 4106d513 00000893 c5cff06f 00a50a13 010a1b13 410b5513 00000893 99dff06f 00a50893 01089293 4102d513 00000893 e41fe06f 00a50893 01089f13 410f5513 00000893 a79fe06f 00a50513 01051793 4107d513 00000893 dedfe06f 00a50393 01039b93 410bd513 00000893 925ff06f 00a50513 01051d13 410d5513 00000893 bbcff06f 00a50293 01029d93 410dd513 00000893 a01fe06f 00a50693 01069e13 410e5513 00000893 b6cff06f 00a50293 01029f13 410f5513 00000893 d5dfe06f 00a50893 01089293 4102d513 00000893 899ff06f 00a50893 01089f13 410f5513 00000893 989fe06f 00a50793 01079893 4108d513 00000893 cf5fe06f 00a50f13 010f1313 41035513 00000893 835ff06f 00a50d13 010d1893 4108d513 00000893 accff06f 00a50293 01029d93 410dd513 00000893 911fe06f 00a50e13 010e1393 4103d513 00000893 a7cff06f 00a50f13 010f1b93 410bd513 00000893 c65fe06f 00a50d13 010d1793 4107d513 00000893 fa8ff06f 00a50893 01089313 41035513 00000893 c11fe06f 00a50893 01089f13 410f5513 00000893 885fe06f 00a50893 01089d93 410dd513 00000893 9f0ff06f 00a50893 01089693 4106d513 00000893 f30ff06f 00000593 00000513 4e1010ef 00050593 00000513 4d5010ef 00050593 00000513 4c9010ef 00050593 00000513 4bd010ef b69ff06f 00000000 00000000 00000000 00000000 00000000 fd010113 03312023 02812623 02912423 01412e23 01512c23 00050713 00068993 00061463 00100613 00000793 36070e63 00178813 030806b3 00278893 00378e13 00478e93 00578f13 00678f93 00778393 00078513 00878793 00369413 03188333 06e47863 00331a93 00080513 03ce0a33 06eaf063 003a1293 00088513 03de84b3 04e2f863 00349813 000e0513 03ef06b3 04e87063 00369e13 000e8513 03ff88b3 02ee7863 000f0513 00389f13 02738eb3 02ef7063 003e9313 000f8513 02f78fb3 00e37863 00038513 003f9393 f6e3e2e3 fff58593 ffc5f793 00478a13 00050a93 000a0693 02a50733 00171413 008a04b3 2a050863 03212223 01612a23 01712823 01812623 01912423 01a12223 00010b37 00048f93 00000393 00100813 00150f13 00151913 fffb0e93 40968e33 410f0bb3 003bfc13 000f8593 00080693 0e0c0863 00100c93 099c0e63 00200d13 05ac0663 03060633 01081293 4102d313 01fe08b3 002f8593 00180813 41f65713 01075793 00f60b33 01db7bb3 40fb8633 00c30c33 010c1c93 410cdd13 01a302b3 01af9023 0ff2f313 00689023 03060633 01081893 4108d793 00be0b33 00180813 00258593 41f65713 01075b93 01760c33 01dc7cb3 417c8633 00c78d33 010d1293 4102d313 006788b3 fe659f23 0ff8f793 00fb1023 03060633 01081b13 410b5b93 00be0c33 00180813 00258593 41f65713 01075c93 01960d33 01dd72b3 41928633 00cb8333 01031893 4108db13 016b87b3 ff659f23 0ff7fb93 017c1023 11e80863 03060633 00280793 01079d13 410d5313 00180713 01071c93 01081c13 410c5893 00be02b3 00380b93 41f65d13 010d5d13 01a60633 01d67633 41a60d33 02ed0733 01a88633 01061d13 410d5613 00c888b3 00c59023 0ff8fd13 01a29023 010b9613 41065893 41f75d13 010d5613 00c70733 01d77d33 40cd0633 02f607b3 410cdc13 00cc0733 01071d13 410d5613 00c59123 00cc0c33 0ffc7713 00e29123 00480813 41f7dc93 010cdd13 01a787b3 01d7f633 41a60c33 037c0bb3 01830733 01071c93 410cdd13 01a30333 01a59223 0ff37793 00f29223 00858593 41fbdb13 010b5613 00cb8c33 01dc7bb3 40cb8633 00c88733 01071c93 410cdd13 01a888b3 ffa59f23 0ff8f313 00629323 efe81ce3 00138393 00d50833 00af0f33 012f8fb3 dea392e3 02412903 01412b03 01012b83 00c12c03 00812c83 00412d03 008486b3 fff68813 ffc87593 00458413 0089a623 02c12403 0149a223 0099a423 0159a023 02812483 02012983 01c12a03 01812a83 03010113 00008067 00000413 fc1ff06f fff58493 ffc4f293 00428693 03212223 01612a23 01712823 01812623 01912423 01a12223 fff00a93 00200413 fff00513 00068a13 00628493 d2dff06f 00000000 00000000 00000000 00000000 00000000 00000000 00000000 f7010113 07812423 07912223 07a12023 08112623 08812423 08912223 09212023 07312e23 07412c23 07512a23 07612823 07712623 0005c803 02012823 00012823 02012a23 00012a23 02012c23 00012c23 02012e23 00012e23 04012023 02012023 04012223 02012223 04012423 02012423 04012623 02012623 00058f93 00050e13 00060c93 00068c13 00070d13 00078593 3c0802e3 05b12e23 00080893 000f8313 00000a93 00000613 00000993 00000693 00000493 00000913 00000d93 00000a13 00000b13 00000093 00000393 00000293 00000413 00000793 02e00713 04500b93 00900f13 02c00e93 01012623 77d88a63 70e88c63 4f176063 fd588893 0fd8f393 68038e63 00134883 00130313 00178793 00128293 00100393 00100413 00100513 00251813 04080513 01010813 01050533 fc052803 00180813 fd052023 fa0898e3 00c12803 000a8463 04c12423 00098463 02d12e23 00048463 05212223 000d8463 05412023 000b0463 02112c23 00038463 02512823 00040463 02f12a23 01cf8a33 05c12d83 194ff663 00100e13 1bcd14e3 000fc283 ffffc413 008a07b3 02c00713 0077fb93 00e28663 0192cf33 01ef8023 001f8793 1547fa63 0c0b8263 00100e93 0bdb8263 00200b13 096b8463 00300313 066b8663 00400393 047b8863 00500a93 035b8a63 00600893 011b8c63 0007c483 00e48663 0194c9b3 01378023 00178793 0007c503 00e50663 01954833 01078023 00178793 0007ce03 00ee0663 019e4633 00c78023 00178793 0007c683 00e68663 0196c933 01278023 00178793 0007c083 00e08663 0190c2b3 00578023 00178793 0007c403 00e40663 01944bb3 01778023 00178793 0007cf03 00ef0663 019f4eb3 01d78023 00178793 0947f863 0007cb03 00eb0663 019b4333 00678023 0017c383 00178a93 00e38663 0193c8b3 011780a3 001ac783 00e78663 0197c4b3 009a80a3 002ac983 00e98663 0199c533 00aa8123 003ac803 00e80663 01984e33 01ca81a3 004ac603 00e60663 019646b3 00da8223 005ac903 00e90663 019940b3 001a82a3 006ac283 00e28663 0192c433 008a8323 007a8793 f747ece3 000fc803 0c080e63 04812283 04412483 04012983 03c12f03 03812383 03412e03 03012883 000f8713 00000a93 00000913 00000413 00000c93 00000b13 00000313 00000093 02e00e93 04500b93 00900513 02c00613 78c80c63 75d80263 510ee463 fd580693 0fd6f793 6e078a63 00174803 00170713 001e0e13 00188893 00100313 00100093 00100693 00269793 04078793 01010693 00d786b3 fc06a783 00178793 fcf6a023 fa0818e3 000a8463 04512423 00090463 03e12e23 00040463 04912223 000c8463 05312023 000b0463 02712c23 00030463 03112823 00008463 03c12a23 194ff263 00100b13 736d1263 000fc303 ffffc713 00ea02b3 02c00093 0072f393 00130663 01834533 00af8023 001f8f93 154ffa63 0c038263 00100613 0ac38263 00200893 09138463 00300993 07338663 00400b93 05738863 00500d13 03a38a63 00600e13 01c38c63 000fce83 001e8663 018ecf33 01ef8023 001f8f93 000fca83 001a8663 018ac933 012f8023 001f8f93 000fc403 00140663 018446b3 00df8023 001f8f93 000fc783 00178663 0187cb33 016f8023 001f8f93 000fcc83 001c8663 018cc4b3 009f8023 001f8f93 000fc803 00180663 01884333 006f8023 001f8f93 000fc703 00170663 018742b3 005f8023 001f8f93 094ff863 000fc383 00138663 0183c533 00af8023 001fc603 001f8893 00160663 018649b3 013f80a3 0018cf83 001f8663 018fcbb3 017880a3 0028cd03 001d0663 018d4e33 01c88123 0038ce83 001e8663 018ecf33 01e881a3 0048ca83 001a8663 018ac933 01288223 0058c403 00140663 018446b3 00d882a3 0068c783 00178663 0187cb33 01688323 00788f93 f74fece3 03010c93 01010c13 000c8a13 000c2503 004c0c13 004c8c93 5bd000ef 00050593 ffcca503 5b1000ef 00050593 ff8a10e3 08c12083 08812403 08412483 08012903 07c12983 07812a03 07412a83 07012b03 06c12b83 06812c03 06412c83 06012d03 09010113 00008067 fd088513 0ff57813 b30f64e3 00134883 00128293 00130813 18088063 21d88263 02e88663 fd088313 0ff37393 167f7063 00184883 001a0a13 00180313 00100d93 00100393 00100513 b05ff06f 00184503 00180813 001a0a13 60050863 00100d93 15d50e63 0df57313 03730663 fd050393 0ff3f893 131f7c63 00184883 00190913 00180313 00100493 00100393 00100513 abdff06f 00184483 00190913 00180313 4e048263 55d48863 fd548993 0fd9f313 02030263 00284883 00168693 00280313 00100993 00100493 00100393 00100513 a7dff06f 00284383 00168693 00280313 4a038c63 53d38263 fd038a93 0ffaf893 031f7463 00384883 00160613 00380313 00100a93 00100993 00100493 00100393 00100513 a39ff06f 00384983 00380813 00160613 04098463 15d98663 fd098513 0ff57493 029f7663 00184883 00178793 00180313 00100a93 00100993 00100493 00100393 00100413 00100513 9f1ff06f 00184983 00180813 fc0990e3 00080313 00000893 00100a93 00100993 00100493 00100393 00700513 9c5ff06f 00184883 00180813 e80894e3 00080313 00000893 00100393 00400513 9a5ff06f 00184503 00180813 08050863 ebd516e3 00100393 00500513 0640006f 00134883 00128293 00130813 4e088263 4dd88a63 fd088b13 0ffb7513 02af7263 06e88863 00234883 00108093 00230313 00100b13 00100393 00100513 949ff06f 00234883 00108093 00230813 40088663 00100b13 e1d892e3 00100393 00400513 00184883 00180313 91dff06f 00134503 00128293 00130813 f6051ce3 00080313 00000893 00100393 00500513 8f9ff06f 00234503 00108093 00230813 48050063 00100b13 dfd51ce3 f4dff06f 00100a93 00100993 00100493 00100393 00700513 fa1ff06f 00030813 00000513 f95ff06f fd080313 0ff37813 b10560e3 00174303 00188893 00170793 06030663 04c30463 07d30c63 fd030713 0ff77693 04d57663 0017c803 00198993 00178713 00100c93 00100313 00100693 addff06f 00274303 00138393 00270793 34030463 00100b13 fcc310e3 00400693 00100313 0017c803 00178713 ab1ff06f 0017c303 00178793 f8031ee3 00078713 00000813 00100313 00400693 a91ff06f 0017c803 00178793 00198993 30080a63 00100c93 1ac80063 0df87713 03770663 fd080313 0ff37693 10d57c63 0017c803 00148493 00178713 00100413 00100313 00100693 a49ff06f 0017c403 00148493 00178713 1a040463 24c40063 fd540913 0fd97813 02080263 0027c803 001f0f13 00278713 00100913 00100413 00100313 00100693 a09ff06f 0027c303 001f0f13 00278713 1e030663 20c30a63 fd030a93 0ffaf713 02e57463 0037c803 00128293 00378713 00100a93 00100913 00100413 00100313 00100693 9c5ff06f 0037c903 00378793 00128293 04090463 0ec90e63 fd090693 0ff6f413 02857663 0017c803 001e0e13 00178713 00100a93 00100913 00100413 00100313 00100093 00100693 97dff06f 0017c903 00178793 fc0910e3 00078713 00000813 00100a93 00100913 00100413 00100313 00700693 951ff06f 0017c803 00178793 ec0816e3 00078713 00000813 00100313 00500693 931ff06f 00174303 00188893 00170793 1e030e63 1ec30663 fd030b13 0ffb7813 e3057ce3 05d30063 00274803 00138393 00270713 00100b13 00100313 00100693 8f1ff06f 00174803 00188893 00170793 fa0800e3 e6c814e3 00500693 00100313 e19ff06f 00274803 00138393 00270793 1c080863 00100b13 e41ff06f 00100a93 00100913 00100413 00700693 00100313 de9ff06f 00070793 00000693 dddff06f 00000813 00100413 00100313 00300693 881ff06f 02c00c93 000fc483 01948663 0184c833 010f8023 01af8fb3 ff4fe6e3 a3dff06f 000f8093 02c00613 0000c683 00c68663 0196c933 01208023 01a080b3 ff40e6e3 fb4ff06f 00000893 00100493 00100393 00300513 db8ff06f 00000893 00100993 00100493 00100393 00600513 da0ff06f 00000813 00100913 00100413 00100313 00600693 ff8ff06f 00070793 00100413 00300693 00100313 d2dff06f 00070793 00100913 00100413 00600693 00100313 d15ff06f 00030813 00100493 00100393 00300513 c25ff06f 00030813 00100993 00100493 00100393 00600513 c0dff06f 00080313 00000893 00100b13 00100393 00400513 d18ff06f 00078713 00000813 00100b13 00100313 00400693 f70ff06f 00078713 00000813 00100c93 00100313 00500693 f58ff06f 00080313 00000893 00100d93 00100393 00500513 cd0ff06f 00af8a33 d34fe863 911ff06f 00200693 00100313 c71ff06f 00078713 00000813 00100313 00200693 f14ff06f 00100393 00200513 b75ff06f 00080313 00000893 00100393 00200513 c84ff06f 00078713 00000813 00100b13 00100313 00500693 edcff06f 00080313 00000893 00100b13 00100393 00500513 c54ff06f 00000000 00000000 00000000 00000000 fff50313 00100793 ff010113 00000713 3267fa63 00158593 00812623 00912423 01212223 0000e437 0000e3b7 0000e2b7 0000efb7 0075f693 01059813 00700e13 02c00913 00400f13 00100493 f0c40413 efc38393 eec28293 edcf8f93 00600e93 41085593 09c68863 24df4863 ffd68793 01079893 0108d693 22d4e463 0015d693 00c6f813 010387b3 0007a803 00800793 00170693 00f688b3 0668fe63 fff78693 22def863 00e60733 010766b3 0036f693 26069a63 00180693 40d706b3 0036b693 26069263 00082683 00d72023 00482803 01072223 00158593 00f707b3 0075f693 01059813 01278023 00088713 41085593 f7c69ce3 0015d893 00c8f793 00ff86b3 0006a803 00800793 00170693 00f688b3 f868e6e3 00c12403 00812483 00412903 16a77c63 40e50333 00d53eb3 00100f13 00068e13 1ed57463 00e605b3 fff30393 40b002b3 0063bf93 0032f793 0e0f9e63 0e0e9c63 1c078e63 00058023 0022f593 02058263 00d606b3 00068023 00300813 00270e13 01079863 01c608b3 00088023 00370e13 40ff0333 ffc37e93 ffce8f13 002f5393 00f702b3 00138713 005607b3 00777f93 01d785b3 060f8463 00100693 04df8a63 00200813 050f8263 00300893 031f8a63 00400f13 03ef8263 00500393 007f8a63 00600293 165f9063 0007a023 00478793 0007a023 00478793 0007a023 00478793 0007a023 00478793 0007a023 00478793 0007a023 00478793 02f58663 0007a023 0007a223 0007a423 0007a623 0007a823 0007aa23 0007ac23 0007ae23 02078793 fcf59ee3 01de0733 05d30e63 00e605b3 00170693 00058023 04a6f663 00d60e33 000e0023 00270313 02a37e63 00660eb3 000e8023 00370f93 02aff663 01f60833 00080023 00470893 00a8fe63 01160f33 000f0023 00570393 00a3f663 00760633 00060023 01010113 00008067 0015d813 00c87793 00f408b3 0008a803 00400793 dddff06f 0015d893 00c8f693 00d28833 00082803 00800793 dc5ff06f 00084683 00e60733 00d70023 00184683 00d700a3 00284683 00d70123 00384683 00d701a3 dfe780e3 00484683 00d70223 00584683 00d702a3 00684683 00d70323 00784803 010703a3 dbdff06f 00030f13 e19ff06f 00084683 00d70023 fb1ff06f 00070e13 e51ff06f 0007a023 00478793 e9dff06f 00100693 dddff06f 00000000 00000000 00000000 00000000 00000000 00000000 00000000 00000000 00000000 00000000 00000000 00000000 00000000 0000e737 00251793 f1c70293 00500393 00578333 02a3ea63 00032503 00050067 8341a503 00008067 8401a503 00008067 83c1a503 00008067 8201a503 00008067 8381a503 00008067 00000513 00008067 00000000 00000000 00000000 00000000 0ff57793 00b7c633 00167293 0017d693 0015d393 00028a63 0000a737 0015d593 00170313 0065c3b3 0076c833 00187893 0027de13 0013d293 00088a63 0000aeb7 0013df13 001e8f93 01ff42b3 005e4633 00167693 0037d593 0012d813 00068a63 0000a737 0012d313 00170393 00734833 0105c8b3 0018fe13 0047de93 00185693 000e0a63 0000af37 00185f93 001f0293 005fc6b3 00dec633 00167313 0057d593 0016d893 00030a63 0000a737 0016d393 00170813 0103c8b3 0115ce33 001e7e93 0067df13 0018d313 000e8a63 0000afb7 0018d293 001f8693 00d2c333 006f4633 00167593 0077d713 00135893 00058a63 0000a7b7 00135393 00178813 0103c8b3 0018fe13 14ee1263 0018d293 00855313 005346b3 0016f613 00955513 10061c63 0012d393 00754833 00187893 00235e13 0e089863 0013d293 005e46b3 0016f513 00335613 0c051463 0012d393 00764833 00187893 00435e13 0a089063 0013d293 005e46b3 0016f513 00535613 06051c63 0012d393 00764833 00187893 00635e13 04089863 0013d293 005e46b3 0016f513 00735313 02051463 0012d793 0017f393 0017d513 00638a63 0000a837 0017d893 00180e13 01c8c533 00008067 0000a637 0012d593 00160713 00e5c7b3 fd1ff06f 0000aeb7 0013df13 001e8f93 01ff42b3 fa9ff06f 0000a5b7 0012d713 00158793 00f743b3 f81ff06f 0000aeb7 0013df13 001e8f93 01ff42b3 f59ff06f 0000a5b7 0012d713 00158793 00f743b3 f31ff06f 0000aeb7 0013df13 001e8f93 01ff42b3 f09ff06f 0000a5b7 0012d713 00158793 00f743b3 ee1ff06f 0000aeb7 0018df13 001e8f93 01ff42b3 eb5ff06f 00000000 00000000 00000000 00000000 00000000 00000000 00000000 00000000 00000000 0ff57793 00b7c633 01051693 00167293 0106d313 0017d813 0015d893 00028a63 0000a737 0015d593 00170393 0075c8b3 01184e33 001e7e93 0027df13 0018d693 000e8a63 0000afb7 0018d293 001f8613 00c2c6b3 00df4833 00187593 0037d393 0016de93 00058a63 0000a737 0016d893 00170e13 01c8ceb3 01d3cf33 001f7f93 0047d293 001ed393 000f8a63 0000a637 001ed693 00160813 0106c3b3 0072c5b3 0015f893 0057de13 0013df93 00088a63 0000a737 0013de93 00170f13 01eecfb3 01fe42b3 0012f693 0067d813 001fd893 00068a63 0000a637 001fd393 00160593 00b3c8b3 01184e33 001e7e93 0077d713 0018d293 000e8a63 0000a7b7 0018df13 00178f93 01ff42b3 0012f693 20e69c63 00835893 0012d593 00b8ce33 001e7e93 00935313 220e9263 0015df93 01f342b3 0012f693 0028d813 22069863 001fde13 01c84eb3 001ef313 0038d713 22031e63 001e5293 005746b3 0016f813 0048d613 24081463 0012de93 01d64333 00137713 0058df13 24071a63 001ed813 010f46b3 0016f393 0068d613 26039063 00185313 00664733 00177f13 0078d893 260f1663 00135813 00187693 00185e13 01168a63 0000a3b7 00185613 00138593 00b64e33 01055e93 0ffef313 01c34733 00177f13 01055513 00135893 340f1463 001e5813 0108c6b3 0016f393 00235613 32039063 00185713 00e64f33 001f7893 00335f93 2e089c63 00175393 007fc6b3 0016f593 00435613 2c059863 0013df13 01e648b3 0018ff93 00535793 2a0f9463 001f5593 00b7c6b3 0016fe13 00635613 280e1063 0015d893 01164fb3 001ff793 00735313 24079c63 0018d593 0015f693 0015df13 00668a63 0000ae37 0015d613 001e0e93 01d64f33 00855713 01e748b3 0018ff93 00955513 200f9863 001f5813 010543b3 0013f593 00275693 1e059463 00185f13 01e6c8b3 0018ff93 00375513 1c0f9063 001f5813 010543b3 0013f593 00475693 18059c63 00185f13 01e6c8b3 0018ff93 00575513 160f9863 001f5813 010543b3 0013f593 00675693 14059463 00185f13 01e6c8b3 0018ff93 00775713 120f9063 001f5293 0012f813 0012d513 00e80a63 0000a3b7 0012d593 00138693 00d5c533 00008067 0000a837 0012d613 00180393 00835893 007645b3 00b8ce33 001e7e93 00935313 de0e82e3 0000a737 0015d793 00170f13 01e7cfb3 01f342b3 0012f693 0028d813 dc068ce3 0000a637 001fd393 00160593 00b3ce33 01c84eb3 001ef313 0038d713 dc0306e3 0000af37 001e5793 001f0f93 01f7c2b3 005746b3 0016f813 0048d613 dc0800e3 0000a3b7 0012d593 00138e13 01c5ceb3 01d64333 00137713 0058df13 da070ae3 0000afb7 001ed793 001f8293 0057c833 010f46b3 0016f393 0068d613 da0384e3 0000a5b7 00185e13 00158e93 01de4333 00664733 00177f13 0078d893 d80f0ee3 0000afb7 00135793 001f8293 0057c833 d8dff06f 0000a537 001f5313 00150793 00f342b3 ed9ff06f 0000ae37 00185e93 001e0613 00cecf33 eb1ff06f 0000a337 001f5793 00130293 0057c833 e89ff06f 0000ae37 00185e93 001e0613 00cecf33 e61ff06f 0000a337 001f5793 00130293 0057c833 e39ff06f 0000ae37 00185e93 001e0613 00cecf33 e11ff06f 0000a337 001f5793 00130293 0057c833 de9ff06f 0000a2b7 0018d813 00128393 007845b3 da1ff06f 0000aeb7 0015d713 001e8f13 01e748b3 d79ff06f 0000a2b7 001f5813 00128393 007845b3 d51ff06f 0000ae37 0013de93 001e0713 00eecf33 d29ff06f 0000a7b7 00175293 00178813 0102c3b3 d01ff06f 0000a5b7 00185e13 00158e93 01de4733 cd9ff06f 0000afb7 001e5793 001f8293 0057c833 cb1ff06f 00000000 00000000 00000000 00000000 00000000 00000000 00000000 00000000 00000000 00000000 00000000 0ff57793 00b7c633 01051713 00167293 01075313 0017d513 0015d813 00028a63 0000a6b7 0015d593 00168393 0075c833 010548b3 0018fe13 0027de93 00185293 000e0a63 0000af37 00185f93 001f0613 00cfc2b3 005ec733 00177593 0037d513 0012d893 00058a63 0000a6b7 0012d393 00168813 0103c8b3 01154e33 001e7e93 0047df13 0018d713 000e8a63 0000afb7 0018d293 001f8613 00c2c733 00ef45b3 0015f393 0057d513 00175e13 00038a63 0000a6b7 00175813 00168893 01184e33 01c54eb3 001eff13 0067df93 001e5393 000f0a63 0000a2b7 001e5713 00128613 00c743b3 007fc5b3 0015f513 0077d693 0013de13 00050a63 0000a7b7 0013d813 00178893 01184e33 001e7e93 0ade9c63 00835593 001e5393 0075c733 00177613 00935313 0c061263 0013d813 010348b3 0018fe13 0025de93 0c0e1863 00185393 007ec733 00177313 0035d613 0c031e63 0013d813 010648b3 0018fe13 0045de93 0e0e1463 00185393 007ec733 00177313 0055d613 0e031a63 0013d813 010648b3 0018fe13 0065de93 100e1063 00185393 007ec733 00177313 0075d593 10031663 0013d793 0017f813 0017d513 00b80a63 0000a8b7 0017de13 00188e93 01de4533 00008067 0000af37 001e5f93 001f0293 00835593 005fc3b3 0075c733 00177613 00935313 f40602e3 0000a537 0013d693 00150793 00f6c833 010348b3 0018fe13 0025de93 f20e0ce3 0000af37 00185f93 001f0293 005fc3b3 007ec733 00177313 0035d613 f20306e3 0000a537 0013d693 00150793 00f6c833 010648b3 0018fe13 0045de93 f20e00e3 0000af37 00185f93 001f0293 005fc3b3 007ec733 00177313 0055d613 f0030ae3 0000a537 0013d693 00150793 00f6c833 010648b3 0018fe13 0065de93 f00e04e3 0000af37 00185f93 001f0293 005fc3b3 007ec733 00177313 0075d593 ee030ee3 0000a637 0013d513 00160693 00d547b3 eedff06f 00000000 00000000 00000000 00000000 00000000 00000000 00000000 00000000 00000000 00000513 00008067 00000000 00000000 00000000 00000000 00000000 00000000 00000000 00000000 00000000 00000000 00000000 00000000 00000000 00000000 c80027f3 c0002773 c80026f3 06d78a63 c80027f3 c0002773 c80022f3 06578263 c80027f3 c0002773 c8002373 04678a63 c80027f3 c0002773 c80023f3 04778263 c80027f3 c0002773 c8002573 02a78a63 c80027f3 c0002773 c80025f3 02b78263 c80027f3 c0002773 c8002673 00c78a63 c80027f3 c0002773 c8002873 f90792e3 82e1a623 82f1a823 00008067 00000000 00000000 00000000 00000000 00000000 c80027f3 c0002773 c80026f3 06d78a63 c80027f3 c0002773 c80022f3 06578263 c80027f3 c0002773 c8002373 04678a63 c80027f3 c0002773 c80023f3 04778263 c80027f3 c0002773 c8002573 02a78a63 c80027f3 c0002773 c80025f3 02b78263 c80027f3 c0002773 c8002673 00c78a63 c80027f3 c0002773 c8002873 f90792e3 82e1a223 82f1a423 00008067 00000000 00000000 00000000 00000000 00000000 8241a783 82c1a503 8281a583 8301a283 40a78533 00a7b333 405583b3 406385b3 00008067 00000000 00000000 00000000 00000000 00000000 00000000 00000000 ff010113 00112623 00812423 00912223 cc002473 631060ef 00050493 00040513 00058413 5a1060ef 00050613 00058693 00048513 00040593 5d8050ef 00c12083 00812403 00412483 01010113 00008067 00000000 00000000 00000000 00000000 ff010113 00812423 00112623 00050413 cc0025f3 0000e537 e6050513 044000ef 00100793 00f40023 00c12083 00812403 01010113 00008067 00000000 00000000 00050023 0000e537 e7450513 0140006f 00000000 00000000 00000000 00000000 ad010113 51212023 50112623 50812423 50912223 50b12a23 50c12c23 50d12e23 52e12023 52f12223 53012423 53112623 00054283 51410913 03212223 00029463 5590206f 4f412c23 0d010493 0000ea37 0000e737 4f312e23 4f512a23 4fa12023 4db12e23 4f612823 4f712623 4f812423 4f912223 02500a93 01000993 f34a0a13 00900d93 f7870d13 00048413 11528a63 00540023 00154283 00140413 00150513 fe0296e3 4fc12983 4f812a03 4f412a83 4f012b03 4ec12b83 4e812c03 4e412c83 4e012d03 4dc12d83 00040023 0d014383 00039463 4dd0206f 00001937 00100413 409400b3 f8090f93 007f8023 0014c383 00148533 00148e93 08038863 007f8023 0024ce03 001e8533 00248313 060e0e63 01cf8023 0034c583 00130533 00348613 06058463 00bf8023 0044c883 00160533 00448813 04088a63 011f8023 0054c683 00180533 00548793 04068063 00df8023 0064c703 00178533 00648f13 02070663 00ef8023 0074c283 001f0533 00748913 00028c63 005f8023 0084c383 00848493 00190533 f60392e3 50c12083 50812403 50412483 50012903 53010113 00008067 00000613 00154683 00150b13 fe068793 0ff7f093 0019ea63 00209293 01428333 00032383 00038067 fd068593 0ff5f813 0d0df063 02a00893 fff00b93 21168263 02e00c13 fff00c93 07868e63 0df6f793 04c00093 fff00293 00179863 00068293 001b0b13 000b4683 fbf68313 0ff37393 00239893 03700e13 01a88533 487e60e3 00052e83 000e8067 00166613 000b0513 f75ff06f 01066613 000b0513 f69ff06f 00466613 000b0513 f5dff06f 02066613 000b0513 f51ff06f 00866613 000b0513 f45ff06f 001b4683 00900f93 001b0593 fd068713 0ff77793 2cfff2e3 02a00093 441684e3 00058b13 00000c93 f61ff06f 00000b93 00900c13 002b9513 01750bb3 001b9c93 001b0b13 00dc8e33 000b4683 000b0e93 fd0e0b93 fd068f13 0fff7f93 f3fc60e3 002b9713 017707b3 001b0b13 00179093 00d082b3 000b4683 fd028b93 002b9313 017303b3 fd068893 00139593 0ff8f513 00d58833 eeac64e3 002ec683 fd080b93 002b9c93 017c8e33 fd068713 001e1f13 0ff77793 002e8b13 00df0fb3 ecfc60e3 003ec683 fd0f8b93 002b9093 017082b3 fd068593 00129313 0ff5f813 003e8b13 00d303b3 e90c6ce3 004ec683 fd038b93 002b9893 01788533 fd068f13 00151c93 0fff7f93 004e8b13 00dc8e33 e7fc68e3 005ec683 fd0e0b93 002b9713 017707b3 fd068313 00179093 0ff37393 005e8b13 00d082b3 e47c64e3 006ec683 fd028b93 002b9593 01758833 fd068513 00181893 0ff57e13 006e8b13 00d88cb3 e3cc60e3 007ec683 007e8b13 fd0c8b93 fd068e93 0ffeff13 edec70e3 e05ff06f 00092b83 00254683 00250b13 00490913 de0bd8e3 41700bb3 01066613 de5ff06f 00266613 0000efb7 00092303 00a00093 00a00f13 00490913 e8cf8793 01067e93 020e8e63 01000e13 02000813 ffe67613 00267893 04088263 7a034c63 00467293 2a0294e3 00867513 00000f93 02050863 02000f93 fffb8b93 0240006f 00167593 00059463 2290206f 00267893 03000813 01167e13 fc0892e3 00000f93 02067c13 00000393 020c0063 01000393 007f1463 0650206f ff8f0613 00163693 02000393 40db8bb3 76031463 03000093 00000593 00100693 08110023 08010513 000c8713 00dcd463 00068713 40eb87b3 180e1063 40800cb3 02000b93 00500c13 002cf293 fff78e13 00f04463 4700306f 003cf613 01cc6463 4b80306f 00061463 4910206f 01740023 00300313 00140093 ffe78e13 02028063 017400a3 00240093 ffd78e13 00661863 00340093 01740123 ffc78e13 40c78cb3 ffccfc13 ffcc0b93 002bd293 00c40633 00128893 00cc0bb3 20202337 0078f293 01712623 02030313 06028863 00100893 05128c63 00200b93 05728463 00300893 03128c63 00400b93 03728463 00500893 01128c63 00600b93 01728463 7e50206f 00662023 00460613 00662023 00460613 00662023 00460613 00662023 00460613 00662023 00460613 00c12283 00662023 00460613 02c28863 00c12883 00662023 00662223 00662423 00662623 00662823 00662a23 00662c23 00662e23 02060613 fcc89ce3 018088b3 418e0e33 058c8263 02000093 00188023 03c05c63 001880a3 00100c93 039e0663 00188123 00200c13 038e0063 001881a3 00300313 006e0a63 00188223 00400b93 017e0463 001882a3 00f40433 fff00793 000f8663 01f40023 00140413 00038c63 00800f93 01ff1463 69c0206f 01000393 087f04e3 160e9e63 40800eb3 00500293 002ef093 fff78e13 00f04463 2d80306f 003ef893 01c2e463 3200306f 00089463 2e90206f 01040023 00300c13 00140e93 ffe78e13 02008063 010400a3 00240e93 ffd78e13 01889863 00340e93 01040123 ffc78e13 41178fb3 ffcfff13 ffcf0313 00235613 00881b93 00160093 01081393 017862b3 01881c93 0072e633 011408b3 0070f313 00100393 019660b3 00200b93 00300c13 011f0cb3 06030063 04730863 05730263 03830c63 00400293 02530463 00500613 00c30c63 00600393 00730463 6450206f 0018a023 00488893 0018a023 00488893 0018a023 00488893 0018a023 00488893 0018a023 00488893 0018a023 00488893 031c8663 0018a023 0018a223 0018a423 0018a623 0018a823 0018aa23 0018ac23 0018ae23 02088893 fd1c9ee3 01ee8cb3 41ee0e33 05ef8063 010c8023 03c05c63 010c80a3 00100e93 03de0663 010c8123 00200f93 03fe0063 010c81a3 00300f13 01ee0a63 010c8223 00400313 006e0463 010c82a3 00f40433 fff00793 fff70c13 16e6d863 40d70e33 40800bb3 fffe0093 00500c93 03000813 002bf293 003bf613 001ce463 2c50206f 00061463 4c80206f 01040023 00300393 00140893 ffe70c13 02028063 010400a3 00240893 ffd70c13 00761863 00340893 01040123 ffc70c13 40ce0fb3 ffcffe93 ffce8f13 002f5313 00130813 00c40733 30303cb7 00787093 00100613 00200293 00300393 00ee8bb3 030c8313 06008263 04c08a63 04508463 02708e63 00400f13 03e08663 00500813 01008e63 00600c93 01908663 00672023 00470713 00672023 00470713 00672023 00470713 00672023 00470713 00672023 00470713 00672023 00470713 00672023 00470713 02eb8663 00672023 00672223 00672423 00672623 00672823 00672a23 00672c23 00672e23 02070713 fceb9ee3 01d88733 41dc0c33 05df8263 03000f93 01f70023 fffc0893 0386da63 01f700a3 ffec0e93 0316d463 01f70123 ffdc0093 01d6de63 01f701a3 ffcc0c13 0016d863 01f70223 0186d463 01f702a3 01c40433 00158693 0076fe13 00100293 00200393 00300b93 00040613 00b506b3 0a0e0063 085e0263 067e0863 057e0e63 00400313 046e0263 00500f13 03ee0663 00600813 010e0a63 0006cc83 00140613 fff68693 01940023 0006c703 00160613 fff68693 fee60fa3 0006cf83 00160613 fff68693 fff60fa3 0006c883 00160613 fff68693 ff160fa3 0006ce83 00160613 fff68693 ffd60fa3 0006c083 00160613 fff68693 fe160fa3 0006cc03 00068e13 00160613 ff860fa3 fff68693 05c50a63 0006c283 fff6c383 ffe6cb83 ffd6cf03 ffc6c303 ffb6cc83 ffa6c703 ff96c803 00560023 007600a3 01760123 01e601a3 00660223 019602a3 00e60323 ff968f93 010603a3 00860613 ff868693 fbf51ae3 00158513 00a40433 408000b3 02000893 00500e93 0020fc13 fff78593 14f05c63 0030fe13 00bee463 04d0206f 000e1463 2500206f 01140023 00300613 00140293 ffe78593 020c0063 011400a3 00240293 ffd78593 00ce1863 00340293 01140123 ffc78593 41c783b3 ffc3fb93 ffcb8693 0026df13 001f0c93 01c40733 20202537 007cff93 00100893 00200093 00300e93 00eb8833 02050c13 060f8263 051f8a63 041f8463 03df8e63 00400e13 03cf8663 00500313 006f8e63 00600613 00cf8663 01872023 00470713 01872023 00470713 01872023 00470713 01872023 00470713 01872023 00470713 01872023 00470713 01872023 00470713 02e80663 01872023 01872223 01872423 01872623 01872823 01872a23 01872c23 01872e23 02070713 fce81ee3 01728333 417585b3 05738263 02000693 00d30023 02b05c63 00d300a3 00100293 02558663 00d30123 00200393 02758063 00d301a3 00300b93 01758a63 00d30223 00400f13 01e58463 00d302a3 00f40433 001b4283 001b0513 ca029263 cb8ff06f 02067713 40600333 fffb8b93 00070463 4340206f 00000393 02d00f93 00000693 08010513 021378b3 00068593 00168693 00d50c33 00068713 01178633 00064883 021352b3 ff1c0fa3 881362e3 00068593 00168693 00d50c33 0212f633 00c788b3 0008c603 0212d333 fecc0fa3 8612e0e3 00068593 00270693 00d50c33 021378b3 01178633 00064883 021352b3 ff1c0fa3 82136ee3 00068593 00370693 00d50c33 0212f633 00c788b3 0008c603 0212d333 fecc0fa3 8012ece3 00068593 00470693 00d50c33 021378b3 01178633 00064883 021352b3 ff1c0fa3 fe136a63 00068593 00570693 00d50c33 0212f633 00c788b3 0008c603 0212d333 fecc0fa3 fc12e863 00068593 00670693 00d50c33 021378b3 01178633 00064883 021352b3 ff1c0fa3 fa136663 00068593 00770693 00d50733 0212fc33 01878633 00064883 0212d333 ff170fa3 ee12f0e3 f84ff06f 00000713 00900813 00271893 00e88cb3 00158593 001c9513 00d50e33 0005c683 00058b13 fd0e0713 fd068e93 0ffeff13 11e86e63 00271c13 00ec0fb3 001f9713 00158593 00d707b3 0005c683 fd078713 00271093 00e082b3 fd068893 00129313 0ff8fc93 00d303b3 0f986263 002b4683 fd038713 00271513 00e50e33 fd068c13 001e1e93 0ffc7f93 002b0593 00de8f33 0bf86e63 003b4683 fd0f0713 00271793 00e780b3 fd068393 00109293 0ff3f893 003b0593 00d28333 09186a63 004b4683 fd030713 00271c93 00ec8533 fd068f13 00151e13 0fff7c13 004b0593 00de0eb3 07886663 005b4683 fd0e8713 00271f93 00ef87b3 fd068313 00179093 0ff37393 005b0593 00d082b3 04786263 006b4683 fd028713 00271893 00e88cb3 fd068e93 001c9513 0ffeff13 006b0593 00d50e33 01e86e63 007b4683 007b0593 fd0e0713 fd068b13 0ffb7c13 ed8870e3 fff74813 41f85f93 00058b13 01f77cb3 b54ff06f 02500b93 01768863 01740023 00140413 9e068c63 001b4283 00d40023 001b0513 00140413 9c029663 9e0ff06f 00092283 002b4683 00490913 fff2c313 41f35393 002b0b13 0072fcb3 b08ff06f 02b00f93 fffb8b93 d8cff06f 03000f13 07800e13 01e40023 01c400a3 00240413 f68ff06f 00790913 01067693 ff897e13 00d12623 000e2883 004e2783 008e0913 00266c13 00069463 7450106f ffe67e93 01000313 00612e23 02000813 002eec13 00000613 00088513 00078593 00000693 01012c23 01112a23 00f12823 631040ef 01012603 01412703 01812f03 00055463 2110206f 004c7293 00029463 6440206f 02b00f93 fffb8b93 fff00893 011c9463 00600c93 00070513 00060593 08010793 02810693 02c10713 000c8613 01e12a23 01f12823 144030ef 02c12683 01012303 01412803 03010793 00068863 02d00093 03110793 02110823 00054603 00061463 4c50206f 02812e83 00150713 02e00e13 01d04463 6750206f 40a70fb3 ffff8f13 00170713 01ee9463 2c50206f 00c78023 fff74603 00178793 fe0610e3 00078713 00070023 020c7c13 03014e03 000c0663 000c9463 5cc0206f 000e1463 5e50206f 03010f93 13010c93 000f8593 0015c503 00158593 00058e93 04050e63 0015c283 00158593 04028863 002ec683 002e8593 04068263 003ecf03 003e8593 020f0c63 004ec083 004e8593 02008663 005ece03 005e8593 020e0063 006ec883 006e8593 00088a63 007ec383 007e8593 00038463 f9959ee3 41f58c33 418b8bb3 01c12603 00060463 5880206f 40800733 02000793 00500f93 00277c93 fffb8293 01704463 5680206f 00377093 005fe463 53d0206f 00009463 1a90206f 00f40023 00300813 00140513 ffeb8293 020c8063 00f400a3 00240513 ffdb8293 01009863 00340513 00f40123 ffcb8293 401b8cb3 ffccf593 ffc58e13 002e5f13 001f0e93 00140733 202026b7 007ef613 00100793 00200893 00300f93 00e580b3 02068393 06060263 04f60a63 05160463 03f60e63 00400813 03060663 00500e13 01c60e63 00600f13 01e60663 00772023 00470713 00772023 00470713 00772023 00470713 00772023 00470713 00772023 00470713 00772023 00470713 00772023 00470713 02e08663 00772023 00772223 00772423 00772623 00772823 00772a23 00772c23 00772e23 02070713 fce09ee3 00b503b3 40b282b3 04bc8263 02000513 00a38023 02505c63 00a380a3 00100c93 03928663 00a38123 00200593 02b28063 00a381a3 00300e93 01d28a63 00a38223 00400613 00c28463 00a382a3 01740433 00031463 7240206f 00c12283 00640023 00140413 00028463 0450206f ffe00b93 13805263 fffc0313 00500693 0066f863 00347793 00079463 5700206f 00040713 01840433 40e40c33 007c7293 00100313 00200793 00300813 03010613 08028e63 08628263 06f28863 05028e63 00400693 04d28263 00500893 03128663 00600093 00128a63 03014383 03110613 00170713 fe770fa3 00064583 00170713 00160613 feb70fa3 00064f03 00170713 00160613 ffe70fa3 00064503 00170713 00160613 fea70fa3 00064f83 00170713 00160613 fff70fa3 00064e03 00170713 00160613 ffc70fa3 00064c83 00170713 00160613 ff970fa3 04e40863 00064e83 00164c03 00264283 00364303 00464783 00564803 00664883 00764683 01d70023 018700a3 00570123 006701a3 00f70223 010702a3 01170323 00d703a3 00870713 00860613 fae41ce3 408003b3 02000093 00500f13 0023f593 fffb8f93 857054e3 0033f513 01ff6463 74c0206f 00051463 5d40206f 00140023 00300e13 00140613 ffeb8f93 02058063 001400a3 00240613 ffdb8f93 01c51863 00340613 00140123 ffcb8f93 40ab8eb3 ffcefc13 ffcc0713 00275293 00128313 00a407b3 202020b7 00737693 00100393 00200813 00300893 01878f33 02008593 06068263 04768a63 05068463 03168e63 00400513 02a68663 00500c93 01968e63 00600e13 01c68663 00b7a023 00478793 00b7a023 00478793 00b7a023 00478793 00b7a023 00478793 00b7a023 00478793 00b7a023 00478793 00b7a023 00478793 03e78663 00b7a023 00b7a223 00b7a423 00b7a623 00b7a823 00b7aa23 00b7ac23 00b7ae23 02078793 fde79ee3 01860cb3 418f8fb3 058e8263 02000613 00cc8023 03f05c63 00cc80a3 00100e93 03df8663 00cc8123 00200c13 038f8063 00cc81a3 00300713 00ef8a63 00cc8223 00400293 005f8463 00cc82a3 01740433 ef0ff06f 06c00793 04066613 00f29463 5e90106f 00092c83 00490913 000cc303 00031463 0710106f 06300593 0065c463 6550106f 06400693 02d362b3 00a00393 0000ee37 e8ce0f13 00400793 00300713 00200f93 02d34333 0272c533 006f0eb3 000ec803 0272e333 00af05b3 0005c883 00889093 00186c33 09811023 006f06b3 0006c283 4b0f8393 02010e13 01c38f33 ba5f0823 02010513 4b070593 00a588b3 02e00093 ba188823 001cc503 00051463 7c80106f 06300e93 00aec463 58d0106f 06400f93 00a00313 0000e5b7 e8c58813 4b078c13 02010e93 00370793 01dc06b3 03f560b3 03f54533 0260c2b3 00a803b3 0003ce03 bbc68823 0260e533 00580f33 000f4703 bae88923 00a808b3 0008cf83 4b078093 02010313 006085b3 00178693 bbf58823 4b068293 02010393 00728f33 02e00e13 bbcf0823 002cc503 00168c13 00051463 6dc0106f 06300713 00a74463 4bd0106f 06400713 00a00893 0000e837 e8c80f93 4b0c0793 00368c13 02010093 00178333 02e56e33 02e54533 031e45b3 00af8eb3 000ec283 ba530823 031e6533 00bf86b3 0006c383 ba7f0923 00af8f33 000f4e03 4b0c0713 02010893 001c0c13 01170833 4b0c0e93 02010593 bbc80823 02e00693 00be82b3 bad28823 003cc683 001c0813 00069463 6840106f 06300c93 00dcc463 4d90106f 06400e93 00a00593 0000ecb7 e8cc8393 4b080793 02010513 00a78f33 003c0813 03d6e333 03d6ce33 02b346b3 01c38733 00074883 bb1f0823 00d38fb3 02b366b3 000fc083 ba128923 00d382b3 0002cc03 4b080e93 02010313 006e85b3 00180713 bb858823 01067613 18061263 fffb8093 01774463 3cc0206f 40eb8c33 40800e33 fffc0813 00500f93 02000f13 ffeb8893 002e7693 003e7293 010fe463 5200206f 00029463 2fc0206f 01e40023 00300313 00140593 00088093 02068063 01e400a3 00240593 ffdb8093 00629863 00340593 01e40123 ffcb8093 405c0bb3 ffcbfc93 ffcc8393 0023d793 00178513 20202637 005407b3 00757f13 00100e13 00200f93 00300693 00fc82b3 02060e93 060f0263 05cf0a63 05ff0463 02df0e63 00400313 026f0663 00500393 007f0e63 00600513 00af0663 01d7a023 00478793 01d7a023 00478793 01d7a023 00478793 01d7a023 00478793 01d7a023 00478793 01d7a023 00478793 01d7a023 00478793 02f28663 01d7a023 01d7a223 01d7a423 01d7a623 01d7a823 01d7aa23 01d7ac23 01d7ae23 02078793 fcf29ee3 01958eb3 419080b3 059b8263 02000b93 017e8023 fff08593 02175a63 017e80a3 ffe08c93 02b75463 017e8123 ffd08f13 01975e63 017e81a3 ffc08093 01e75863 017e8223 00175463 017e82a3 01840433 41088bb3 00347c13 000c1463 5000106f 08014283 08114e83 08214303 08314383 08414503 08514583 08614783 00540023 01d400a3 00640123 007401a3 00a40223 00b402a3 00f40323 00700c93 07970e63 08714f03 00800093 00900c13 01e403a3 06170463 08814803 00a00893 00b00e13 01040423 05870a63 08914f83 00c00293 00d00613 01f404a3 05170063 08a14683 00f00e93 00d40523 03c70863 08b14303 006405a3 02570263 08c14383 00740623 00c70c63 08d14503 00a406a3 01d71663 08e14583 00b40723 00e40433 40eb8cb3 408007b3 02000f13 fffc8093 00500c13 0027f813 fffb8293 a3775c63 0037f893 001c6463 0d00206f 00089463 7950106f 01e40023 00300e13 00140393 ffeb8293 02080063 01e400a3 00240393 ffdb8293 01c89863 00340393 01e40123 ffcb8293 411c8fb3 ffcff513 ffc50613 00265693 00168e93 011407b3 20202f37 007ef593 00100313 00200093 00300c13 00f50833 020f0893 06058263 04658a63 04158463 03858e63 00400b93 03758663 00500e13 01c58e63 00600613 00c58663 0117a023 00478793 0117a023 00478793 0117a023 00478793 0117a023 00478793 0117a023 00478793 0117a023 00478793 0117a023 00478793 02f80663 0117a023 0117a223 0117a423 0117a623 0117a823 0117aa23 0117ac23 0117ae23 02078793 fcf81ee3 00a38bb3 40a282b3 04af8263 02000393 007b8023 fff28f93 02575a63 007b80a3 ffe28513 03f75463 007b8123 ffd28693 00a75e63 007b81a3 ffc28293 00d75863 007b8223 00575463 007b82a3 01940433 8e0ff06f 0000e6b7 00092303 04066613 00490913 01000093 01000f13 eb468793 8fdfe06f 0000efb7 00092303 00800093 00800f13 00490913 e8cf8793 8e1fe06f fff00393 007b9663 00800b93 00166613 00092283 01067e13 00490913 00028893 000e1463 2fc0106f 01000e93 02000693 ffe67613 02067613 00060463 ffeb8b93 00028463 4b80106f 03000513 08a10023 00000813 00100593 08010513 000c8713 00bcd463 00058713 40eb87b3 000e8463 2ec0106f 40800bb3 02000c93 00500293 002bf313 fff78e93 00f04463 2cc0106f 003bf693 01d2e463 2700206f 00069463 2050106f 01940023 00300893 00140293 ffe78e93 02030063 019400a3 00240293 ffd78e93 01169863 00340293 01940123 ffc78e93 40d78fb3 ffcfff13 ffcf0c93 002cd393 00138b93 00d406b3 20202337 007bf093 00100893 00200c13 00300c93 01e683b3 02030313 06008263 05108a63 05808463 03908e63 00400b93 03708663 00500893 01108e63 00600c13 01808663 0066a023 00468693 0066a023 00468693 0066a023 00468693 0066a023 00468693 0066a023 00468693 0066a023 00468693 0066a023 00468693 02768663 0066a023 0066a223 0066a423 0066a623 0066a823 0066aa23 0066ac23 0066ae23 02068693 fc769ee3 01e28c33 41ee8eb3 05ef8263 02000293 005c0023 03d05c63 005c00a3 00100f93 03fe8663 005c0123 00200f13 03ee8063 005c01a3 00300093 001e8a63 005c0223 00400c93 019e8463 005c02a3 00f40433 00061463 4950106f 03000e93 07800613 01d40023 00c400a3 00240413 000e0463 2e80106f ffe00793 fff70313 16e5d863 40b708b3 40800bb3 fff88c13 00500e13 03000393 002bf293 003bf693 018e6463 5950106f 00069463 4550106f 00740023 00300f93 00140093 ffe70313 02028063 007400a3 00240093 ffd70313 01f69863 00340093 00740123 ffc70313 40d88cb3 ffccfe93 ffce8f13 002f5613 00160393 00d40733 30303e37 0073fc13 00100f93 00200f13 00300b93 01d702b3 030e0693 060c0263 05fc0a63 05ec0463 037c0e63 00400613 02cc0663 00500393 007c0e63 00600e13 01cc0663 00d72023 00470713 00d72023 00470713 00d72023 00470713 00d72023 00470713 00d72023 00470713 00d72023 00470713 00d72023 00470713 02570663 00d72023 00d72223 00d72423 00d72623 00d72823 00d72a23 00d72c23 00d72e23 02070713 fc571ee3 01d08733 41d30333 05dc8263 03000093 00170023 fff30c93 0265da63 001700a3 ffe30e93 0395d463 00170123 ffd30c13 01d5de63 001701a3 ffc30313 0185d863 00170223 0065d463 001702a3 01140433 00180593 0075ff93 00100f13 00200893 00300b93 00040613 010506b3 0a0f8063 09ef8263 071f8863 057f8e63 00400293 045f8263 00500393 027f8663 00600e13 01cf8a63 0006c703 00140613 fff68693 00e40023 0006c083 00160613 fff68693 fe160fa3 0006cc83 00160613 fff68693 ff960fa3 0006ce83 00160613 fff68693 ffd60fa3 0006cc03 00160613 fff68693 ff860fa3 0006c303 00160613 fff68693 fe660fa3 0006c583 00068f93 00160613 feb60fa3 fff68693 05f50a63 0006cb83 fff6cf03 ffe6c283 ffd6c383 ffc6ce03 ffb6c883 ffa6c703 ff96c083 01760023 01e600a3 00560123 007601a3 01c60223 011602a3 00e60323 ff968c93 001603a3 00860613 ff868693 fb951ae3 00180813 01040433 40800c33 02000513 00500e93 002c7313 fff78f93 00f04463 bf5fe06f 003c7593 01fee463 3190106f 00059463 1c90106f 00a40023 00300613 00140b93 ffe78f93 02030063 00a400a3 00240b93 ffd78f93 00c59863 00340b93 00a40123 ffc78f93 40b78f33 ffcf7293 ffc28693 0026d393 00138e13 00b40733 202020b7 007e7893 00100c93 00200813 00300513 00570eb3 02008c13 06088263 05988a63 05088463 02a88e63 00400313 02688663 00500593 00b88e63 00600613 00c88663 01872023 00470713 01872023 00470713 01872023 00470713 01872023 00470713 01872023 00470713 01872023 00470713 01872023 00470713 03d70663 01872023 01872223 01872423 01872623 01872823 01872a23 01872c23 01872e23 02070713 fdd71ee3 005b8333 405f8fb3 005f1463 addfe06f 02000693 00d30023 01f04463 acdfe06f 00d300a3 00100b93 017f9463 abdfe06f 00d30123 00200f13 01ef9463 aadfe06f 00d301a3 00300293 005f9463 a9dfe06f 00d30223 00400393 007f9463 a8dfe06f 00d302a3 a85fe06f 0000e6b7 00092303 01000093 01000f13 00490913 e8c68793 aa8fe06f 00092683 00490913 00069463 2640106f 0006cf03 1c0f06e3 007cf713 00100c13 00200f93 00300813 00068793 1a0c8ae3 08070263 07870663 05f70e63 05070663 00400093 02170c63 00500293 02570263 00600313 00670863 0016c383 00168793 0c038063 0017c883 00178793 0a088a63 0017c503 00178793 0a050463 0017ce03 00178793 080e0e63 0017ce83 00178793 080e8863 0017cf03 00178793 080f0263 0017c703 00178793 419785b3 06070a63 06d58863 0017cc03 00178793 00078f93 060c0063 0017c803 00178793 04080a63 002fc083 002f8793 04008463 003fc283 003f8793 02028e63 004fc303 004f8793 02030863 005fc383 005f8793 02038263 006fc883 006f8793 00088c63 007fc503 007f8793 41978e33 00050463 f8de1ce3 01067613 40d78cb3 0c0602e3 13905063 fffc8713 00500293 00e2f863 0086eeb3 003efe13 6c0e0ce3 007cff93 00100c13 00200f13 00300513 00040613 019685b3 080f8e63 098f8263 07ef8863 04af8e63 00400093 041f8263 00500713 02ef8663 00600293 005f8a63 0006c783 00140613 00168693 00f40023 0006ce83 00160613 00168693 ffd60fa3 0006ce03 00160613 00168693 ffc60fa3 0006c303 00160613 00168693 fe660fa3 0006c383 00160613 00168693 fe760fa3 0006c803 00160613 00168693 ff060fa3 0006c883 00168693 00160613 ff160fa3 04b68863 0006cf83 0016cc03 0026cf03 0036c083 0046c703 0056c283 0066c503 01f60023 018600a3 0076c783 01e60123 001601a3 00e60223 005602a3 00a60323 00868693 00f603a3 00860613 fab69ce3 01940433 fffb8593 017cc463 815fe06f 419b83b3 40800eb3 fff38313 00500813 02000e13 002ef693 003ef893 00686463 7080106f 00089463 5a40106f 01c40023 00300613 00140c13 ffeb8593 02068063 01c400a3 00240c13 ffdb8593 00c89863 00340c13 01c40123 ffcb8593 41138fb3 ffcfff13 ffcf0093 0020d713 00170293 011407b3 20202eb7 0072f513 00100893 00200313 00300e13 01e78833 020e8693 06050263 05150a63 04650463 03c50e63 00400b93 03750663 00500613 00c50e63 00600093 00150663 00d7a023 00478793 00d7a023 00478793 00d7a023 00478793 00d7a023 00478793 00d7a023 00478793 00d7a023 00478793 00d7a023 00478793 03078663 00d7a023 00d7a223 00d7a423 00d7a623 00d7a823 00d7aa23 00d7ac23 00d7ae23 02078793 fd079ee3 01ec0bb3 41e585b3 05ef8263 02000c13 018b8023 fff58f93 02bcda63 018b80a3 ffe58f13 03fcd463 018b8123 ffd58713 01ecde63 018b81a3 ffc58593 00ecd863 018b8223 00bcd463 018b82a3 001b4283 00740433 001b0513 00028463 b45fd06f b59fd06f 06c00f93 01f28463 fadfe06f 0000e3b7 00092e83 e8c38c93 00490913 000ecf03 03a00593 08b10123 00ff7313 006c8c33 004f5093 000c4883 001c8833 00084e03 00889793 01067613 00fe63b3 08711023 001ecf83 08b102a3 004fd513 00fff693 00ac82b3 00dc8733 0002cf03 00074303 09e101a3 08610223 002ec083 08b10423 0040dc13 00f0f813 018c88b3 010c8e33 0008c783 000e4383 08f10323 087103a3 003ecf83 08b105a3 004fd513 00fff693 00ac82b3 00dc8733 0002cf03 00074303 09e104a3 08610523 004ec083 08b10723 0040dc13 00f0f813 018c88b3 010c8e33 0008c783 000e4383 08f10623 087106a3 005ece83 004ed593 00bc8fb3 000fc503 00fef693 00dc8cb3 08a107a3 000cc283 08510823 18061463 408000b3 01100f13 02000713 feeb8c13 00500813 ffeb8893 0020fe13 fffb8393 017f4463 7b40106f fefb8313 0030f793 01886463 7bc0106f 740786e3 00e40023 00300e93 00140593 00088393 020e0063 00e400a3 00240593 ffdb8393 01d79863 00340593 00e40123 ffcb8393 40f30bb3 ffcbf513 ffc50f93 002fd693 00168c93 00f407b3 20202737 007cf093 00100f13 00200293 00300813 00a78e33 02070613 06008263 05e08a63 04508463 03008e63 00400e93 03d08663 00500f93 01f08e63 00600693 00d08663 00c7a023 00478793 00c7a023 00478793 00c7a023 00478793 00c7a023 00478793 00c7a023 00478793 00c7a023 00478793 00c7a023 00478793 03c78663 00c7a023 00c7a223 00c7a423 00c7a623 00c7a823 00c7aa23 00c7ac23 00c7ae23 02078793 fdc79ee3 00a58633 40a383b3 04ab8463 02000593 00b60023 01100b93 027bdc63 00b600a3 01200513 02a38663 00b60123 01300c93 03938063 00b601a3 01400093 00138a63 00b60223 01500713 00e38463 00b602a3 00640433 41888bb3 00347c13 000c0463 1ec0106f 09014383 08412303 08012883 08812f03 08c12283 00642223 01142023 01e42423 00542623 00740823 01140613 40c00fb3 01100293 02000c93 feeb8093 00500c13 002ff393 fffb8593 0172c463 27c0106f fefb8e93 003ffe13 101c7663 020e0a63 019408a3 00300313 01240613 ffeb8593 02038063 01940923 01340613 ffdb8593 006e1863 01440613 019409a3 ffcb8593 41ce88b3 ffc8f813 ffc80513 00255693 011e0793 00168713 00f40533 202022b7 00777f13 00100c93 00200093 00300c13 00a80fb3 02028393 060f0263 059f0a63 041f0463 038f0e63 00400e93 03df0663 00500e13 01cf0e63 00600313 006f0663 00752023 00450513 00752023 00450513 00752023 00450513 00752023 00450513 00752023 00450513 00752023 00450513 00752023 00450513 02af8663 00752023 00752223 00752423 00752623 00752823 00752a23 00752c23 00752e23 02050513 fcaf9ee3 01060633 410585b3 01089463 b95fe06f 02000893 01160023 01100813 00b84463 b81fe06f 011600a3 01200693 00d59463 b71fe06f 01160123 01300793 00f59463 b61fe06f 011601a3 01400713 00e59463 b51fe06f 01160223 01500f13 01e59463 b41fe06f 011602a3 01740433 a28fe06f 01067313 22030ae3 00092683 fffb8293 00490913 00d40023 00140613 00504463 0e40106f 40c008b3 ffeb8513 00500f13 02000393 0028f593 0038fc93 10af5263 7a0c84e3 007400a3 00300e13 00240613 02058063 00740123 00340613 ffdb8513 01cc9863 00440613 007401a3 ffcb8513 41928eb3 ffcefc13 ffcc0813 00285713 001c8793 00170293 00f40833 202020b7 0072ff93 00100693 00200393 00300313 018808b3 02008f13 060f8263 04df8a63 047f8463 026f8e63 00400593 02bf8663 00500c93 019f8e63 00600e13 01cf8663 01e82023 00480813 01e82023 00480813 01e82023 00480813 01e82023 00480813 01e82023 00480813 01e82023 00480813 01e82023 00480813 03180663 01e82023 01e82223 01e82423 01e82623 01e82823 01e82a23 01e82c23 01e82e23 02080813 fd181ee3 01860633 418502b3 058e8463 02000513 00a60023 fff28e93 03d05c63 00a600a3 00200c13 03828663 00a60123 00300713 02e28063 00a601a3 00400793 00f28a63 00a60223 00500f93 01f28463 00a602a3 001b4283 01740433 001b0513 00028463 d3cfd06f d50fd06f 01067613 00000c93 860612e3 419b8733 40800c33 02000f13 fff70e93 00500593 ffeb8e13 002c7f93 fffb8093 277cdee3 003c7293 01d5e463 2d40106f 00029463 0f00106f 01e40023 00300813 00140893 000e0093 020f8063 01e400a3 00240893 ffdb8093 01029863 00340893 01e40123 ffcb8093 40570533 ffc57f13 ffcf0b93 002bd393 00138613 005407b3 202025b7 00767c13 00100313 00200293 00300813 01e78fb3 02058b93 060c0263 046c0a63 045c0463 030c0e63 00400393 027c0663 00500613 00cc0e63 00600593 00bc0663 0177a023 00478793 0177a023 00478793 0177a023 00478793 0177a023 00478793 0177a023 00478793 0177a023 00478793 0177a023 00478793 03f78663 0177a023 0177a223 0177a423 0177a623 0177a823 0177aa23 0177ac23 0177ae23 02078793 fdf79ee3 01e88333 41e080b3 04af0263 02000f13 01e30023 fff08893 021cda63 01e300a3 ffe08c13 031cd463 01e30123 ffd08513 018cde63 01e301a3 ffc08093 00acd863 01e30223 001cd463 01e302a3 00e40433 41de0bb3 dc4ff06f 00040893 b69fd06f 00040293 de1fd06f 02000393 ffeb8b93 fa8fd06f 03000613 00c40023 00140413 965fd06f 4b0c0f93 02010793 00268c13 00ff80b3 03000313 4b0c0e93 02010593 ba608823 02e00693 00be82b3 bad28823 003cc683 001c0813 00068463 985fe06f 4b080c93 02010393 007c87b3 03000513 002c0713 baa78823 9d9fe06f 4b078813 02010c13 01880eb3 03000793 00270693 bafe8823 895fe06f 03000f93 00200793 00100713 09f10023 ff0fe06f 0d010493 00048413 00040023 0d014383 00038463 b2cfd06f 50c12083 50812403 50412483 50012903 00000513 53010113 00008067 08012603 00275813 00100893 00c42023 491808e3 08412f83 00300e13 01f42223 01c81663 08812683 00d42423 ffc77293 00377e93 00540333 000e9463 b81fe06f 4b028393 02010513 00a387b3 bb07c583 4b128f13 02010093 00128c93 00b30023 001f0c33 00ecc463 b55fe06f bb0c4803 4b228893 00228613 010300a3 00188fb3 00e64463 b39fe06f bb0fc683 00d30123 b2dfe06f 00167513 440508e3 03000693 01167e93 d05fe06f 00167093 440088e3 01167513 03000813 00a12e23 8c0fe06f 00000e13 02000813 d9cfd06f 000e8793 00060c63 03000613 07800c13 00c40023 018400a3 00240413 000e0463 e95fe06f 40800fb3 00500093 002ff893 fff78e13 00f04463 21c0106f 003ffc93 77c0fce3 420c82e3 00d40023 00300f13 00140f93 ffe78e13 02088063 00d400a3 00240f93 ffd78e13 01ec9863 00340f93 00d40123 ffc78e13 419780b3 ffc0fe93 ffce8b93 002bd313 00869293 0056e8b3 01069c13 00130613 0188e3b3 01940333 01869f13 00767613 00100b93 00200c13 00300c93 01e3e8b3 006e82b3 06060263 05760a63 05860463 03960e63 00400f13 03e60663 00500393 00760e63 00600b93 01760663 01132023 00430313 01132023 00430313 01132023 00430313 01132023 00430313 01132023 00430313 01132023 00430313 01132023 00430313 02628663 01132023 01132223 01132423 01132623 01132823 01132a23 01132c23 01132e23 02030313 fc629ee3 01df83b3 41de0e33 041e8063 00d38023 03c05c63 00d380a3 00100f93 03fe0663 00d38123 00200093 021e0063 00d381a3 00300e93 01de0a63 00d38223 00400613 00ce0463 00d382a3 00f40433 fff00793 d1dfe06f 02d00f93 c50fd06f 0000e837 e8c80093 00f8f313 006087b3 00000c13 0007cf83 001c0593 08010513 00b50f33 ffff0fa3 0048d713 000c0813 00058393 00071463 b29fe06f 00f77293 00508333 00034783 00058813 00158593 00b50c33 fefc0fa3 0088df93 000f9463 b01fe06f 00fff813 01008f33 000f4703 00058813 00238593 00b502b3 fee28fa3 00c8d313 00031463 ad9fe06f 00f37793 00f08c33 000c4f83 00058813 00338593 00b50f33 ffff0fa3 0108d713 00071463 ab1fe06f 00f77813 010082b3 0002c783 00058813 00438593 00b50333 fef30fa3 0148dc13 000c1463 a89fe06f 00fc7f93 01f08f33 000f4703 00058813 00538593 00b502b3 fee28fa3 0188d793 00079463 a61fe06f 00f7f813 01008333 00034c03 00058813 00638593 00b50fb3 ff8f8fa3 01c8d893 00089463 a39fe06f 011080b3 0000cf03 00058813 00738593 00b503b3 ffe38fa3 a1dfe06f 00040e93 d48fd06f 00040093 ba0fd06f ffccf393 ffc38313 00235813 00180f93 007ff793 00100f13 00200c13 00300513 00068613 00040593 007688b3 08078c63 09e78063 07878663 04a78c63 00400093 04178063 02578663 00600713 00e78a63 0006a283 00468613 00440593 00542023 00062683 00458593 00460613 fed5ae23 00062e83 00458593 00460613 ffd5ae23 00062e03 00458593 00460613 ffc5ae23 00062303 00458593 00460613 fe65ae23 00062803 00458593 00460613 ff05ae23 00062f83 00460613 00458593 fff5ae23 04c88863 00062c03 00462f03 00862503 00c62083 01062703 01462283 01862683 01c62783 0185a023 01e5a223 00a5a423 0015a623 00e5a823 0055aa23 00d5ac23 00f5ae23 02060613 02058593 fac89ce3 00138e93 00238e13 00740333 907c8863 0008c383 00730023 919ed263 0018c803 010300a3 8f9e5c63 0028c883 01130123 8ecff06f 00040713 e40fd06f 00040313 8b9fd06f 0000e737 00092e83 eb470c93 00490913 a74ff06f 00900893 2aa8de63 00a00093 021545b3 0000e337 4b0c0c13 e8c30f93 02010e93 01dc02b3 00268c13 00bf86b3 0006c383 02156533 ba728823 b58fe06f 00900813 26a85a63 00a00c13 038546b3 0000e2b7 e8c28813 4b078793 02010393 00778e33 00270793 00d80f33 000f4703 03856533 baee0823 a88fe06f 00900f93 226fd063 00a00893 031340b3 0000eeb7 e8ce8f13 00300793 00200713 00100f93 001f0833 00084c03 03136333 09810023 9c4fe06f 00900393 1cd3de63 00a00f13 03e6ce33 0000e737 e8c70393 4b080813 02010893 01180fb3 002c0813 01c380b3 0000cc03 03e6e6b3 bb8f8823 b3cfe06f 0000e5b7 e8458693 da1fe06f fffb8093 20105063 408003b3 ffeb8813 00500613 02000693 0023f313 00008c93 0033ff13 47065ae3 080f02e3 00d40023 00300893 00140293 02030063 00d400a3 00240293 ffdb8813 011f1863 00340293 00d40123 ffcb8813 41e08533 ffc57c13 ffcc0093 0020de13 001e0e93 01e407b3 20202fb7 007ef713 00100393 00200613 00300f13 00fc0333 020f8693 06070263 04770a63 04c70463 03e70e63 00400593 02b70663 00500893 01170e63 00600093 00170663 00d7a023 00478793 00d7a023 00478793 00d7a023 00478793 00d7a023 00478793 00d7a023 00478793 00d7a023 00478793 00d7a023 00478793 02f30663 00d7a023 00d7a223 00d7a423 00d7a623 00d7a823 00d7aa23 00d7ac23 00d7ae23 02078793 fcf31ee3 018285b3 418800b3 05850463 02000813 01058023 fff08293 02505c63 010580a3 00200513 02a08663 01058123 00300c13 03808063 010581a3 00400e13 01c08a63 01058223 00500e93 01d08463 010582a3 00092703 01940cb3 00490913 01740433 00ec8023 e70fd06f 00662023 00460613 818fd06f 0018a023 00488893 9b8fd06f 0000e537 e8c50393 98cfe06f 0000e537 00200793 00100713 00000f93 e8c50f13 fc1fd06f 0000e337 e8c30813 840fe06f 0000efb7 e8cf8f93 8c8fe06f 008c7393 00000f93 00039463 9bdfd06f 02000f93 fffb8b93 9b1fd06f 00040293 e2cfe06f 00040593 ffeb8893 8e0ff06f 00008b93 bc8ff06f 00008b93 ca1fe06f 03010f93 02e00c93 280e02e3 000e0293 06500513 04500e93 01929463 a1dfd06f 4ea28c63 4fd28a63 001fc283 001f8f93 fe0294e3 02e00693 00df8023 03014e03 000f80a3 9f5fd06f 00028b93 00030663 00640023 00140413 00c12303 00030463 bf9fd06f 40800533 00500e93 00257f13 fffb8093 27705ce3 00357693 7a1efa63 42068263 01040023 00300e13 00140593 ffeb8093 020f0063 010400a3 00240593 ffdb8093 01c69863 00340593 01040123 ffcb8093 40db87b3 ffc7f893 ffc88613 00265f93 00881713 00e862b3 001f8513 01081c93 01881313 0192e3b3 00d406b3 00757e13 00100f13 00200e93 00300613 0063e733 00d88fb3 060e0263 05ee0a63 05de0463 02ce0e63 00400c93 039e0663 00500293 005e0e63 00600513 00ae0663 00e6a023 00468693 00e6a023 00468693 00e6a023 00468693 00e6a023 00468693 00e6a023 00468693 00e6a023 00468693 00e6a023 00468693 02df8663 00e6a023 00e6a223 00e6a423 00e6a623 00e6a823 00e6aa23 00e6ac23 00e6ae23 02068693 fcdf9ee3 011583b3 411080b3 05178063 01038023 02105c63 010380a3 00100593 02b08663 01038123 00200793 02f08063 010381a3 00300893 01108a63 01038223 00400313 00608463 010382a3 01740433 fff00b93 01805463 a85fd06f bfcfd06f ffcc7f93 ffcf8893 0028d093 00108393 0073ff13 00100713 00200513 00300e13 03010593 00040613 008f8833 080f0c63 08ef0063 06af0663 05cf0c63 00400c93 059f0063 02df0663 00600e93 01df0a63 03012283 03410593 00440613 00542023 0005a303 00460613 00458593 fe662e23 0005a683 00460613 00458593 fed62e23 0005a783 00460613 00458593 fef62e23 0005a883 00460613 00458593 ff162e23 0005a083 00460613 00458593 fe162e23 0005a383 00460613 00458593 fe762e23 04c80863 0005af03 02060613 02058593 ffe62023 fe45a703 fee62223 fe85a503 fea62423 fec5ae03 ffc62623 ff05ac83 ff962823 ff45ae83 ffd62a23 ff85a283 fe562c23 ffc5a303 fe662e23 fac81ce3 0ffc0063 4b0f8793 02010693 00d788b3 b608c083 001f8393 00180023 0d83d263 4b038593 02010613 00c58f33 b60f4503 002f8f93 00a800a3 0b8fd463 4b0f8713 02010e13 01c70cb3 b60cce83 01840433 01d80123 a39fd06f 00040393 89cfe06f 000e0793 cf1fc06f 000e0793 e89fc06f 00c12b83 120b9063 ffe00b93 01805463 8edfd06f a64fd06f 00040613 a5dfd06f 80000e37 02d00f93 00ce4633 fffb8b93 df8fd06f 00040c13 a8dfe06f 00028513 884ff06f 00040893 c55fc06f 00040c93 df1fc06f 01c037b3 ffe78793 b88fe06f 00040b93 e68fe06f 00040093 bdcfe06f 01840433 9a9fd06f 08014c83 08114083 08214c03 08314f83 08414383 08514e83 08614e03 08714303 08814883 08914803 08a14503 08b14583 08c14603 08d14683 08e14703 08f14783 01940023 001400a3 01840123 01f401a3 00740223 01d402a3 01c40323 006403a3 01140423 010404a3 00a40523 00b405a3 00c40623 00d406a3 00e40723 00f407a3 09014f03 01e40823 db9fe06f 00400293 00440313 b98ff06f 00040593 ffeb8893 d31fd06f 00040b93 834fe06f fff00b93 01805463 fd0fd06f 948fd06f fff00b93 fc0fd06f 00040513 e88fd06f 00040593 c0dff06f 00000e93 02000693 8b8fe06f 00060413 91cfd06f 00012e23 02000813 c78fd06f 00c780a3 fff74603 01c78023 00278793 00060463 d18fd06f d38fd06f 00040c93 9b9fd06f 00040b93 9fdfe06f 00040f93 c0cff06f 00040713 b70fe06f 00040313 df0fe06f 00008b93 da9fd06f 000fc883 000f8793 100f8f13 14088663 0017c583 00178793 00078093 04058e63 0017c383 00178793 04038863 0020c603 00208793 04060263 0030c703 00308793 02070c63 0040cc03 00408793 020c0663 0050cc83 00508793 020c8063 0060c503 00608793 00050a63 0070ce83 00708793 000e8463 f9e79ee3 41f782b3 0072fe13 00100893 00200f13 00300593 0c505663 080e0063 071e0663 05ee0e63 04be0663 00400093 021e0c63 00500393 027e0263 00600613 00ce0863 0007c703 fff78793 00e78123 0007cc03 fff78793 01878123 0007cc83 fff78793 01978123 0007c503 fff78793 00a78123 0007ce83 fff78793 01d78123 0007c283 fff78793 00578123 0007c683 fff78793 00d78123 04ff8663 0007cf03 fff7c083 ffe7ce03 ffd7c883 ffc7c383 ffb7c583 ffa7c603 ff97c703 01e780a3 00178023 ffc78fa3 ff178f23 fe778ea3 feb78e23 fec78da3 fee78d23 ff878793 faff9ee3 02e00793 00ff8023 03014e03 bbcfd06f 00040893 ffeb8e13 f3dfe06f 00040e93 ffeb8893 be1fd06f 00008813 00040293 fa4ff06f 03000613 00278e13 00c78023 41c00f33 fffc8e93 00500593 00178713 000c9463 b5cfd06f 02e00513 00a780a3 002f7293 003f7713 3fd5f663 3c070e63 00c78123 00300693 00378093 3a028863 00c781a3 00478093 38d71e63 00578093 00c78223 40ec83b3 ffc3f593 ffc58613 00265f13 00270e93 001f0513 01d787b3 00757893 30303737 00100293 00200f93 00300613 00f58eb3 03070513 06088263 04588a63 05f88463 02c88e63 00400f13 03e88663 00500713 00e88e63 00600293 00588663 00a7a023 00478793 00a7a023 00478793 00a7a023 00478793 00a7a023 00478793 00a7a023 00478793 00a7a023 00478793 00a7a023 00478793 03d78663 00a7a023 00a7a223 00a7a423 00a7a623 00a7a823 00a7aa23 00a7ac23 00a7ae23 02078793 fdd79ee3 00b08fb3 00d588b3 04b38463 03000093 001f8023 00188693 0396dc63 001f80a3 00288393 0393d663 001f8123 00388593 0395d063 001f81a3 00488613 01965a63 001f8223 00588893 0198d463 001f82a3 019e0733 a04fd06f 00000c13 a98fd06f 00040393 bc8fd06f 00040393 95dff06f 00038b93 9a9fe06f 00040c13 e95fd06f 00040393 998ff06f 00040613 ffeb8893 941fe06f 00040313 ffeb8e13 e2dfe06f 03000293 02e00093 00578023 001780a3 41d00e33 ff900393 00278713 15c05c63 40e006b3 0026f593 0036ff13 23d3ee63 200f0a63 00578123 00300e93 00378093 1e058e63 005781a3 00478093 23df1463 00300393 00578093 00578223 41ee0fb3 ffcffe93 ffce8293 0022d593 002f0693 00158f13 00d787b3 303035b7 007f7893 00fe82b3 03058693 06088863 00100f13 05e88e63 00200593 04b88663 00300f13 03e88e63 00400593 02b88663 00500f13 01e88e63 00600593 00b88663 00d7a023 00478793 00d7a023 00478793 00d7a023 00478793 00d7a023 00478793 00d7a023 00478793 00d7a023 00478793 00d7a023 00478793 02f28663 00d7a023 00d7a223 00d7a423 00d7a623 00d7a823 00d7aa23 00d7ac23 00d7ae23 02078793 fcf29ee3 01d088b3 007e87b3 05df8463 03000093 00188023 00178393 03c3dc63 001880a3 00278f93 03cfd663 00188123 00378e93 03ced063 001881a3 00478293 01c2da63 00188223 00578693 01c6d463 001882a3 01c70733 00154e03 00170713 fec70fa3 00070893 000e1463 830fd06f 00254603 01c70023 00170713 00061463 81cfd06f 00354f03 00c880a3 00288713 000f1463 808fd06f 00454583 01e88123 00388713 00059463 ff5fc06f 00554783 00b881a3 00488713 00079463 fe1fc06f 00654083 00f88223 00588713 00009463 fcdfc06f 00754383 001882a3 00688713 00850513 00039463 fb5fc06f 00054603 00788323 00788713 f60610e3 fa1fc06f 00040593 c88ff06f 03010f93 da4ff06f 00200693 c6dff06f 00100693 c65ff06f 00100393 e1dff06f 00070093 00000393 e11ff06f 000e0093 00000693 c45ff06f 000e0f93 00000893 d09ff06f 00070893 00000793 ebdff06f 00200393 de5ff06f 000e0793 c5dfd06f 00008b93 968fd06f 00000000 f9010113 06812423 05612823 05712623 06112623 06912223 07212023 05312e23 05412c23 05512a23 05812423 05912223 05a12023 03b12e23 04e00313 00068893 00070413 00050b13 00058b93 1ec35863 04e00713 00e12c23 000b0513 000b8593 00042023 00000613 00000693 00f12a23 01112423 421010ef 00812883 01412783 00055a63 00100493 80000637 00942023 01764bb3 014bd693 7ff6f813 c0180913 03300993 2329d2e3 40000a13 6f490863 80000e37 00000493 017e7433 000b0513 000b8593 00000613 00000693 00f12a23 01112423 259010ef 00812e83 01412f83 04050ee3 8141a383 8181a603 00200f37 050f8313 001000b7 ffef0693 02912223 80c1aa03 8101aa83 00030913 fff08d13 01f00c13 00712423 00c12623 03d12023 000f8493 02812423 02612623 00d12e23 0840006f 40000613 0ec81a63 01455693 00c59893 0116e7b3 00c51813 00f86e33 0c0e0e63 00050f93 00812603 00c12683 000f8513 fff90413 355000ef 000a0613 000a8693 3fd010ef 191020ef 05000d93 03050c93 408d89b3 009989b3 000b8593 ff990fa3 00000613 00000693 000b0513 00812a23 00098d93 185010ef 0c050c63 00040913 000b0513 000b8593 000a0613 000a8693 28c010ef 0145d893 7ff8f793 c0178813 03300e13 00050b13 00058b93 f50e4ae3 08084663 be178e93 060ec263 01dd5333 00000f13 00a37733 00bf70b3 001762b3 02028463 fff34b13 ffff4b93 00bbfbb3 00ab7b33 000b0613 000b8693 140020ef 00050f93 f31ff06f 80000eb7 00bef5b3 00000f93 f21ff06f fff64093 41f0d293 005673b3 00712c23 e0dff06f 01c12c83 410c0fb3 fff00413 01fc9db3 010459b3 013de333 010d5f33 f8dff06f 800003b7 00b3fbb3 00050f93 00000b13 ed9ff06f 02c12a03 00040f93 00048593 00040c93 00048793 02012883 02412483 02812403 154ffee3 41f58ab3 04fa8d13 00600c13 51ac7663 01f5e333 00337f13 500f1063 41258933 00393713 4e071a63 050a8913 ffc97093 ffc08293 0022db93 001b8b13 007b7393 00158533 0a038463 00100613 08c38663 00200693 06d38a63 00300e13 05c38e63 00400e93 05d38263 00500813 03038663 00600a93 01538a63 000fad03 00458593 004f8f93 01a7a023 000fac03 00458593 004f8f93 ff85ae23 000fa303 00458593 004f8f93 fe65ae23 000faf03 00458593 004f8f93 ffe5ae23 000fa703 00458593 004f8f93 fee5ae23 000fa283 00458593 004f8f93 fe55ae23 000fab83 00458593 004f8f93 ff75ae23 04b50863 000fab03 02058593 020f8f93 ff65a023 fe4fa383 fe75a223 fe8fa603 fec5a423 fecfa683 fed5a623 ff0fae03 ffc5a823 ff4fae83 ffd5aa23 ff8fa803 ff05ac23 ffcfaa83 ff55ae23 fab51ce3 001c8cb3 03208663 000cc083 001c8d13 00150023 014d7e63 001ccc03 002c8313 018500a3 01437663 002cca03 01450123 01278933 01812a83 01b8a023 013a89b3 01378cb3 68fcee63 05078d93 292cee63 29b97c63 002003b7 412d8fb3 ffe38693 00100b37 001ff593 00d12423 80c1aa03 8101aa83 03300993 fffb0b93 80000b37 0c058863 00048513 00040593 000a0613 000a8693 00f12c23 01112a23 0f5010ef 0145d493 7ff4f413 c0140e13 01412883 01812783 00050e93 00058d13 73c9cc63 7e0e4263 be140813 7a084c63 010bd0b3 00000c13 001ef3b3 018d76b3 00d3e4b3 74048463 fff0c413 fffc4e13 01d47eb3 01ae7d33 000e8613 000d0693 02f12023 01112e23 01d12c23 01a12a23 675010ef 00050493 00058413 01812503 01412583 01c12883 02012783 00f12c23 01112a23 5f8020ef 03050893 00190913 ff190fa3 01812783 01412883 1b2ce063 19b90e63 00048c13 01112a23 00f12c23 00090493 0e40006f 40000693 3ad41863 01455413 00c59813 010460b3 00c51c13 001c6633 38060c63 00050c13 00058413 00030513 598020ef 00148493 03050e13 ffc48fa3 149ce063 000c0513 00040593 000a0613 000a8693 7dc010ef 0145df13 7fff7293 c0128713 00050893 00050f93 00058913 36e9c063 5e074663 be128793 5a07c263 00fbdd33 00000313 01affc33 00697433 008c6e33 320e0863 fffd4513 fff34f13 01f57d33 012f7933 00088513 000d0613 00090693 56d010ef 00058413 00050c13 000d0893 00090593 00088513 4fc020ef 00148493 03050893 ff148fa3 0a9ce263 0bb48063 00040593 000c0513 000a0613 000a8693 73c010ef 0145df93 7ffff393 c0138413 00050313 00050e93 00058e13 ee89cae3 52044863 be138693 4e06c063 00dbd2b3 00000713 005ef933 00ee78b3 011967b3 28078263 fff2c513 fff74f93 01d57d33 01cff933 000d0613 00030513 00090693 4cd010ef 000d0313 00050c13 00058413 00030513 00090593 45c020ef 00148493 03050e13 ffc48fa3 ec9cf4e3 01412883 01812783 4fbcfa63 000ccd83 03900a13 005d8a93 0ffaf993 013c8023 073a7c63 000c8593 03000e93 03100713 03900f93 01d58023 1cb7e863 00e58023 0008ab83 00058b13 001b8093 0018a023 0197f463 01dc8023 0005c603 001c8c93 02cffc63 1cb7e663 03100f13 03000813 03900d13 01eb0023 0008a903 00190313 0068a023 1997fe63 010c8023 000b4383 001c8c93 fe7d60e3 000c8023 06c12083 06812403 06412483 06012903 05c12983 05812a03 05412a83 05012b03 04c12b83 04812c03 04412c83 04012d03 03c12d83 00078513 07010113 00008067 014b5a93 00cb9c13 018aecb3 00cb1d13 019d6db3 900d80e3 000b0493 000b8413 901ff06f 419a0933 00797513 00078613 0a050463 00100f13 09e50663 00200713 06e50a63 00300293 04550e63 00400b93 05750263 00500f93 03f50663 00600593 00b50a63 000ccb03 00178613 001c8c93 01678023 000cc383 00160613 001c8c93 fe760fa3 000cc683 00160613 001c8c93 fed60fa3 000cce03 00160613 001c8c93 ffc60fa3 000cce83 00160613 001c8c93 ffd60fa3 000cc803 00160613 001c8c93 ff060fa3 000cc083 001c8c93 00160613 fe160fa3 059a0863 000ccd03 008c8c93 00860613 ffa60c23 ff9ccc03 ff860ca3 ffacc303 fe660d23 ffbcc903 ff260da3 ffccc503 fea60e23 ffdccf03 ffe60ea3 ffecc703 fee60f23 fffcc283 fe560fa3 fb9a1ce3 050a8913 b4dff06f fff5c403 fff58b13 00140e13 0ffe7613 fec58fa3 e45ff06f 000b4283 001c8c93 e45d66e3 e6dff06f 000b0593 e01ff06f 01cb7433 00000c13 c6dff06f 00000c13 012b7433 cfdff06f 40000793 fef718e3 01455393 00c59713 00e3eeb3 00c51f93 01dfe6b3 fc068ce3 00050c13 00058413 cd1ff06f 00048513 00040593 00000613 00000693 01f12a23 01d12423 264010ef 00812883 01412783 26a05263 80c1a603 8101a683 0000fbb7 00048513 00040593 3f8010ef 198baa03 8081aa83 00050913 000a0613 000a8693 00058993 300010ef 00812883 01412783 00000d93 2e055e63 8101ab83 80c1ab03 00088d13 00078c93 00090513 00098593 000b0613 000b8693 3a8010ef fffd8d93 000a0613 000a8693 00090493 00098413 000d8c13 00050993 00058913 2a8010ef 0a055663 00098513 00090593 000b0613 000b8693 36c010ef 000a0613 000a8693 00098493 00090413 fffd8d93 00050993 00058913 270010ef 06055a63 00098513 00090593 000b0613 000b8693 334010ef 000a0613 000a8693 00098493 00090413 ffec0d93 00050993 00058913 238010ef 02055e63 00098513 00090593 000b0613 000b8693 2fc010ef 000a0613 000a8693 00098493 00090413 ffdc0d93 00050913 00058993 200010ef f20540e3 01812a83 000d8993 000d0893 000c8793 013a89b3 000c8913 01b8a023 01378cb3 96fcf6e3 00078023 c99ff06f 16094e63 be180a13 140a4263 00100ab7 fffa8c13 014c5333 00000093 006b72b3 001bf3b3 0072e533 dc050063 00f12a23 01112423 fff34793 fff0c893 0178f9b3 0167f933 000b0513 000b8593 00090613 00098693 045010ef 00812883 01412783 00050493 00058413 00090b13 00098b93 d84ff06f 00812083 01f00d13 408d0833 fff00613 01009c33 00865f33 01ec62b3 008bd733 b0dff06f 00812683 01f00393 40e38eb3 fff00093 01d69833 00e0d633 00c86d33 00ebd333 a49ff06f 00000393 00bb7eb3 00058413 00050c13 00038313 000e8593 9d1ff06f 00000313 00bb72b3 00058413 00050c13 00030893 00028593 a51ff06f 040787a3 b9dff06f 00078913 00000993 00000d93 845ff06f 40000c13 038e1863 01455613 00c59313 00666f33 00c51293 01e2e733 00070c63 00050493 00058413 90dff06f 00058913 811ff06f 00000493 01ab7433 8f9ff06f 00200cb7 01f00d13 412d0db3 ffec8e13 fff00f13 00100437 01be1eb3 012f5fb3 fff40713 01fee333 012750b3 ea5ff06f 800004b7 0174f833 000b8413 000b0493 00080b93 00000b13 c60ff06f 00812f03 01f00613 41c60333 fff00713 006f12b3 01c75fb3 01f2e0b3 01cbdc33 835ff06f 00000813 00bb70b3 00050493 00058413 00080513 00008593 86dff06f 00078913 00000993 f6cff06f 00000000 00000000 00000000 00000000 00100837 fff80813 fe010113 00b878b3 0145d713 01d55793 00d87833 00912a23 7ff77493 00389713 0146d893 00381813 01212823 00e7e7b3 7ff8f893 01d65713 00112e23 00812c23 01312623 01f5d913 01f6d693 01076733 00351513 00361613 41148833 2ad91a63 11005c63 04089063 00c766b3 66068063 fff80593 02059063 00c50633 00a636b3 00e78733 00060513 00d707b3 00100493 06c0006f 7ff00693 02d81063 7ff00493 1f80006f 7ff00693 1ed48863 008006b7 00d76733 00080593 03800693 0ab6c863 01f00693 06b6ca63 02000813 40b80833 010716b3 00b658b3 01061833 0116e6b3 01003833 0106e6b3 00b755b3 00a68533 00f585b3 00d536b3 00d587b3 00879713 18075c63 00148493 7ff00713 5ae48a63 ff800737 fff70713 00e7f733 00155793 00157513 00a7e7b3 01f71513 00f56533 00175793 1640006f fe058693 02000893 00d756b3 00000813 01158863 04000813 40b80833 01071833 00c86833 01003833 0106e6b3 00000593 f85ff06f 00c766b3 00d036b3 ff1ff06f 0c080a63 409886b3 02049463 00a7e5b3 50058e63 fff68593 ee0584e3 7ff00813 03069263 00070793 00060513 ef9ff06f 7ff00593 feb888e3 008005b7 00b7e7b3 00068593 03800693 08b6c063 01f00693 04b6c263 02000813 40b80833 010796b3 00b55333 01051833 0066e6b3 01003833 0106e6b3 00b7d5b3 00c68633 00e585b3 00d636b3 00060513 00d587b3 00088493 ef5ff06f fe058693 02000313 00d7d6b3 00000813 00658863 04000813 40b80833 01079833 00a86833 01003833 0106e6b3 00000593 fb5ff06f 00a7e6b3 00d036b3 ff1ff06f 00148693 7fe6f593 08059663 00a7e6b3 06049263 44068863 00c766b3 02068863 00c50633 00a636b3 00e78733 00d707b3 00879713 00060513 00075a63 ff800737 fff70713 00e7f7b3 00100493 00757713 44070863 00f57713 00400693 44d70263 00450713 00a736b3 00d787b3 00070513 4300006f ec068ee3 00c76633 dc060ae3 00000913 004007b7 00000513 7ff00493 4100006f 7ff00593 3cb68c63 00c50633 00a63533 00e78733 00a70733 01f71513 00165613 00c56533 00175793 00068493 f8dff06f 0f005c63 08089e63 00c766b3 3a068863 fff80693 02069063 40c50633 00c536b3 40e78733 00060513 40d707b3 00100493 0540006f 7ff00593 d4b80ae3 03800593 0ad5c663 01f00593 06d5c863 02000813 40d80833 00d658b3 010715b3 01061833 0115e5b3 01003833 0105e633 00d756b3 40c50633 00c53733 40d786b3 00060513 40e687b3 00879713 f00750e3 00800437 fff40413 0087f433 00050993 2100006f 7ff00693 eed482e3 008006b7 00d76733 00080693 f89ff06f fe068593 02000893 00b755b3 00000813 01168863 04000813 40d80833 01071833 00c86833 01003833 0105e633 00000693 f89ff06f 00c76633 00c03633 ff1ff06f 0e080863 40988833 04049263 00a7e5b3 2a058e63 fff80593 00059e63 40a60533 40f70733 00a63633 40c707b3 00068913 f05ff06f 7ff00313 02681463 00070793 00060513 7ff00493 0d00006f 7ff00593 feb886e3 008005b7 00b7e7b3 00080593 03800813 08b84063 01f00813 04b84263 02000313 40b30333 00b55e33 00679833 00651333 01c86833 00603333 00686533 00b7d5b3 40a60533 40b705b3 00a63633 40c587b3 00088493 00068913 ee1ff06f fe058813 02000e13 0107d833 00000313 01c58863 04000313 40b30333 00679333 00a36333 00603333 00686533 00000593 fb5ff06f 00a7e533 00a03533 ff1ff06f 00148593 7fe5f593 08059663 00a7e833 00c765b3 06049063 00081c63 10058e63 00070793 00060513 00068913 d75ff06f d60588e3 40c50833 010538b3 40e785b3 411585b3 00859893 0008dc63 40a60533 40f70733 00a63633 40c707b3 fcdff06f 00b86533 18050463 00058793 00080513 d31ff06f 00081c63 d4058ee3 00070793 00060513 00068913 b1dff06f b0058ce3 d45ff06f 40c505b3 00b53833 40e78433 41040433 00841813 00058993 08085063 40a609b3 40f70433 01363633 40c40433 00068913 06040e63 00040513 41d010ef ff850693 02000793 40d787b3 00d41433 00f9d7b3 0087e7b3 00d99433 0a96c463 409686b3 00168613 01f00713 06c74263 02000713 40c70733 00e79533 00c456b3 00e41733 00d56533 00e03733 00e56533 00c7d7b3 00000493 c79ff06f 0085e5b3 f8059ae3 00000493 00000913 08c0006f 00098513 3a5010ef 01850693 01f00793 f8d7d2e3 ff850793 00f997b3 f91ff06f fe168693 00d7d533 02000693 00000713 00d60863 04000713 40c70733 00e79733 00e46733 00e03733 00e56533 00000793 f95ff06f ff800737 fff70713 40d484b3 00e7f7b3 00040513 bf9ff06f 00070793 00060513 c5dff06f 00070793 00060513 be1ff06f 7ff00493 00000793 00000513 0240006f 00080493 bc9ff06f 00070793 00060513 00080493 e41ff06f 00000793 00000913 00879713 00075e63 00148493 7ff00713 08e48263 ff800737 fff70713 00e7f7b3 01d79693 00355513 7ff00713 00a6e6b3 0037d793 00e49e63 00f6e6b3 00000793 00068863 000807b7 00000693 00000913 01449713 7ff00637 00c79793 00c77733 01c12083 01812403 00c7d793 00f767b3 01f91713 00e7e633 01412483 01012903 00c12983 00068513 00060593 02010113 00008067 00000793 00000513 f85ff06f fd010113 0145d813 02912223 03212023 01312e23 01612823 01712623 00c59493 02112623 02812423 01412c23 01512a23 7ff87813 00050b13 00060b93 00068913 00c4d493 01f5d993 0a080063 7ff00793 10f80063 01d55a13 00349493 009a6a33 008007b7 00fa6a33 00351413 c0180a93 00000b13 01495713 00c91493 7ff77713 00c4d493 01f95913 10070263 7ff00793 16f70663 00349493 01dbd793 0097e7b3 008004b7 0097e4b3 003b9f13 c0170713 00000793 40ea8833 002b1713 00f76733 fff70713 00e00693 0129c633 16e6e463 0000e6b7 00271713 05868693 00d70733 00072703 00070067 00a4ea33 060a0e63 02048e63 00048513 15d010ef ff550793 01d00a13 ff850713 40fa0a33 00e494b3 014b5a33 009a6a33 00eb14b3 c0d00813 40a80ab3 00048413 f49ff06f 129010ef 00050a13 015a0793 01c00713 02050513 fcf750e3 ff8a0a13 014b1a33 fd1ff06f 00a4ea33 020a1263 00000413 7ff00a93 00200b13 f11ff06f 00000413 00000a93 00100b13 f01ff06f 00050413 00048a13 7ff00a93 00300b13 eedff06f 0174ef33 080f0263 04048063 00048513 0b9010ef ff550713 01d00793 ff850693 40e787b3 00d494b3 00fbd7b3 0097e7b3 00db94b3 c0d00713 00048f13 40a70733 00078493 ee1ff06f 000b8513 07d010ef 00050793 01578713 01c00693 02050513 fae6dce3 ff878793 00fb97b3 fc9ff06f 0174ef33 020f1263 00000493 7ff00713 00200793 ea5ff06f 00000493 00000713 00100793 e95ff06f 000b8f13 7ff00713 00300793 e85ff06f 0144e663 349a1c63 35e46a63 01fa1693 00145793 01f41713 001a5a13 00f6e433 00849893 018f5593 0115e5b3 0108d893 031a5eb3 01059313 01035313 01045793 008f1513 031a7a33 000e8693 03d30e33 010a1a13 0147e7b3 01c7fe63 00f587b3 fffe8693 00b7e863 01c7f663 ffee8693 00b787b3 41c787b3 0317df33 01041413 01045413 0317f7b3 000f0e13 03e30eb3 01079793 00f467b3 01d7fe63 00f587b3 ffff0e13 00b7e863 01d7f663 ffef0e13 00b787b3 01069693 00010437 01c6e2b3 fff40e13 01c2f6b3 0102df93 01c57e33 41d787b3 01055e93 02de03b3 03cf84b3 02de86b3 00968f33 0103d693 01e686b3 03df8fb3 0096f463 008f8fb3 0106df13 01ff0f33 00010fb7 ffff8f93 01f6f6b3 01069693 01f3f3b3 007686b3 01e7e863 00028493 05e79863 04d77663 00a70fb3 00efb3b3 00b38433 008787b3 fff28493 000f8713 00f5e663 02f59663 02039463 01e7e663 02ff1063 00dffe63 01f50fb3 000f8713 00afbfb3 00bf8fb3 ffe28493 01f787b3 40d706b3 41e787b3 00d73733 40e787b3 fff00f13 12f58663 0317dfb3 0106d713 0317f7b3 03f30f33 01079793 00f767b3 000f8713 01e7fe63 00f587b3 ffff8713 00b7e863 01e7f663 ffef8713 00b787b3 41e787b3 0317df33 01069693 0106d693 0317f7b3 000f0893 03e30333 01079793 00f6e7b3 0067fe63 00f587b3 ffff0893 00b7e863 0067f663 ffef0893 00b787b3 01071693 0116e6b3 01069713 01075713 406787b3 0106d313 03c70f33 03c30e33 026e8333 02ee8eb3 010f5713 01ce8eb3 01d70733 01c77663 000108b7 01130333 01075893 006888b3 00010337 fff30313 00677733 01071713 006f7f33 01e70733 0117e863 23179c63 00068f13 04070263 00f587b3 fff68f13 00078313 02b7e463 0117e663 21179a63 02e57063 ffe68f13 00151693 00a6b333 00b30333 00678333 00068513 01131463 00a70463 001f6f13 3ff80713 10e05263 007f7793 02078063 00ff7793 00400693 00d78a63 004f0793 01e7b6b3 00d484b3 00078f13 00749793 0007da63 ff0007b7 fff78793 00f4f4b3 40080713 7fe00793 08e7ca63 003f5f13 01d49793 01e7ef33 0034d513 00c51513 02c12083 02812403 00c55513 01471713 00a76733 01f61613 00c767b3 02412483 02012903 01c12983 01812a03 01412a83 01012b03 00c12b83 000f0513 00078593 03010113 00008067 fff80813 00000713 cbdff06f 00098613 000a0493 00040f13 000b0793 00300713 0ee78863 00100713 0ee78e63 00200713 f2e794e3 00000513 00000f13 7ff00713 f75ff06f 00090613 fd5ff06f 000804b7 00000f13 00000613 00300793 fc1ff06f 00100513 40e50533 03800793 0aa7cc63 01f00793 06a7c463 41e80813 010497b3 00af5733 010f1833 00e7e7b3 01003833 0107e7b3 00a4d533 0077f713 02070063 00f7f713 00400693 00d70a63 00478713 00f736b3 00d50533 00070793 00851713 06074863 01d51f13 0037d793 00ff6f33 00355513 00000713 eddff06f fe100793 40e787b3 02000693 00f4d7b3 00000713 00d50663 43e80713 00e49733 01e76733 00e03733 00e7e7b3 00000513 f8dff06f 00080537 00000f13 7ff00713 00000613 e95ff06f 00000513 00000f13 fa9ff06f 00000513 00000f13 00100713 e79ff06f 000f0693 00068f13 e0dff06f 0145d713 001007b7 fff78793 0146d813 00050313 00050e93 7ff77713 7ff00513 00b7f8b3 00060f13 00d7f7b3 01f5d593 7ff87813 01f6d693 00a71c63 0068ee33 00100513 000e1463 00e80663 00008067 00a81863 00c7e633 00100513 fe0618e3 00100513 ff0714e3 fef892e3 ffee90e3 00d58a63 fc071ce3 0068e8b3 01103533 00008067 00000513 00008067 0146d793 0145d893 00100737 fff70713 00050813 00050e13 7ff8f893 7ff7f513 7ff00793 00b77333 00060e93 00d77733 01f5d593 01f6d693 00f89663 010367b3 06079c63 7ff00793 00f51663 00c767b3 06079463 00000793 00089663 01036833 00183793 04051e63 00c76633 00078c63 02060063 00100513 00069c63 fff00513 00008067 04061063 fff00513 04058463 00008067 fea8c0e3 fe6768e3 00e31863 ffcee4e3 00000513 ffde74e3 00100513 fe0590e3 fc9ff06f ffe00513 00008067 fa079ae3 fcb692e3 fd1556e3 fff00513 fc0690e3 00100513 00008067 0146d793 0145d893 00100737 fff70713 00050813 00050e13 7ff8f893 7ff7f513 7ff00793 00b77333 00060e93 00d77733 01f5d593 01f6d693 00f89663 010367b3 06079c63 7ff00793 00f51663 00c767b3 06079463 00000793 00089663 01036833 00183793 04051e63 00c76633 00078c63 02060063 00100513 00069c63 fff00513 00008067 04061063 fff00513 04058463 00008067 fea8c0e3 fe6768e3 00e31863 ffcee4e3 00000513 ffde74e3 00100513 fe0590e3 fc9ff06f 00200513 00008067 fa079ae3 fcb692e3 fd1556e3 fff00513 fc0690e3 00100513 00008067 fd010113 01512a23 0145da93 02812423 02912223 01312e23 01412c23 01612823 00c59493 02112623 03212023 01712623 7ffafa93 00050413 00060b13 00068993 00c4d493 01f5da13 240a8e63 7ff00793 2cfa8063 00349493 01d55793 0097e7b3 008004b7 0097e4b3 00351913 c01a8a93 00000b93 0149d713 00c99413 7ff77713 00c45413 01f9d993 2c070063 7ff00793 32f70463 00341413 01db5793 0087e7b3 00800437 0087e433 c0170693 003b1793 00000713 00da8ab3 002b9693 00e6e6b3 00a00613 001a8513 40d64663 00200613 013a45b3 30d64e63 fff68693 00100613 32d67a63 00010337 fff30e13 01095713 0107d893 01c97933 01c7ff33 03e907b3 03e70eb3 0107d813 03288633 01d60633 00c80833 031706b3 01d87463 006686b3 01085293 01c87833 01c7f7b3 01045613 01c47e33 01081813 00f80833 03c90eb3 03c707b3 03260933 02c70333 00f90933 010ed713 01270733 00f77663 000107b7 00f30333 00010437 01075793 fff40f93 00678333 01f777b3 01fefeb3 01079793 01f4ffb3 01d787b3 0104de93 03ff03b3 00f282b3 03ee8f33 0103d713 03d884b3 03f888b3 01e888b3 01170733 01e77463 008484b3 01075f13 009f0f33 000104b7 fff48413 00877733 0083f3b3 01071713 007708b3 03fe03b3 03ce8e33 03d60eb3 03f60633 0103df93 01c60633 00cf8fb3 01cff463 009e8eb3 008ff733 0083f3b3 01071713 005686b3 00770733 00670333 00f6b7b3 00f307b3 00e33633 011688b3 0067b333 00666633 00d8b6b3 01e78333 00d306b3 00f33733 010fdf93 0066b333 00989793 01f60633 00676733 00c70733 0107e7b3 01d70733 00f037b3 0178d893 00971713 0176d413 0117e7b3 00969693 00d7e7b3 00771693 00876433 0206d063 0017d713 0017f793 00f76733 01f41793 00f767b3 00145413 00050a93 000a8513 18c0006f 00a4e933 08090063 04048063 00048513 681000ef ff550713 01d00793 ff850693 40e787b3 00d494b3 00f457b3 0097e7b3 00d414b3 c0d00a93 00048913 40aa8ab3 00078493 d89ff06f 649000ef 00050793 01578713 01c00693 02050513 fae6dee3 ff878793 00f417b3 fcdff06f 00a4e933 02091263 00000493 7ff00a93 00200b93 d51ff06f 00000493 00000a93 00100b93 d41ff06f 00050913 7ff00a93 00300b93 d31ff06f 016467b3 08078263 04040063 00040513 5dd000ef ff550693 01d00713 ff850793 40d70733 00f41433 00eb5733 00876733 00fb1433 c0d00693 00040793 40a686b3 00070413 d25ff06f 000b0513 5a1000ef 00050793 01578693 01c00713 02050513 fad75ce3 ff878793 00fb1733 fc9ff06f 016467b3 02079263 00000413 7ff00693 00200713 ce9ff06f 00000413 00000693 00100713 cd9ff06f 000b0793 7ff00693 00300713 cc9ff06f 00100613 00d61633 53067693 0e069663 24067813 1a081a63 08867613 cc060ce3 00098593 00200693 18d70863 00300693 1ad70463 00100693 1ad70663 3ff50613 0cc05463 0077f713 02070063 00f7f713 00400693 00d70a63 00478713 00f736b3 00d40433 00070793 00741713 00075a63 ff000737 fff70713 00e47433 40050613 7fe00713 12c74a63 0037d793 01d41693 00f6e6b3 00345713 00c71713 02c12083 02812403 01461613 00c75713 01f59593 00e66633 00b667b3 02412483 02012903 01c12983 01812a03 01412a83 01012b03 00c12b83 00068513 00078593 03010113 00008067 00f00613 0ec68863 00b00613 000a0593 f2c686e3 00048413 00090793 000b8713 f21ff06f 00100713 40c70733 03800693 0ce6c863 01f00693 06e6c463 41e50513 00e7d633 00a416b3 00a79533 00c6e6b3 00a03533 00a6e7b3 00e45733 0077f693 02068063 00f7f693 00400613 00c68a63 00478693 00f6b633 00c70733 00068793 00871693 0806c463 01d71693 0037d793 00f6e6b3 00375713 00000613 f19ff06f fe100693 40c686b3 02000813 00d456b3 00000613 01070663 43e50613 00c41633 00f66633 00c03633 00c6e7b3 00000713 f8dff06f 00000713 00000693 7ff00613 ed5ff06f 00080737 7ff00613 00000593 ec5ff06f 00080737 00000693 fedff06f 00000713 00000693 f91ff06f 00000713 00000693 00100613 e9dff06f 00100837 fff80813 fe010113 00b878b3 0145d713 01d55793 00d87833 01212823 7ff77913 00389713 0146d893 00912a23 00e7e7b3 01f5d493 01d65713 00381813 00112e23 00812c23 01312623 7ff8f893 7ff00593 00351513 01f6d693 01076733 00361613 00b89663 00c765b3 00059463 0016c693 41190833 2a969a63 11005c63 04089063 00c766b3 66068063 fff80593 02059063 00c50633 00a636b3 00e78733 00060513 00d707b3 00100913 06c0006f 7ff00693 02d81063 7ff00913 1f80006f 7ff00693 1ed90863 008006b7 00d76733 00080593 03800693 0ab6c863 01f00693 06b6ca63 02000813 40b80833 010716b3 00b658b3 01061833 0116e6b3 01003833 0106e6b3 00b755b3 00a68533 00f585b3 00d536b3 00d587b3 00879713 18075c63 00190913 7ff00713 5ae90a63 ff800737 fff70713 00e7f733 00155793 00157513 00a7e7b3 01f71513 00f56533 00175793 1640006f fe058693 02000893 00d756b3 00000813 01158863 04000813 40b80833 01071833 00c86833 01003833 0106e6b3 00000593 f85ff06f 00c766b3 00d036b3 ff1ff06f 0c080a63 412886b3 02091463 00a7e5b3 50058e63 fff68593 ee0584e3 7ff00813 03069263 00070793 00060513 ef9ff06f 7ff00593 feb888e3 008005b7 00b7e7b3 00068593 03800693 08b6c063 01f00693 04b6c263 02000813 40b80833 010796b3 00b55333 01051833 0066e6b3 01003833 0106e6b3 00b7d5b3 00c68633 00e585b3 00d636b3 00060513 00d587b3 00088913 ef5ff06f fe058693 02000313 00d7d6b3 00000813 00658863 04000813 40b80833 01079833 00a86833 01003833 0106e6b3 00000593 fb5ff06f 00a7e6b3 00d036b3 ff1ff06f 00190693 7fe6f593 08059663 00a7e6b3 06091263 44068863 00c766b3 02068863 00c50633 00a636b3 00e78733 00d707b3 00879713 00060513 00075a63 ff800737 fff70713 00e7f7b3 00100913 00757713 44070863 00f57713 00400693 44d70263 00450713 00a736b3 00d787b3 00070513 4300006f ec068ee3 00c76633 dc060ae3 00000493 004007b7 00000513 7ff00913 4100006f 7ff00593 3cb68c63 00c50633 00a63533 00e78733 00a70733 01f71513 00165613 00c56533 00175793 00068913 f8dff06f 0f005c63 08089e63 00c766b3 3a068863 fff80693 02069063 40c50633 00c536b3 40e78733 00060513 40d707b3 00100913 0540006f 7ff00593 d4b80ae3 03800593 0ad5c663 01f00593 06d5c863 02000813 40d80833 00d658b3 010715b3 01061833 0115e5b3 01003833 0105e633 00d756b3 40c50633 00c53733 40d786b3 00060513 40e687b3 00879713 f00750e3 00800437 fff40413 0087f433 00050993 2100006f 7ff00693 eed902e3 008006b7 00d76733 00080693 f89ff06f fe068593 02000893 00b755b3 00000813 01168863 04000813 40d80833 01071833 00c86833 01003833 0105e633 00000693 f89ff06f 00c76633 00c03633 ff1ff06f 0e080863 41288833 04091263 00a7e5b3 2a058e63 fff80593 00059e63 40a60533 40f70733 00a63633 40c707b3 00068493 f05ff06f 7ff00313 02681463 00070793 00060513 7ff00913 0d00006f 7ff00593 feb886e3 008005b7 00b7e7b3 00080593 03800813 08b84063 01f00813 04b84263 02000313 40b30333 00b55e33 00679833 00651333 01c86833 00603333 00686533 00b7d5b3 40a60533 40b705b3 00a63633 40c587b3 00088913 00068493 ee1ff06f fe058813 02000e13 0107d833 00000313 01c58863 04000313 40b30333 00679333 00a36333 00603333 00686533 00000593 fb5ff06f 00a7e533 00a03533 ff1ff06f 00190593 7fe5f593 08059663 00c765b3 00a7e833 06091063 00081c63 10058e63 00070793 00060513 00068493 d75ff06f d60588e3 40c50833 010538b3 40e785b3 411585b3 00859893 0008dc63 40a60533 40f70733 00a63633 40c707b3 fcdff06f 00b86533 18050463 00058793 00080513 d31ff06f 00081c63 d4058ee3 00070793 00060513 00068493 b1dff06f b0058ce3 d45ff06f 40c505b3 00b53833 40e78433 41040433 00841813 00058993 08085063 40a609b3 40f70433 01363633 40c40433 00068493 06040e63 00040513 564000ef ff850693 02000793 40d787b3 00d41433 00f9d7b3 0087e7b3 00d99433 0b26c463 412686b3 00168613 01f00713 06c74263 02000713 40c70733 00e79533 00c456b3 00e41733 00d56533 00e03733 00e56533 00c7d7b3 00000913 c79ff06f 0085e5b3 f8059ae3 00000913 00000493 08c0006f 00098513 4ec000ef 01850693 01f00793 f8d7d2e3 ff850793 00f997b3 f91ff06f fe168693 00d7d533 02000693 00000713 00d60863 04000713 40c70733 00e79733 00e46733 00e03733 00e56533 00000793 f95ff06f ff800737 fff70713 40d90933 00e7f7b3 00040513 bf9ff06f 00070793 00060513 c5dff06f 00070793 00060513 be1ff06f 7ff00913 00000793 00000513 0240006f 00080913 bc9ff06f 00070793 00060513 00080913 e41ff06f 00000793 00000493 00879713 00075e63 00190913 7ff00713 08e90263 ff800737 fff70713 00e7f7b3 01d79693 00355513 7ff00713 00a6e6b3 0037d793 00e91e63 00f6e6b3 00000793 00068863 000807b7 00000693 00000493 01491713 7ff00637 00c79793 00c77733 01c12083 01812403 00c7d793 00f767b3 01f49713 00e7e633 01412483 01012903 00c12983 00068513 00060593 02010113 00008067 00000793 00000513 f85ff06f 0145d713 001006b7 fff68793 7ff77713 3fe00613 00b7f7b3 01f5d593 04e65e63 41d00613 00e65a63 80000537 fff50513 00a58533 00008067 00d7e7b3 43300693 40e686b3 01f00613 02d64063 bed70713 00e797b3 00d55533 00a7e533 02058063 40a00533 00008067 41300693 40e68733 00e7d533 fe9ff06f 00000513 00008067 0145d713 00100837 fff80793 7ff77713 3fe00613 00b7f7b3 00050693 01f5d593 04e65a63 0015c613 41e60613 fff58513 04c75463 00000513 04059063 43300613 40e60633 01f00593 0107e7b3 00c5cc63 bed70713 00e797b3 00c6d533 00a7e533 00008067 41300693 40e68733 00e7d533 00008067 00000513 00008067 ff010113 00812423 00112623 00050413 06050263 28c000ef 41e00713 00a00793 40a70733 04a7c063 00b00793 40a787b3 01550513 00f457b3 00a41433 00c12083 00040513 00c79793 00812403 01471713 00c7d793 00f766b3 00068593 01010113 00008067 ff550513 00a417b3 00000413 fcdff06f 00000793 00000713 fc1ff06f fe010113 00112e23 00812c23 00912a23 01212823 01312623 01412423 00b567b3 16078c63 00050493 00058913 00058413 08058463 00058513 1e8000ef 00050993 43e00a13 413a0a33 43300793 0947c463 00b00793 00048713 14f98863 02a00793 0737c263 02b00413 ff598793 41340433 0084d433 00f91933 01246433 00f49733 01c12083 00c41593 01812403 014a1a13 00c5d593 00ba67b3 01412483 01012903 00c12983 00812a03 00070513 00078593 02010113 00008067 168000ef 02050993 f81ff06f fd598593 00b49433 00000713 fb1ff06f 43600793 0347dc63 03898613 00048513 00090593 100000ef 00b56533 00800613 00a03433 00090593 00048513 41360633 0ac000ef 00a464b3 00058913 00800793 00048713 0337d063 02800793 ff898693 413787b3 00d91933 00f4d7b3 0127e933 00d49733 ff8007b7 fff78793 00f975b3 00777793 02078063 00f77793 00400693 00d78a63 00470793 00e7b6b3 00d585b3 00078713 00859793 0007dc63 ff8007b7 fff78793 43f00a13 00f5f5b3 413a0a33 00375713 01d59793 00e7e733 0035d413 eedff06f 00000413 00000713 00000a13 eddff06f 43300a13 ed5ff06f 02060063 02000793 40c787b3 00f04c63 fe060613 00c5d533 00000713 00070593 00008067 00c5d733 00c55533 00f595b3 00b56533 fe9ff06f 02060063 02000793 40c787b3 00f04c63 fe060613 00c515b3 00000713 00070513 00008067 00c51733 00c595b3 00f55533 00a5e5b3 fe9ff06f 000107b7 02f57a63 10053793 0017b793 00379793 0000e737 02000693 40f686b3 00f55533 09470793 00a787b3 0007c503 40a68533 00008067 01000737 01800793 fce57ae3 01000793 fcdff06f 70206b36 6f667265 6e616d72 72206563 70206e75 6d617261 72657465 6f662073 6f632072 616d6572 0a2e6b72 00000000 76206b36 64696c61 6f697461 7572206e 6170206e 656d6172 73726574 726f6620 726f6320 72616d65 000a2e6b 666f7250 20656c69 656e6567 69746172 72206e6f 70206e75 6d617261 72657465 6f662073 6f632072 616d6572 0a2e6b72 00000000 70204b32 6f667265 6e616d72 72206563 70206e75 6d617261 72657465 6f662073 6f632072 616d6572 0a2e6b72 00000000 76204b32 64696c61 6f697461 7572206e 6170206e 656d6172 73726574 726f6620 726f6320 72616d65 000a2e6b 5d75255b 4f525245 6c202152 20747369 20637263 30257830 2d207834 6f687320 20646c75 30206562 34302578 00000a78 5d75255b 4f525245 6d202152 69727461 72632078 78302063 78343025 73202d20 6c756f68 65622064 25783020 0a783430 00000000 5d75255b 4f525245 73202152 65746174 63726320 25783020 20783430 6873202d 646c756f 20656220 30257830 000a7834 65726f43 6b72614d 7a695320 20202065 25203a20 000a756c 61746f54 6974206c 20736b63 20202020 25203a20 000a756c 61746f54 6974206c 2820656d 73636573 25203a29 00000a66 72657449 6f697461 532f736e 20206365 25203a20 00000a66 4f525245 4d202152 20747375 63657865 20657475 20726f66 6c207461 74736165 20303120 73636573 726f6620 76206120 64696c61 73657220 21746c75 0000000a 72657449 6f697461 2020736e 20202020 25203a20 000a756c 31434347 2e332e33 00000030 706d6f43 72656c69 72657620 6e6f6973 25203a20 00000a73 20334f2d 4550442d 524f4652 434e414d 55525f45 00313d4e 706d6f43 72656c69 616c6620 20207367 25203a20 00000a73 54415453 00004349 6f6d654d 6c207972 7461636f 206e6f69 25203a20 00000a73 64656573 20637263 20202020 20202020 30203a20 34302578 00000a78 5d64255b 6c637263 20747369 20202020 203a2020 30257830 000a7834 5d64255b 6d637263 69727461 20202078 203a2020 30257830 000a7834 5d64255b 73637263 65746174 20202020 203a2020 30257830 000a7834 5d64255b 66637263 6c616e69 20202020 203a2020 30257830 000a7834 72726f43 20746365 7265706f 6f697461 6176206e 6164696c 2e646574 65655320 61657220 2e656d64 20747874 20726f66 206e7572 20646e61 6f706572 6e697472 75722067 2e73656c 0000000a 65726f43 6b72614d 302e3120 25203a20 202f2066 25207325 00000073 25202f20 00000073 6e6e6143 7620746f 64696c61 20657461 7265706f 6f697461 6f66206e 68742072 20657365 64656573 6c617620 2c736575 656c7020 20657361 706d6f63 20657261 68746977 73657220 73746c75 206e6f20 6e6b2061 206e776f 74616c70 6d726f66 00000a2e 6f727245 64207372 63657465 0a646574 00000000 332e3054 46312d65 00000000 542e542d 71542b2b 00000000 2e335431 7a346534 00000000 302e3433 5e542d65 00000000 30352e35 332b6530 00000000 32312e2d 322d6533 00000000 6537382d 3233382b 00000000 362e302b 32312d65 00000000 352e3533 30303434 00000000 3332312e 30303534 00000000 3031312d 3030372e 00000000 362e302b 30303434 00000000 32313035 00000000 34333231 00000000 3437382d 00000000 3232312b 00000000 65726f43 6b72614d 25204020 7a482075 0000000a 65726f43 6b72614d 6e6f6420 00000a65 4c554e3c 00003e4c 33323130 37363534 62613938 66656463 6a696867 6e6d6c6b 7271706f 76757473 7a797877 00000000 33323130 37363534 42413938 46454443 4a494847 4e4d4c4b 5251504f 56555453 5a595857 00000000 0000ddb0 0000ddbc 0000ddc8 0000ddd4 0000dde0 0000ddec 0000ddf8 0000de04 0000de10 0000de1c 0000de28 0000de34 0000de40 0000de48 0000de50 0000de58 00005c48 00005c28 00005c30 00005c38 00005c40 00005c20 00006bf8 00006b68 00006b68 00006bec 00006b68 00006b68 00006b68 00006b68 00006b68 00006b68 00006b68 00006be0 00006b68 00006bd4 00006b68 00006b68 00006bc8 00007e94 0000783c 0000783c 0000783c 0000783c 0000783c 0000783c 0000783c 0000783c 0000783c 0000783c 0000783c 0000783c 0000783c 0000783c 0000783c 0000783c 0000783c 0000783c 0000783c 0000783c 0000783c 0000783c 000084a4 0000783c 0000783c 0000783c 0000783c 0000783c 0000783c 0000783c 0000783c 00008ef0 0000783c 0000935c 00006da0 0000783c 000078ac 0000783c 0000783c 00006da0 0000783c 0000783c 0000783c 0000783c 0000783c 000084c4 000084e0 0000783c 0000783c 00008b18 0000783c 00006da4 0000783c 0000783c 00008afc 0000c4b4 0000c5a4 0000c4c4 0000c5a4 0000c4cc 0000c5a4 0000c4c4 0000c4b4 0000c4b4 0000c4cc 0000c4c4 0000c48c 0000c48c 0000c48c 0000c4cc 02020100 03030303 04040404 04040404 05050505 05050505 05050505 05050505 06060606 06060606 06060606 06060606 06060606 06060606 06060606 06060606 07070707 07070707 07070707 07070707 07070707 07070707 07070707 07070707 07070707 07070707 07070707 07070707 07070707 07070707 07070707 07070707 08080808 08080808 08080808 08080808 08080808 08080808 08080808 08080808 08080808 08080808 08080808 08080808 08080808 08080808 08080808 08080808 08080808 08080808 08080808 08080808 08080808 08080808 08080808 08080808 08080808 08080808 08080808 08080808 08080808 08080808 08080808 08080808 00000000 00000000 00000000 00000000 00000000 00000000 00000000 00000000 00000000 00000000 00000000 00000000 00000000 00000000 00000000 00000000 00000000 00000000 00000000 00000000 00000000 00000000 00000000 00000000 00000000 00000000 00000000 00000000 00000000 00000000 00000000 00000000 00000000 00000000 00000000 00000000 00000000 00000000 00000000 00000000 00000000 00000000 00000000 00000000 00000000 00000000 00000000 00000000 00000000 00000000 00000000 00000000 00000000 00000000 00000000 00000000 00000000 00000000 00000000 00000000 00000000 00000000 00000000 00000000 00000000 00000000 00000000 00000000 00000000 00000000 00000000 00000000 00000000 00000000 00000000 00000000 00000000 00000000 00000000 00000000 00000000 00000000 00000000 00000000 00000000 00000000 00000000 00000000 00000000 00000000 00000000 00000000 00000000 00000000 00000000 00000000 00000000 00000000 00000000 00000000 00000000 00000000 00000000 00000000 00000000 00000000 00000000 00000000 00000000 00000000 00000000 00000000 00000000 00000000 00000000 00000000 00000000 00000000 00000000 00000000 00000000 00000000 00000000 00000000 00000000 00000000 00000000 00000000 00000000 00000000 00000000 00000000 00000000 00000000 00000000 00000000 00000000 00000000 00000000 00000000 00000000 00000000 00000000 00000000 00000000 00000000 00000000 00000000 00000000 00000000 00000000 00000000 00000000 00000000 00000000 00000000 00000000 00000000 00000000 00000000 00000000 00000000 00000000 00000000 00000000 00000000 00000000 00000000 00000000 00000000 00000000 00000000 00000000 00000000 00000000 00000000 00000000 00000000 00000000 00000000 00000000 00000000 00000000 00000000 00000000 00000000 00000000 00000000 00000000 00000000 00000000 00000000 00000000 00000000 00000000 00000000 00000000 00000000 00000000 00000000 00000000 00000000 00000000 00000000 00000000 00000000 00000000 00000000 00000000 00000000 00000000 00000000 00000000 00000000 00000000 00000000 00000000 00000000 00000000 00000000 00000000 00000000 00000000 00000000 00000000 00000000 00000000 00000000 00000000 00000000 00000000 00000000 00000000 00000000 00000000 00000000 00000000 00000000 00000000 00000000 00000000 00000000 00000000 00000000 00000000 00000000 00000000 00000000 00000000 00000000 00000000 00000000 00000000 00000000 00000000 00000000 00000000 00000000 00000000 00000000 00000000 00000000 00000000 00000000 00000000 00000000 00000000 00000000 00000000 00000000 00000000 00000000 00000000 00000000 00000000 00000000 00000000 00000000 00000000 00000000 00000000 00000000 00000000 00000000 00000000 00000000 00000000 00000000 00000000 00000000 00000000 00000000 00000000 00000000 00000000 00000000 00000000 00000000 00000000 00000000 00000000 00000000 00000000 00000000 00000000 00000000 00000000 00000000 00000000 00000000 00000000 00000000 00000000 00000000 00000000 00000000 00000000 00000000 00000000 00000000 00000000 00000000 00000000 00000000 00000000 00000000 00000000 00000000 00000000 00000000 00000000 00000000 00000000 00000000 00000000 00000000 00000000 00000000 00000000 00000000 00000000 00000000 00000000 00000000 00000000 00000000 00000000 00000000 00000000 00000000 00000000 00000000 00000000 00000000 00000000 00000000 00000000 00000000 00000000 00000000 00000000 00000000 00000000 00000000 00000000 00000000 00000000 00000000 00000000 00000000 00000000 00000000 00000000 00000000 00000000 00000000 00000000 00000000 00000000 00000000 00000000 00000000 00000000 00000000 00000000 00000000 00000000 00000000 00000000 00000000 00000000 00000000 00000000 00000000 00000000 00000000 00000000 00000000 00000000 00000000 00000000 00000000 00000000 00000000 00000000 00000000 00000000 00000000 00000000 00000000 00000000 00000000 00000000 00000000 00000000 00000000 00000000 00000000 00000000 00000000 00000000 00000000 00000000 00000000 00000000 00000000 00000000 00000000 00000000 00000000 00000000 00000000 00000000 00000000 00000000 00000000 00000000 00000000 00000000 00000000 00000000 00000000 00000000 00000000 00000000 00000000 00000000 00000000 00000000 00000000 00000000 00000000 00000000 00000000 00000000 00000000 00000000 00000000 00000000 00000000 00000000 00000000 00000000 00000000 00000000 00000000 00000000 00000000 00000000 00000000 00000000 00000000 00000000 00000000 00000000 00000000 00000000 00000000 00000000 00000000 00000000 00000000 00000000 00000000 00000000 00000000 00000000 00000000 00000000 00000000 00000000 00000000 00000000 00000000 00000000 00000000 00000000 00000000 00000000 00000000 00000000 00000000 00000000 00000000 00000000 00000000 00000000 00000000 00000000 00000000 00000000 00000000 00000000 00000000 00000000 00000000 00000000 00000000 00000000 00000000 00000000 00000000 00000000 00000000 00000000 00000000 00000000 00000000 00000000 00000000 00000000 00000000 00000000 00000000 00000000 00000000 00000000 00000000 00000000 00000000 00000000 00000000 00000000 00000000 00000000 00000000 00000000 00000000 00000000 00000000 00000000 00000000 00000000 00000000 00000000 00000000 00000000 00000000 00000000 00000000 00000000 00000000 00000000 00000000 00000000 00000000 00000000 00000000 00000000 00000000 00000000 00000000 00000000 00000000 00000000 00000000 00000000 00000000 00000000 00000000 00000000 00000000 00000000 00000000 00000000 00000000 00000000 00000000 00000000 00000000 00000000 00000000 00000000 00000000 00000000 00000000 00000000 00000000 00000000 00000000 00000000 00000000 00000000 00000000 00000000 00000000 00000000 00000000 00000000 00000000 00000000 00000000 00000000 00000000 00000000 00000000 00000000 00000000 00000000 00000000 00000000 00000000 00000000 00000000 00000000 00000000 00000000 00000000 00000000 00000000 00000000 00000000 00000000 00000000 00000000 00000000 00000000 00000000 00000000 00000000 00000000 00000000 00000000 00000000 00000000 00000000 00000000 00000000 00000000 00000000 00000000 00000000 00000000 00000000 00000000 00000000 00000000 00000000 00000000 00000000 00000000 00000000 00000000 00000000 00000000 00000000 00000000 00000000 00000000 00000000 00000000 00000000 00000000 00000000 00000000 00000000 00000000 00000000 00000000 00000000 00000000 00000000 00000000 00000000 00000000 00000000 00000000 00000000 00000000 00000000 00000000 00000000 00000000 00000000 00000000 00000000 00000000 00000000 00000000 00000000 00000000 00000000 00000000 00000000 00000000 00000000 00000000 00000000 00000000 00000000 00000000 00000000 00000000 00000000 00000000 00000000 00000000 00000000 00000000 00000000 00000000 00000000 00000000 00000000 00000000 00000000 00000000 00000000 00000000 00000000 00000000 00000000 00000000 00000000 00000000 00000000 00000000 00000000 00000000 00000000 00000000 00000000 00000000 00000000 00000000 00000000 00000000 00000000 00000000 00000000 00000000 00000000 00000000 00000000 00000000 00000000 00000000 00000000 00000000 00000000 00000000 00000000 00000000 00000000 00000000 00000000 00000000 00000000 00000000 00000000 00000000 00000000 00000000 00000000 00000000 00000000 00000000 00000000 00000000 00000000 00000000 00000000 00000000 00000000 00000000 00000000 00000000 00000000 00000000 00000000 00000000 00000000 00000000 00000000 00000000 00000000 00000000 00000000 00000000 00000000 00000000 00000000 00000000 00000000 00000000 00000000 00000000 00000000 00000000 00000000 00000000 00000000 00000000 00000000 00000000 00000000 00000000 00000000 00000000 00000000 00000000 00000000 00000000 00000000 00000000 00000000 00000000 00000000 00000000 00000000 00000000 00000000 00000000 00000000 00000000 00000000 00000000 00000000 00000000 00000000 00000000 00000000 00000000 00000000 00000000 00000000 00000000 00000000 00000000 00000000 00000000 00000000 00000000 00000000 00000000 00000000 00000000 00000000 00000000 00000000 00000000 00000000 00000000 00000000 00000000 00000000 00000000 00000000 00000000 00000000 00000000 00000000 00000000 00000000 00000000 00000000 00000000 00000000 00000000 00000000 00000000 00000000 00000000 00000000 00000000 00000000 00000000 00000000 00000000 00000000 00000000 00000000 00000000 00000000 00000000 00000000 00000000 00000000 00000000 00000000 00000000 00000000 00000000 00000000 00000000 00000000 00000000 00000000 00000000 00000000 00000000 00000000 00000000 00000000 00000000 00000000 00000000 00000000 00000000 00000000 00000000 00000000 00000000 00000000 00000000 00000000 00000000 00000000 00000000 00000000 00000000 00000000 00000000 00000000 00000000 00000000 00000000 00000000 00000000 00000000 00000000 00000000 00000000 00000000 00000000 00000000 00000000 00000000 00000000 00000000 00000000 00000000 00000000 00000000 00000000 00000000 00000000 00000000 00000000 00000000 00000000 00000000 00000000 00000000 00000000 00000000 00000000 00000000 00000000 00000000 00000000 00000000 00000000 00000000 00000000 00000000 00000000 00000000 00000000 00000000 00000000 00000000 00000000 00000000 00000000 00000000 00000000 00000000 00000000 00000000 00000000 00000000 00000000 00000000 00000000 00000000 00000000 00000000 00000000 00000000 00000000 00000000 00000000 00000000 00000000 00000000 00000000 00000000 00000000 00000000 00000000 00000000 00000000 00000000 00000000 00000000 00000000 00000000 00000000 00000000 00000000 00000000 00000000 00000000 00000000 00000000 3ff00000 00000000 40240000 eb851eb8 3f9eb851 00000001 00000066 