0000e197 27818193 00000297 2d428293 30529073 30047073 000012b7 80028293 30429073 34001073 f1402473 04040663 ec818493 0004a283 fe541ee3 0000d117 48c12103 e0010113 00000213 499090ef 0004a283 00128293 0054a023 00941413 20040413 0000e117 12c10113 00810133 30046073 10500073 0000d617 44862603 02061863 0000d597 43c58593 0000e617 9ec60613 40b60633 40c10133 00010513 0000d297 42c2a023 5e9000ef 0180006f 0000d517 41050513 40c10133 00010593 5d1000ef 0000e517 9b450513 00010617 0c460613 40a60633 00000593 419000ef 0000d517 3d450513 0000d617 3e860613 40a60633 40c10133 00010513 00000593 3f5000ef 0000d597 3a458593 0000d617 3a860613 40b60633 40c10133 00010513 571000ef fb810113 00010213 ff017113 00010317 06030313 0000d297 3862a623 0000d297 3822a423 00020513 7c0090ef 00001517 b4c50513 4a0000ef 2ad000ef 00000513 00000593 00000613 034000ef 0040006f ff010113 00000593 00812423 00112623 00050413 3a0010ef 9541a783 00078463 000780e7 00040513 091080ef fd010113 00700793 00f12423 ff900793 00f12623 02812423 02912223 03212023 00812483 01512a23 00c12903 02112623 01312e23 01412c23 0012d437 6f9080ef 68740413 000316b7 00050a93 00040613 d4068693 00000793 00f40433 02945433 00812703 00178793 029674b3 00848433 00147493 00e484b3 fed790e3 6b9080ef fa1cf4b7 58848493 00031737 00050a13 00048693 d4070713 00000993 413484b3 0324c4b3 00c12783 00198993 0326e933 009904b3 0014f913 41278933 fee990e3 675080ef 00050913 0000e537 415a0633 00098593 cc050513 6b0000ef 0000e537 41490633 00098593 ce850513 69c000ef 00040593 02812403 02c12083 02012903 01c12983 01812a03 01412a83 00048613 02412483 0000e537 d1050513 03010113 6680006f 00000793 00078863 00002537 c9c50513 3240006f 00008067 f7410113 00021c63 34031373 00031663 34001073 0840006f 34031373 00112023 00512423 00612623 00712823 00812a23 00912c23 00a12e23 02b12023 02c12223 02d12423 02e12623 02f12823 03012a23 03112c23 03212e23 05312023 05412223 05512423 05612623 05712823 05812a23 05912c23 05a12e23 07b12023 07c12223 07d12423 07e12623 07f12823 08c10293 00512223 34002373 300023f3 34102e73 34302ef3 34b02f73 34202ff3 06612a23 06712c23 07c12e23 09d12023 09e12223 09f12423 34011073 000fd663 354090ef 0300006f 002f9293 0000d317 8cc30313 0000d397 90438393 005302b3 0072f863 0002a283 000280e7 0080006f 4500a0ef 07c12e03 00050463 004e0e13 341e1073 07812383 30039073 07412303 34031073 00021463 06030e63 00012083 00812283 00c12303 01012383 01412403 01812483 01c12503 02012583 02412603 02812683 02c12703 03012783 03412803 03812883 03c12903 04012983 04412a03 04812a83 04c12b03 05012b83 05412c03 05812c83 05c12d03 06012d83 06412e03 06812e83 06c12f03 07012f83 00412103 30200073 08c10113 30046073 10500073 04020a63 f7410113 04222023 34002373 06612a23 04031063 00112023 00812a23 00912c23 03212e23 05312023 05412223 05512423 05612623 05712823 05812a23 05912c23 05a12e23 07b12023 300023f3 06712c23 02051463 f14022f3 00929293 20028293 0000e117 ca410113 00510133 00000213 30046073 10500073 00050213 04022103 07412303 00030863 00030113 00000513 ec1ff06f 07812383 00012083 34031073 30039073 03422e03 020e5063 41c00e33 fffe0e13 03c22a23 01812e83 01412503 08c10113 000e8067 01412403 01812483 03c12903 04012983 04412a03 04812a83 04c12b03 05012b83 05412c03 05812c83 05c12d03 06012d83 08c10113 00008067 ff010113 00812423 0000f437 a7844783 00112623 02079263 00000793 00078a63 0000e537 43450513 00000097 000000e7 00100793 a6f40c23 00c12083 00812403 01010113 00008067 00000793 00078e63 0000f5b7 0000e537 a7c58593 43450513 00000317 00000067 00008067 00050593 00000693 00000613 00000513 6450006f 0000e637 000085b7 4cc60613 cd858593 00000513 2540006f 05022583 ff010113 0000f7b7 00812423 00112623 a9478793 00050413 00f58463 694060ef 04c22583 0000f7b7 afc78793 00f58663 00040513 67c060ef 04822583 8ec18793 00f58c63 00040513 00812403 00c12083 01010113 65c0606f 00c12083 00812403 01010113 00008067 fe010113 000017b7 00812c23 60c78793 0000f437 0000f537 a9440413 00112e23 00912a23 01212823 01312623 01412423 94f1aa23 00800613 00400793 00000593 af050513 00f42623 00042023 00042223 00042423 06042223 00042823 00042a23 00042c23 600000ef 00002a37 000029b7 00002937 000024b7 0000f537 970a0a13 9cc98993 a5490913 ab848493 aec50513 03442023 03342223 03242423 02942623 00842e23 4e4080ef 000107b7 00978793 00800613 00000593 8e018513 06f42a23 06042423 06042623 06042823 0c042623 06042c23 06042e23 08042023 588000ef 0000f7b7 afc78793 8dc18513 08f42223 09442423 09342623 09242823 08942a23 488080ef 000207b7 01278793 94818513 00800613 00000593 0cf42e23 0c042823 0c042a23 0c042c23 12042a23 0e042023 0e042223 0e042423 52c000ef 8ec18793 0f442823 0f342a23 0f242c23 0e942e23 0ef42623 01812403 01c12083 01412483 01012903 00c12983 00812a03 94418513 02010113 4140806f ff010113 00812423 b5818513 00112623 448080ef 05422703 00071c63 00001737 9541a683 62470713 04e22a23 00068c63 b5818513 00812403 00c12083 01010113 44c0806f e45ff0ef b5818513 00812403 00c12083 01010113 4340806f b5818513 3f80806f b5818513 4240806f fd010113 03212023 01312e23 01412c23 01512a23 01612823 01712623 02112623 02812423 02912223 00060a93 00050b13 00058b93 00000a13 00100993 fff00913 004aa483 fff48493 0204ca63 008aa403 00c45783 00f9fe63 00e41783 00040593 000b0513 01278663 000b80e7 00aa6a33 fff48493 06840413 fd249ce3 000aaa83 fc0a90e3 02c12083 02812403 02412483 02012903 01c12983 01412a83 01012b03 00c12b83 000a0513 01812a03 03010113 00008067 fc010113 02c12423 02d12623 02b12223 02e12823 02f12a23 03012c23 03112e23 04c22583 02410693 00050613 00000513 00112e23 00d12623 7c0040ef 01c12083 04010113 00008067 ff010113 00812423 00058413 00e59583 00112623 1dc000ef 02054063 05042783 00c12083 00a787b3 04f42823 00812403 01010113 00008067 00c45783 fffff737 fff70713 00e7f7b3 00c12083 00f41623 00812403 01010113 00008067 00c59783 fe010113 00068313 00112e23 1007f693 00058713 00060893 00050813 02069863 fffff6b7 fff68693 01c12083 00d7f7b3 00e71583 00f71623 00030693 00088613 00080513 02010113 19c0006f 00e59583 00c12423 00200693 00000613 00612623 00e12023 00a12223 0d4000ef 00012703 00c12303 00812883 00c71783 00412803 fa1ff06f ff010113 00812423 00058413 00e59583 00112623 0a4000ef fff00713 00c41783 02e50263 00001737 00e7e7b3 00c12083 04a42823 00f41623 00812403 01010113 00008067 fffff737 00a70733 00e7f7b3 00c12083 00f41623 00812403 01010113 00008067 00e59583 0040006f ff010113 00812423 00058513 00112623 9401ac23 749070ef fff00793 00f50a63 00c12083 00812403 01010113 00008067 9581a783 fe0786e3 00c12083 00812403 04f22c23 01010113 00008067 ff010113 00812423 00058513 00060593 00068613 00112623 9401ac23 779070ef fff00793 00f50a63 00c12083 00812403 01010113 00008067 9581a783 fe0786e3 00c12083 00812403 04f22c23 01010113 00008067 ff010113 00812423 00058513 00060593 00068613 00112623 9401ac23 771070ef fff00793 00f50a63 00c12083 00812403 01010113 00008067 9581a783 fe0786e3 00c12083 00812403 04f22c23 01010113 00008067 ff010113 00812423 00058513 00060593 00068613 00112623 9401ac23 7cd070ef fff00793 00f50a63 00c12083 00812403 01010113 00008067 9581a783 fe0786e3 00c12083 00812403 04f22c23 01010113 00008067 ff010113 00812423 01212023 0000e437 0000e937 00112623 00912223 4b490913 4b440413 02890263 40890933 40295913 00000493 00042783 00148493 00440413 000780e7 ff24e8e3 0000e937 0000e437 4bc90913 4b440413 02890263 40890933 40295913 00000493 00042783 00148493 00440413 000780e7 ff24e8e3 00c12083 00812403 00412483 00012903 01010113 00008067 ff010113 00812423 0000e7b7 0000e437 4c040413 4bc78793 40f40433 00912223 00112623 40245493 00048e63 00f40433 ffc42783 fff48493 ffc40413 000780e7 fe0498e3 00c12083 00812403 00412483 01010113 00008067 01f00793 00050693 10c7f263 0036f713 02070463 00000297 205742b3 00008313 174280e7 00030093 ffc70713 00e60633 40e686b3 0cc7fc63 00059463 0180006f 0ff5f593 00859293 0055e5b3 01059293 0055e5b3 ffc67293 00568333 07c2f293 00028e63 405002b3 08028293 405686b3 00000397 005383b3 00c38067 00b6a023 00b6a223 00b6a423 00b6a623 00b6a823 00b6aa23 00b6ac23 00b6ae23 02b6a023 02b6a223 02b6a423 02b6a623 02b6a823 02b6aa23 02b6ac23 02b6ae23 04b6a023 04b6a223 04b6a423 04b6a623 04b6a823 04b6aa23 04b6ac23 04b6ae23 06b6a023 06b6a223 06b6a423 06b6a623 06b6a823 06b6aa23 06b6ac23 06b6ae23 08068693 f666eee3 00367613 08060863 00000297 40c78633 205642b3 01028067 00b68f23 00b68ea3 00b68e23 00b68da3 00b68d23 00b68ca3 00b68c23 00b68ba3 00b68b23 00b68aa3 00b68a23 00b689a3 00b68923 00b688a3 00b68823 00b687a3 00b68723 00b686a3 00b68623 00b685a3 00b68523 00b684a3 00b68423 00b683a3 00b68323 00b682a3 00b68223 00b681a3 00b68123 00b680a3 00b68023 00008067 00300713 00c508b3 08c77863 00a5c7b3 0037f793 24079463 00357713 00050793 42071e63 ffc8f693 40f68633 02000713 00c74663 1717e663 00008067 0005a603 0045a283 0085af83 00c5af03 0105ae83 0145ae03 0185a303 01c5a803 02458593 00c7a023 ffc5a603 0057a223 01f7a423 01e7a623 01d7a823 01c7aa23 0067ac23 0107ae23 02478793 fec7ae23 40f68633 fac746e3 fa1ff06f fb1570e3 40a006b3 00e6f7b3 00e78833 00500313 fff60613 0a687833 4d066263 18078c63 0005c603 0026f693 00c50023 40068a63 0015c683 00d500a3 48e79863 0025c703 00358e93 00350313 00e50123 00f50833 ffc80e13 00f587b3 0017c603 0007c583 0027c683 0037c703 00861613 00b66633 01069693 00c6e6b3 01871713 00d76733 00e82023 00480813 00478793 fdc816e3 ffce8593 ffc30793 0005c683 00178713 00d78023 ef177ce3 0015c683 00278713 00d780a3 ef1774e3 0025c683 00378713 00d78123 ed177ce3 0035c683 00478713 00d781a3 ed1774e3 0045c683 00578713 00d78223 eb177ce3 0055c683 00678713 00d782a3 eb1774e3 0065c703 00e78323 00008067 40f006b3 0036f813 00500713 00380613 0ae67633 40f88733 fff70313 f6c36ce3 32080463 0005c603 0026f693 00c78023 3a068863 0015c603 00300693 00c780a3 3ad81663 0025c683 00358f93 00378f13 00d78123 41070eb3 010585b3 01078833 ffcef793 00f58e33 0015c603 0005c303 0025c683 0035c703 00861613 00666633 01069693 00c6e6b3 01871713 00d76733 00e82023 00458593 00480813 fdc596e3 defe8ce3 00ff85b3 00ff07b3 ee9ff06f 00050313 00058e93 e91ff06f 40a006b3 0036f793 00f50333 30657463 00500813 00378613 0b067633 fff78813 26c86c63 02078463 0005c603 0026f693 00c50023 00068c63 0015c683 00d500a3 00e79663 0025c703 00e50123 00f585b3 0015c683 0005c603 0025c703 0035c783 00869693 00c6e6b3 01071713 00d76733 01879793 00e7e7b3 00f32023 ffc8fe13 00058713 07c37063 00058793 00030813 0017c603 0007ce83 0027c683 0037c703 00861613 01d66633 01069693 00c6e6b3 01871713 00480813 00d76733 fee82e23 00478793 fdc866e3 fffe0793 406787b3 ffc7f793 00458593 00430313 00f58733 00f30333 cf137ce3 40600633 00367593 00500793 00358693 0af6f6b3 406887b3 fff78813 08d86863 22058a63 00074683 00267613 00d30023 22060863 00174603 00300693 00c300a3 22d59663 00274683 00370f93 00330f13 00d30123 40b78eb3 00b707b3 00b305b3 ffcef313 00f30e33 0017c603 0007c803 0027c683 0037c703 00861613 01066633 01069693 00c6e6b3 01871713 00d76733 00e5a023 00478793 00458593 fcfe16e3 c5d30ae3 006f8733 006f0333 00074683 00130793 00d30023 c317fee3 00174683 00230793 00d300a3 c317f6e3 00274683 00330793 00d30123 c117fee3 00374683 00430793 00d301a3 c117f6e3 00474683 00530793 00d30223 bf17fee3 00574683 00630793 00d302a3 bf17f6e3 00674783 00f30323 00008067 00400793 40e78733 00e507b3 06f57663 0005c603 00150693 00c50023 04f6fe63 0015c603 00250693 00c500a3 04f6f663 0025c603 00350693 00c50123 02f6fe63 0035c603 00450693 00c501a3 02f6f663 0045c603 00550693 00c50223 00f6fe63 0055c603 00650693 00c502a3 00f6f663 0065c683 00d50323 00e585b3 b4dff06f 00158e93 00150313 c05ff06f 00078f13 00058f93 d05ff06f 0005c683 00150713 00d50023 06677863 0015c683 00250713 00d500a3 06677063 0025c683 00350713 00d50123 04677863 0035c683 00450713 00d501a3 04677063 0045c683 00550713 00d50223 02677863 0055c683 00650713 00d502a3 02677063 0065c703 00f585b3 00e50323 d79ff06f 00258e93 00250313 b7dff06f 00f585b3 d65ff06f 00050793 bb9ff06f 00158f93 00178f13 c6dff06f 00258f93 00278f13 c61ff06f 00030f13 00070f93 df9ff06f 00170f93 00130f13 dedff06f 00270f93 00230f13 de1ff06f fd010113 02812423 0000e437 02912223 00050493 4d842503 03212023 01312e23 00b12623 02112623 00060913 00068993 7e4070ef aec1a783 00c12583 08078263 0047a703 01f00693 4d842503 08e6c263 02049c63 00170693 00d7a223 20f74733 00b72423 7e4070ef 00000513 02c12083 02812403 02412483 02012903 01c12983 03010113 00008067 20f74833 09282423 1887a603 00100693 00e696b3 00d66633 18c7a423 11382423 00200613 fac494e3 18c7a603 00d666b3 18d7a623 f99ff06f 0000f7b7 bd478793 aef1a623 f75ff06f 778070ef fff00513 f95ff06f fb010113 03412c23 0000ea37 00a12623 4d8a2503 03712623 05212023 03512a23 04112623 00058a93 710070ef aec1a903 0c090e63 04812423 04912223 03312e23 03612823 03812423 03912223 03a12023 01b12e23 100a8463 fff00b13 00492403 fff40493 0804c463 00490793 20f44433 0100006f fff48493 ffc40413 07648863 10042783 ff5798e3 00492983 00042c03 fff98793 0a978863 00042023 fc0c0ce3 4d8a2503 18892c83 18c92d03 08042d83 6bc070ef 00100793 009796b3 0196f7b3 06079663 000c00e7 4d8a2503 66c070ef 00492703 aec1a783 01371463 f8f90ce3 00078663 00078913 f75ff06f 04812403 04412483 03c12983 03012b03 02812c03 02412c83 02012d03 01c12d83 4d8a2503 04c12083 04012903 03812a03 03412a83 02c12b83 05010113 6440706f 01a6f6b3 02069063 00c12503 000d8593 000c00e7 f89ff06f 00992223 00048993 f51ff06f 000d8513 000c00e7 f71ff06f 00100c93 fff00b13 00492783 fff78413 f80440e3 00490493 2097c4b3 00078993 fff78793 0004aa83 06f40a63 0004a023 040a8663 4d8a2503 18892c03 18c92d03 0804ad83 5cc070ef 008c9733 00ec77b3 04078c63 00ed7d33 060d0a63 000d8513 000a80e7 4d8a2503 574070ef 00492783 aec1a703 04f99663 04e91463 fff40413 ffc48493 f16406e3 00492783 0004aa83 00078993 fff78793 f8f41ae3 00892223 00040993 f8dff06f 000a80e7 4d8a2503 52c070ef 00492783 aec1a703 faf98ee3 ec0708e3 00070913 f41ff06f 00c12503 000d8593 000a80e7 f8dff06f 0105a803 01052783 1b07c863 fff80813 01458613 20c84333 01450e13 00032783 21c843b3 0003a703 fd010113 00178793 02112623 02812423 02f758b3 0af76663 00060293 000e0f93 00000413 00000713 0002a783 000faf03 004f8f93 0807ceb3 031e8eb3 0107d793 080f46b3 010f5f13 00428293 031787b3 008e8eb3 080ec433 408686b3 010ede93 00e686b3 4106d713 0806c6b3 01d787b3 0807ceb3 41d70733 01e70733 01071e93 00dee6b3 fedfae23 0107d413 41075713 f8537ce3 0003a783 02079463 ffc38393 007e6863 0180006f fff80813 007e7863 0003a783 ffc38393 fe0788e3 01052823 01112623 01c12e23 00612c23 00c12a23 01012823 00050413 130030ef 00c12883 08054e63 01c12e03 01812303 01412603 01012803 00188893 000e0513 00000793 00052683 00062583 00450513 0806c733 0805ceb3 41d70733 00f70733 41075793 0105d593 0106d693 40b787b3 00d787b3 01079693 08074733 00e6e733 00460613 fee52e23 4107d793 fac37ce3 21c847b3 0007a703 02071463 ffc78793 00fe6863 0180006f fff80813 00fe7863 0007a703 ffc78793 fe0708e3 01042823 02c12083 02812403 00088513 03010113 00008067 00000513 00008067 f4010113 09812c23 06022303 0a812c23 0a912a23 0b212823 0b512223 09712e23 09912a23 09b12623 0a112e23 0b312623 00e12823 00f12623 02b12423 00058a93 00060413 00068b93 00080493 00088d93 00060c93 00050913 02030263 05c22703 00100793 00030593 00e797b3 00f32423 00e32223 630020ef 06022023 00040993 00000713 00045a63 00141413 00145c93 000c8993 00100713 7ff007b7 00e4a023 00f9f733 22f70463 000a8513 000c8593 00000613 00000693 0b412423 03512023 000a8a13 03912223 715090ef 06051063 00c12703 00100793 00f72023 000d8863 0000e7b7 d3178793 00fda023 0a812a03 0000e4b7 d3048493 0bc12083 0b812403 0b012903 0ac12983 0a412a83 09c12b83 09812c03 09412c83 08c12d83 00048513 0b412483 0c010113 00008067 000a8593 000c8613 07810713 07c10693 00090513 0b612023 09a12823 0149d493 280030ef 00050413 07812b03 1a049a63 07c12483 02000793 009b04b3 43248713 4ae7d863 04000793 40e787b3 41248513 00f999b3 00aad533 00a9e533 6490a0ef fe1007b7 00100713 fff48493 00050a13 00b787b3 00e12e23 00078593 0000e7b7 ec07a603 ec47a683 000a0513 5c40a0ef 0000e7b7 ec87a603 ecc7a683 0380a0ef 0000e7b7 ed07a603 ed47a683 070090ef 00050993 00048513 00058a13 5710a0ef 0000e7b7 ed87a603 edc7a683 409b04b3 fff48d13 0000a0ef 00050613 00058693 00098513 000a0593 034090ef 00050993 00058a13 4bd0a0ef 00050b13 000a0593 00098513 00000613 00000693 6f5090ef 36054463 01600793 3d67e663 0000e7b7 f4878793 20fb67b3 02012503 02412583 0007a603 0047a683 6c9090ef 3c055263 fffb0b13 02012e23 00012c23 0c0d4063 360b4c63 016d0d33 03612623 02012c23 00900793 0b77ee63 00500793 3b77d863 ffcb8b93 00400713 00eb9463 3900106f 52fb8c63 00200793 00000993 00fb9463 0e40106f 00300b93 02012823 3a80006f 00c12683 00c99793 00002737 00c7d793 70f70713 0157e7b3 00e6a023 04079063 0000e4b7 000d9463 61c0106f 0000e7b7 d2878793 d2048493 00fda023 df1ff06f 00c99793 00c7d793 3ff00737 c0148493 00e7e7b3 00012e23 e81ff06f 0000e4b7 480d9663 d2c48493 dc5ff06f 00100793 409787b3 00f12c23 00000d13 f35ff06f 00000b93 00000593 00090513 04022e23 294020ef 00050493 00051463 5f00106f 07c12783 06922023 0007c863 00fb2713 00070463 2800106f 01c12703 48070863 fff00713 04e12823 01812703 43378793 03812983 00fd0d33 00f70c33 fff00793 00f12e23 00012823 00100593 00090513 56c020ef 01812783 00050a13 00079463 0e00106f 01a04463 0d80106f 00078713 0ba7c7b3 40f70733 40fc0c33 40fd0d33 03812783 00e12c23 04078a63 00099463 26c0106f 000a0593 00098613 00090513 099020ef 00040613 00050593 00050a13 00090513 5d8020ef 02a12023 00040593 00090513 274020ef 03812783 02012403 41378633 01378463 1a80106f 00100593 00090513 4d8020ef 02c12783 02a12023 00078463 05c0106f 00100793 0177d463 36c0106f 02812703 00070463 7610006f 00cc9693 00068463 7550006f 014cd693 7ff6f693 00069463 7450006f 02f12623 001c0c13 001d0d13 00078993 01a787b3 01f7f793 74078263 01b00693 00f6d463 6c90006f 01c00693 40f687b3 01812703 00fc0c33 00fd0d33 00f70733 00e12c23 33804263 01a05c63 02012583 000d0613 00090513 169020ef 02a12023 003ba793 0017cc93 03c12783 10079ee3 01c12783 6ef04863 6e0c8663 01c12783 080792e3 02012583 00000693 00500613 00090513 198020ef 00050593 02a12023 00040513 335020ef 04a05ee3 03100793 001b0b93 00f48023 00148c13 02012583 00090513 001b8b93 144020ef 000a0863 000a0593 00090513 134020ef 00040593 00090513 128020ef 00c12783 000c0023 0177a023 2a0d8e63 0a812a03 0a012b03 09012d03 018da023 b59ff06f 000b0513 1b10a0ef 00098613 000a0693 229090ef 1e051c63 01600793 2167e663 0000e7b7 02012503 02412583 f487a603 f4c7a683 355090ef 04055663 000d5463 2400106f 02012e23 fff00b13 00012c23 01812783 02012623 416787b3 00f12c23 416007b3 02f12c23 c81ff06f 00100793 02f12e23 c5dff06f 40e787b3 00fa9533 b65ff06f 00000b13 620d48e3 016d0d33 03612623 02012e23 02012c23 00012c23 c49ff06f 00400713 00eb9463 7f90006f 1afb8063 00200793 54fb80e3 00300793 cefb96e3 00100993 02012823 01012783 00100613 016787b3 04f12823 00178793 00f12e23 0ac7e633 01700693 00100713 00400793 00c6c463 2400106f 00179793 01478693 00070593 00170713 fed678e3 04b22e23 00090513 735010ef 00050493 00051463 2900106f 01c12783 06a22023 00f7b793 4a078a63 4a098863 61605e63 0000e737 f4870713 00fb7793 404b5a13 20e7e7b3 010a7713 0007a803 0047a783 76070a63 0000e737 02012503 02412583 f4072603 f4472683 04f12423 05012023 22c090ef 04012803 04812783 00fa7a13 00050313 00058893 00300993 120a0863 0000ec37 04812023 04912423 f20c0413 00098493 00030c13 00088993 00078593 00c0006f 401a5a13 00840413 001a7793 00079a63 401a5a13 00840413 001a7793 fe0782e3 00042603 00442683 00080513 401a5a13 269090ef 00148493 00050813 0a0a0a63 00840413 fd5ff06f fffb0b13 a8dff06f 0000e7b7 d2f78793 d2c48493 00fda023 931ff06f 00100793 00904463 69d0006f 02f12e23 00012c23 e15ff06f 00100793 00000993 02f12823 e81ff06f 00100993 03312823 e75ff06f 00040593 000c0613 00090513 64c020ef 00050413 ccdff06f 07812783 03600713 fff00693 40f70733 01812783 03812983 04d12823 00ed0d33 00e78c33 00d12e23 00012823 b71ff06f 0a812a03 0a012b03 09012d03 8a5ff06f 00098893 04012403 00048993 04812483 000c0313 00058793 00080613 00030513 00078693 00088593 0d0090ef 00050c13 00058a13 03c12783 02078063 0000e7b7 ee07a603 ee47a683 000c0513 000a0593 085090ef 32054ee3 00098513 6a40a0ef 000c0613 000a0693 141090ef 0000e7b7 ef07a603 ef47a683 179080ef fcc00737 00b709b3 01c12703 00050793 24070a63 05612c23 04e12423 0000e6b7 f4868713 04e12e23 05c12683 04812703 06f12023 000a0593 20d766b3 00148713 04e12a23 ff86a703 ffc6a783 000c0513 04e12023 00148713 06e12423 04f12223 5a80a0ef 03050793 0ff7f793 06f12223 6140a0ef 00058693 00050613 000a0593 000c0513 625090ef 06412783 03012683 06b12223 02f12823 00050a13 52068c63 0000e5b7 04012603 04412683 f005a503 f045a583 7c9080ef 06012603 00098693 5e9090ef 06412703 03012783 000a0613 00070693 00f48023 02e12823 00050993 00058c13 6a0090ef 03012703 00a05463 7010006f 0000e7b7 ee47a803 ee07a783 0000e6b7 05012223 04f12023 eec6a803 ee86a783 07612023 07a12223 07712623 02f12823 06812b83 03012a23 07912423 00000b13 04812c83 00070d13 05512423 000a0a93 000d8a13 0880006f 001b0b13 4b9b52e3 03012603 03412683 00098513 000c0593 7c8090ef 03012603 03412683 00050993 00058c13 000a8513 000d0593 7ac090ef 00050d13 00058d93 47c0a0ef 00050a93 4f00a0ef 00050613 00058693 000d0513 000d8593 501090ef 030a8793 00098613 000c0693 00fb8023 001b8b93 00050a93 00058d13 690090ef 46054ee3 04012503 04412583 000a8613 000d0693 4c9090ef 00098613 000c0693 66c090ef f4055ee3 fffbc783 07712423 000a0d93 000b8c13 03900693 0100006f 36970ae3 fff74783 00070c13 fffc0713 fed788e3 00178793 00f70023 05812783 00178b93 a71ff06f 00098513 44c0a0ef 000c0613 000a0693 6e8090ef 0000e7b7 ef07a603 ef47a683 720080ef fcc00737 00050793 00b709b3 0000e6b7 ef86a603 efc6a683 000c0513 000a0593 04f12023 42d090ef 04012603 00098693 04a12423 04b12623 4f4090ef 32a04063 800006b7 04012603 04812503 04c12583 00d9c733 00070693 5a8090ef 26054e63 07c12783 0007c663 00fb2793 20079a63 03012783 1c079ee3 01812783 7a078463 7a0d0263 00078713 0ba7c7b3 40f70c33 40fd0d33 03812783 16079ae3 00100593 00090513 559010ef 02c12783 02a12023 01812c23 340798e3 00000993 00000a13 00100793 8b9ff06f 01c00793 8d1ff06f 02c12783 54079263 001b0b93 01c12a83 02012c83 00100993 0200006f 00040593 00000693 00a00613 00090513 29d010ef 00198993 00050413 000c8593 00040513 a04ff0ef 03050c13 013487b3 ff878fa3 fd59c6e3 01c12783 00000993 00f05463 fff78993 00148793 00f989b3 00000a93 00040593 00100613 00090513 1e0020ef 02012583 00050413 3ec020ef 04a05863 03900713 0080006f 18998ae3 fff9c783 00098c13 fff98993 fee788e3 00178793 00f98023 02012583 00090513 1ed010ef 8a0a0ce3 8a0a84e3 8b4a82e3 000a8593 00090513 1d5010ef 895ff06f 00051663 001c7c13 fa0c16e3 03000713 00098c13 fff9c783 fff98993 fee78ae3 fb9ff06f 780b0063 416009b3 0000e737 f4870713 00f9f793 20e7e7b3 0007a603 0047a683 02012503 02412583 4dc090ef 4049d793 00050c13 00058a13 380784e3 0000e737 00048993 000a8c13 00200a13 00090a93 f2070493 00040913 00078413 00c0006f 40145413 00848493 00147793 00079a63 40145413 00848493 00147793 fe0782e3 0004a603 0044a683 40145413 001a0a13 474090ef 6e040e63 00848493 fddff06f 01012783 00048c13 fff7cb93 facff06f 0000e7b7 f4878793 20fb67b3 0007ac83 0047ad03 01012783 0407dce3 01c12783 04f048e3 02079a63 0000e7b7 ef87a603 efc7a683 000c8513 000d0593 418090ef 00050613 00058693 02012503 02412583 330090ef 08a04463 00000593 00090513 099010ef 01012783 00048c13 40f00bb3 f58ff06f 02012583 00040513 248020ef ec055e63 00040593 00000693 00a00613 00090513 085010ef 05012783 fffb0c13 00050413 0017a793 00fcfcb3 02c12783 2c079063 220c9ee3 05012783 000b0b93 000c0b13 00f12e23 d95ff06f 02012303 02412883 00200993 8bdff06f 03100793 00f48023 00000593 00090513 00148c13 009010ef 002b0b93 ed0ff06f 04012603 04412683 06012503 00098593 348090ef 03012783 04812603 04a12023 04b12223 00f48023 00100693 06412703 1ad60ee3 0000e7b7 eec7a803 ee87a783 05412c03 07612023 02f12823 04812783 06812223 03012a23 000c0413 00f48b33 000a0513 00070593 000a8c13 03012603 03412683 00140413 2e0090ef 00058a93 00050a13 7b1090ef 03050993 0240a0ef 00050613 00058693 000a0513 000a8593 035090ef 0ff9f793 fef40fa3 fd6410e3 05412683 000c0a93 06012b03 fff68c13 04812683 06412403 00050a13 00058713 00dc0c33 0000e9b7 f009a603 f049a683 04012503 04412583 02f12823 04e12423 2b0080ef 04812683 000a0613 188090ef 03012783 b20546e3 04012603 04412683 f009a503 f049a583 7bc090ef 04812683 000a0613 08c090ef 00a04ae3 07c12783 bc07c6e3 00fb2793 bc0782e3 05c12783 20fb67b3 0007ac83 0047ad03 02412a03 02012a83 000c8613 000d0693 000a0593 000a8513 145080ef 6cd090ef 00050993 741090ef 000c8613 000d0693 1dc090ef 00058693 00050613 000a0593 000a8513 744090ef 03098793 01c12683 0ff7f793 00f48023 00100a13 00050713 00058813 07468ee3 0000e7b7 ee87a603 05412c03 00068b93 eec7a683 00c12823 00812c23 00d12a23 418a09b3 0640006f 000c8613 000d0693 000a0513 000a8593 0bd080ef 645090ef 00050413 6b9090ef 000c8613 000d0693 154090ef 00058693 00050613 000a8593 000a0513 6bc090ef 03040793 001c0c13 0ff7f793 fefc0fa3 013c06b3 00050713 00058813 64db8e63 01012603 01412683 00070513 00080593 10c090ef 00000613 00000693 00050a13 00058a93 6d5080ef f6051ce3 01812403 001b0b93 c5cff06f 000a0593 00000693 00a00613 00090513 598010ef 05012783 00050a13 000c0b13 00f12e23 bc0c9a63 01812783 00f05c63 000a0593 00078613 00090513 501010ef 00050a13 000a0d13 52099063 02812703 02012983 fff48793 00177713 00e12c23 01c12703 02912223 01612e23 03b12423 00e78b33 03512623 00098593 00040513 ca5fe0ef 00050c13 000a0593 00040513 6c5010ef 00098593 00050c93 000d0613 00090513 705010ef 00c52703 030c0a93 00050593 08071a63 00a12823 00040513 695010ef 01012583 00050d93 00090513 4b8010ef 017de6b3 10069663 01812783 66078663 640cc863 01548023 00148c93 5a9b0463 00040593 00000693 00a00613 00090513 4a4010ef 00050413 000a0593 00000693 00a00613 00090513 0baa0a63 488010ef 000d0593 00050a13 00000693 00090513 00a00613 470010ef 00050d13 000c8493 f35ff06f 00090513 01812c23 01c12b03 02812d83 00048993 000a8c13 02412483 02c12a83 01912823 41c010ef 01012783 0007ca63 001afa93 0177e7b3 00faeab3 080a9663 00040593 00100613 00090513 3a9010ef 02012583 00050413 5b5010ef 5ea05663 03900793 54fc0063 01812783 03178c13 000a0a93 01898023 001b0b93 00198c13 000d0a13 9c9ff06f 3d8010ef 00050a13 00050d13 000c8493 e99ff06f 620cca63 01812783 017cecb3 0197ecb3 620c8263 efb058e3 00048993 01c12b03 02412483 02812d83 000a8c13 03900793 4cfc0c63 001c0c13 01898023 000a0a93 00198c13 001b0b93 000d0a13 965ff06f 03812783 1e079463 00100593 00090513 5c8010ef 02c12783 02a12023 4c079a63 01812c03 00000993 00000a13 00100793 928ff06f 01c00693 00d79463 950ff06f 03c00693 40f687b3 930ff06f 00100993 02012823 01012783 00f05a63 04f12823 00f12e23 00078613 ad4ff06f 04022e23 00100793 04f12823 00f12e23 00f12823 00000593 ae4ff06f 00100793 02f12623 00000993 8c4ff06f 01c12783 f0078e63 05012783 f8f05c63 0000e7b7 ee87a603 eec7a683 000c0513 fffb0793 000a0593 04f12c23 5ed080ef 00050c13 00198513 00058a13 335090ef 000c0613 000a0693 5d1080ef 0000e7b7 ef07a603 ef47a683 609070ef fcc00737 00b709b3 05012703 00050793 04e12423 c98ff06f 00100793 409787b3 00f12c23 03612623 000b0d13 02012e23 02012c23 e15fe06f 02012c03 02412a03 00200993 c04ff06f 00090413 00098493 000a8913 000a0993 000c0a93 00058a13 00050c13 be4ff06f 03812783 00079463 f95fe06f f41fe06f 00100793 02f12c23 00050593 02c12603 00090513 00100993 7d0010ef 02a12023 0379da63 00000993 02012783 02012703 0107a783 20e7c7b3 0107a503 39c010ef 03812703 02000793 40a787b3 02e12623 f9dfe06f 02812783 fc0796e3 00cc9793 fc0792e3 014cd793 7ff7f793 fa078ce3 001c0c13 001d0d13 fb1ff06f 01812c23 03812603 00040593 00090513 75c010ef 00050413 00100593 00090513 3d0010ef 02c12783 02a12023 e00786e3 01812c03 02012c23 00000a13 00050593 f51ff06f 01c12783 fff78613 03812783 36c7d063 03812783 02c12703 00100593 40f607b3 00f707b3 02f12623 01c12783 01c12703 00090513 00fd0d33 01812783 02c12023 00e78c33 368010ef 01812783 02012603 00050a13 00078e63 00078713 0ba7c7b3 40f70733 40fc0c33 00e12c23 40fd0d33 00040593 00090513 6b0010ef 00050413 e4dfe06f 0000e7b7 f4878793 20fb67b3 0007ac83 0047ad03 fff00793 00f12e23 00148793 04f12a23 9d1ff06f 03100793 002b0b93 00f48023 e7cff06f 00100793 00000993 02f12823 d61ff06f 00100993 03312823 d55ff06f 05812783 00178793 04f12c23 03100793 c94ff06f 03812603 f81ff06f 40978733 00e12c23 02f12e23 00000d13 f75fe06f 004a2583 00090513 765000ef 00050993 28050263 010a2603 00ca0593 00c50513 00260613 00261613 ec5fd0ef 00098593 00090513 00100613 79c010ef 00050d13 aa5ff06f 07c12783 06012b03 06412d03 06c12b83 06812c83 04812a83 000a0d93 0007c663 00fb2793 8e079ce3 01c12783 fff78613 03812783 e8c7c8e3 40c789b3 01c12783 01c12703 00fd0d33 01812783 00e78c33 c9dfe06f 05812783 000b8c13 000a0d93 00178b93 e49fe06f 00000a13 00050593 d91ff06f 00040993 01812403 00070613 00080693 00070513 00080593 00f12823 2f1070ef 000c8613 000d0693 00050a13 00058a93 0ed080ef 01012783 001b0b93 02a04a63 000c8613 000d0693 000a0513 000a8593 00f12823 04d080ef 00050463 dddfe06f 0019f993 01012783 00099463 dcdfe06f 05612c23 b28ff06f 01c12b03 000a8c13 02412483 000a0a93 02812d83 000c8993 000d0a13 001b0b93 c98ff06f 02f12623 00000993 cc9fe06f 03000693 000c0713 fffc4783 fffc0c13 fed78ae3 05812783 00070c13 00178b93 d71fe06f 03900793 000a0a93 00f98023 000d0a13 00198993 001b0b93 c6cff06f 00100793 409787b3 00f12c23 00000d13 02012e23 fff00b13 db9fe06f 01812c03 00000a13 00050593 c7dff06f 00048993 01c12b03 02412483 02812d83 000a8c13 a71ff06f 03900793 00048993 000c0713 01c12b03 02412483 02812d83 000a8c13 f8fa82e3 a59056e3 03170c13 a45ff06f 05412c03 ee4ff06f 05012783 000c0b13 00f12e23 c6dfe06f a20514e3 001c7793 a00798e3 a1dff06f 00200993 fcdfe06f 05812783 05412c03 00178b93 ca5fe06f 05412c03 e6dff06f 04022e23 00000593 dd5fe06f 03812783 40c789b3 01c12783 e007dae3 00078713 01812783 00078c13 40e787b3 00f12c23 aa9fe06f d2048493 fe4fe06f 0000e6b7 0000e537 d3468693 d4850513 00000613 2ef00593 51c040ef 01812c23 000d8713 00048993 01c12b03 02412483 02812d83 000a8c13 94e04ae3 981ff06f 0000e6b7 0000e537 d3468693 d4850513 00000613 1af00593 4dc040ef fe010113 01212823 0000e937 00812c23 00912a23 01312623 00058413 00112e23 00050993 4e490913 125050ef 00892783 00001737 0047a483 ffc4f493 7f048793 7ff78793 40878433 00c45413 fff40413 00c41413 00e44e63 00000593 00098513 2f4040ef 00892783 009787b3 02f50663 00098513 0f5050ef 01c12083 01812403 01412483 01012903 00c12983 00000513 02010113 00008067 408005b3 00098513 2b4040ef fff00793 04f50463 00892683 af01a783 408484b3 0014e493 00098513 408787b3 0096a223 aef1a823 09d050ef 01c12083 01812403 01412483 01012903 00c12983 00100513 02010113 00008067 00000593 00098513 25c040ef 00892703 00f00693 40e507b3 f6f6d4e3 0000e6b7 4dc6a603 0017e793 40c50533 00f72223 aea1a823 f4dff06f 12058463 fe010113 00812c23 00b12623 00050413 00112e23 00d050ef 00c12583 0000e837 4e480813 ffc5a503 ff858713 00882883 ffe57793 00f70633 00462683 00157313 ffc6f693 18c88863 00d62223 00d608b3 0048a883 0018f893 08031a63 ff85a303 0000e5b7 4ec58593 40670733 00872503 006787b3 12b50a63 00c72303 00652623 00a32423 18088e63 0017e693 00d72223 00f62023 1ff00693 0af6e263 ff87f693 00868693 00482583 00d806b3 0006a603 0057d513 00100793 00a797b3 00b7e7b3 ff868593 00c72423 00b72623 00f82223 00e6a023 00e62623 00040513 01812403 01c12083 02010113 7540506f 02089e63 0000e5b7 00d787b3 4ec58593 00862683 0017e893 00f70533 16b68263 00c62603 00c6a623 00d62423 01172223 00f52023 f75ff06f 00008067 00156513 fea5ae23 00f62023 1ff00693 f6f6f2e3 0097d693 00400613 0ed66263 0067d693 03968593 00359593 03868613 00b805b3 0005a683 ff858593 00d59863 1200006f 0086a683 00d58863 0046a603 ffc67613 fec7e8e3 00c6a583 00b72623 00d72423 00040513 01812403 01c12083 00e5a423 00e6a623 02010113 6980506f 0a089263 00c62583 00862603 00f686b3 0016e793 00b62623 00c5a423 00f72223 00d70733 00d72023 f09ff06f 00d786b3 02031063 ff85a783 40f70733 00872603 00f686b3 00c72783 00f62623 00c7a423 0000e7b7 0016e613 4e07a783 00c72223 00e82423 ecf6e6e3 b201a583 00040513 cbdff0ef ebdff06f 00d787b3 ed9ff06f 01400613 02d67863 05400613 06d66863 00c7d693 06f68593 00359593 06e68613 f11ff06f 0017e693 00d72223 00f62023 e81ff06f 05c68593 00359593 05b68613 ef1ff06f 00e82a23 00e82823 00b72623 00b72423 01172223 00f52023 e55ff06f 00482503 40265613 00100793 00c797b3 00a7e7b3 00f82223 ee5ff06f 15400613 00d66c63 00f7d693 07868593 00359593 07768613 e9dff06f 55400613 00d66c63 0127d693 07d68593 00359593 07c68613 e81ff06f 3f800593 07e00613 e75ff06f fc010113 02812c23 02112e23 00b58793 01600713 00050413 08f76e63 01000693 06b6ec63 514050ef 01000693 01800713 00200893 0000e837 4e480813 00e80733 00472783 ff870613 46c78863 0047a703 00c7a603 0087a583 ffc77713 00e78733 00472683 00c5a623 00f12623 00b62423 0016e693 00040513 00d72223 4d8050ef 00c12783 03c12083 03812403 00878513 04010113 00008067 00c00713 04e22c23 00000513 03c12083 03812403 04010113 00008067 ff87f693 fe07c0e3 fcb6eee3 00d12623 474050ef 00c12683 1f700793 4ed7f263 0096d893 16088a63 00400793 4517e463 0066d893 03988e13 003e1513 03888893 0000e837 4e480813 00a80533 00452783 ff850513 36f50463 00f00313 0140006f 00c7a583 36065063 34b50a63 00058793 0047a703 ffc77713 40d70633 fec352e3 01082783 0000ee37 4ece0e13 33c78463 0047a703 00f00593 ffc77713 40d70633 48c5ca63 01c82a23 01c82823 46065063 1ff00613 00482f03 34e66e63 ff877613 00860613 00c80633 00062583 00575513 00100713 00a71733 00ef6f33 ff860713 00b7a423 00e7a623 01e82223 00f62023 00f5a623 4028d793 00100513 00f51533 0aaf6463 01e577b3 02079463 00151513 ffc8f893 01e577b3 00488893 00079a63 00151513 01e577b3 00488893 fe078ae3 00f00e93 2108e2b3 00028313 00c32703 00088f93 34e30a63 00472603 00070793 00c72703 ffc67613 40d605b3 34beca63 fe05c2e3 00c78633 00462683 0087a583 00040513 0016e693 00d62223 00e5a623 00b72423 00f12623 318050ef 00c12783 00878513 e5dff06f 20000513 04000e13 03f00893 e9dff06f 00882783 0047a703 ffc77893 40d88733 00d8e663 01072613 1a060c63 0000ee37 b201a603 4dce2583 fff00713 00c68633 42e58e63 00001737 00f70713 00e60633 fffff737 00e67733 00070593 00040513 01012823 00d12623 00f12e23 01112c23 00e12a23 481030ef fff00613 00c12683 01012803 00050313 12c50e63 01812883 01c12783 01412703 0000ee37 011785b3 34b56a63 af018e93 000ea603 00c70633 00cea023 48a58663 4dce2f03 fff00513 48af0e63 40b305b3 00c58633 00cea023 00737e13 3c0e0463 ff837313 00001637 00830313 00860613 00e30733 41c60633 40e60633 01461613 01465593 00040513 03d12423 03012223 02d12023 00f12e23 01112c23 00612a23 01c12823 00e12623 02b12623 3d1030ef fff00613 00c12703 01012e03 01412303 01812883 01c12783 02012683 02412803 02812e83 46c50e63 02c12583 40650533 00b50733 000ea603 00682423 00176713 00c58633 00e32223 00cea023 03078c63 00f00513 2f157663 0047a583 ff488713 ff877713 0015f593 00e5e5b3 00b7a223 00500893 00e785b3 0115a223 0115a423 3ee56a63 b1c1a703 00c77463 b0c1ae23 b181a703 00c77463 b0c1ac23 00882783 0047a603 ffc67613 40d60733 28d66e63 01072613 28061a63 0016e613 00c7a223 00d786b3 00176713 00d82423 00040513 00e6a223 00f12623 108050ef 00c12783 03c12083 03812403 00878513 04010113 00008067 00482f03 d3dff06f 000e0893 cc1ff06f 0087a603 00e78733 00472683 00b62623 00f12623 0016e693 00c5a423 00040513 00d72223 0b8050ef 00c12783 03c12083 03812403 00878513 04010113 00008067 00c72783 00288893 c6f70ae3 b89ff06f 00975613 00400593 14c5fe63 01400593 26c5ee63 05c60513 00351513 05b60593 00a80533 00052603 ff850513 00c51863 1d80006f 00862603 00c50863 00462583 ffc5f593 feb768e3 00c62503 00a7a623 00c7a423 00f52423 00f62623 c85ff06f 01400793 1317f663 05400793 2317ee63 00c6d893 06f88e13 003e1513 06e88893 badff06f 001f8f93 003ff793 00830313 10078e63 00c32703 c99ff06f 0087a503 0016e893 0117a223 00e52623 00a72423 00d786b3 00d82a23 00d82823 0015e713 00c78633 01c6a623 01c6a423 00e6a223 00040513 00b62023 00f12623 7b1040ef 00c12783 00878513 af5ff06f 0036d893 00868713 a79ff06f 00e78733 00472683 00f12623 00040513 0016e693 00d72223 77d040ef 00c12783 00878513 ac1ff06f 0016e593 00b7a223 00d786b3 00d82a23 00d82823 00166593 00e78733 01c6a623 01c6a423 00b6a223 00040513 00c72023 00f12623 739040ef 00c12783 00878513 a7dff06f 00675613 03960513 00351513 03860593 eadff06f dd0798e3 af018e93 000ea603 00c70633 00cea023 cb1ff06f 05c88e13 003e1513 05b88893 a91ff06f 0082a783 fff88893 00579c63 0038f793 ff828293 fe0796e3 40af7f33 01e82223 00151513 bcaf68e3 bc0506e3 01e577b3 00079a63 00151513 01e577b3 004f8f93 fe078ae3 000f8893 b39ff06f 00100793 00f32223 00040513 695040ef 9ddff06f 01060713 bd9ff06f 4025d593 00100713 00b71733 00ef6f33 01e82223 e31ff06f 00e30633 40c00633 01461613 01465593 00040513 03d12223 03012023 00d12e23 00f12c23 01112a23 00e12823 00612623 02b12423 025030ef fff00613 00c12303 01012703 01412883 01812783 01c12683 02012803 02412e83 0ec50463 02812583 40650533 00b50733 c59ff06f 05400593 04c5ec63 00c75613 06f60513 00351513 06e60593 d7dff06f 15400793 0517ec63 00f6d893 07888e13 003e1513 07788893 96dff06f 01459513 b6051ae3 00882583 00e887b3 0017e793 00f5a223 c55ff06f 4c6e2e23 b71ff06f 15400593 06c5ee63 00f75613 07860513 00351513 07760593 d21ff06f 55400793 0717ee63 0126d893 07d88e13 003e1513 07c88893 911ff06f 00878593 00040513 01d12a23 01012823 00d12623 d18ff0ef 01412e83 01012803 00c12683 000ea603 be9ff06f ff8e0e13 01c70733 40670733 00000593 b85ff06f 00000593 b7dff06f 55400593 02c5e463 01275613 07d60513 00351513 07c60593 ca1ff06f 3f800513 07f00e13 07e00893 89dff06f 3f800513 07e00593 c85ff06f 06822783 fe010113 00112e23 00058693 00050813 02078863 20f6c733 00072783 04078c63 0007a683 00d72023 0007a823 0007a623 01c12083 00078513 02010113 00008067 00b12623 02100613 00400593 00a12423 055030ef 06a22423 00812803 00c12683 00050793 fc0506e3 20f6c733 00072783 fa0798e3 00100593 00d59733 00570613 00080513 00261613 00d12623 00e12423 015030ef 00050793 f8050ce3 00c12683 00812703 00d52223 00e52423 f7dff06f 00058e63 06822703 0045a783 20e7c7b3 0007a703 00e5a023 00b7a023 00008067 0105ae03 00058e93 00068313 01458813 00000893 00082783 00480813 00188893 0807c733 02c70733 0107d693 02c686b3 006707b3 0107d713 0807c7b3 00e686b3 01069713 00f707b3 fef82e23 0106d313 fdc8c2e3 00030e63 008ea783 00fe5e63 21de47b3 0067aa23 001e0793 00fea823 000e8513 00008067 00050793 06822503 fd010113 02112623 004ea803 08050a63 00180813 20a84533 00052703 0e070063 00072783 00f52023 00072823 010ea603 00ce8593 00072623 00260613 00261613 00c70513 00612c23 01c12a23 01d12823 00e12623 dd9fc0ef 01012e83 06822683 004ea783 01412e03 01812303 20d7c7b3 0007a683 02c12083 00dea023 01d7a023 00c12e83 21de47b3 0067aa23 001e0793 00fea823 000e8513 03010113 00008067 00078513 02100613 00400593 00612e23 01d12c23 01c12a23 01012823 00f12623 694030ef 06a22423 00c12783 01012803 01412e03 01812e83 01c12303 f2051ae3 0000e6b7 0000e537 d3468693 dac50513 00000613 0ba00593 610030ef 00100593 010598b3 00588613 00078513 00261613 00612e23 01d12c23 01c12a23 01012823 01112623 630030ef 00050713 fa050ae3 01012803 00c12883 01c12303 01812e83 01412e03 01052223 01152423 eddff06f 00010737 00050793 04e57063 01051793 01800693 01000513 01000737 00e7f663 00879793 00068513 10000737 02e7e463 40000737 04e7f463 00279713 04074863 00350513 00008067 00800693 00000513 fc9ff06f 00479713 400006b7 00450513 02d77063 00679793 0207c263 00179713 fc0748e3 02000513 00008067 00078713 fe074ce3 00150513 00008067 00250513 00008067 06822783 fe010113 00112e23 00058693 00050813 02078863 0047a503 06050663 00052703 01c12083 00e7a223 00100793 00052623 00d52a23 00f52823 02010113 00008067 00b12623 02100613 00400593 00a12423 51c030ef 06a22423 00812803 00c12683 00050793 fa0518e3 0000e6b7 0000e537 d3468693 dac50513 00000613 14500593 4a0030ef 00080513 01c00613 00100593 00d12423 4d8030ef fc0508e3 00812683 01c12083 00200793 00f52423 00100713 00100793 00e52223 00052623 00d52a23 00f52823 02010113 00008067 fd010113 03212023 01062683 0105a903 02812423 02912223 02112623 01312e23 00058493 00060413 00050813 00d94c63 00068713 00058413 00090693 00060493 00070913 00842783 00442983 06822503 01268333 0067a7b3 00f989b3 1c050263 20a9c7b3 0007a503 20050263 00052703 00e7a023 01450893 00052623 21134833 00088793 0108f863 0007a023 00478793 ff07ece3 01448593 20b94e33 15c5f463 01440f13 21e6c6b3 01540e93 01d6beb3 40868633 001ece93 feb60613 0180006f 0102d293 08029e63 00458593 00488893 11c5fa63 0005a283 0802c433 fe0402e3 00088393 000f0293 00000493 0002a783 0003af83 00438393 0807c733 02870733 0107d793 080fc933 010fdf93 00428293 028787b3 01270733 00970733 01075493 08074733 01f787b3 009787b3 01079f93 00efe733 fee3ae23 0107d493 fad2e8e3 00000793 000e8463 ffc67793 00f887b3 0097a223 0005a283 0102d293 f60286e3 0008a783 00088393 000f0f93 00078493 00000413 000fd703 0104d993 0807c7b3 02570733 004f8f93 0043a483 00438393 0804c933 00870733 01370733 01071413 00f467b3 fef3ae23 ffefd783 01075713 025787b3 012787b3 00e787b3 0107d413 fadfeae3 00000713 000e8463 ffc67713 00e88733 00f72223 00458593 00488893 efc5eae3 00604863 0180006f fff30313 00030863 ffc82783 ffc80813 fe0788e3 02c12083 02812403 00652823 02412483 02012903 01c12983 03010113 00008067 00080513 02100613 00400593 00612623 00d12423 01012223 268030ef 06a22423 00412803 00812683 00c12303 e0051ae3 0000e6b7 0000e537 d3468693 dac50513 00000613 16200593 1ec030ef 00100593 013597b3 00578613 00080513 00261613 00612623 00d12423 00f12223 214030ef fc0500e3 00412783 00c12303 00812683 01352223 00f52423 dcdff06f fe010113 00812c23 01212823 01312623 00112e23 00367793 00060413 00050913 00058993 0c079c63 40245413 0a040a63 01412423 00912a23 06422483 0e048063 00147793 40145413 00079e63 0004a503 04050863 00050493 00147793 40145413 fe0786e3 00048613 00098593 00090513 ce5ff0ef 00098e63 06822703 0049a783 20e7c7b3 0007a703 00e9a023 0137a023 02040863 00050993 0004a503 fa051ce3 00048613 00048593 00090513 ca9ff0ef 00a4a023 00052023 00050493 f9dff06f 01c12083 01812403 01412483 00812a03 01012903 00c12983 02010113 00008067 01c12083 01812403 01012903 00098513 00c12983 02010113 00008067 0000e737 f1070713 20e7c7b3 ffc7a603 00000693 911ff0ef 00050993 f11ff06f 06822503 02050a63 00452483 06048063 0004a783 00f52223 06922223 27100713 00100793 0004a623 0004a023 00e4aa23 00f4a823 ef1ff06f 02100613 00400593 00090513 094030ef 06a22423 fa051ee3 0000e6b7 0000e537 d3468693 dac50513 00000613 14500593 024030ef 01c00613 00100593 00090513 060030ef 00050493 fc0508e3 00100713 00200793 00e52223 00f52423 f85ff06f 0105ae83 40565813 0085a783 fd010113 01d80eb3 02112623 001e8313 0045a703 00058e13 00060693 00050f13 0067d863 00179793 00170713 fe67cce3 06822f83 100f8263 21f747b3 0007a503 16050463 00052703 00e7a023 00052823 00052623 01450593 03005063 00580713 20a74733 00058793 00478793 fe07ae23 fef71ce3 20b845b3 010e2883 014e0793 01f6f613 20f8c8b3 08060263 02000f13 40cf0f33 00058813 00000693 0007a703 00480813 00478793 00c71733 00d76733 fee82e23 ffc7a683 01e6d6b3 ff17e0e3 015e0793 00000713 00f8e863 41c888b3 feb88893 ffc8f713 00e585b3 00d5a223 00068463 00030e93 004e2783 02c12083 01d52823 21f7c7b3 0007a703 00ee2023 01c7a023 03010113 00008067 0007a703 00478793 00458593 fee5ae23 fd17f6e3 0007a703 00478793 00458593 fee5ae23 fd17eee3 fb5ff06f 000f0513 02100613 00400593 00d12e23 01c12c23 00e12a23 00612823 01012623 01d12423 01e12223 6d5020ef 06a22423 00412f03 00812e83 00c12803 01012303 01412703 01812e03 01c12683 00050f93 ea0518e3 0000e6b7 0000e537 d3468693 dac50513 00000613 1de00593 645020ef 00100593 00e597b3 00578613 000f0513 00261613 00d12e23 01c12c23 00612a23 01012823 01d12623 00e12423 00f12223 65d020ef fa0508e3 00812703 00412783 06822f83 01c12683 01812e03 01412303 01012803 00c12e83 00e52223 00f52423 e45ff06f 01052703 0105a783 00050613 40f70533 04f71063 01460613 01458593 20b7c5b3 20c7c7b3 0080006f 02f67463 ffc7a683 ffc5a703 ffc78793 ffc58593 fee686e3 00100513 00e6f663 fff00513 00008067 00008067 0105a783 01062703 fd010113 02112623 00058f13 00060393 00050313 40e786b3 16e79e63 01458613 01438693 20c747b3 20d74733 0080006f 1ef67063 ffc7a503 ffc72683 ffc78793 ffc70713 fed506e3 00100893 14d57663 06822503 0043a703 14050e63 20a747b3 0007a503 1e050463 00052703 00e7a023 00052823 0103a303 010f2283 01438393 014f0813 01450613 01152623 20734eb3 2102c2b3 00038e13 00060893 00000593 000e2703 00082683 00488893 080747b3 0806cfb3 41f787b3 00b787b3 0106d693 01075713 40d70733 4107d693 00d70733 0807c7b3 01071693 00f6e7b3 00480813 fef8ae23 004e0e13 41075593 fa586ae3 015f0693 00000713 00d2e863 41e282b3 feb28293 ffc2f713 00770e33 004e0e13 00e60733 000e0693 40760633 00470f13 05de7863 0006a783 00c68833 00468693 0807c733 00b70733 0107d893 41075713 00b787b3 01170733 01071593 0807c7b3 00b7e7b3 00f82023 41075593 fdd6e4e3 fffe8713 41c70733 ffc77713 01e70733 00079a63 ffc72783 ffc70713 fff30313 fe078ae3 02c12083 00652823 03010113 00008067 0a06c863 00038793 000f0393 00078f13 06822503 00000893 0043a703 ea0516e3 00030513 02100613 00400593 00712e23 01e12c23 01112a23 00e12823 00612623 3f9020ef 06a22423 00c12303 01012703 01412883 01812f03 01c12383 e60516e3 0000e6b7 0000e537 d3468693 dac50513 00000613 24500593 375020ef 06822783 08078463 0007a503 0c050063 00052703 00e7a023 02c12083 00100793 00052623 00052a23 00f52823 03010113 00008067 00100893 e09ff06f 00100593 00e597b3 00578613 00030513 00261613 00712e23 01e12c23 01112a23 00e12823 00f12623 359020ef f6050ee3 01012703 00c12783 01c12383 01812f03 01412883 00e52223 00f52423 dd9ff06f 00030513 02100613 00400593 00612623 321020ef 06a22423 00c12303 00050793 f4051ee3 0000e6b7 0000e537 d3468693 dac50513 00000613 23700593 2a9020ef 00030513 01800613 00100593 2e5020ef fc050ae3 00100793 00052223 00f52423 f2dff06f 06822803 fd010113 02112623 00058e13 00060793 00050313 28080863 00482503 2e050263 00052603 00c82223 0147d813 00c79613 00052623 7ff87813 00c65613 00080663 001007b7 00f66633 000e0593 060e0863 007e7793 12078e63 001e7793 1e079063 002e7793 32078463 001e5593 01f00793 00100893 00f617b3 00f5e5b3 01165633 00c037b3 00178793 00b52a23 00c52c23 00f52823 04080c63 bcd80813 02c12083 01180833 03500793 0106a023 411787b3 00f72023 03010113 00008067 00767793 08078a63 00167793 16079e63 00267793 2c078663 00165613 02100893 00100793 00c52a23 00f52823 fa0818e3 20a7c633 01062603 bce88893 0116a023 000106b7 00579793 18d67063 01061613 01800813 01000693 010005b7 00b67663 00861613 00080693 100005b7 12b66863 400005b7 16b67063 00261593 1005ca63 00368693 40d787b3 02c12083 00f72023 03010113 00008067 080647b3 0c079463 01065613 04000893 f6060ce3 00f67793 26078c63 01000893 00367793 28078063 00167793 26079863 00165613 02188893 f51ff06f 080e47b3 04079663 010e5593 0ff5f793 01000893 00079663 01800893 0085d593 00f5f793 00488313 04078063 0035f793 18078463 0015f793 20079863 00188893 02000793 0015d593 411787b3 e99ff06f 0ffe7793 18078263 00fe7793 1c079463 00400313 00000893 0045d593 0035f793 14078663 0015f793 1c079063 00588893 02000793 411787b3 0015d593 e59ff06f 0ff67793 14078663 00f67793 16079e63 00400893 00465613 f3dff06f 00000893 e41ff06f 02000893 e95ff06f 00268693 40d787b3 ef1ff06f 00461593 40000837 00468693 0305f863 00661613 fe0640e3 00161593 ec05c4e3 02000693 40d787b3 ec5ff06f 00800813 00000693 e89ff06f 00060593 ea05c6e3 00168693 40d787b3 ea5ff06f 00c12e23 00b12c23 02100613 00400593 00e12a23 00d12823 00a12623 009020ef 06a22423 00c12303 01012683 01412703 01812e03 01c12783 00050813 d2051ce3 0000e6b7 0000e537 d3468693 dac50513 00000613 30f00593 780020ef 00030513 01c00613 00100593 00f12c23 01c12a23 00e12823 00d12623 7ac020ef fc0502e3 00100593 00200613 01812783 01412e03 01012703 00c12683 00b52223 00c52423 ce5ff06f 00088313 0025d593 0015f793 0a078e63 00230893 02000793 411787b3 d11ff06f 00800893 e41ff06f 00865613 00f67793 00800893 de079ce3 00c00893 00465613 dedff06f 002e5593 01e00793 00200893 cddff06f 00265613 02200893 d39ff06f 00365613 02300893 d2dff06f 002e5593 01d00793 00300893 0015d593 cb1ff06f 02000793 406787b3 00030893 ca1ff06f 02000793 411787b3 c95ff06f 03400893 00100613 cf1ff06f 02088893 ce9ff06f 00265793 0017f593 02058263 02288893 00078613 cd1ff06f 00330893 02000793 411787b3 0015d593 c55ff06f 00365613 02388893 cb1ff06f f3010113 0c112623 0c812423 0c912223 09b12e23 00d12023 00060d93 00058413 00050493 498020ef 00052783 00078513 00f12a23 4e0020ef 05422783 02a12023 640786e3 06442703 00c41783 00177713 00071663 2007f713 62070c63 0087f793 20078863 01042783 20078463 0000e7b7 01078793 0b712623 0d212023 0b312e23 0b412c23 0b512a23 0b612823 0b812423 0b912223 0ba12023 00f12623 00012823 00012e23 00012c23 02012223 00012223 000d8b93 000bc783 000b8d93 fdb78713 02070263 02078063 001dc783 001d8d93 00078663 fdb78713 fe0718e3 417d89b3 057d9063 20078263 001d8d93 040103a3 fff00d13 00000913 00000b13 000dca03 001d8b93 fe0a0793 05800713 06f76a63 00c12703 20e7c7b3 0007a783 00078067 000b8613 00098693 00040593 00048513 1f1010ef fff00793 1af50863 00412783 013787b3 00f12223 000dc783 f99ff06f fd0a0793 00000913 00900713 000bca03 21294933 20f92933 fd0a0793 001b8b93 fef776e3 fe0a0793 05800713 f8f77ae3 160a0463 00100a93 07410423 040103a3 000a8993 00000d13 00012423 06810d93 084b7c13 600c1863 41390cb3 45904ce3 04714783 640794e3 415d0d33 0fa04663 100b7793 320780e3 06500793 2347dae3 01c12503 01812583 00000613 00000693 5fc060ef 4a050ae3 04c12783 76f05ce3 00812783 01012703 0ae7cab3 69504ae3 00812783 0a0aeab3 41578d33 01a05463 7b90006f 04c12c83 01012783 52fccee3 001b7793 52079ae3 01012783 00812703 41978cb3 40e78ab3 0b9acab3 0a0aeab3 415c8cb3 01905463 0100106f 004b7e93 000e8663 41390ab3 33504ae3 00412783 0b3969b3 013787b3 00f12223 e49ff06f 00040593 00048513 094020ef de0508e3 06442783 0017f793 00079a63 00c45783 2007f793 00079463 07d0106f fff00793 00f12223 0840006f 01000c13 0000e637 25ac56e3 03212423 fff00c93 000d0913 00c0006f ff090913 232c54e3 0000e7b7 01000693 17478613 00040593 00048513 041010ef ff9510e3 06442703 00c41783 00177713 04070863 0407f793 00078463 44c0106f 0c012903 0bc12983 0b812a03 0b412a83 0b012b03 0ac12b83 0a812c03 0a412c83 0a012d03 0cc12083 0c812403 00412503 0c412483 09c12d83 0d010113 00008067 2007f713 fa0718e3 05842503 025030ef 00c41783 fa1ff06f 010b6b13 000b8d93 d99ff06f 00012783 0007a903 00478793 00f12023 fe0954e3 41200933 004b6b13 000b8d93 d75ff06f 008b7793 66078ce3 00012783 03010513 0007a783 0007a703 02e12823 0047a703 02e12a23 0087a703 02e12c23 00c7a783 02f12e23 46c070ef 00012783 00b12c23 00a12e23 00478793 00f12023 00058713 0000e7b7 f087ac03 f0c7ac83 01c12a83 00171993 0019d593 000a8513 000c0613 000c8693 294070ef 00051e63 000a8513 0019d593 000c0613 000c8693 514060ef 06a04ce3 01c12703 01812783 00070613 00078693 00070513 00078593 25c070ef 00050463 4f40106f fff00793 100b6c93 fdfa7993 00fd1463 0680106f 04700793 00f98463 0600106f 01812783 000d1463 3c80106f 0007d463 57c0106f 00078a93 01a12823 00000c13 01c12703 000a8613 05410893 00070593 05010813 04c10793 000d0713 00200693 00048513 b58fc0ef 00050d93 001b7793 00078463 2a00106f 05412783 04c12703 41b787b3 00f12823 00e12423 00070793 ffd7a793 00079863 00812783 00fd4463 1580106f ffea0a13 00812783 05410c23 02b00713 fff78793 04f12623 0007da63 00812703 00100793 40e787b3 02d00713 04e10ca3 00900713 00f74463 2b80106f 06710613 ccccd837 00060513 ccd80813 06300313 0307b733 00078593 00050893 fff50513 00375713 20e746b3 00169693 40d787b3 03078793 00f50023 00070793 fcb34ae3 03070793 fef50fa3 ffe88593 00c5e463 4980106f 41160833 00088713 00400693 00180893 0116e463 4740106f 04f10d23 00054783 05c10893 ffc87693 04f10da3 00088513 00d705b3 00174783 00074e03 00274303 00879793 01c7e7b3 01031313 00f36333 00374783 00470713 00450513 01879793 0067e7b3 fef52e23 fce596e3 04d80863 00d886b3 0005c703 00158793 00e68023 02c7fe63 0015c703 00258793 00e680a3 02c7f663 0025c703 00358793 00e68123 00c7fe63 0035c703 00458793 00e681a3 00c7f663 0045c783 00f68223 010888b3 05810793 40f887b3 02f12223 00078693 01012703 00100793 00d70ab3 00e7c463 1c00106f 02012783 00012423 00fa8ab3 0a0ae9b3 000c1463 06c0106f 02d00793 00198993 000c8b13 04f103a3 00000d13 2a80006f 05842503 4ac030ef 00c41783 9c1ff06f 00012783 00478613 010b7793 00060693 22079663 00012783 0007a703 040b7793 00070813 52079ee3 22074463 220d4c63 00ed6733 f7fb7793 06071ce3 04714703 004b7693 00d12423 00e039b3 70068ee3 00071463 3a40106f 00c12023 00078b13 00000a93 00000d13 00012423 09010d93 00400c13 2280006f 010b6b13 00012783 040103a3 0007a703 00478693 000d4a63 00ed6633 f7fb7793 68060a63 00078b13 09010d93 00777793 000d8613 03078793 00375713 fefd8fa3 fffd8d93 fe0714e3 fd078793 60078a63 001b7793 60078663 ffe60613 09010793 40c787b3 00f12423 00812703 03000793 fefd8fa3 0aed69b3 00060d93 084b7c13 000c1463 3340106f 04714783 00812a83 00d12023 00012423 18079663 08000793 a0fc10e3 41390cb3 9f905ce3 01000c13 0000e637 059c52e3 03212423 000c8913 00c0006f ff090913 032c52e3 0000e7b7 17478613 01000693 00040593 00048513 328010ef fff00793 fcf51ee3 ae5ff06f 010b6b13 00012783 040103a3 0007a803 00478693 0e0d4463 010d6733 f7fb7793 72071463 004b7993 00d12023 00078b13 00000a93 00000d13 460994e3 00012423 09010d93 95dff06f 008b6b13 000b8d93 8a5ff06f 00012783 00100a93 040103a3 0007a783 000a8993 00000d13 06f10423 00012783 00012423 06810d93 00478793 00f12023 915ff06f 04714783 ac0796e3 02000793 04f103a3 000b8d93 859ff06f 001b6b13 000b8d93 84dff06f 02b00793 04f103a3 000b8d93 83dff06f 080b6b13 000b8d93 831ff06f 00012783 010b6b13 00478613 00012783 00060693 0007a703 00070813 de0750e3 02d00793 04f103a3 40e00833 000d4463 f7fb7b13 00900593 7d05e263 04714703 03080793 00100a93 08f107a3 0b5d69b3 6a070a63 015989b3 00d12023 00012423 08f10d93 084b7c13 860c08e3 00100693 04710613 00040593 00048513 1d4010ef fff00793 e6f510e3 991ff06f 00012783 040103a3 0007ad83 00478c13 4e0d88e3 500d48e3 000d0613 00000593 000d8513 3f1010ef 04714783 460502e3 41b50ab3 0a0ae9b3 500782e3 00198993 01812023 00000d13 00012423 f8dff06f 000bca03 02a00793 001b8b93 00fa1463 0100106f fd0a0793 00900693 00000713 00000d13 f2f6ea63 000bca03 20e74733 20f72733 fd0a0793 001b8b93 fef6f6e3 fff00793 0af76d33 f10ff06f 040b6b13 000b8d93 efcff06f 010b7793 e00792e3 040b7793 00f12423 00012783 040103a3 00478693 040b7793 50079663 00012783 0007a803 ec0d4ae3 010d6733 f7fb7793 50071a63 004b7993 3c099ee3 00078b13 1590006f 010b7793 cc0794e3 00012703 040b7793 00470693 1a0784e3 040103a3 00075703 cc0d50e3 ccdff06f 000087b7 83078793 04f11423 00012783 040103a3 00478713 0007a783 0a0d40e3 00fd66b3 f7fb7593 10068ce3 0000e637 00f7f693 e3460613 00c686b3 0006c683 0047d793 08d107a3 00079463 0340106f 00e12023 00200713 0025eb13 00e12423 07800a13 08f10d93 00f7f713 00e60733 00074703 0047d793 fffd8d93 00ed8023 fe0794e3 09010793 41b78ab3 00812783 0b5d69b3 00079463 7d10006f 084b7c13 00298993 7e0c0663 04714783 78079c63 00012423 00200693 04810613 e11ff06f 00012703 010b7793 00470713 0a079263 040b7e93 080e8e63 00012783 00412683 00e12023 0007a783 00d79023 d50ff06f 0000e637 e2060613 05800713 00012683 010b7793 00468693 18079e63 040b7793 18078a63 00012783 001b7593 00b12423 0007d783 18058a63 68078863 04e104a3 03000713 04e10423 00f7f713 040103a3 00e60733 00074703 0c0d40e3 f7fb7e93 08e107a3 0047d793 002eeb13 0a078ee3 00200713 00d12023 00e12423 ef9ff06f 00012783 00412683 0007a783 00d7a023 00e12023 cb8ff06f 01012783 00100693 00f6c663 00db77b3 4a078063 00100693 000d8613 00040593 00048513 6fd000ef fff00a93 eb550e63 02012683 01412603 00040593 00048513 6e1000ef eb550263 01012783 01c12503 01812583 00000613 00000693 01578cb3 37d050ef 34051a63 01012703 00100793 4ae7ca63 02412683 05810613 00040593 00048513 69d000ef fff00793 dcf51063 e58ff06f 01c12503 01812583 00000613 00000693 f7fb7993 485050ef 78054263 04700713 04714783 27475ee3 0000edb7 e14d8d93 78079263 004b7e93 000e9663 ffd90c93 11904e63 00300a93 00098b13 000a8993 000a8693 000d8613 f91ff06f 00090d13 02812903 0000e637 000d0693 17460613 00040593 00048513 615000ef fff00793 caf51663 dd0ff06f 00012783 001b7593 0007a783 00b12423 e6059ae3 040103a3 560d4263 00fd6733 f7fb7593 64070c63 00f7f713 00e60733 00074703 0047d793 00d12023 08e107a3 00058b13 d6079ee3 00100793 0afd69b3 00f12423 08f10d93 a21ff06f 09010793 41b787b3 00f12423 0afd69b3 a0dff06f 01000b13 0000e637 2b5b5063 18460c93 fff00c13 00060a13 00c0006f ff0a8a93 295b5263 01000693 000c8613 00040593 00048513 561000ef ff8512e3 d20ff06f 001b7993 28099263 0847f713 00e12423 c60706e3 04714703 4c0708e3 00d12023 911ff06f 00300a93 00098b13 00000d13 000a8993 00012423 02012423 01000c13 0000e637 059c5463 03212623 000c8913 00c0006f ff090913 032c5463 0000e7b7 18478613 01000693 00040593 00048513 4e5000ef fff00793 fcf51ee3 ca0ff06f 00090c93 02c12903 0000e637 000c8693 18460613 00040593 00048513 4b9000ef fff00c13 c7850c63 04714783 50079263 02812783 b2078c63 00000c13 ca5ff06f 00048513 859fa0ef 9b0ff06f 0000e637 d3060613 00100693 00040593 00048513 475000ef fff00793 c2f50a63 04c12783 01012703 00e7c663 001b7793 b8078263 02012683 01412603 00040593 00048513 445000ef fff00a93 c1550263 01012783 01578cb3 b5905e63 0000e637 01000c13 17460a13 00060d13 019c4863 4680006f ff0c8c93 459c5e63 01000693 000a0613 00040593 00048513 3fd000ef ff5512e3 bbcff06f 00012783 0007d803 9c0d46e3 010d67b3 00f12423 010d6733 f7fb7793 ae070ae3 00078b13 9b1ff06f 02012683 01412603 00040593 00048513 3b9000ef fff00c13 b7850c63 01012783 04c12c83 00812703 41978cb3 40e78ab3 0b9acab3 ab505863 00ed8633 000a8693 00040593 00048513 381000ef b5850263 04c12c83 01012783 41978cb3 a88ff06f 000c8693 001d8613 00040593 00048513 359000ef cb5514e3 b18ff06f 00d12023 00012423 08f10d93 9c0ff06f ffc90c93 00012423 00300a93 00400993 00000d13 e19046e3 00000c13 93dff06f 00090c93 02812903 0000e637 000c8693 17460613 00040593 00048513 301000ef fff00793 98f51863 abcff06f 000a0613 000a8693 18460613 00040593 00048513 2dd000ef fff00793 a0f51863 a98ff06f 03000713 08e107a3 0847f713 00e12423 68070a63 04714703 200708e3 00d12023 00078b13 00098a93 00000d13 00012423 08f10d93 00400c13 8b1ff06f 000a8693 000d8613 00040593 00048513 281000ef fff00793 94f51c63 a3cff06f 000d8613 00040593 00048513 265000ef fff00793 baf518e3 a20ff06f ccccd537 ccd50513 09010d93 02a837b3 00080613 fffd8d93 0037d793 20f7c733 00171713 40e80833 03080813 010d8023 00078813 fcc5ece3 04714783 09010713 41b70733 0aed69b3 00f037b3 00e12423 00f989b3 e74ff06f 01100793 0000e637 58e7d063 17460a13 01000c13 00060d13 00c0006f ff0c8c93 579c5263 01000693 000a0613 00040593 00048513 1c9000ef ff5512e3 988ff06f 0000e637 d3060613 00100693 00040593 00048513 1a9000ef fff00a93 97550463 04c12783 01012683 001b7713 00f6e7b3 00e7e7b3 26078063 02012683 01412603 00040593 00048513 175000ef 93550c63 04c12783 3e07c863 01012683 000d8613 ab9ff06f 01000a93 0000e637 4faad663 17460c93 fff00c13 00060a13 00c0006f ff0d0d13 4daad863 01000693 000c8613 00040593 00048513 125000ef ff8512e3 8e4ff06f 00012783 00778793 ff87f793 0007a703 00878793 00e12e23 ffc7a703 00f12023 00e12c23 9b0ff06f 040103a3 1e0d4463 f7fb7793 4c0d0a63 03000713 08e107a3 00078b13 000d0993 08f10d93 d40ff06f 01000a93 0000e637 119ad863 17460c13 fff00a13 00060d13 00c0006f ff0c8c93 0f9ada63 01000693 000c0613 00040593 00048513 095000ef ff4512e3 854ff06f 00f7f713 00e60733 00074703 0047d793 00d12023 08e107a3 820796e3 ab1ff06f 00000c13 00100693 04710613 00040593 00048513 055000ef fff00793 84f51ae3 06442703 00c41783 00177713 00070463 810ff06f 858ff06f 0025eb13 00e12023 00000a93 00200993 07800a13 09010d93 41390cb3 01904c63 04714783 fa0792e3 00012423 00000c13 80dff06f 00200793 00012423 02f12423 ad9ff06f 0000e637 00f7f693 e3460613 00c686b3 0006c683 0047d793 002b6b13 08d107a3 70078863 00e12023 00200713 00e12423 07800a13 f74ff06f 000d0613 000c8693 17460613 905ff06f 00100693 04710613 00040593 00048513 794000ef af8516e3 f55fe06f 004b7993 00058b13 28099263 00d12023 00000a93 00000d13 09010d93 df5fe06f 004b7d13 f20d0ae3 00e12023 0025eb13 00000a93 00200993 00000d13 00012423 09010d93 07800a13 00400c13 f48ff06f 0000e637 e3460613 07800713 f80ff06f 00012823 e51fe06f 60571713 00070813 ac0ff06f 040103a3 00072703 b00d5e63 b28ff06f 03000793 08f107a3 001b7993 08f10d93 b68ff06f 02d00793 04f103a3 04700793 3747d463 0000edb7 e14d8d93 004b7e93 00098b13 b80e8ae3 00100693 04710613 00040593 00048513 6bc000ef fff00793 00f51463 e79fe06f 00300a93 00400993 869ff06f 08e107a3 0047d793 002b6b13 f4079663 00100993 00812a83 00d12023 0b3d69b3 08f10d93 e70ff06f 00000993 00000d13 00012423 09010d93 d01fe06f 00600d13 01812783 2c07c863 00078a93 00000c13 06600793 36fa1e63 01c12703 05010813 04c10793 00070593 000a8613 000d0713 05410893 00300693 00048513 b04fb0ef 00054703 03000793 00050d93 01a50833 3ef70663 04c12783 01c12503 00f80833 000a8593 00000613 00000693 01012423 2ac050ef 00812803 3a050863 05412783 3907f063 03000693 00178713 04e12a23 00d78023 05412783 ff07e8e3 41b787b3 00f12823 04c12783 04700713 00f12423 00e99463 f61fe06f 06600793 00fa0463 f6dfe06f 00812703 001b7793 01a7e7b3 4ae05463 3c079e63 00070a93 00070993 06600a13 8ccff06f ff000713 40f00cb3 0000e637 24e7d463 17460c13 01000a13 00060d13 00c0006f ff0c8c93 239a5663 01000693 000c0613 00040593 00048513 540000ef ff5512e3 d01fe06f 01812023 2e078263 001d0993 000d0a93 00012423 00000d13 b30ff06f 00078b13 00c12023 00000a93 00000d13 09010d93 b8dfe06f 00078b13 00d12023 00000a93 00000993 00000d13 09010d93 b81fe06f 01012703 16e7c863 001b7e93 300e9a63 0a07e9b3 00078a93 06700a13 818ff06f 00600993 0b3d59b3 0000edb7 01812023 00098a93 e48d8d93 00000d13 00012423 b25fe06f 000d8513 691000ef 04714783 00050a93 0a0569b3 b0079263 01812023 00000d13 00012423 afdfe06f 000d0613 000c8693 17460613 a01ff06f 000a0613 000d0693 17460613 00040593 00048513 454000ef fff00793 00f50463 b3dfe06f c0dfe06f 04714783 04078e63 00198993 000c8b13 00000d13 a40ff06f 00078b13 00d12023 00098a93 00000d13 08f10d93 a9dfe06f 004b7993 00d12023 00078b13 00000a93 92098263 00000993 00012423 09010d93 a89fe06f 0000edb7 e10d8d93 d88ff06f 000c8b13 00000d13 a59fe06f fff00793 00f12223 bb1fe06f 01c12503 000a8593 00000613 00000693 074050ef 00050e63 01012703 05412783 00ed8833 dd07e4e3 41b787b3 00f12823 04c12783 00f12423 d45fe06f 80000ab7 0157cab3 02d00c13 d31ff06f 0000edb7 e10d8d93 c9dff06f 00070793 02012703 00e78ab3 00812783 00f04663 40fa8ab3 001a8a93 0a0ae9b3 06700a13 e9dfe06f 03078793 04f10da3 03000793 04f10d23 00400793 02f12223 00078693 e59fe06f 000d0613 000c8693 17460613 00040593 00048513 314000ef fff00793 9af514e3 ad1fe06f 00fb77b3 00f12423 0a0ae9b3 00079463 e45fe06f e31fe06f 1607c263 00078a93 00100793 00000c13 00f12823 00078d13 c39fe06f 01c12603 fbb98793 0017b793 01a787b3 00060593 00f12823 00078713 000a8613 04c10793 05410893 05010813 00200693 00048513 f7dfa0ef 04700793 00050d93 00f99463 c1dfe06f 01c12503 000a8593 00000613 00000693 735040ef 24050063 01012703 05412783 00ed8833 c907e4e3 41b787b3 00f12823 04c12783 00f12423 ca9ff06f 000d0a93 000d0993 00012423 00000d13 8bdfe06f 41b807b3 00f12823 04c12783 00f12423 c8dff06f 01c12503 000a8593 00000613 00000693 01012423 6cd040ef 00812803 06051863 04c12783 00f12423 00f807b3 41b787b3 00f12823 c55ff06f 01812783 f7fb7993 0607dc63 02d00793 04f103a3 04700793 0f47d063 0000edb7 e1cd8d93 af1ff06f 02012703 06700a13 00e78ab3 0a0ae9b3 d05fe06f 00ed07b3 02012703 06600a13 00e78ab3 0a0ae9b3 cedfe06f 00100793 41a787b3 04f12623 b85ff06f 80000ab7 0157cab3 00100793 02d00c13 00f12823 00078d13 ad5fe06f 04700713 04714783 07475263 0000edb7 e1cd8d93 afcff06f 00012783 00012683 000b8d93 0007a703 00468693 fff00793 00d12023 0af76d33 f10fe06f 80000ab7 01a12823 0157cab3 02d00c13 a85fe06f 05a10693 05c10893 be5fe06f 00200793 02f12223 00078693 c31fe06f 0000edb7 e18d8d93 a9cff06f 0000edb7 e18d8d93 a15ff06f 00079a63 00100993 00098a93 06600a13 c29fe06f 02012783 06600a13 00178a93 01aa8ab3 0a0ae9b3 c11fe06f 00100a93 00e12023 0b5d69b3 08f10d93 07800a13 89cff06f 00078b13 00d12023 00098a93 00000d13 00012423 08f10d93 f24fe06f 00078b13 00c12023 00000a93 00000d13 00012423 09010d93 f08fe06f 00078b13 00d12023 00000a93 00000d13 00012423 09010d93 eecfe06f 00812a83 00d12023 00012423 eccfe06f 00012683 01512423 cadfe06f 04c12783 00f12423 9f9fe06f 00100a93 00e12023 0025eb13 0b5d69b3 08f10d93 07800a13 804ff06f 05842503 05c020ef f80fe06f fe010113 01412423 00112e23 00d60a33 06068a63 00812c23 00912a23 01212823 01312623 00060413 00050993 00058913 fff00493 0080006f 03440e63 00044583 00090613 00098513 4b8000ef 00140413 fe9514e3 01812403 01c12083 01412483 01012903 00c12983 00812a03 02010113 00008067 01812403 01412483 01012903 00c12983 01c12083 00812a03 00000513 02010113 00008067 ff010113 00112623 01212023 0e058263 05422783 00812423 00912223 00058413 00050493 10078263 b65f90ef 06442783 00c41703 0017f793 0a079463 20077713 0e070863 00040593 00048513 118000ef 02c42783 00050913 00078a63 01c42583 00048513 000780e7 0a054063 00c45783 0807f793 0a079263 03042583 00058c63 04040793 00f58663 00048513 e58fc0ef 02042823 04442583 00058863 00048513 e44fc0ef 04042223 06442783 00041623 0017f793 0a078263 05842503 6c9010ef ad5f90ef 00c12083 00812403 00412483 00090513 00012903 01010113 00008067 f60712e3 ab1f90ef 00812403 00412483 00c12083 00000913 00090513 00012903 01010113 00008067 00c45783 fff00913 0807f793 f60782e3 01042583 00048513 dc4fc0ef f55ff06f a09f90ef efdff06f 05842503 655010ef 00c41783 f00794e3 06442783 0017f793 f8079ee3 05842503 66d010ef f91ff06f 05842503 661010ef f59ff06f 00c59783 fe010113 00812c23 01312623 00112e23 0087f713 00058413 00050993 0e071263 0045a703 16e05463 02842703 0a070e63 01212823 00912a23 05822483 04022c23 01379693 1606c063 01c42583 00100693 00000613 00098513 000700e7 fff00713 18e50663 00c41783 02842703 0047f793 00078e63 00442683 03042783 40d50533 00078663 03c42783 40f50533 01c42583 00050613 00000693 00098513 000700e7 fff00713 00c41683 10e50263 01042783 00042223 00f42023 01369793 1207c463 03042583 04922c23 0c058863 04040793 00f58663 00098513 ca4fc0ef 01412483 01012903 02042823 00000513 01c12083 01812403 00c12983 02010113 00008067 01212823 0105a903 08090a63 00912a23 0005a483 0037f793 0125a023 412484b3 00000713 00079463 0145a703 00e42423 00904863 0640006f 00a90933 04905e63 02442783 01c42583 00048693 00090613 00098513 000780e7 40a484b3 fca04ee3 00c45783 01c12083 01412483 0407e793 00f41623 01812403 01012903 00c12983 fff00513 02010113 00008067 03c5a703 e8e04ce3 f55ff06f 01412483 01012903 f49ff06f 05042503 ec5ff06f 05822603 01d00793 06c7ec63 20400737 00170713 00c75733 00177713 06070263 01042783 00042223 00f42023 01369793 ee07d2e3 ee0610e3 04a42823 ed9ff06f 05822783 e6078ae3 fe378713 02070263 fea78793 00078e63 00c45783 01412483 01012903 0407e793 00f41623 ed5ff06f 04922c23 01012903 01412483 ec1ff06f 0406e693 01412483 01012903 00d41623 eb1ff06f 05422783 fe010113 00112e23 00050693 08078c63 00c59783 04078263 0645a703 00177713 00071663 2007f793 04078063 00068513 00b12423 d85ff0ef 00812583 00050793 0645a703 00177713 00071863 00c5d703 20077713 02070863 01c12083 00078513 02010113 00008067 0585a503 00d12623 00b12423 369010ef 00c12683 00812583 fadff06f 00a12423 0585a503 385010ef 00812783 01c12083 00078513 02010113 00008067 00b12623 00a12423 ed8f90ef 00c12583 00812683 f59ff06f 05422783 fe010113 00112e23 00050713 08078e63 06462783 0017f793 00079863 00c65783 2007f793 06078063 00070513 00c12223 098000ef 00412603 00050713 06462783 0017f793 00079863 00c65783 2007f793 00078a63 01c12083 00070513 02010113 00008067 00a12223 05862503 2e5010ef 00412703 01c12083 00070513 02010113 00008067 05862503 00b12623 00e12423 00c12223 289010ef 00c12583 00812703 00412603 f85ff06f 00c12623 00b12423 00a12223 e10f90ef 00c12603 00812583 00412703 f4dff06f 05422783 fe010113 00112e23 00050693 0c078c63 06462783 0017f793 00079863 00c65783 2007f793 06078e63 00862783 0ff5f713 fff78793 00f62423 0007da63 01862503 04a7c463 ff670793 04078063 00062783 0ff5f593 00178693 00d62023 00e78023 06462783 0017f793 00079863 00c65783 2007f793 04078863 01c12083 00058513 02010113 00008067 00068513 00c12223 074000ef 00412603 00050593 fc5ff06f 05862503 00b12623 00d12423 00c12223 1a1010ef 00c12583 00812683 00412603 f69ff06f 05862503 00b12223 1b9010ef 00412583 01c12083 00058513 02010113 00008067 00c12623 00b12423 00a12223 d08f90ef 00c12603 00812583 00412683 f11ff06f 05422783 fe010113 00812c23 00912a23 00112e23 00058413 00050493 0e078663 01862703 00c65783 00e62423 0087f793 06078863 01062783 06078463 00062703 01462683 40f707b3 08d7d263 00178793 00862683 00170593 00b62023 fff68693 00d62423 00870023 01462703 0ff47413 08f70063 ff640793 00079863 00c65783 0017f793 06079663 01c12083 00040513 01812403 01412483 02010113 00008067 00060593 00048513 00c12623 06c000ef 04051863 00c12603 01062783 00062703 01462683 40f707b3 f8d7c2e3 00060593 00048513 00c12623 c95ff0ef 00c12603 02051063 00062703 00100793 f65ff06f 00060593 00048513 c75ff0ef f80506e3 fff00413 f85ff06f 00c12623 be8f90ef 00c12603 f0dff06f 05422783 fe010113 00112e23 00050613 00058713 12078e63 00c71783 0087f693 02068a63 01072683 04068863 0017f693 0a068463 01472783 00072423 40f007b3 00f72c23 00000513 01c12083 02010113 00008067 0107f693 14068063 0047f693 08069663 01072683 0087e793 60579793 00f71623 fa069ce3 00c72583 20000513 2805f593 0aa58a63 00060513 00070593 00e12423 1a4010ef 00812703 00c71783 01072683 0017f613 0c060263 01472603 00072423 40c00633 00c72c23 f80694e3 0807f693 f80680e3 0407e793 00f71623 fff00513 f75ff06f 0027f793 04079a63 01472783 00f72423 f5dff06f 03072583 02058663 04070693 02d58063 00060513 00e12623 00c12423 e89fb0ef 00c12703 00812603 00c71783 02072823 01072683 fdb7f793 00072223 00d72023 f3dff06f 00072423 f11ff06f 0017f613 04061463 0027f613 02060a63 00072423 f75ff06f 00a12423 00000513 00b12623 a80f90ef 00c12703 00812603 eb1ff06f 0027f613 00000593 00061463 01472583 00b72423 f3dff06f 01472683 00072423 40d006b3 00d72c23 f2dff06f 0407e793 00900613 00f71623 04c22c23 fff00513 e9dff06f 0000f537 9dc50513 00008067 ff010113 00812423 00058513 00112623 9401ac23 534010ef fff00793 00f50a63 00c12083 00812403 01010113 00008067 9581a783 fe0786e3 00c12083 00812403 04f22c23 01010113 00008067 00357793 00050713 02079c63 fff00693 00072783 00470713 2877d793 fed78ae3 fff7c793 60179793 0037d793 ffc78793 40a70733 00e78533 00008067 fc0688e3 00074783 00170713 00377693 fe0798e3 40a70733 fff70513 00008067 00357693 0ff5f713 02068c63 00400793 40d787b3 0ac7d7b3 00200693 0ad78463 00300693 08d78a63 00100693 00d79863 00054683 08e68063 00150513 40f60633 ffc67693 00d506b3 04d57863 0ff5f793 00879593 00f585b3 01059793 00f585b3 fff00813 00c0006f 00450513 02d57463 00052783 00f5c7b3 2877d793 ff0786e3 fff7c793 60179793 0037d793 00f50533 00008067 00367613 00c506b3 00061863 0340006f 00150513 02d50663 00054783 fee79ae3 00008067 00054683 fee68ce3 00150513 00054683 fee686e3 00150513 f61ff06f 00000513 00008067 ff010113 00060813 00112623 00050313 00058713 04822503 00068613 02080063 0000e7b7 e5078793 0000e5b7 00030693 e6058593 0e0000ef 0d8010ef 0000e7b7 e5c78793 00078813 fe1ff06f 02c5b7b3 02c585b3 06079463 fe010113 00112e23 eddfb0ef 00050793 04050263 ffc52603 02400693 ffc67613 ffc60613 04c6ea63 01300593 00050713 00c5fc63 00052023 00052223 01b00713 04c76c63 00850713 00072023 00072223 00072423 01c12083 00078513 02010113 00008067 00c00713 04e22c23 00000793 00078513 00008067 00000593 00a12623 cb0f90ef 00c12783 01c12083 00078513 02010113 00008067 00052423 00052623 00d60663 01050713 fa1ff06f 00052823 00052a23 01850713 f91ff06f fc010113 02810313 00058e13 02c12423 02d12623 00050593 000e0613 00030693 00000513 00112e23 02e12823 02f12a23 03012c23 03112e23 00612623 010000ef 01c12083 04010113 00008067 05422783 f7010113 08912223 09212023 07312e23 07712623 08112623 00060493 00068b93 00058913 00050993 12078ee3 06492703 00c91783 00177713 00071663 2007f713 24070e63 0087f793 1e078063 01092783 1c078c63 0000e7b7 19478793 08812423 07412c23 07512a23 07612823 07812423 07912223 07a12023 05b12e23 00f12a23 00012623 0004c783 00048413 fdb78713 02070263 02078063 00144783 00140413 00078663 fdb78713 fe0718e3 40940a33 04941063 10078e63 00140413 020101a3 fff00c13 00000a93 00000a13 00044703 00140493 fe070793 05800693 06f6ea63 01412683 20d7c7b3 0007a783 00078067 00048613 000a0693 00090593 00098513 a70ff0ef fff00793 0cf50463 00c12783 014787b3 00f12623 00044783 f99ff06f fd070793 00000a93 00900693 0004c703 215acab3 20faaab3 fd070793 00148493 fef6f6e3 fe070793 05800693 f8f6fae3 08070063 00100793 02e10423 00f12823 020101a3 00078b13 00000c13 02810413 084a7c93 3c0c9a63 416a8db3 7fb04063 02314783 06079ae3 01012783 40fc0d33 67a05e63 0000e7b7 01000c13 00f12c23 2f878d93 fff00c93 01ac4863 6400006f ff0d0d13 63ac5c63 01000693 000d8613 00090593 00098513 9a8ff0ef ff9512e3 06492703 00c91783 00177713 08070063 0407f793 280792e3 08812403 07812a03 07412a83 07012b03 06812c03 06412c83 06012d03 05c12d83 08c12083 00c12503 08412483 08012903 07c12983 06c12b83 09010113 00008067 00090593 00098513 92dff0ef e20500e3 06492783 0017f793 00079863 00c95783 2007f793 300780e3 fff00793 00f12623 fb1ff06f 2007f713 f80710e3 05892503 15c010ef 00c91783 f71ff06f 010a6a13 00048413 e51ff06f 000baa83 004b8b93 fe0ad8e3 41500ab3 004a6a13 00048413 e35ff06f 05892503 0f0010ef 00c91783 d9dff06f 004b8693 010a7793 00068613 3c079e63 000ba783 040a7593 00078713 0a0596e3 3c07cc63 3e0c4463 00fc67b3 f7fa7593 02079ae3 02314783 004a7c13 00f03b33 1e0c0ce3 280786e3 00058a13 00068b93 00012823 00000c13 05010413 00400c93 2200006f 0004c703 02a00793 00148493 18f70ce3 fd070793 00900693 00000c13 daf6e4e3 0004c703 218c4c33 20fc2c33 fd070793 00148493 fef6f6e3 fff00793 0afc6c33 d85ff06f 010a7793 18079463 040a7793 020101a3 004b8613 000780e3 000bd703 180c5063 05010413 00777793 00040693 03078793 00375713 fef40fa3 fff40413 fe0714e3 fd078793 4e078a63 001a7793 4e078663 ffe68693 05010793 40d785b3 03000793 fef40fa3 0abc6b33 00068413 084a7c93 140c84e3 02314783 00b12823 00060b93 14079c63 1700006f 000087b7 83078793 02f11223 020101a3 000ba783 004b8713 680c4c63 00fc66b3 f7fa7613 7e069063 004a7c13 00012823 00070b93 00266a13 00200b13 780c1263 05010413 416a8db3 4bb04c63 02314783 00000c93 36078e63 00100693 02310613 00090593 00098513 f2dfe0ef fff00793 36f51063 06492703 00c91783 00177713 d80712e3 dfdff06f 000ba403 020101a3 004b8b93 6a040463 340c4c63 000c0613 00000593 00040513 93dff0ef 02314783 7c050463 40850733 00e12823 0a076b33 34078463 001b0b13 00000c13 084a7c93 080c9063 cc9ff06f 010a7793 004b8713 2e079e63 040a7a13 2e0a0a63 000ba783 00c12683 00070b93 00d79023 badff06f 010a6a13 020101a3 000ba703 004b8613 e80c44e3 00ec66b3 f7fa7793 56069063 001a7b13 460b1e63 0847fc13 560c0863 02314703 7a070e63 00078a13 00060b93 00012823 00000c13 05010413 00400c93 00100693 02310613 00090593 00098513 e35fe0ef fff00793 c8f506e3 08000793 c2fc9ee3 416a8d33 c3a05ae3 0000e7b7 01000c93 00f12c23 fff00d93 01acc863 4440006f ff0d0d13 43acde63 0000e7b7 01000693 2f878613 00090593 00098513 de5fe0ef ffb510e3 c3dff06f 010a6a13 020101a3 000ba703 004b8613 100c4863 00ec67b3 f7fa7693 52079c63 004a7b13 5c0b1263 00068a13 00060b93 00012823 00000c13 05010413 ba5ff06f 000ba783 00100713 00e12823 020101a3 02f10423 004b8b93 00070b13 00000c13 02810413 b75ff06f 010a7793 f8079ce3 040a7793 00f12823 020101a3 004b8613 52079663 000ba703 080c4c63 00ec66b3 f7fa7793 52069a63 004a7b13 640b1063 00078a13 00060b93 00000c13 05010413 b31ff06f 02314783 c20794e3 02000793 02f101a3 00048413 a6dff06f 001a6a13 00048413 a61ff06f 02b00793 02f101a3 00048413 a51ff06f 080a6a13 00048413 a45ff06f 010a6a13 004b8693 000ba783 00068613 00078713 c207d8e3 02d00713 02e101a3 40f00733 000c4463 f7fa7a13 00900513 34e56463 02314783 03070713 00100d13 04e107a3 0bac6b33 28078c63 01ab0b33 00060b93 01a12823 04f10413 dc1ff06f 040a6a13 00048413 9d9ff06f 0000e6b7 e2068693 05800713 010a7793 004b8613 14079063 040a7793 12078c63 001a7593 000bd783 12058c63 32078e63 02e102a3 03000713 02e10223 00f7f713 020101a3 00e68733 00074703 000c4463 f7fa7a13 04e107a3 0047d793 002a6a13 60078663 00060b93 00200593 04f10413 00f7f713 00e68733 00074703 0047d793 fff40413 00e40023 fe0794e3 05010793 408787b3 00f12823 0afc6b33 5c058263 084a7c93 002b0b13 c80c80e3 02314783 c80796e3 00200693 02410613 d81ff06f 000ba783 00c12683 00070b93 00d7a023 8bdff06f 00040513 d94ff0ef 02314783 00a12823 0a056b33 cc0790e3 00000c13 989ff06f 01812783 000d0693 00090593 2f878613 00098513 b71fe0ef fff00793 9cf504e3 01012683 00040613 00090593 00098513 b55fe0ef fff00793 9af506e3 004a7a13 000a0663 416a8cb3 07904463 00c12783 0b6aeb33 016787b3 00f12623 83dff06f 001a7593 000ba783 ec0598e3 020101a3 260c4863 00fc6733 f7fa7513 3a071463 004a7b13 320b1e63 00050a13 00060b93 00012823 00000c13 05010413 8f1ff06f 05010793 408785b3 0abc6b33 b29ff06f 0000e7b7 01000413 00f12c23 30878c13 fff00a13 01944863 1200006f ff0c8c93 11945c63 01000693 000c0613 00090593 00098513 aa1fe0ef ff4512e3 8f9ff06f 00200793 00f12e23 0000e7b7 01000c93 00f12c23 fff00d13 01bcc863 02c0006f ff0d8d93 03bcd263 0000e7b7 01000693 30878613 00090593 00098513 a59fe0ef ffa510e3 8b1ff06f 01812783 000d8693 00090593 30878613 00098513 a39fe0ef fff00c93 899508e3 02314783 1a079663 01c12783 82078ce3 00000c93 e55ff06f 00012e23 f85ff06f dd4f80ef ec4ff06f 00060b93 01a12823 04f10413 ff8ff06f 03000713 04e107a3 0847fc13 360c0863 02314703 3a070263 00078a13 00060b93 01612823 00000c13 04f10413 00400c93 b81ff06f 01812783 000d0693 2f878613 00090593 00098513 9adfe0ef fff00793 faf51e63 801ff06f 01812783 000c8693 00090593 30878613 00098513 989fe0ef fff00793 e4f514e3 fdcff06f 00100693 02310613 fbdff06f ccccd837 ccd80813 05010413 030736b3 fff40413 00070593 0036d693 20d6c7b3 00179793 40f707b3 03078793 00f40023 00068713 fcb56ce3 02314783 05010713 408705b3 0abc6b33 00f037b3 00fb0b33 96dff06f 00078a13 919ff06f 020101a3 1c0c4e63 f7fa7793 140c1e63 004a7b13 200b1c63 00078a13 00060b93 00012823 05010413 ef0ff06f 0000e6b7 00f7f613 e3468693 00d60633 00064603 0047d793 002a6a13 04c107a3 00070b93 00200593 ca0798e3 00100d13 0bac6b33 01a12823 04f10413 cd1ff06f 00f7f713 00e68733 00074703 0047d793 00060b93 04e107a3 c80790e3 1480006f 00068a13 bc9ff06f 00100693 02310613 00090593 00098513 86dfe0ef e59512e3 ec4ff06f 00058a13 ba5ff06f 00600b13 0b6c5b33 0000e437 01612823 e4840413 00000c13 e40ff06f 0000e6b7 e3468693 07800713 bc5ff06f 000bd703 b60c48e3 00ec67b3 00f12823 00ec66b3 f7fa7793 ac068ae3 00078a13 b55ff06f 000ba703 980c52e3 805ff06f 60579793 00078713 f50ff06f 00060b93 00068a13 00012823 00000b13 00000c13 05010413 df0ff06f 00000c13 05010413 00400c93 c05ff06f 00060b93 00050a13 00012823 00000b13 00000c13 05010413 dc4ff06f 03000713 04e107a3 00078a13 000c0b13 04f10413 fe4ff06f 0000e6b7 00f7f593 e3468693 00d585b3 0005c583 0047d793 04b107a3 10078e63 00266a13 00070b93 00200593 b59ff06f 00f7f713 00e68733 00074703 0047d793 00050a13 04e107a3 00060b93 b2079ce3 00100593 0abc6b33 04f10413 f84ff06f 03000793 04f107a3 00058b13 04f10413 f70ff06f 04078863 001c0b13 01812823 00000c13 845ff06f fff00793 00f12623 d78ff06f 00060b93 00078a13 00000b13 00000c13 05010413 d00ff06f 00060b93 00078a13 00012823 00000b13 05010413 ce8ff06f 000c0b13 01812823 00000c13 cc0ff06f 000bac03 fff00793 004b8b93 0afc6c33 00048413 c04ff06f 00060b93 00078a13 00012823 00000c13 05010413 ca8ff06f 00058a13 00068b93 00012823 05010413 c84ff06f 00078a13 00060b93 01612823 04f10413 c70ff06f 00b12823 00060b93 c64ff06f 00100d13 00070b93 00266a13 0bac6b33 01a12823 04f10413 a69ff06f 00060b93 00078a13 01612823 00000c13 04f10413 c40ff06f 05892503 674000ef cfcff06f 000b8613 00078593 e60ff06f 00100b13 00b12823 00060b93 0b6c6b33 04f10413 a21ff06f 00068b93 00058a13 00012823 00000c13 05010413 bf8ff06f 00c59703 00277793 00078e63 04358793 00100713 00f5a023 00f5a823 00e5aa23 00008067 00058793 00e59583 f8010113 06812c23 06112e23 00050413 0a05c263 01810613 00f12423 134000ef 00812783 08054663 40000593 00040513 06912a23 00f12423 01c12483 fddfa0ef 00812783 0c050863 00c7d703 40000693 00d7aa23 08076713 00e79623 40c4d713 00a7a023 00a7a823 00f77713 00200693 0cd71c63 00e79583 00040513 00f12423 120000ef 0c050263 00812783 07412483 00c7d703 ffc77713 00176713 00e79623 07c12083 07812403 08010113 00008067 00c79703 08077713 04071863 40000693 00068593 00040513 00f12623 00d12423 f49fa0ef 00812683 00c12783 02050e63 00c7d703 07c12083 07812403 08076713 00a7a023 00a7a823 00d7aa23 00e79623 08010113 00008067 04000693 00068593 fb5ff06f 07412483 00c79703 20077693 f80690e3 ffc77713 04378693 00276713 00100613 00e79623 00d7a023 00d7a823 00c7aa23 f5dff06f 07412483 f55ff06f ff010113 00812423 00058513 00060593 00112623 9401ac23 240000ef fff00793 00f50a63 00c12083 00812403 01010113 00008067 9581a783 fe0786e3 00c12083 00812403 04f22c23 01010113 00008067 ff010113 00812423 00058513 00112623 9401ac23 20c000ef fff00793 00f50a63 00c12083 00812403 01010113 00008067 9581a783 fe0786e3 00c12083 00812403 04f22c23 01010113 00008067 ff010113 00600513 00112623 0a4000ef 00100513 19c000ef 02058463 04060663 00068c63 00064783 00f5a023 00064503 00a03533 00008067 ffe00513 00008067 ff010113 00c10593 02060463 02068663 00064783 00f5a023 00064503 00a03533 01010113 00008067 00000513 00008067 00000513 fedff06f ffe00513 fe5ff06f 00058c63 0ff00793 00c7ec63 00c58023 00100513 00008067 00000513 00008067 08a00713 04e22c23 fff00513 00008067 01f00793 08a7e463 06c22783 fe010113 00112e23 00050613 02078c63 20f547b3 0007a703 02070663 00100693 00d70a63 fff00613 04c70063 0007a023 000700e7 01c12083 00000513 02010113 00008067 00000513 00c12623 094000ef 00c12603 01c12083 00050593 00000513 02010113 02c0006f 01c12083 01600713 04e22c23 00068513 02010113 00008067 01600713 04e22c23 fff00513 00008067 ff010113 00812423 00058513 00060593 00112623 9401ac23 0b0000ef fff00793 00f50a63 00c12083 00812403 01010113 00008067 9581a783 fe0786e3 00c12083 00812403 04f22c23 01010113 00008067 0300006f 00100713 04e22c23 fff00513 00008067 30501073 00100073 0000006f 00100713 04e22c23 fff00513 00008067 00100513 00008067 f9010113 00810593 06112623 fddff0ef fff00793 00f50e63 00c12503 06c12083 00d55513 00157513 07010113 00008067 06c12083 00000513 07010113 00008067 01600713 04e22c23 fff00513 00008067 00100713 04e22c23 fff00513 00008067 b241a683 000017b7 f807c703 00068863 f8e78023 00d00693 00d70863 00e50023 00100513 00008067 00a00693 f8d78023 00e50023 00100513 00008067 0000f7b7 a587a783 02f55a63 00000793 00061663 00078513 00008067 0000f7b7 a5c7a703 00251793 00058513 00f70733 00072783 00060593 00078067 fff00793 fd5ff06f 0000e637 4c462703 000116b7 19068693 00e507b3 00d7e863 0000e6b7 4c86a683 00d7ea63 00c00713 04e22c23 fff00513 00008067 00070513 4cf62223 00008067 00050793 02b05063 000016b7 f8068693 00b50633 0007c703 00178793 00e68023 fef61ae3 00058513 00008067 0000f7b7 a647a783 02f55a63 0000f7b7 a687a703 00251793 00f70733 00072783 00078a63 00060863 00058513 00060593 00078067 00000513 00008067 fff00513 00008067 ff010113 00112623 494000ef 00c12083 b2818513 01010113 0680006f ff010113 b2818513 00112623 08c000ef 00c12083 01010113 48c0006f ff010113 00812423 00050413 01800513 00112623 401010ef 00c12083 00a42023 00812403 00052023 00052223 00052423 00052623 00052823 00052a23 01010113 00008067 3dd0106f ff010113 00812423 00112623 00050413 fff00593 fff00613 00040513 708010ef fe0508e3 00c12083 00812403 01010113 00008067 2a10106f fe010113 00112e23 00900793 00050713 02a7ee63 ccccd7b7 ccd78793 02f737b3 00001637 0037d793 00279693 00f687b3 00179793 40f70733 03070713 f8e60023 01c12083 02010113 00008067 ccccd537 ccd50513 02a73533 00e12623 00355513 fa1ff0ef 00c12703 fadff06f 00054783 00078e63 00001737 f8070713 00f70023 00154783 00150513 fe079ae3 00008067 340027f3 08078a63 f14027f3 01052703 00e78663 fff00893 00000073 00452683 00279793 ed818713 00f707b3 08a68263 0007a703 04e50263 00052783 00f6a023 00d7a223 00052023 00052223 06070863 340027f3 00078463 00008067 03c22783 06078463 fff78793 02f22e23 fe0796e3 30046073 00008067 0086a703 00d7a023 00c6a683 35d69073 34d71073 0007a703 00452683 fa5ff06f 03c22783 00178713 02e22e23 f60792e3 30047073 f5dff06f 00052023 00052223 0007a023 08000793 3047b073 f8dff06f fff00893 00000073 00008067 340027f3 0387a683 fff00713 00e68863 00e7ae23 00100513 00008067 0000e537 fe010113 ea050513 00112e23 00f12623 ed9ff0ef f1402573 e65ff0ef 0000e537 eb050513 ec5ff0ef 00c12783 00900613 05700713 07c7a783 01c7d593 00058693 1eb67c63 00d70733 000016b7 f8e68023 0187d713 00f77713 00900613 05700693 1ae67863 00d70733 000016b7 f8e68023 0147d713 00f77713 00900613 05700693 16e67463 00d70733 000016b7 f8e68023 0107d713 00f77713 00900613 05700693 12e67063 00d70733 000016b7 f8e68023 00c7d713 00f77713 00900613 05700693 0ce67c63 00d70733 000016b7 f8e68023 0087d713 00f77713 00900613 05700693 08e67863 00d70733 000016b7 f8e68023 0047d713 00f77713 00900693 05700613 04e6f663 000016b7 00c70733 f8e68023 00f7f793 00900693 05700713 02f6f463 000016b7 00f70733 0000e537 f8e68023 eb450513 db5ff0ef 30501073 00100073 0000006f 03000713 fd9ff06f 03000613 000016b7 00c70733 f8e68023 00f7f793 00900693 05700713 faf6ece3 fd9ff06f 03000693 00d70733 000016b7 f8e68023 0047d713 00f77713 00900693 05700613 f6e6eae3 fb9ff06f 03000693 00d70733 000016b7 f8e68023 0087d713 00f77713 00900613 05700693 f2e666e3 fb5ff06f 03000693 00d70733 000016b7 f8e68023 00c7d713 00f77713 00900613 05700693 eee662e3 fb5ff06f 03000693 00d70733 000016b7 f8e68023 0107d713 00f77713 00900613 05700693 e8e66ee3 fb5ff06f 03000693 00d70733 000016b7 f8e68023 0147d713 00f77713 00900613 05700693 e4e66ae3 fb5ff06f 03000713 00d70733 000016b7 f8e68023 0187d713 00f77713 00900613 05700693 e0e666e3 fb5ff06f 340027f3 00078463 00008067 03c22783 00178713 02e22e23 fe0798e3 30047073 00008067 340027f3 00078463 00008067 03c22783 00078c63 fff78793 02f22e23 fe0796e3 30046073 00008067 fff00893 00000073 00008067 c80027f3 c0002573 c80025f3 fef59ae3 00008067 340027f3 0e078263 f14027f3 00052303 0e030c63 00452703 0a070463 01052683 00f68663 fff00893 00000073 10a70a63 ed818813 00279893 01180e33 000e2683 08a68e63 00672023 00e32223 00f52823 00b52423 00c52623 00068793 00069a63 0f40006f 0cc70863 0047a783 0ad78863 00c7a703 fee678e3 0007a703 00a7a023 00f52223 00e52023 00a72223 0ed78863 08000793 3047a073 340027f3 00078463 00008067 03c22783 0c078463 fff78793 02f22e23 fe0796e3 30046073 00008067 fff00893 00000073 ed818813 00279893 01180e33 000e2683 f6a696e3 00ee2023 00070693 f61ff06f 03c22783 00178713 02e22e23 f0079ae3 30047073 f14027f3 00052303 f00318e3 ed818813 00279893 01180733 00072683 f35ff06f 0007a703 00a7a023 00f52223 00e52023 00a72223 f61ff06f 0087a703 f2e5f8e3 f3dff06f 00f52823 00b52423 00c52623 00279893 ed818813 01180833 00a82023 00a52223 00a52023 35d61073 34d59073 f25ff06f fff00893 00000073 00008067 01180833 00a82023 35d61073 34d59073 f05ff06f 00151e93 00050813 00ae8533 bc818e13 fd010113 00451513 02112623 00ae07b3 00100713 0ee7a6af fe069ee3 010e86b3 00469693 00de06b3 0046a883 16088a63 0048a603 01850513 0116a423 00c6a223 00ae0533 10488663 00c6a603 0cc77463 c8002773 c0002673 c80026f3 fed71ae3 010e86b3 00469693 00de06b3 00c6a583 bc41a683 0288a303 02c8af03 02b6d6b3 0208a423 0208a623 00f12e23 01012c23 01d12a23 01112823 00668333 00d336b3 00c305b3 01e686b3 0065b633 00e68733 00e60633 00c12623 00b12423 da5ff0ef bc818e13 00812583 00c12603 01012883 01412e83 01812803 01c12783 010e8733 00471713 00ee0733 00b72823 00c72a23 00000713 0ee7a72f 12020263 04022783 12078863 02c12083 00088513 03010113 8f0f706f 0186a703 02070663 01012a23 01d12823 01112623 00f12423 975ff0ef bc818e13 01412803 01012e83 00c12883 00812783 00000593 00000613 f91ff06f 0186a703 02070263 01012823 01d12623 00f12423 93dff0ef bc818e13 01012803 00c12e83 00812783 010e86b3 00469693 00de0733 00072823 00072a23 00000713 0ee7a72f 02c12083 03010113 00008067 0106a703 0146a603 0006a423 00c76733 04070463 0186a703 02070663 01850513 00ae0533 01012823 01d12623 00f12423 8d1ff0ef 01012803 00c12e83 00812783 bc818e13 010e8733 00471713 00ee0733 00072823 00072a23 00000713 0ee7a72f 04020263 04022783 04078263 02c12083 00000513 03010113 fe9f606f 34001073 02c12083 00088513 03010113 fd5f606f 00000213 02c12083 00088513 03010113 fc1f606f 34001073 fc5ff06f 00000213 fbdff06f f1402573 d99ff06f f1402573 d91ff06f ffc52783 fd010113 02112623 ff050313 02078e63 00100713 0ee7a6af ffc52783 fe069ce3 ff452703 1ce30c63 0087a683 1cd30c63 ff052683 00d72023 00e6a223 00000713 0ee7a72f fe052e23 02452e03 f14027f3 00fe0663 fff00893 00000073 001e1893 01c885b3 00459593 bc818813 00b807b3 00100713 0ee7a6af fe069ee3 01c88733 00471713 00e80733 00472703 16070063 00072683 00672023 fee52a23 fed52823 0066a223 ff452683 01c88733 00471713 00e80733 00d72223 00c72683 01072f03 01472e83 00168693 00d72623 00100693 fed52c23 00872503 00672423 c8002773 c0002673 c80026f3 fed71ae3 02050063 0bd77063 40cf06b3 40ee8eb3 00df3f33 41ee8eb3 03d52623 02d52423 01c886b3 00469693 00d806b3 00c6ae83 01858593 00100f13 00b80533 07df6a63 0186a703 02070663 01112a23 00f12823 01c12623 00612423 ef4ff0ef bc818813 01412883 01012783 00c12e03 00812303 00000593 00000613 01c888b3 00489893 01180833 00b82823 00c82a23 00000713 0ee7a72f 02c12083 00030513 03010113 e0df606f f6ee9ee3 f7e67ce3 f5dff06f bc41a683 01112e23 00f12c23 03d6d6b3 01c12a23 00612823 00c685b3 00d5b633 00e60633 00c12623 00b12423 a31ff0ef 00812583 00c12603 01012303 01412e03 01812783 01c12883 bc818813 f7dff06f fe652a23 fe652823 00030693 eb1ff06f 0007a423 e3dff06f 00e7a423 e29ff06f fe010113 00112e23 340027f3 f14026f3 0887a703 800007b7 00778793 0cf70063 800007b7 00b78793 0af71263 00100713 ed018693 0ee6a6af fe069ce3 00100713 ecc18693 0ee6a6af fe069ce3 f14025f3 000016b7 00359593 0055e593 f0068693 0eb6a72f 00377713 fe071ce3 0ee6a5af 4025d593 ecc18693 0ee6a72f ffe00713 04e58063 ed018813 00482703 02070a63 0000a6b7 00812c23 00912a23 00070613 4e468493 00100413 00872683 0eb68463 00472703 fec71ae3 01812403 01412483 00000713 ed018793 0ee7a72f 01c12083 00000513 02010113 00008067 00812c23 00269693 ed818413 00d40433 00042503 06050263 c80027f3 c00026f3 c8002773 fee79ae3 00c52703 04e7e663 0cf70c63 00452783 04a78a63 0087a703 00f42023 00c7a783 35d79073 34d71073 00052783 00452703 01452683 00f72023 00e7a223 00052023 00052223 000680e7 00042503 fa0512e3 01812403 01c12083 00000513 02010113 00008067 00042023 08000793 3047b073 01452783 00052023 00052223 000780e7 00042503 f60516e3 01812403 fc9ff06f 00000693 ed018613 0ed626af 00c72683 00b12623 04969663 00e12423 f1402573 9c9ff0ef 00812703 00c12583 ed018813 ed018693 0e86a6af fe069ce3 00472703 ee0702e3 00482603 ecc716e3 ed9ff06f 00852783 f2f6f4e3 01812403 f69ff06f 00070513 00e12423 000680e7 00c12583 00812703 ed018813 fb9ff06f ff010113 00112623 00100793 00f52423 0000a737 0000a7b7 00a52023 bb418613 00a52223 fff00693 00052623 4ec70713 4e478793 00052823 00052a23 02052423 02052623 02052823 02052a23 02050c23 02052e23 02e52223 00062023 00062223 00f62623 00d62423 04d52023 340027f3 30078663 00100713 ed018693 0ee6a6af fe069ce3 00062703 32070c63 fff00893 00000073 ed018693 0046a703 30070a63 00072683 00c72023 00e62223 00d62023 00c6a223 00000713 ed018793 0ee7a72f 340027f3 2c078863 00100793 ecc18693 0ef6a6af fe069ce3 f1402673 000016b7 00361613 00566613 f0068693 0ec6a7af 0037f793 fe079ce3 0ef6a62f ecc18693 0ef6a7af ec81a783 00100e93 000016b7 01d787b3 ecf1a423 000e8593 f0068693 ffe00e13 fff00f13 01000f93 ec81a883 002e9613 00266613 ecc18793 0eb7a7af fe079ce3 0ec6a7af 0037f793 fe079ce3 0ef6a82f 40285813 ecc18293 0ef2a7af fdc80ce3 03e80063 ec81a783 ff178ee3 001e8e93 fbdffce3 fff00893 00000073 fadff06f ec81a703 bc818793 00100693 00a7a223 00a7a423 00d7a623 18070063 0000a737 ec81a603 4dc70713 0007ac23 0007ae23 02e7a623 16c6f263 ec81a603 0407a423 0407a623 04e7ae23 00200693 14c6f663 ec81a603 0607ac23 0607ae23 08e7a623 00300693 12c6fa63 ec81a603 0a07a423 0a07a623 0ae7ae23 00400693 10c6fe63 ec81a603 0c07ac23 0c07ae23 0ee7a623 00500693 10c6f263 ec81a603 1007a423 1007a623 10e7ae23 00600693 0ec6f663 ec81a603 1207ac23 1207ae23 14e7a623 00700693 0cc6fa63 ec81a603 1607a423 1607a623 16e7ae23 00800693 0ac6fe63 ec81a603 1807ac23 1807ae23 1ae7a623 00900693 0ac6f263 ec81a603 1c07a423 1c07a623 1ce7ae23 00a00693 08c6f663 ec81a603 1e07ac23 1e07ae23 20e7a623 00b00693 06c6fa63 ec81a603 2207a423 2207a623 22e7ae23 00c00693 04c6fe63 ec81a603 2407ac23 2407ae23 26e7a623 00d00693 04c6f263 ec81a603 2807a423 2807a623 28e7ae23 00e00693 02c6f663 ec81a603 2a07ac23 2a07ae23 2ce7a623 00f00693 00c6fa63 ec81a683 2e07a423 2e07a623 2ee7ae23 cc002573 3e700793 02a7f663 3e800613 00000693 00000593 405000ef 03200793 02f507b3 00c12083 bcf1a223 01010113 00008067 03200793 02f535b3 3e800613 00000693 02f50533 3d5000ef 00c12083 00050793 bcf1a223 01010113 00008067 03c22783 00178713 02e22e23 ce0796e3 30047073 ce5ff06f 03c22783 02078a63 fff78793 02f22e23 d20792e3 30046073 d1dff06f 00c62223 00c62023 00c6a223 cf9ff06f 00462703 cc0714e3 ccdff06f fff00893 00000073 cf5ff06f 00100793 ecc18713 0ef7272f fe071ce3 f1402673 00001737 00361613 00566613 f0070713 0ec727af 0037f793 fe079ce3 0ef7262f ecc18713 0ef727af 00008067 340027f3 18078463 00450a63 04052783 00078663 ec81a783 00f5e663 fff00893 00000073 00c52783 02078e63 00100713 0ee7a6af 00c52783 fe069ce3 00452703 2ea70063 0087a683 32d50263 00052683 00d72023 00e6a223 00000713 0ee7a72f 00052623 00852683 00100793 1cf68c63 bc818e93 03452783 00159693 00b688b3 41f7d793 00b7c7b3 00489893 02f52a23 02c50c23 011e8833 00100793 0ef8272f fe071ee3 00b687b3 00479793 00fe87b3 0047a783 26078063 0007a703 00a7a023 00f52223 00e52023 00a72223 00b687b3 00479793 00fe87b3 00c7a703 0087af03 0107ae03 00170713 0147a303 00a7a223 00e7a623 00100793 00f52423 c8002673 c0002773 c80027f3 fef61ae3 020f0063 08667a63 40ee0533 40c307b3 00ae3e33 41c787b3 02ff2623 02af2423 f14027f3 08f58e63 00259613 000016b7 00266613 f0068693 00100593 ffe00893 ecc18793 0eb7a7af fe079ce3 0ec6a7af 0037f793 fe079ce3 0ef6a52f ecc18313 0ef327af 40255793 fd178ce3 00000793 0ef827af 340027f3 02078663 00008067 03c22783 00178713 02e22e23 e60798e3 30047073 e69ff06f f8c314e3 f9c772e3 f69ff06f 03c22783 18078863 fff78793 02f22e23 fc0794e3 30046073 00008067 fd010113 01888513 00b12a23 00ae8533 00070593 00d12e23 01012c23 01d12823 00e12623 00c12423 02112623 9ccff0ef 01412783 01c12683 01012e83 00c12703 00812603 00f687b3 00479793 00fe8eb3 01812803 00eea823 00ceaa23 00000793 0ef827af 340027f3 0e078a63 02c12083 03010113 00008067 03452703 bc818e93 41f75793 00e7c7b3 00179893 00f88733 00471713 00ee8733 0ed7282f fe081ee3 00452683 0ea68463 00f88833 00481813 010e8833 00482303 0ca30663 00052803 0106a023 00d82223 00f88f33 004f1f13 01ee8f33 00cf2803 00000693 fff80813 010f2623 0ed726af f1402773 daf70ee3 008f2703 daa71ae3 00279793 000016b7 0027e813 f0068693 00100893 ffe00e13 ecc18793 0f17a7af fe079ce3 0f06a7af 0037f793 fe079ce3 0ef6a32f ecc18f93 0effa7af 40235793 fdc78ce3 008f2783 fca788e3 d65ff06f 00a52223 00a52023 db1ff06f 0007a423 d35ff06f 03c22783 04078463 fff78793 02f22e23 f00790e3 30046073 ef9ff06f fff00893 00000073 00008067 00d82223 f35ff06f 00f886b3 00469693 00de86b3 0006a223 f2dff06f 00e7a423 cddff06f fff00893 00000073 ebdff06f fd010113 02812423 02112623 00050413 340027f3 1a078c63 00021663 fff00893 00000073 fff00793 1af59e63 1ab61c63 03422803 f14027f3 00f80663 fff00893 00000073 00181e13 010e0533 00451513 bc818313 00a307b3 00100713 0ee7a6af fe069ee3 010e06b3 00422603 00469693 00d306b3 0046ae83 22460463 17d20a63 00c6a683 16d77663 00022703 00e62023 00c72223 004ea603 010e0733 00471713 00e30733 00c72683 00c72223 01d72423 fff68693 00d72623 01850513 00022423 00100713 00a30533 18d77263 c8002773 c00025f3 c80026f3 fed71ae3 010e06b3 00469693 00d306b3 00c6af03 bc41a683 028ea603 02cea883 03e6d6b3 020ea423 020ea623 00f12e23 01012c23 01c12a23 01d12823 00c68633 00d636b3 00b605b3 011686b3 00c5b633 00e686b3 00d60633 00c12623 00b12423 f0dfe0ef bc818313 00812583 00c12603 01012e83 01412e03 01812803 01c12783 010e0833 00481813 01030833 00b82823 00c82a23 00000713 0ee7a72f 12040063 00822623 00100793 0ef4272f fe071ee3 00842783 12078663 0007a703 0047a023 00f22223 00e22023 00472223 00000793 0ef427af 000e8513 a34f60ef 340027f3 04078463 02c12083 02812403 03010113 00008067 03c22783 00178713 02e22e23 e40796e3 30047073 e39ff06f 01020513 e5dfe0ef e45ff06f fff00893 00000073 00422603 e8dff06f 03c22783 0c078263 fff78793 02f22e23 fa0796e3 30046073 02c12083 02812403 03010113 00008067 00c6a603 06e61c63 0006a223 0006a623 0006a423 01850513 00a30533 00022423 00000e93 010e0733 00471713 00e30733 01872703 02070663 01c12a23 00f12823 01012623 01d12423 a15fe0ef bc818313 01412e03 01012783 00c12803 00812e83 00000593 00000613 ec9ff06f 00022023 00022223 f11ff06f f9d604e3 fff00893 00000073 00000613 00000e93 de5ff06f 00422223 00422023 00442423 ee1ff06f fff00893 00000073 02c12083 02812403 03010113 00008067 00452703 00050793 12470863 fe010113 00112e23 34002773 10070063 00c5e733 04071263 00100513 0ea7a52f 14051863 0087a703 0a071a63 00100513 0047a223 00a7a423 00000713 0ee7a72f 340027f3 0a078263 00100513 01c12083 02010113 00008067 00100713 0ee7a6af fe069ee3 0087a683 fc0682e3 0147a683 0e068c63 00000713 0ee7a72f fff00713 00c78513 0ce58463 34002773 12070263 c8002773 c0002873 c80026f3 fed71ae3 00b805b3 0105b833 00c70633 00c80633 00f12623 c61ff0ef 34002773 00c12783 0c070a63 0007a823 00100713 0ee7a52f fe051ee3 0087a703 f4070ae3 0ea7a72f 340027f3 f60794e3 03c22783 08078a63 fff78793 02f22e23 f4079ae3 30046073 01c12083 02010113 00008067 03c22703 00170693 02d22e23 ee071ce3 30047073 00c5e733 ee070ae3 f31ff06f 00852883 fff00713 00e89463 00000073 00188893 0117a423 00100513 00008067 f2b61ee3 fff00593 fff00613 00f12623 bb9ff0ef 00c12783 f61ff06f 00e7a823 f09ff06f 340027f3 00000513 ec079ae3 f6dff06f fff00893 00000073 01c12083 02010113 00008067 03c22703 02070863 fff70713 02e22e23 f20710e3 30046073 f19ff06f 03c22703 00170693 02d22e23 ec071ae3 30047073 ecdff06f fff00893 00000073 ef5ff06f 340027f3 00079863 0800006f 00452783 04078863 00852783 fe078ae3 ec81a683 fe010113 00112e23 00100713 0387c603 00d77463 06060c63 0347a703 00078513 41f75593 00e5c5b3 f78ff0ef 340027f3 14078463 01c12083 02010113 00008067 340027f3 00078463 00008067 03c22783 02078863 fff78793 02f22e23 fe0796e3 30046073 00008067 03c22783 00178713 02e22e23 f80790e3 30047073 f79ff06f fff00893 00000073 00008067 34002773 0c070863 00100713 bb018693 0ee6a6af fe069ce3 ec81a583 10058063 b7018e93 000e8813 bd418513 00000593 fff00e13 01c0006f ec81a883 01c77663 00070e13 00058693 00158593 0715fc63 00052703 00082883 03050513 00480813 01170733 fc071ae3 00259713 00ee8733 00100693 06d726af 00000693 00e12623 bb018713 0ed726af 0387c603 00078513 e84ff0ef 00c12703 fff00893 071727af 340027f3 ee079ee3 03c22783 04078e63 fff78793 02f22e23 ee0794e3 30046073 ee1ff06f 00269713 00ee8733 00068593 fa1ff06f 03c22703 00170693 02d22e23 f20714e3 30047073 f21ff06f 03c22783 02078063 fff78793 02f22e23 ea0796e3 30046073 ea5ff06f 00000073 e95ff06f fff00893 00000073 e91ff06f b7018713 f51ff06f 00452703 00050793 00470663 fff00893 00000073 0087a703 00100693 00e6f863 fff70713 00e7a423 00008067 fe010113 00112e23 34002773 04070463 00100693 0ed7a72f fe071ee3 00c78513 0007a423 0007a223 00e12623 00f12423 dd5ff0ef 00812783 00c12703 0ee7a72f 340027f3 02078463 01c12083 02010113 00008067 03c22703 00170693 02d22e23 fa0718e3 30047073 fa9ff06f 03c22783 00078c63 fff78793 02f22e23 fc0796e3 30046073 fc5ff06f fff00893 00000073 fb9ff06f 0000006f 0000006f 0000006f 0000006f 0000006f 0000006f 0000006f 0000006f 0000006f 0000006f 0000006f 0000006f 0000006f 0000006f 00050593 00000513 e75f806f 00050593 00000513 b7df806f 00058793 00060713 00068593 00050813 00078893 1c069663 0ac7f463 60061793 02078063 02000693 40f686b3 00f898b3 00d556b3 00f61733 0116e8b3 00f51833 01075313 0268d7b3 08074533 01085693 0268f8b3 02f50633 01089893 0116e6b3 00c6fa63 00d706b3 00c6f463 04e6f463 fff78793 40c686b3 0266d633 0266f6b3 02c50533 01069693 08084833 00d86833 00a87a63 01070833 00a87463 12e87e63 fff60613 01079793 00c7e7b3 00078513 00008067 ffe78793 00e686b3 fb9ff06f 04060e63 60061593 04059c63 40c786b3 00100593 01075893 0316d7b3 08074533 01085613 0316f6b3 02f50333 01069693 00d666b3 0066fa63 00d706b3 0066f463 0ce6f663 fff78793 406686b3 0316d633 0316f6b3 02c50533 f6dff06f 01f00593 02000693 00b61733 40b686b3 00d7d633 01075893 00b797b3 00b51833 031655b3 00d556b3 08074533 00f6e7b3 0107d693 03167633 02b50333 01061613 00c6e6b3 0066fa63 00d706b3 0066f463 04e6f463 fff58593 406686b3 0316d633 0807c7b3 0316f6b3 02c50533 01069693 00d7e7b3 00a7fa63 00f707b3 00a7f463 02e7f263 fff60613 01059593 40a786b3 00c5e5b3 f25ff06f ffe58593 00e686b3 fb9ff06f ffe60613 00e787b3 fddff06f ffe78793 00e686b3 f35ff06f ffe60613 ec9ff06f 12d7ec63 60069813 00081e63 00c53633 00f6b7b3 00163613 00c7e7b3 00000593 eadff06f 02000713 41070733 00e658b3 010696b3 00d8e8b3 0108de13 00e7d6b3 010797b3 00e55733 00f76733 03c6d7b3 0808c333 01061633 03c6f6b3 02f30eb3 01069593 01075693 00b6e6b3 01d6fa63 00d886b3 01d6f463 0b16f463 fff78793 41d686b3 03c6d5b3 08074733 03c6f6b3 02b30333 01069693 00d76733 00677a63 00e88733 00677463 09177263 fff58593 01079793 00b7e7b3 0107d893 0805c5b3 40670733 08064333 01065613 02658e33 02688333 010e5693 02c585b3 02c888b3 006585b3 00b686b3 0066f663 00010637 00c888b3 0106d613 01160633 00c76e63 01069693 080e4e33 01051533 01c686b3 f0d576e3 f0c714e3 fff78793 f01ff06f ffe78793 011686b3 f59ff06f ffe58593 01170733 f7dff06f 00000593 00000793 d8dff06f 00c59793 01d55813 0097d793 0145d713 0146d313 00f867b3 00c69813 00985813 01d65893 7ff77713 7ff37313 01f5d593 01f6d693 0108e8b3 00351513 00361613 40670833 7ff00e13 2ed59863 15005a63 08031463 00c8e6b3 02068463 fff70813 00081e63 00c50633 011787b3 00a63533 00a787b3 00100713 0b00006f 07c71463 01d79693 00355513 7ff00613 00a6e6b3 0037d793 00c71e63 00f6e6b3 00000793 00068863 000807b7 00000693 00000593 7ff77713 00c79793 00c7d793 01471713 00f76733 01f59593 00b767b3 00068513 00078593 00008067 29c70a63 008006b7 00d8e8b3 03800693 0b06c663 01f00693 02000e13 0706c863 410e0e33 01c896b3 01065333 01c61e33 0066e6b3 01c03e33 01c6e6b3 0108d833 00a68633 00f80833 00d636b3 00d807b3 00879693 1c06de63 00170713 7ff00693 5ad70663 ff8006b7 fff68693 00d7f7b3 00165693 00167613 00c6e6b3 01f79613 00d66633 0017d793 1a80006f fe080693 00d8d6b3 00000313 01c80863 04000313 41030333 00689333 00c36333 00603333 0066e6b3 00000813 f89ff06f 00c8e6b3 00d036b3 ff1ff06f 0c080663 40e30833 06071a63 00a7e733 00071a63 00088793 00060513 00080713 ec1ff06f fff80693 e8068ee3 ffc804e3 03800713 08d74663 01f00713 02000e13 04d74863 40de0e33 01c79733 00d55833 01c51e33 01076733 01c03e33 01c76733 00d7d6b3 00c70633 00e63733 011686b3 00e687b3 00030713 f11ff06f 4fc30063 00800737 00e7e7b3 00080693 fa5ff06f fe068713 00e7d733 00000813 01c68863 04000813 40d80833 01079833 00a86833 01003833 01076733 00000693 fa9ff06f 00a7e733 00e03733 ff1ff06f 00170693 7fe6f813 06081663 00a7e6b3 04071263 42068a63 00c8e733 42070a63 00c50733 011787b3 00a73533 00a787b3 00879693 00070613 2a06de63 ff8006b7 fff68693 00070513 00d7f7b3 00100713 dc5ff06f 42068e63 00c8e8b3 000e0713 da088ae3 00000593 004007b7 00000513 da5ff06f 41c68063 00c50633 00a63533 011787b3 00a787b3 01f79713 00165613 00c76633 0017d793 00068713 00767693 3a069c63 00060513 00879693 d606d4e3 00170713 7ff00693 3cd70063 ff8006b7 fff68693 00d7f7b3 d4dff06f 0f005063 02031c63 00c8e6b3 d2068ee3 fff70813 00081e63 40c50633 411787b3 00c53533 40a787b3 00100713 0600006f 01c71c63 7ff00713 d11ff06f d1c706e3 008006b7 00d8e8b3 03800693 0906c463 01f00693 02000e13 0506c663 410e0e33 01c896b3 01065333 01c61e33 0066e6b3 01c03e33 01c6e6b3 0108d833 40d50633 41078833 00c53533 40a807b3 00879693 f406d0e3 00979813 00985813 00060313 2000006f fe080693 00d8d6b3 00000313 01c80863 04000313 41030333 00689333 00c36333 00603333 0066e6b3 00000813 fadff06f 00c8e6b3 00d036b3 ff1ff06f 0e080463 40e30833 08071863 00a7e733 00071663 00068593 d85ff06f fff80713 02071063 40a60533 00a63733 40f887b3 00050613 40e787b3 00068593 f0dff06f fdc80ae3 03800593 08e5ca63 01f00593 02000e13 04e5cc63 40ee0e33 01c795b3 00e55833 01c51e33 0105e5b3 01c03e33 01c5e5b3 00e7d733 40b605b3 00b637b3 40e88733 00058613 40f707b3 00068593 00030713 f19ff06f 25c30463 00800737 00e7e7b3 00080713 f9dff06f fe070593 00b7d5b3 00000813 01c70863 04000813 40e80833 01079833 00a86833 01003833 0105e5b3 00000713 fa1ff06f 00a7e5b3 00b035b3 ff1ff06f 00170813 7fe87813 0a081063 00a7e333 00c8e833 06071863 00031a63 00088793 02081e63 00000593 1bc0006f 18080863 40c50333 00653e33 41178833 41c80833 00881e13 020e5663 40a60533 00a63733 40f887b3 00050613 40e787b3 00068593 00c7e533 0e050063 00000713 d9dff06f 01036533 16050c63 00080793 00030613 fe1ff06f 00031c63 16081863 00000593 00000513 004007b7 dd5ff06f 000e0713 ae0800e3 d2dff06f 40c50e33 01c53eb3 41178833 41d80833 00881e93 000e0313 060edc63 40a60333 40f88833 00663633 40c80833 00068593 06080c63 60081693 ff868693 02000793 40d787b3 00d81833 00f357b3 0107e7b3 00d31633 0ae6c263 40e686b3 00168813 01f00713 02000513 07074063 41050533 00a79733 010656b3 00a61533 00d76733 00a03533 00a76633 0107d7b3 f2dff06f 010e6533 f8051ee3 00000593 00000793 00000713 a35ff06f 60031793 01878693 01f00613 f8d654e3 ff878793 00f317b3 00000613 f91ff06f fe168693 00d7d6b3 00000713 00a80863 04000713 41070733 00e79733 00e66733 00e03733 00e6e633 00000793 ec5ff06f 40d70733 ff8006b7 fff68693 00d7f7b3 c59ff06f 00088793 ea9ff06f 00050613 ea1ff06f 00f67693 00400513 c4a682e3 00a60533 00c53633 00c787b3 c39ff06f 00068713 00000793 bf1ff06f 00000593 00000793 98dff06f 00068593 00088793 00060513 c69ff06f ff010113 0145d813 00c59793 00812623 00912423 01212223 7ff87813 00c7d793 01f5de13 34080463 7ff00713 3ae80063 00379793 01d55593 00f5e5b3 008007b7 00f5e5b3 00351f93 c0180813 00000313 0146d893 00c69713 7ff8f893 00060513 00c75713 01f6d693 38088c63 7ff00793 3ef88863 01d65793 00371713 00f76733 008007b7 00361513 00f767b3 c0188613 00000e93 00231713 40c80833 01d76733 00700613 00de48b3 3ee64863 00100613 5ac70e63 ffe70313 00500e13 3e6e7e63 00b7e663 44f59663 44afe463 01f59693 001fd713 01ff9293 0015d593 00e6efb3 00879793 0107df13 01855313 00f36333 03e5d7b3 08034eb3 010fd613 00851e13 03e5f5b3 02fe8733 01059593 00b66633 00e67a63 00c30633 00e67463 40667063 fff78793 40e60633 03e65733 080fc6b3 03e67633 02ee85b3 01061613 00c6e6b3 00b6fa63 00d306b3 0066e463 3cb6ee63 fff70713 01079793 00e7e7b3 0107d393 0807c733 080e4fb3 40b686b3 010e5593 03f70433 03f384b3 02e58733 02b383b3 00970633 01045713 00c70733 00977663 00010637 00c383b3 01075613 08044433 01071713 00760633 00870733 00c6e663 02c69863 02e2f663 01c283b3 0053b433 00640933 012686b3 fff78493 00038293 36d36263 00d31463 34040e63 00048793 40e28733 40c686b3 00e2b633 40c686b3 3ad30863 03e6d3b3 01075613 03e6f6b3 027e82b3 01069693 00d666b3 0056fa63 00d306b3 0056f463 3466f063 fff38393 405686b3 03e6d2b3 08074733 03e6f6b3 025e8eb3 01069693 00d76733 01d77a63 00e30733 00676463 31d76e63 fff28293 01039613 00566633 080646b3 41d70733 01065e93 02df8f33 03df8fb3 03d58eb3 02d585b3 010f5693 01f585b3 00b686b3 01f6f663 000105b7 00be8eb3 0106d593 080f4f33 01069693 01d585b3 01e686b3 00b76663 2eb71463 2e068263 00e30eb3 000e8713 006ee863 2abeec63 00be9463 2ade6863 fff60613 40b70733 40de0e33 00e03733 01c03e33 01c76733 00c76533 3ff80713 2ce05263 00757693 02068063 00f57693 00400613 00c68a63 00c506b3 00a6b633 00c787b3 00068513 00779693 0006da63 ff000737 fff70713 00e7f7b3 40080713 7fe00693 34e6c263 01d79613 00355513 00a66633 0037d793 00c12403 00c79793 01471713 00c7d793 00f76733 01f89893 00812483 00412903 00060513 011765b3 01010113 00008067 00a7e5b3 06058863 02078c63 60079713 ff570813 01d00593 ff870893 410585b3 011797b3 00b555b3 00f5e5b3 011517b3 c0d00813 40e80833 00078f93 ca5ff06f 60051593 01558813 01c00893 02058713 fd08d2e3 ff858593 00b515b3 fd5ff06f 00a7e5b3 02059063 00000f93 00200313 c75ff06f 00000f93 00000813 00100313 c65ff06f 00050f93 00078593 00300313 c55ff06f 00c767b3 06078a63 02070c63 60071513 ff550893 01d00793 ff850e93 411787b3 01d71733 00f657b3 00e7e7b3 01d61733 c0d00893 40a88633 00070513 c55ff06f 60061793 01578893 01c00e93 02078513 fd1ed2e3 ff878793 00f617b3 fd5ff06f 00c767b3 02079263 00000513 00088613 00200e93 c21ff06f 00000513 00000613 00100e93 c11ff06f 00070793 00088613 00300e93 c01ff06f ff670713 00500613 1ce66663 0000e637 41c60613 20c74733 00072703 00070067 00e61633 05467313 04031263 08867613 0c061663 bfc71ae3 000807b7 7ff00713 00000893 e61ff06f 000e0893 00058793 000f8513 00200713 16e30e63 00300713 16e30463 00100713 dee310e3 00000793 00000613 1140006f fff80813 00000293 bc9ff06f ffe78793 00660633 c01ff06f ffe70713 006686b3 c25ff06f 00c6e663 cad612e3 cae3f0e3 007e02b3 01c2b3b3 006383b3 ffe78793 007686b3 c8dff06f ffe38393 006686b3 cc1ff06f ffe28293 00670733 ce5ff06f 00951513 01c53733 00670733 ffe60613 00ee8733 00050e13 d41ff06f 00000e13 d39ff06f 00068893 000e8313 f51ff06f fff00513 d3dff06f 08070063 fc900693 f4d74ae3 fe200693 06d74c63 00100693 40e686b3 41e80813 00d55733 01051533 00a03533 01079833 01056533 00a76733 00d7d7b3 00777693 02068063 00f77693 00400613 00c68a63 00c706b3 00e6b633 00c787b3 00068713 00879693 0606c863 01d79613 00375713 00e66633 0037d793 00000713 d19ff06f 00100693 f99ff06f fe100593 40e586b3 00d7d6b3 00000613 00b70663 43e80813 01079633 00a66633 00c03633 00c6e733 00000793 f89ff06f 000807b7 00000613 e6dff06f 00000793 00000613 7ff00713 cc5ff06f 00000793 00000613 00100713 cb5ff06f 0145d713 00c59793 00c69893 0146d813 7ff77713 7ff00313 00c7d793 01f5d593 00c8d893 7ff87813 01f6d693 00671c63 00a7e333 04030063 00100613 00060513 00008067 00681663 00c8e333 fe0316e3 ff0714e3 ff1792e3 fec510e3 00000613 fcd58ee3 fc071ae3 00a7e7b3 00f03633 fcdff06f fce812e3 fd1ff06f 0145d313 00c59893 00c69713 0146d813 7ff37313 7ff00793 00c8d893 01f5d593 00c75713 7ff87813 01f6d693 02f30863 7ff00e13 00080793 03c81c63 00c76e33 020e1263 02030a63 04d59463 07035263 00159793 fff78793 0100006f 00a8e7b3 fc0788e3 ffe00793 00078513 00008067 00000e13 00031663 00a8ee33 001e3e13 00081e63 00c76eb3 000e9a63 fc0e1ee3 40b005b3 0015e793 fd1ff06f 00169793 fa0e1ae3 fed596e3 fe6844e3 fa1ff06f ff1760e3 40e887b3 00a67463 fc078ae3 f8e8e8e3 00c57463 f80784e3 00000793 f99ff06f 0145d313 00c59893 00c69713 0146d813 7ff37313 7ff00793 00c8d893 01f5d593 00c75713 7ff87813 01f6d693 02f30863 7ff00e13 00080793 03c81c63 00c76e33 020e1263 02030a63 04d59463 07035263 00159793 fff78793 0100006f 00a8e7b3 fc0788e3 00200793 00078513 00008067 00000e13 00031663 00a8ee33 001e3e13 00081e63 00c76eb3 000e9a63 fc0e1ee3 40b005b3 0015e793 fd1ff06f 00169793 fa0e1ae3 fed596e3 fe6844e3 fa1ff06f ff1760e3 40e887b3 00a67463 fc078ae3 f8e8e8e3 00c57463 f80784e3 00000793 f99ff06f ff010113 0145d793 00c59813 00812623 00912423 01212223 7ff7f793 00c85813 01f5d593 0c078263 7ff00713 12e78063 01d55713 00381813 01076733 00800837 00351893 01076833 c0178513 00000f13 0146d313 00c69793 7ff37313 00c7d793 01f6d693 12030063 7ff00713 16e30e63 00379793 01d65713 00f76733 008007b7 00f767b3 c0130313 00361713 00000e93 002f1613 00650533 01d66633 00b00e13 00150313 1ace4063 00200f93 00d5c5b3 00100e13 16cfc263 fff60613 1ace6263 000e8f13 00200693 48df0a63 00300693 16df0e63 00100693 32df1063 00000793 00000613 4380006f 00a868b3 06088c63 02080e63 60081713 ff570893 01d00793 ff870313 411787b3 00681833 00f557b3 0107e7b3 00651833 c0d00513 00080893 40e50533 00078813 f25ff06f 60051793 01578893 01c00313 02078713 fd1350e3 ff878793 00f517b3 fd1ff06f 00a868b3 02089263 00000813 00078513 00200f13 ef1ff06f 00000813 00000513 00100f13 ee1ff06f 00050893 00300f13 00078513 ed1ff06f 00c7e733 06070a63 02078e63 60079e93 ff5e8313 01d00e13 ff8e8713 406e0e33 00e797b3 01c65e33 00fe6e33 00e617b3 c0d00313 00078713 41d30333 000e0793 ec9ff06f 60061713 01570313 01c00e13 02070e93 fc6e50e3 ff870713 00e61e33 fd1ff06f 00c7e733 02071063 00000793 00200e93 e99ff06f 00000793 00000313 00100e93 e89ff06f 00060713 00300e93 e7dff06f 00ce1e33 530e7613 26061863 00001637 88860613 00ce7633 24061c63 240e7e13 020e0463 000807b7 0140006f 00f00793 24f61463 000807b7 00000613 7ff00693 00000593 1f80006f 0108de93 01075693 0808c8b3 080743b3 02788733 027e8fb3 01075e13 03168f33 02de8633 01ff0f33 01ee0e33 01fe7663 00010f37 01e60633 08074733 010e5413 010e1e13 0807cfb3 00ee0e33 0107d713 03f882b3 03fe87b3 0102df13 02e888b3 02ee8eb3 00f888b3 011f08b3 00f8f663 000107b7 00fe8eb3 080844b3 01085f13 02938933 0108d793 0802c2b3 01d78eb3 01089793 005787b3 00f40433 03e383b3 01095293 03e68833 029686b3 007686b3 00d286b3 0076f663 000108b7 01180833 029f82b3 0106d893 010888b3 01069813 08094933 01280833 03ef8fb3 0102d693 03e70f33 02970733 01f70733 00e686b3 01f6f663 00010737 00ef0f33 01069713 0802c2b3 00860633 00570733 01d70eb3 00f637b3 00fe87b3 01060833 011788b3 00eeb733 00c83633 01d7beb3 00c88633 0106d693 01d76733 00d70733 00f8b6b3 011638b3 0116e6b3 00e686b3 00981713 01c76733 01e686b3 00e03733 01785813 00969693 01765793 01076733 00961613 00c76733 00769613 00f6e7b3 0c065063 00175693 00177713 00e6e6b3 01f79713 00e6e733 0017d793 3ff30693 0ad05463 00777613 02060063 00f77613 00400513 00a60a63 00a70633 00e63533 00a787b3 00060713 00779613 00065a63 ff0006b7 fff68693 00d7f7b3 40030693 7fe00613 10d64e63 01d79613 00375713 00e66633 0037d793 00c79793 00c12403 00c7d793 01469693 01f59593 00f6e6b3 00b6e7b3 00812483 00412903 00060513 00078593 01010113 00008067 00068593 c35ff06f 00080793 00088713 c2dff06f 00050313 f59ff06f 08068063 fc900613 c2c6c8e3 fe200613 06c6cc63 00100613 40d606b3 41e30313 00d75633 00671733 00e03733 00679333 00676733 00c76733 00d7d7b3 00777693 02068063 00f77693 00400613 00c68a63 00c706b3 00e6b633 00c787b3 00068713 00879693 0606c263 01d79613 00375713 00e66633 0037d793 00000693 f35ff06f 00100693 f99ff06f fe100813 40d80633 00c7d633 00000513 01068663 43e30313 00679533 00a76733 00e03733 00e66733 00000793 f89ff06f 00000793 00000613 7ff00693 eedff06f 00000793 00000613 00100693 eddff06f 00c59793 01d55813 0097d793 00f867b3 00c69813 0146d313 00985813 01d65893 0145d713 0108e8b3 7ff37313 7ff00813 7ff77713 01f5d593 00351513 01f6d693 00361613 01031663 00c8e833 00081463 0016c693 40670833 7ff00e13 2eb69663 15005a63 08031463 00c8e6b3 02068463 fff70813 00081e63 00c50633 011787b3 00a63533 00a787b3 00100713 0b00006f 07c71463 01d79693 00355513 7ff00613 00a6e6b3 0037d793 00c71e63 00f6e6b3 00000793 00068863 000807b7 00000693 00000593 7ff77713 00c79793 00c7d793 01471713 00f76733 01f59593 00b767b3 00068513 00078593 00008067 29c70863 008006b7 00d8e8b3 03800693 0b06c663 01f00693 02000e13 0706c863 410e0e33 01c896b3 01065333 01c61e33 0066e6b3 01c03e33 01c6e6b3 0108d833 00a68633 00f80833 00d636b3 00d807b3 00879693 1c06dc63 00170713 7ff00693 5ad70463 ff8006b7 fff68693 00d7f7b3 00165693 00167613 00c6e6b3 01f79613 00d66633 0017d793 1a40006f fe080693 00d8d6b3 00000313 01c80863 04000313 41030333 00689333 00c36333 00603333 0066e6b3 00000813 f89ff06f 00c8e6b3 00d036b3 ff1ff06f 0c080663 40e30833 06071a63 00a7e733 00071a63 00088793 00060513 00080713 ec1ff06f fff80693 e8068ee3 ffc804e3 03800713 08d74663 01f00713 02000e13 04d74863 40de0e33 01c79733 00d55833 01c51e33 01076733 01c03e33 01c76733 00d7d6b3 00c70633 00e63733 011686b3 00e687b3 00030713 f11ff06f 4dc30e63 00800737 00e7e7b3 00080693 fa5ff06f fe068713 00e7d733 00000813 01c68863 04000813 40d80833 01079833 00a86833 01003833 01076733 00000693 fa9ff06f 00a7e733 00e03733 ff1ff06f 00170693 7fe6f813 06081463 00a7e6b3 04071063 42068863 00c8e733 42070863 00c50633 011787b3 00a63533 00a787b3 00879713 2a075e63 ff800737 fff70713 00e7f7b3 00060513 00100713 dc9ff06f 42068e63 00c8e8b3 000e0713 da088ce3 00000593 004007b7 00000513 da9ff06f 41c68063 00c50633 00a63533 011787b3 00a787b3 01f79713 00165613 00c76633 0017d793 00068713 00767693 3a069c63 00060513 00879693 d606d6e3 00170713 7ff00693 3cd70063 ff8006b7 fff68693 00d7f7b3 d51ff06f 0f005063 02031c63 00c8e6b3 d40680e3 fff70813 00081e63 40c50633 411787b3 00c53533 40a787b3 00100713 0600006f 01c71c63 7ff00713 d15ff06f d1c708e3 008006b7 00d8e8b3 03800693 0906c463 01f00693 02000e13 0506c663 410e0e33 01c896b3 01065333 01c61e33 0066e6b3 01c03e33 01c6e6b3 0108d833 40d50633 41078833 00c53533 40a807b3 00879693 f406d0e3 00979813 00985813 00060313 2000006f fe080693 00d8d6b3 00000313 01c80863 04000313 41030333 00689333 00c36333 00603333 0066e6b3 00000813 fadff06f 00c8e6b3 00d036b3 ff1ff06f 0e080463 40e30833 08071863 00a7e733 00071663 00068593 d89ff06f fff80713 02071063 40a60533 00a63733 40f887b3 00050613 40e787b3 00068593 f0dff06f fdc80ae3 03800593 08e5ca63 01f00593 02000e13 04e5cc63 40ee0e33 01c795b3 00e55833 01c51e33 0105e5b3 01c03e33 01c5e5b3 00e7d733 40b605b3 00b637b3 40e88733 00058613 40f707b3 00068593 00030713 f19ff06f 25c30463 00800737 00e7e7b3 00080713 f9dff06f fe070593 00b7d5b3 00000813 01c70863 04000813 40e80833 01079833 00a86833 01003833 0105e5b3 00000713 fa1ff06f 00a7e5b3 00b035b3 ff1ff06f 00170813 7fe87813 0a081063 00c8e833 00a7e333 06071863 00031a63 00088793 02081e63 00000593 1bc0006f 18080863 40c50333 00653e33 41178833 41c80833 00881e13 020e5663 40a60533 00a63733 40f887b3 00050613 40e787b3 00068593 00c7e533 0e050063 00000713 d9dff06f 01036533 16050c63 00080793 00030613 fe1ff06f 00031c63 16081863 00000593 00000513 004007b7 dd5ff06f 000e0713 ae0802e3 d2dff06f 40c50e33 01c53eb3 41178833 41d80833 00881e93 000e0313 060edc63 40a60333 40f88833 00663633 40c80833 00068593 06080c63 60081693 ff868693 02000793 40d787b3 00d81833 00f357b3 0107e7b3 00d31633 0ae6c263 40e686b3 00168813 01f00713 02000513 07074063 41050533 00a79733 010656b3 00a61533 00d76733 00a03533 00a76633 0107d7b3 f2dff06f 010e6533 f8051ee3 00000593 00000793 00000713 a39ff06f 60031793 01878693 01f00613 f8d654e3 ff878793 00f317b3 00000613 f91ff06f fe168693 00d7d6b3 00000713 00a80863 04000713 41070733 00e79733 00e66733 00e03733 00e6e633 00000793 ec5ff06f 40d70733 ff8006b7 fff68693 00d7f7b3 c59ff06f 00088793 ea9ff06f 00050613 ea1ff06f 00f67693 00400513 c4a682e3 00a60533 00c53633 00c787b3 c39ff06f 00068713 00000793 bf1ff06f 00000593 00000793 991ff06f 00068593 00088793 00060513 c69ff06f 00c59713 0145d593 00c69793 7ff5f593 0146d693 7ff00813 00c75713 00c7d793 7ff6f693 01059863 00a76733 00100513 00071a63 00000513 01069663 00c7e7b3 00f03533 00008067 0145d713 00c59793 7ff77713 3fe00693 00c7d793 01f5d593 04e6de63 41d00693 00e6da63 80000537 fff50513 00a58533 00008067 001006b7 00d7e7b3 41300693 02e6d463 bed70693 00d797b3 43300693 40e68733 00e55533 00a7e533 00058e63 40a00533 00008067 40e686b3 00d7d533 fedff06f 00000513 00008067 06050663 40a00733 0ae56733 01f55613 60071693 41e00513 00a00793 40d50533 02d7ce63 00b00793 40d787b3 01568693 00f757b3 00d71733 00c79793 00c7d793 01451513 00f56533 01f61613 00c567b3 00078593 00070513 00008067 ff568693 00d717b3 00000713 fd1ff06f 00000613 00000793 ff1ff06f 04050863 60051713 41e00693 00a00793 40e686b3 02e7c663 00b00793 40e787b3 01570713 00f557b3 00e51533 00c79793 01469693 00c7d793 00f6e5b3 00008067 ff570713 00e517b3 00000513 fe1ff06f 00000793 00000693 fd5ff06f 00c52583 00852783 fe010113 00452703 00052683 00f12423 00f12c23 0805c7b3 00f12e23 00159793 00e12223 00b12623 00e12a23 00d12023 0117d713 00d12823 01f5d593 01010313 01c10793 0007a603 ffc7a503 ffc78793 00361613 01d55513 00a66633 00c7a223 fef312e3 00369513 00170693 01169613 00a12823 01265613 1e060063 88000693 20e6e733 7fe00693 26e6ce63 04e05463 01812803 01c12783 01412603 01c85693 00479793 00d7e7b3 00461693 00a6e6b3 01c65613 00481813 00d036b3 01066633 00c6e6b3 0076f613 22061263 00068613 1ec0006f fcc00693 20d74463 01c12603 000806b7 00d66633 03d00693 40e68733 40575813 00c12e23 01f77713 00281e13 206848b3 00000693 0007a503 00478793 00a6e6b3 fef89ae3 02071663 01c30e33 000e2703 ffe80793 0017b793 00e12823 00200713 00e81463 00c12a23 00178793 0400006f 01c307b3 0007a783 02000e93 40ee8eb3 01d797b3 00300513 00f6e6b3 41050533 00000f13 0de51463 00400793 20654533 00e65633 410787b3 00c52023 00400713 40f70733 00271713 00800613 2067c7b3 00c76a63 0007a023 0007a223 ff870713 00c787b3 00400613 00c76463 0007a023 01012783 00d036b3 00f6e6b3 01412783 00f6e633 12061a63 00000793 00000713 00365613 01d79693 00c6e6b3 7ff00613 0037d793 00c71e63 00f6e6b3 00000793 00068863 00000593 000807b7 00000693 7ff77713 00c79793 00c7d793 01471713 01f59593 00f76733 00b767b3 00068513 00078593 02010113 00008067 0008a783 0048af83 41c882b3 00e7d7b3 01df9fb3 01f7e7b3 00f2a023 001f0f13 00488893 f15ff06f 01412683 01812783 01c12803 00f6e633 01066633 00a66633 02071063 00000793 00100693 f4060ce3 00468613 00d636b3 00d787b3 0300006f 08060263 00479713 01c6d693 01c7d793 00481813 00e6e6b3 0107e7b3 00400737 00e7e7b3 ff86f613 7ff00713 00879693 f006dae3 00170713 7ff00693 04d70863 ff8006b7 fff68693 00d7f7b3 ef9ff06f 00000713 00100693 00000793 00f6f613 00400513 f8a616e3 dd5ff06f 00000713 dc5ff06f 00000793 00000613 7ff00713 ec5ff06f 00000793 ff5ff06f 00000793 00000613 eb1ff06f 00000000 0000b7f4 0000b7f8 0000b7fc 0000b800 0000b804 0000b808 0000b80c 0000b810 0000b814 0000b818 0000b828 00009dfc 0000b81c 0000b820 0000b828 0000b824 75766964 6d65722b 6f6c2075 2820706f 69207525 73726574 25203a29 79632075 73656c63 0000000a 2b766964 206d6572 6f6c2020 2820706f 69207525 73726574 25203a29 79632075 73656c63 0000000a 3d636361 73207525 3d636361 000a6425 69666e49 7974696e 00000000 004e614e 00000030 6c6c6142 7320636f 65636375 64656465 00000000 6d6f682f 74772f65 65626d61 636f442f 6e656d75 722f7374 2d757076 6c697562 2e2e2f64 7076722f 77732f75 7369722f 672d7663 742d756e 636c6f6f 6e696168 77656e2f 2f62696c 6c77656e 6c2f6269 2f636269 6c647473 642f6269 2e616f74 00000063 6d6f682f 74772f65 65626d61 636f442f 6e656d75 722f7374 2d757076 6c697562 2e2e2f64 7076722f 77732f75 7369722f 672d7663 742d756e 636c6f6f 6e696168 77656e2f 2f62696c 6c77656e 6c2f6269 2f636269 6c647473 6d2f6269 63657270 0000632e 00464e49 00666e69 004e414e 006e616e 33323130 37363534 42413938 46454443 00000000 33323130 37363534 62613938 66656463 00000000 6c756e28 0000296c 7566202c 6974636e 203a6e6f 00000000 65737361 6f697472 2522206e 66202273 656c6961 66203a64 20656c69 22732522 696c202c 2520656e 25732564 00000a73 00000043 49534f50 00000058 0000002e 3d3d3d3d 504f4f20 50432053 00000055 00783020 3d3d3d20 00000a3d 00000000 00000000 3ff80000 636f4361 3fd287a7 8b60c8b3 3fc68a28 509f79fb 3fd34413 00000000 3ff00000 00000000 40240000 00000000 401c0000 00000000 40140000 00000000 3fe00000 ffffffff 7fefffff 00000005 00000019 0000007d 00000000 37e08000 4341c379 b5056e17 4693b8b5 e93ff9f5 4d384f03 f9301d32 5a827748 7f73bf3c 75154fdd 00000000 3ff00000 00000000 40240000 00000000 40590000 00000000 408f4000 00000000 40c38800 00000000 40f86a00 00000000 412e8480 00000000 416312d0 00000000 4197d784 00000000 41cdcd65 20000000 4202a05f e8000000 42374876 a2000000 426d1a94 e5400000 42a2309c 1e900000 42d6bcc4 26340000 430c6bf5 37e08000 4341c379 85d8a000 43763457 674ec800 43abc16d 60913d00 43e158e4 78b58c40 4415af1d d6e2ef50 444b1ae4 064dd592 4480f0cf c7e14af6 44b52d02 79d99db4 44ea7843 000069b0 000062a0 000062a0 000069c8 000062a0 000062a0 000062a0 000062a0 000062a0 000062a0 00006488 000069d4 000062a0 000064a0 00006acc 000062a0 000069e4 00006270 00006270 00006270 00006270 00006270 00006270 00006270 00006270 00006270 000062a0 000062a0 000062a0 000062a0 000062a0 000062a0 000062a0 000062a0 000062a0 000062a0 000069f0 000064ac 000062a0 000064ac 000062a0 000062a0 000062a0 000062a0 00006970 000062a0 000062a0 00006838 000062a0 000062a0 000062a0 000062a0 000062a0 00006928 000062a0 000062a0 00006c88 000062a0 000062a0 000062a0 000062a0 000062a0 000062a0 000062a0 000062a0 000062a0 000062a0 0000697c 000067c0 000064ac 000064ac 000064ac 00006b18 000067c0 000062a0 000062a0 0000647c 000062a0 00006c58 00006b70 00006b98 0000647c 000062a0 00006a7c 000062a0 00006b24 000062a0 000062a0 00007508 30303030 30303030 30303030 30303030 20202020 20202020 20202020 20202020 00008f1c 00008a20 00008a20 00008f34 00008a20 00008a20 00008a20 00008a20 00008a20 00008a20 00008b50 00008f40 00008a20 00008b60 00008be0 00008a20 00008f50 000089f0 000089f0 000089f0 000089f0 000089f0 000089f0 000089f0 000089f0 000089f0 00008a20 00008a20 00008a20 00008a20 00008a20 00008a20 00008a20 00008a20 00008a20 00008a20 00008f5c 00008a20 00008a20 00008a20 00008a20 00008a20 00008a20 00008a20 00008a20 00008a20 00008a20 00008dac 00008a20 00008a20 00008a20 00008a20 00008a20 00008e68 00008a20 00008a20 00008fc8 00008a20 00008a20 00008a20 00008a20 00008a20 00008a20 00008a20 00008a20 00008a20 00008a20 00008ea8 00008b7c 00008a20 00008a20 00008a20 00008fbc 00008b7c 00008a20 00008a20 00008b44 00008a20 00008d84 00008c24 00008cac 00008b44 00008a20 00008d34 00008a20 00008ed0 00008a20 00008a20 00009404 30303030 30303030 30303030 30303030 20202020 20202020 20202020 20202020 20202000 20202020 28282020 20282828 20202020 20202020 20202020 20202020 10108820 10101010 10101010 10101010 04040410 04040404 10040404 10101010 41411010 41414141 01010101 01010101 01010101 01010101 01010101 10101010 42421010 42424242 02020202 02020202 02020202 02020202 02020202 10101010 00000020 00000000 00000000 00000000 00000000 00000000 00000000 00000000 00000000 00000000 00000000 00000000 00000000 00000000 00000000 00000000 00000000 00000000 00000000 00000000 00000000 00000000 00000000 00000000 00000000 00000000 00000000 00000000 00000000 00000000 00000000 00000000 00000000 0000c8d0 0000c804 0000c750 0000c750 0000c750 0000c8d0 00000010 00000000 00527a03 01017c01 00020c1b 00000010 00000018 ffffd3f4 00000324 00000000 00000000 00000000 00000000 00000000 00000000 00000000 00000000 00000000 00000000 00000000 00000000 00000000 00000000 00000000 00000000 00000000 00000000 00000000 00000000 0000eb64 0000eafc 0000ea94 000012c4 000015d4 0000158c 00000000 00000000 00000000 00000000 00000003 0000ea94 0000edb8 ffffffff 00020000 00000000 00000000 0000e4e4 0000e4e4 0000e4ec 0000e4ec 0000e4f4 0000e4f4 0000e4fc 0000e4fc 0000e504 0000e504 0000e50c 0000e50c 0000e514 0000e514 0000e51c 0000e51c 0000e524 0000e524 0000e52c 0000e52c 0000e534 0000e534 0000e53c 0000e53c 0000e544 0000e544 0000e54c 0000e54c 0000e554 0000e554 0000e55c 0000e55c 0000e564 0000e564 0000e56c 0000e56c 0000e574 0000e574 0000e57c 0000e57c 0000e584 0000e584 0000e58c 0000e58c 0000e594 0000e594 0000e59c 0000e59c 0000e5a4 0000e5a4 0000e5ac 0000e5ac 0000e5b4 0000e5b4 0000e5bc 0000e5bc 0000e5c4 0000e5c4 0000e5cc 0000e5cc 0000e5d4 0000e5d4 0000e5dc 0000e5dc 0000e5e4 0000e5e4 0000e5ec 0000e5ec 0000e5f4 0000e5f4 0000e5fc 0000e5fc 0000e604 0000e604 0000e60c 0000e60c 0000e614 0000e614 0000e61c 0000e61c 0000e624 0000e624 0000e62c 0000e62c 0000e634 0000e634 0000e63c 0000e63c 0000e644 0000e644 0000e64c 0000e64c 0000e654 0000e654 0000e65c 0000e65c 0000e664 0000e664 0000e66c 0000e66c 0000e674 0000e674 0000e67c 0000e67c 0000e684 0000e684 0000e68c 0000e68c 0000e694 0000e694 0000e69c 0000e69c 0000e6a4 0000e6a4 0000e6ac 0000e6ac 0000e6b4 0000e6b4 0000e6bc 0000e6bc 0000e6c4 0000e6c4 0000e6cc 0000e6cc 0000e6d4 0000e6d4 0000e6dc 0000e6dc 0000e6e4 0000e6e4 0000e6ec 0000e6ec 0000e6f4 0000e6f4 0000e6fc 0000e6fc 0000e704 0000e704 0000e70c 0000e70c 0000e714 0000e714 0000e71c 0000e71c 0000e724 0000e724 0000e72c 0000e72c 0000e734 0000e734 0000e73c 0000e73c 0000e744 0000e744 0000e74c 0000e74c 0000e754 0000e754 0000e75c 0000e75c 0000e764 0000e764 0000e76c 0000e76c 0000e774 0000e774 0000e77c 0000e77c 0000e784 0000e784 0000e78c 0000e78c 0000e794 0000e794 0000e79c 0000e79c 0000e7a4 0000e7a4 0000e7ac 0000e7ac 0000e7b4 0000e7b4 0000e7bc 0000e7bc 0000e7c4 0000e7c4 0000e7cc 0000e7cc 0000e7d4 0000e7d4 0000e7dc 0000e7dc 0000e7e4 0000e7e4 0000e7ec 0000e7ec 0000e7f4 0000e7f4 0000e7fc 0000e7fc 0000e804 0000e804 0000e80c 0000e80c 0000e814 0000e814 0000e81c 0000e81c 0000e824 0000e824 0000e82c 0000e82c 0000e834 0000e834 0000e83c 0000e83c 0000e844 0000e844 0000e84c 0000e84c 0000e854 0000e854 0000e85c 0000e85c 0000e864 0000e864 0000e86c 0000e86c 0000e874 0000e874 0000e87c 0000e87c 0000e884 0000e884 0000e88c 0000e88c 0000e894 0000e894 0000e89c 0000e89c 0000e8a4 0000e8a4 0000e8ac 0000e8ac 0000e8b4 0000e8b4 0000e8bc 0000e8bc 0000e8c4 0000e8c4 0000e8cc 0000e8cc 0000e8d4 0000e8d4 0000e8dc 0000e8dc 00000043 00000000 00000000 00000000 00000000 00000000 00000000 00000000 00000043 00000000 00000000 00000000 00000000 00000000 00000000 00000000 00000043 00000000 00000000 00000000 00000000 00000000 00000000 00000000 00000043 00000000 00000000 00000000 00000000 00000000 00000000 00000000 00000043 00000000 00000000 00000000 00000000 00000000 00000000 00000000 00000043 00000000 00000000 00000000 00000000 00000000 00000000 00000000 00000043 00000000 00000000 00000000 00000000 00000000 00000000 00000000 000098fc 00009894 00000000 0000e318 0000de9c 0000de5c 0000de5c 0000de5c 0000de5c 0000de5c 0000de5c 0000de5c 0000de5c 0000de5c ffffffff ffffffff ffffffff 0000ffff 53410001 00494943 00000000 00000000 00000000 00000000 00000000 00000000 53410000 00494943 00000000 00000000 00000000 00000000 00000000 00000000 00000000 00000001 0000ea60 00009ab0 00000003 0000ea6c 00000000 00009b70 00009b70 