6e48074e
2d30cc70
0d244b81
1f23c699
386e5a42
279fb51a
c6d01e05
d28be853
aa8c5a64
bc803858
8f95bb11
6f0349d1
cf5e0214
739cea16
224567a6
19d6ef7a
519c3e8a
a35dc7db
67fc994e
53620671
b3481c1b
f0d5e2f8
9dc6a1a8
7b03b708
145e7a7b
dfe59f6e
09b83f6e
e3b2df1f
8107556e
55f18ff1
a8411c0e
92698793
9726887f
35337a56
a823b2ca
7ab773b2
3d2a4b66
7fb42c41
75f83a2c
9e055ee7
58a1d0ea
2411b989
51722719
d6c9f2d7
29ecc158
f01dde04
7c5f4445
1dfbed2a
6df23353
6ea53e91
0e1a833e
50324906
dde7574c
33a8a47b
ec156a04
943b72c7
f439ca8e
02b43534
580cba2a
8b97b7e1
e83a15dc
2f50eeca
9a697816
6cbc898c
2621a79b
7e50bfa1
fd85f293
13e29584
3aa13999
9e37abde
dff66032
6112c479
d9f339e1
ea5ea3ac
c32728eb
0f8dc6ff
63f70baf
351aa4d3
6b863dd2
1745dcea
b1214e66
f99f6d19
b5185dd2
146293e0
5ad52702
4db87fe6
a80b39b6
79d1f65d
9d660c95
c3f9f96b
13ebea50
d85e4c05
1f06b57e
7ed4e749
429f7948
b6b98676
c374dfa7
3863036f
b3276011
dc35c873
bb2e9c01
b50abba7
bb8efe8e
69c694b0
f7d57823
cf4dce27
85879c0c
50be6b60
09f96026
5c8e2910
ee08c388
95b178b4
9bfecea0
88083b0d
d2b92831
5c57f66b
3f21d343
2096d314
93ee5b18
7455f4f5
44d4aaba
41669b32
b3c72fe9
eeab3bf8
c7f52a4c
e3007697
461e4440
6051ce73
1cb7fbc1
11af410f
cd564080
b03d5be7
d3bfe256
1c242313
2b533eea
36967d20
71d854d9
27fb8af7
2c8a6462
ccebc6a5
45dff094
e019ef8c
e90637cd
8bcd5521
3a70e47e
bd1b3b33
40800ac4
41d8a21d
fe236799
85447431
7fa8fee6
a87c97ed
432a8146
e3e34f62
768e9879
7acc585b
0080ebc8
061aa2b4
6dc11e50
e3fb094e
db117297
e0b2748e
b9396e66
d7a4e451
ed44c5f4
8387469f
e1382e7c
a903541b
71425daf
e10aecbf
e94a5a87
0e590c6b
5f4817fb
06b46217
531ab879
666625b4
a4a39e28
c0891aa4
016e7ebb
1f47dd59
f6b9b672
b0e6b290
778bdbde
386dd2e8
9d3cc8da
0728616d
7fbb6bec
4a03b7ed
389bc8ca
9edaea74
fe2ea93e
4e742f87
bfbcc675
0ed4b583
bfd8e219
0555a148
9df81ff4
6016995d
5b3b7d5a
5af41529
58db9a45
75904450
e7bc7aae
38ec0ceb
fc3d4314
c17db8f0
ced0949e
e57379e8
bc111bec
94e06197
d3ad8334
1b4b77a5
c75adece
270542fc
1d3af58f
ce38c4d9
b1804505
4739afb2
9402ab2e
9f2da56e
e6354f14
e9b61cdc
7678e4b5
f90b68bb
afa1e87e
011a3e7b
21a92a37
c0b161e7
193bc6a7
14f6ba5c
1038342e
88416f8b
abb21a57
38399d36
673abb88
bf48079d
b4d32f93
f4fdc7c6
e7f361b5
7b1eee6b
ccf9a120
c3906ce8
820e11d9
5931a54b
c060e08a
4d8a199d
a88e3730
5450371c
0eeae930
babf53a9
25e4d026
86807bf6
8fe50b05
5a4f8444
18296246
8341cd8c
6e5cf9c4
c49ca258
bbda1409
a5be72ea
6490ef0c
4b155b0a
87eac548
68ffc2a5
9c8d59ca
1b6ab161
e405bc71
0c5c107c
8162c01e
8eb0924a
e40bf2c0
c014c9cf
a45a123e
1f40127a
b9d2d25d
46f8b070
d286c9c0
25e2a023
ce354acb
8cff9246
5de26327
48384079
f8d7856b
0f9b6d4b
1a04a09c
77edbb11
7376d016
96f9f823
c87124a3
2b8f2ba3
f068184f
b9a8a176
534a7e17
c2e9f4f4
67267f00
8700bafa
b85369a0
8b3adac2
40979b31
30b92e7a
d21fdcc1
9f4c3352
d5cf6b2e
c000b9fd
5970dfa3
3a61e7ab
e4fe744c
d46f7f7e
b6a845ac
6a4e4b68
9ea7ecd6
b1473a40
e2b21444
f15ba037
e26e9aaf
c0c5c9c1
8ad4ee2a
878252f5
4a81acdc
a52a5dad
22e96afa
4f87ec46
8d79266e
ffb5d324
913f63cb
a34672c0
96fbb956
2c0f270e
c6744fb0
820abb12
87996f02
9e9b1197
e9fae541
6d7f1e3a
21cf9fb7
66853e9f
837290db
6fd1a788
a09fce4b
770c214d
2c4785a1
bb275f2d
a03c89c5
f721c20c
c9a6277b
ca40ef69
652a320b
0c7c3e1a
958cf855
b4d61e3f
3783db64
cc930d25
1b02898d
b635caa1
08fb7cb9
fedd23ef
910b3caf
d40a60f7
5bee902e
fa19c38c
9f91f4ad
a09219cb
c53707dd
daaea1b6
b7d4c9f0
f060df9f
9b68ec2c
f0658b8a
04a071cc
978aea2e
ab8d35a1
3698b893
4b358e47
aaeb1f84
8b0f8fc6
272f509b
c4bc5100
80eea3e3
8a36eb4f
91805aee
1f96c818
26b156b6
c7205641
62f745dc
f0dfc514
99631b37
276ee4a3
4cc18938
af310935
c484c6e7
22403734
9a38fcb9
ffae6f06
bcb96ec9
a616fa35
e2edb572
5fb4919b
366b0a2a
f3c8c116
255b43c6
794bfb9d
9cb3b81f
39b96611
371e312b
fe47da1d
c0d1761a
1a289483
431aa658
04b767a5
4383c248
6e0d3b98
d8fcff26
d62d395a
3490df55
493aae8a
9d4e1299
42a5861e
c3c797f4
341d6262
95d9e539
689aecd0
856aaf53
88a8d189
a1e563df
347df093
03e8a612
b1efa09c
4f32a4a6
5fb284f0
b8f20d17
4ba9b35c
d61ef5bf
dd9e1839
9cc4d5ff
7688a736
bd51fbb2
41f58551
12c67f70
143e4c36
d4fe12c6
f7052bdd
b5aaddad
3a82abaf
65db7cd9
643c9a8a
e61553cc
b3134eab
fe1f2167
cda3a8a2
c6b36037
253ed50b
1c0b456e
b238037a
554c32bf
eb62ba72
c8b23236
eb951bf3
fdc95250
d6200d0d
0e67837e
02f3053f
41bc6b17
21e1599d
26ec6952
b94faeaf
2f38e905
3cd3b48a
cd3959e0
248cc95e
36b2fc04
12692833
2876c1b1
b7d0e97d
c8dc6546
e15bb7c1
f6ad9f5d
058e0f9e
9c2e1497
c6faebf0
2c1e9b07
446efd0a
e32f9d6b
16ff3678
d8937370
ee86e635
b8ecfb78
78bd2e04
461326e3
03b76ee0
4d0a608a
8325b9b2
51fecdfa
6e53d13e
f4642c03
00f369eb
17743f86
ff4e622e
15a25448
b59fd0cc
91c1fe94
e392cee9
c2d99e4e
adbd1354
ad2154d9
793f70cf
db98a348
873572fd
45dec077
0e386c3d
96e26d43
28d861d3
8bfd26fa
47dd8be7
cf08c8de
c532a9e1
88008f75
2f2b43d6
7794a418
30fad57c
40a79826
f2607fd1
6e734db6
787aeeb2
6bf45c6c
639a8f67
b3637002
13096ccb
f54eee3f
7b556525
c5c36882
8504a481
2cefb5cb
2e85ec7b
398670a3
b417a83e
aa46e0db
1997e829
f400843d
e1848d4b
f2c366bf
d31ac6e1
2108a70f
681db5c2
1828c9d2
cc99dcaf
0a36464d
4a82e749
2a77c39e
3c5f700c
98982def
35ee1a8f
7e736b46
c50718fd
a0f8263e
b5fe7a50
58bde564
12bcf9a5
fe3ca54c
e3ff1a7f
6af312d4
8009e2a4
bc94675a
6748524a
db31c396
e081ff69
f6cf783e
6fba52a5
6724fb10
93365281
14de5145
b15fced7
2ca0a727
99b68766
3915d2d9
5ebc2752
46badec2
25ee0e42
9a880c51
bb9f337a
aa1a1e24
114a7ddc
a19af855
13dc5b9e
c681cda5
25f2e054
0ac23514
83920563
297e2546
e6079bd2
17238431
008a8297
473e6fdb
f19cfccb
2708acc6
a3efe90f
e160e3ea
76d5fdc7
0bdba3bf
937597d6
16666511
a611513a
f28e606a
8a06fce7
f4477977
b7e77110
01c5ea5b
bce68de6
075b1e7f
688d73be
b663a0c2
a3f5c7e8
1ad19b54
dc7f894d
1ffa5e60
16fe0a8f
48a7115e
c3c98536
f5abc9b7
59e5cbc3
b33b717b
a9da6adc
52146a58
81e0a25a
4d6d2273
a77681fb
b4e2d1af
8d5fb059
9985604a
fb13f03c
1fd32552
3afef948
64550e49
7e3b7571
9ec6aa50
8956701b
3051d232
e8dae82b
c509a38a
fc34a671
34940945
e20b4493
69f07d96
cd4e6150
3147c895
4dc4fac5
c542ecfc
03a9a0da
18472038
172aaa41
861d82e8
16bdecaa
a745723b
ef5867a3
bbfcde2c
34af4c63
7fcc0d11
5dc8212c
d4541c46
5c93569e
f9d13ac8
f76a0577
efc5ca74
035f0726
227a0e52
2a09ae2c
018e0743
f7a0140b
a58a15c4
fce508ca
2a0e33bb
fc4028c8
b94756fd
f4379dbe
7588500f
f9c703db
520e3fd8
01db7e6f
dc240ec0
29392c55
735e0d4b
85e68670
d0c27271
ef8ffeb4
5f2da534
7299efee
fe4f2a49
008e9e44
57dcf57b
840b8f63
6bf771cf
7468427a
854eb6a1
d6b1db57
3bcf1e38
079db0d3
3b86173b
234a9b57
edcb6c13
af1beda6
41e4111f
e87a7623
a1bd64cd
012d69d8
cea1010a
ccec3737
89d64383
ecdca20b
15f28a2a
b7ed0de1
f02b2fad
fb40f383
1225fd51
fd98f2e5
05b3a13c
be75e48d
871966f8
b342bb2b
8734ee53
49bd24e4
929ae65f
2825cf4b
b1432719
993e7595
3af4003a
d323ed31
1079ecf1
0d4fc228
f87c31af
788d8aa9
27b0779d
11b7a1d1
c5b9b2b0
cb6a535d
ce95d3a6
8cb4b7a5
79320dc0
3e81ace7
00e642be
10979937
e22679c6
2310b7d5
3274d454
213b5dbb
64e32dc8
67d99723
ccf4866b
f2088923
ae1fc453
ca3f90c9
25b10263
698c0fb5
31b13ea6
3ff94320
fa6cd58e
1c6f6b23
ccf10d4d
26ae8794
47469e63
789b8390
8f772093
c4974ef3
cc328ffb
3b2273ef
93b0e64f
886a74dd
9186ff15
701ea16b
23f1aefd
97bdecc9
bd272752
5af6b367
e1148a8b
b68caa6b
8314586b
2056e8b5
bba31d09
f8ab1618
8b018330
697833e4
96ba80b4
87345d7b
00f6eaa6
c42cf099
c209c821
b5d7d790
f76b12e9
f45cbc7d
538d754f
3dfb8ec3
374ceebe
1872d517
995380f6
56aa2fad
0647b083
e8cd7340
38719b7b
80649fc7
9e00681c
acd94a2f
b280eb51
86ac3aa6
f3b4b773
58408b65
4cc198a1
6b8e74ed
294eb5c8
fb754cae
2c5655d8
f5a0381a
16fe28ab
87f31019
e3a5735e
0c33dce1
72f7d322
44a623ef
a648abf9
fb64ffc0
e47047f4
5279e79b
37824d78
7e42a426
40bdad91
370d22a1
d0ca576e
8e56e75f
b091c076
943a6b32
358db8b3
20d1a6d9
fa35968d
eaed470d
3ef1ff7e
90522e71
c034edca
158af42b
47591150
f9b46788
f9f410d9
1f9ce59c
9afd92c4
55ea8318
a0b1bc33
5df23c9e
769c33eb
eded398a
3390b5f0
6bc204ad
f5cf1a95
9b521eaa
ce70e697
da9b79ff
5507050f
7faee909
2dbab677
74a8ad92
58e98505
daecf06c
4b4b095a
778fe2bb
3451edfc
30f00712
d5860741
90c5742f
8b3bd22a
df0b2b01
7d2c5531
47879469
7cfb923d
43107278
6d7cc34b
1b957ee8
ac7228b7
9b277638
2c0859b4
26f88af8
eb7edce8
170902bb
8585fc7b
c5923a42
6d1ad092
a855b1c7
6fb48854
f5f54d62
83baade9
9f28876e
2e3b60a1
5088f646
3b9b8d34
8485ddaf
374eb29e
fd84459a
449a4044
ccbc4e1c
61d29d2e
291d5c0b
29c9dc74
dacbd674
211314c5
f3a75e3b
9eeed428
75f3b9c4
dddb3b72
08ff4af1
31f45288
5e79d950
b081d1a6
c1a90ce8
58851ced
1e2fb473
4d8868a6
810c5e82
ab56e9bb
2ae0fe51
edd7fc63
d93e0207
b43e6f53
bde16865
3bdfa9c7
edbece12
0b5b53d1
dd68d2b4
1b4a7a8e
1a108b51
06d4da10
cfc877c2
8d5e9f3a
8e3bd94c
d8b5442f
961a498a
5b1bcd4d
9a9350ac
15032ec6
1afb535f
cb183705
950107d9
562e2094
98107a41
1d60fbff
4712db1f
4edde5ce
06f475aa
ffdf37fb
0567ddfb
c8561a7f
58912285
e88ea3d7
24ff15c1
f17ae06d
1e3faa88
f0fadb2a
ca26dad0
cd2f8272
fb423a7b
b0248db4
17870868
07083fd9
ed455285
b57f5f4a
20ea9eb8
4644f64f
f08d10b2
03d5baf0
39f89bf5
2e5ffaef
5f9bdfb8
7a9e0d69
65d62094
f1218048
be56d47d
7934290b
25bb711f
5bee07ef
c1ec5965
4d18b88e
d390201a
da2cb886
e35d45c4
858602f9
dc81711e
95b5d351
4ba2b4e1
81b5cf68
c8cebee2
4e66c443
8bc90cd2
ca27b57d
064e5695
c6d2d339
afec2586
09e887d9
f769da80
6dd4fed9
c03832fa
c0804bc8
756b0e60
a57a4b52
a7a3c218
fad56f1a
aaf7d7f5
b88eafaf
b8a4ffa7
b7dd1db2
49de544e
dba31757
875a6ee4
96f25ff1
56ea1aa6
f8b6d502
31a5f8d3
ae5ab53c
a3c0902a
0542e55c
dd3fe2bc
6e77ad08
ee11276e
98bf149a
1ce43dea
d851fa03
d30e0323
05fb903b
d611d913
f522818b
552cb053
4cb1ba28
945acfe5
9dff4cf8
6f46dd45
dcbc82e7
7b5f1331
e36c99b4
a05c6d24
6eb35ab5
434d136b
d2244132
cda6ccc2
1b95b543
5e489bcf
01a16fa9
eb2fabb7
5f74d1e7
098118d6
3c80ccb2
e49c1534
8aed768b
72cbe071
4d8c62b3
c4e047f1
1356f17a
353ad174
3204ecf3
098dc81d
05f8eecf
083df10d
2f5f51bd
24efe4a6
6888696b
97875638
e228b8da
7d25dbc5
ca539df0
92824783
9eba9c57
e87a51ec
df3bfa0b
ea9eab8e
d3f5e3c7
2a69a624
ec5a2ffd
3786c0dd
ab1e1342
782a3c56
2d8dc2d4
d837324f
5f54b416
8cc3da0b
069c9b9e
2fafeafb
64aee847
fc994031
06a5f3f3
dfea1dc3
fa32e8d3
d79b4e4d
8017d644
7ee2ec98
2e08f06a
511344c0
0414fb17
78396db3
eeeee952
5c913017
78732317
90bc8db8
39208541
2a845276
b22ef9ae
33ad8756
94a8e7c6
1e145c02
6984cfbe
5c783b5c
66796863
4952c239
79a7556f
59401b41
45a214a1
44ef483b
6bf2646d
0343129f
5cdfdfc1
5e7abaa9
9b2b62f6
f08a7063
fee773ff
e6ddffa4
35389d65
1e009e90
9137430c
56c0961a
e0045b25
b144fdc6
17ce0f8a
4a071bf6
261f1614
9f035c29
29eec741
b1dd8be7
4e6a9e71
9dbdb706
49a5418b
7c518bee
c9094cb1
49e985ee
e275c488
8e2e8550
6f2a53c1
6dc2f071
768fd8d3
78b0a185
e55f5930
784591c3
92d47c97
09109890
f700266e
923bf665
1ac93df1
85a31317
bf8affe6
6716a05a
2e9c126b
e3c21f38
f7d0df55
15e943f8
b5cd73a4
8161b355
6cb11179
2bac6242
3411518e
43204536
3c7ea8d2
44e6c335
b34f2d26
ffca7a3f
923f20dd
78ea01b9
ccf4e807
30b9a5a2
9a9ebcd7
2e116fcf
7be45f2f
ff430c97
0d0f5cc0
9475627e
09fe294e
16e23c1e
8004c24c
a6e69ea0
2d79b08f
97cdbcd6
036a888e
18730e3d
9e722a5d
b0dff593
ce686b2e
c39cf4ce
d0c6e8a6
8efe0462
a0809b9d
c195ece0
41f9820b
8f54fcad
52019152
ff073cb3
9c8133a4
c379b12f
415d9a21
9be4f56f
a0749398
89532ada
522e2f2e
3bb4a361
86f4d265
34c727e0
64c421c3
f89e3012
f51c3a7e
3ff6baaf
ab10a3b0
bac8b8a7
fd5fb6d3
6be632e4
4e0cd796
49690b8c
7babbc2d
bd9e34fd
8715e241
43cd404d
5df7ef37
66e4fcd6
adc7d537
e0616371
1caba85e
bf4e93c3
caf31008
2eba8655
17f55a73
3aa88584
7bdc142a
585f160a
c1b8ee82
7b48f545
35d39400
e9a28da1
d438d079
2ed3cb49
f4d004b1
e52bd99e
34bf097e
a2f11a61
0b10da87
dad1808b
6253351a
52e80d11
73c5c83f
5453651a
04760e2c
6ec7869e
3927a362
0145459d
49fdcc71
a438213a
a3ae0003
0cff3eca
7675e257
d2fdfbb2
9d50ae60
65bce44d
e46220b2
7466c76e
7bb32c87
5f01720c
6987989f
536743a0
51ce37d7
d278e032
628af933
bfe9c5e4
963f9432
530147fa
6db7322e
f6941237
131c391d
e1a11d77
812e06f1
25106af2
ed8753c9
00c6bcf1
358573c3
016df709
ade7fe56
44105585
3c69d97f
cfc702b8
8f5ca5e5
d5d7fb7b
0f6bc3e3
0b92cdf3
de35cc67
fcabcc61
9a3c136e
e34d0cbc
021b1706
7bb05fa9
b0523287
c3dcfd44
a81a9511
7c852217
8996e7f6
05851b6e
fb5f1a1c
eabd9742
6045daea
0b6025e1
679d6044
f138143e
66276626
70718f0e
0adaa6fe
4f54e302
4066b1f6
24e1d9da
d57e4ee7
5a722b54
5fe0ab1e
18fbced0
c299af33
5fd2a149
7c5f319d
3f68c2f8
c4710958
e7c0d851
8b5d686e
a8a6f431
987e347a
aa04c074
4b9e6d5f
db46eab6
16f40b0d
6a8d88e8
8e1778c9
5b47ceb3
3027daf5
54de3544
fbf2e2f4
929461c9
595d4af1
f73e15b5
76753b63
e6ffd8ae
10832983
b94d76ca
fd6a033b
420ccd31
f968f62b
ab91f567
2f09e37f
2243ab07
cc14cfb3
006ab9d5
c0e001f9
cb399035
fb0d5d5d
c3593947
0ca9a87b
6cd4624e
b6d206fc
fe63c27f
9a2c81dc
cd70472c
cc6070fa
cdc1cd82
c88f44fc
44322658
f3569ef9
5d4e9fc8
2b06c90e
124a8109
9f4a1671
9967dc6b
171306b3
87fb2b3d
a7b65ed7
4cc9e0f2
3098ceda
af499279
2858bf0e
431f5f28
40c6b8b1
f5f41fd5
83e9abc5
4bb1cbef
206a03bb
7ab8938b
93da1923
c931dd31
5c404299
68ca282b
830bc5d1
15e3459f
f617576a
db5b86a1
16efcb18
fd9c1e0f
435f4fdc
02824754
0585d505
a28f3c5a
fd748614
923a216f
ccae8df9
3868645a
991bd624
21aae559
aa665b71
c4ba53bf
cb3d7a57
fc4844d1
2fb760d3
c77e0b42
312608b2
bdb3008a
8daa7ed3
59ea932b
0b8c6e21
0a66ce13
31e5f48b
c9442d7c
bd79e9db
d1dabec6
491b7e52
2f46b634
c721ba11
cfc8e490
f86852e0
83a48784
b5a321c6
f09711f4
8d207dae
dcdd924f
3f27982a
4f1d1513
420614ad
cb8d25ab
dfc06d1e
4bb4e4bf
734e5585
b0e8d5c1
a444f4a1
91961b6a
6ed8e27c
f0bde343
f93d393d
8709f822
d0d6f92c
fac4bb37
924ee658
b761cd8e
16f2fff8
3507c5fc
94df6a98
4af14dec
4f48857b
3b32608d
d4aa5a53
9f68dfae
1e98c2a2
959f7a1c
43658994
29245893
1a105430
6a21f6e8
5315b764
a20308ef
36996881
70a3a2fb
502702eb
a83c6770
819580a3
5f9339c6
6c6e1d1b
26afb12f
af4a06d4
b3c69c13
f64b0e74
e4b4f35c
ed313152
a4f2b1c4
091bb5a4
b6192614
62591b20
94ec05d9
296c5ff2
48722956
7ff88a47
e666f098
e87fb826
6835c368
d50db181
74220aa9
7af74c7d
8b39bc9a
1fe8f562
dac77ac8
1be607fa
db259110
ea1da595
78947360
9da82369
18a627d4
2941be11
b4910791
2d95a313
47059ab8
bf44136b
550cf556
e8460395
ce8abe4a
59dc6817
6fab30bc
99d91a25
c3a2e81c
5fd91811
5c1f0020
1cc13daf
7e88476a
041e29c4
78ede183
c720cd00
396c5de0
f8696e93
833ef584
bdd1a47e
c47d071d
fc2b7ff1
e5365095
986d4991
37e4ec41
64287dc8
f6beb435
63e66824
ce055608
fbe50a13
7056018a
0801bd77
105f6691
441798bc
bc80c348
4c79ed64
929ec34d
0b8b47f8
d63f1d9b
4a120e33
dff80063
b7091ddd
60813995
77a34ec2
2056e9f6
b2014080
8e409432
e5d4cc13
447073b0
68c1af5b
adbcd5ff
98245cf5
f724edb3
36fe3705
019c6cc2
f881d2e0
1e7d1156
fb482aa8
5263ad2c
e2324320
69733e4e
1dbffadc
0270d54e
9303c97e
9ac0e05a
f568f733
085d6917
0b3e5ec4
7d285b12
c8a099c7
4f02c17d
ac7232f1
cca12c3f
e4ef70c5
1e282f66
82b47b4a
f2c2539b
b0d2bd16
d2cbc55d
b85ce7e3
b66bcd87
794af452
bd2c95b6
7514fced
be0ef281
13f1ec68
cf9f95cd
ba9bf388
ea6427f1
bec639ce
0e5ad4a0
b122f6ee
65fa83a2
e9367a9e
bce2ddad
d7ff74a9
34ac8cc2
7bead4d9
a65ac78b
312fcece
c612881e
d51b0ab2
c320c343
24dc135b
4fa0f45a
0623f307
abb498e7
3f18a5ff
499a61b8
b000dfa6
d3528776
67fe1eb1
f8ed3090
4e18965c
ed832d8f
9f84a4da
05d19046
74074e91
2f72cf41
358106ee
53829161
63ba371a
26cf17ce
6374405e
5eec73c0
438ba04b
6c7f1654
73dba252
ee69a0be
4c8c0747
583621d4
a3028afa
1714d84a
76e8acf5
4ed8f44a
2e04683c
c474c667
4a302587
ca8113e0
373a0366
20c66ed4
f715260f
7bc2ab20
2f1709e4
2a51a884
8f7d884a
94e738d8
fd19c2ed
d173b9ea
d78727b0
0e503572
93809c13
4bebb2c0
df7a04cc
454c61c1
d0434510
d2e3ced3
0d59219c
c83c2259
31de7e0f
6cb8d862
55c7393f
b0b215d3
f23d68cb
e6997dbe
a051dcc0
b7125b54
6ec4ac5c
88af07d8
d3e3231c
399b2618
76d56756
3c4da3bd
1d1dfec3
f59b3a78
8c731735
0018f187
9fcac1f9
5bdab7e9
ba525318
115235e1
2045434c
085f0db9
da6c16b6
f59dcb60
4413b3c1
3a6bc6ae
13d20153
f767f72e
e7c4c1dd
d6faab72
210a6719
e3d82293
b1bf28b4
8d96e0f3
a1f993b3
8f9517a8
9c448c16
3bd4161c
481f7483
96b6169e
96f05731
e9c65b46
48b45b6e
2fa28a99
ab35ceda
23b508dc
5ac22762
ed5d2eec
39f0a024
cd62c182
498e41a2
bfcdcf34
a50b8622
88fa317d
d0bc6c6b
bbbec933
197b7a48
c3b13eaf
5b5903c9
30f06dc5
187723df
90961f3a
bfd4cf72
bcdc6508
de8b66c4
3a631f3b
10ba19d8
b32cf2dd
6a8d5e08
490e7614
24c7554c
0576fd9f
64e9d46d
12307eb4
015adc38
9dddb587
07abdab2
e95d40fc
7518af40
bd3b46f9
da416c65
eda0e1a3
0098898f
50e59e57
5891790e
09561259
7dcdf669
605d1509
08c9ce3d
0b57e482
ce32d574
75e23818
7e288f04
346410a7
bca3da84
bf96f76e
76a23642
0f2f6a05
29dea639
8c910a66
502855a9
b20c621b
c7da38b7
59ec9ca2
2d61ecf2
4ffe8501
bb74538a
d58faf2f
791f3ddd
4338b23f
a8bfd454
6c953f47
ab2bfb35
79943ded
230d319a
bee74c47
fb744957
98254deb
5ec75d78
b032b0d7
6fddaa50
f0e41dce
6dd74297
41f3a9ec
5ea2f6f1
c1ea1549
cecbe091
b56bbf78
28b02426
61b785ec
5b83f750
4d7365d2
b7a6f148
368a714a
16ea2983
9b834397
3e47ebc4
f6b0e767
c90e228f
107f49b7
6e03e556
8b32428e
f1158123
c7deb815
02846c10
66a6bec8
2be90fc6
93833905
706f85c0
4c4376bf
96207b5a
ac374de7
a102e70c
d3f56526
b103abd7
b7c4aa4d
8706d5f4
65695a04
b611631b
a56a8c8f
69ac57db
41d7a506
ffb7afb0
a7e61225
7ee55477
a2213902
e8627c5a
24a7752a
94020939
d97106b2
3a2a5de4
f9b9c345
6a066ca7
565685df
c304d4c7
10d6de04
61c1c949
1c01b025
cbbfcb9b
248e286a
8226c80a
a61addf5
87676bd7
2442a95f
6c44c9b5
8b5bd813
a7375253
54c5268a
292ee7c4
25f22d63
e91e926b
1d21016d
00abb5dd
ef5d7562
00c3b87a
f4324ee0
2ec1bea3
9526f196
90c65daf
ad7136c4
1a96f210
7d617e08
20f3044f
20c8297e
4e1a9acb
cb19d077
9a165bdc
c6e0405e
f50f5dbc
cfab835d
7586db7a
62e2b78f
d6772f56
c33ab3a6
c54df5f7
1d766f9d
c87616c2
ead6e227
cd40e1da
459151d7
0d68f596
c256ff12
56648740
e8690644
b78d9040
09be565b
011b86c7
aa71cb36
837cc74b
9e02cd6e
9f581f15
0d2d511c
93111b68
d4385f7b
f44fb87c
56de7f07
c5c8b146
115b9932
d0814932
08471cbc
9fc2decb
bf32b1c4
85549735
136befb4
477ab223
2cc53d09
d207989a
61d4a098
80cd1c8a
acae22d2
c88ce6e6
f1c4f59b
46d64388
e67c59f7
ea8c434a
af0135d6
6b5d40ba
481aa462
3a9f8ee2
4511a798
d52269ed
0ab1377b
c1bbb0ce
7b8f7a5e
c2b7c6e1
33e5796b
a7ca3bc4
272c681c
08e41187
92f8b7b6
b43f106b
456894ad
004bf0f2
9c684fe3
471bbb24
7a50e455
e7a15e98
4d3de6b9
b03ceab2
0a132e39
b6118dfd
c18449a5
8513b1bd
8a7c8896
a2b8b282
7ad04439
9bb97199
739be5fa
2f283e71
54f4bad9
6ef75aa0
94bba219
d16ffbd6
e37ff3d0
d62448bd
1d043cf1
c3bbbdaf
b05d7c97
92109bff
a82a040c
d32576c2
e28b14d3
2e8b976e
abd959c4
8e3d1c25
4e0c08b0
9db3360b
fbf66bd4
32018a2f
5e111554
051bdccf
442e384f
3d1721de
022fc5f3
fa27207c
e4d1c61e
e3c6069d
f4a327f2
e050eddf
033792c2
5a0723ad
03e71a96
e2c3d2b3
cd078910
c04d3c64
5b5e2bda
e54b050f
3fcf3077
3832381c
0c60a720
be88866e
df1dcbdf
4ba25351
4df1a395
1d087cf2
c8008516
a28c9c6d
5411c5a5
7b948c5a
e0339471
1f226cb6
67a46228
ef90ffa6
89075b65
dc424bd8
7fb5900a
c4884c25
3979acd9
ce9361d8
f6504a43
3d4e231d
43001958
1bb4c439
8ca8d61f
1f55bc5d
f57f54bd
b9c865ca
787c52ae
52abeeba
1870b61a
ed113df8
7c1109a9
25e140af
d74e8c6c
b819e249
9e3465cb
a0c7d2be
9551bf64
baea7b7e
c35c3e2f
f3cf902d
ab07cb5f
377fd52d
1b5f7049
ce33725d
df945b9e
beaddfb4
1355eea4
b6bb8765
d27f32e5
dc4d797f
18a7672b
87ebae11
06a1877e
482ba490
b0a5ff75
ecfb3adb
e8590be4
6da91996
e4b50f95
de536edc
42a97805
3215b46d
fe02bf8f
bb1b7193
7ed42acc
d778da5b
fda00072
0b152036
cf016354
25f119fe
58938165
2dfe79f9
a7b0c2ff
7941dbca
cc7b710c
85561731
fcc74403
e0b3bc9d
0803143e
dfa7c3a0
34eb3ebc
82d252fa
cc83b1f7
02b4d96f
1b16ea91
3ac3e44d
502f1fbe
67498382
b69387a5
c4cee573
05bbce34
2b480eb6
0d066edd
83184e33
ca10a927
d6626ddf
557a72b6
755687d3
a7ded480
2bc0d0e3
8b5dcf95
f273061f
c33a3d1c
c3fcb8ac
6b1fcaa1
0fd65273
8f769510
578019ab
8af8a3de
b0cb133a
7cdfe3e3
73730f6e
863ba7f6
3f825eb3
2d36b68b
70849537
318507df
abb4a9bc
a9560b73
0e21a5ac
165810c7
952988c7
89681069
311f32c4
75611822
bfc483b0
6fe9fd19
ee30374e
2b7b9d14
b51a91f6
66c46274
14f9b4f4
e1ec7138
23d5cf69
d5b3ee3e
5ca712dd
d16d749a
164f43b0
4451085a
93221f92
915f2a3d
fe8d6359
81b80876
4dd2ce4c
e599546f
b2b448af
2fb7f7e6
ac96a82e
1f1e9c55
840ae52e
41ad759d
4ccc63a7
5d4da91f
c5496ea3
f6325527
dd7cd7a2
65a2e7d6
c8caadce
2499d0eb
ac0386c1
f5250d6d
ba3519b9
a3f63fb1
14c12071
7832ddb5
727f8b37
f3724526
7b5c0b99
1830d03f
4a840325
d864c22a
da541098
66b67b4f
0090ea69
2338db8d
7ee54f32
51f68dbc
1b26dd76
a53bc8e7
09c1f1f4
e722f47f
703d21d8
34d1ef65
13b23196
b3c2ffda
e92f52ad
2fb8fab5
67110ecf
29c73856
5de843bf
dd3e95f9
8e46669c
e80adcb9
ad88270b
7f04d951
c7528730
fd5a7448
4899755e
4d8241e5
af73c0dc
0a99c966
59658f2c
7093de60
c2bd04b8
acb53247
bf98911d
fe0daedd
6869be27
c0890c7e
97e0b19d
971d325d
a3b2d414
7b81333e
4a100bd6
fd5daa26
abf99dcb
eb256dde
a249dbb1
3c849ece
b67667a3
b92afcc2
77e42aab
f4668957
ca1fcea4
6eca37ef
e3f662f4
4be4f9a5
5a157582
7ba6ed56
a378f45e
ec5d66c5
c1d55e5e
f1afff07
5b0c2136
0c498c20
78ca7c06
4e87b8b5
a21e75fb
9a5b7734
a30d78ff
1b35df15
9a9b2fd4
cd34161c
f4d4e534
33152022
df08ae1b
5df1679a
6498e030
749247f5
5f0ecf2e
2145454b
66625eca
55f8854a
770ff5e9
1bcbbff6
f7627f5a
284c6b12
40c7aac4
d6267ab1
df85ab2f
c26bdbc6
ee21dcbd
75fe2896
e6f96908
6336f0e1
6340d9f7
d7f51420
3a50cfb9
b03ea5b9
e994caf2
b67bf3a8
e329c5c4
531ae86a
86066485
06aec48f
c1a8fc38
641883ad
6c172e35
57785026
55eebb2b
e3eba8b1
168c4e30
ac17502f
36693bca
54e53f86
ca904e90
3de119ca
3c0fa6b8
9cafffc2
3c8fd8fe
b46e4aed
d8a29440
e84f8947
251eb305
e45c27ef
537a5254
5404e67f
03a1b4a2
085b50f1
5c88f760
9e36fb91
68cb5d51
546cc3ad
7972e7e8
86e97195
088be923
e2fa4210
a5f0b540
dd332033
aaa13405
a719a8d6
d4c4a593
fac56dc6
6e08547a
0162753d
0f6764d4
16c280e8
bebd3b4c
07b506d8
e555df0c
f3f86712
3aa8edef
097a7bf7
261d7ea6
e4434fed
10892336
b751e0a2
c0360bc9
2f289e71
ac3c7361
f66c9830
1b48f463
3abeac38
f7199be6
e161f29e
d9149ef1
f29e1b9d
0e6434e7
8c60bb88
a9707d1f
fab196be
dac16b8e
78632951
b981c0d7
74c8adaf
9586fa5f
9a2e438c
2647cbfd
67810256
efe3edea
1cab0b70
067bd2ff
792e41c3
503433d8
118ce3c8
6a842644
322683b5
0fec588e
6bf5de91
8d6d8972
f27ee2ee
0cbaf27e
6d3e9f95
1ccffe1b
2f0a3f43
1cd13ed7
38236a12
d343a745
1f1de1fa
580d16f5
d63d91c7
a3a8fd5c
eb003d08
d200d4b3
effc3c5c
d4bc3ec1
5063838e
f7a1cd98
aa884cab
b951ad95
102b5341
e7104c30
ec0a2e01
6a48c474
0927e38e
d25af5f2
3b863a40
b3ae7edf
1ace7039
de784a4b
1926f931
ee29f100
f7b70c7b
e8b2b149
f5aac0f3
a59f26d5
0dca01b8
220679eb
1f24756d
4b18b6ef
b6fad2ec
bcd52cfd
e230b334
39236666
b8d46680
727b6102
cba48ad3
af027687
42a680cf
774366c8
cb4234fc
c87d6e36
cb3d6b00
91e63309
196646c3
dd60b902
5ddadc5f
ae4e528e
33d60eb2
e87a210e
66b182c1
c19d5bcc
911d2bef
b23ba3e3
83a8c21f
e108fe85
b53f4f8e
b0d741da
3b668377
cd8201df
baba8d41
f9771882
e1096bee
5eee4c13
dbb20bfb
54071933
dac8f938
98a637ad
401b1ea4
c4accf42
dd00ccbf
278ccdab
01da5bbf
6858fc8d
7adffdc2
e9ed548b
c4540c38
623b1445
1238d633
1ec01951
5fcb4c28
6a509a58
d6e0caf5
621849dd
2ea45252
b8160c59
4873cd13
12fcb5c6
a0e5dd5d
9fb01042
19df17d7
fa5b5c89
043e7bd4
3a229dd5
b9bce4c8
0dbb07f7
128a31a7
66848914
7b34b442
9f9e8e74
baeb318a
05b446c0
3559c447
5e947402
716e12da
30306e9a
77953b08
e0e35ef3
7675e06b
a43080e5
769b5fb7
c3eb1e47
ce00935b
398baf21
48ad24f9
6da9c652
faf85002
b8690b13
9ad421ed
6bcd78db
9ab41f13
a8f6ce6c
4b240cbd
a271018e
ca26d8e2
378fa61d
a7a033ea
a7d584c9
d9e31c16
28ed6c2e
33374e4f
54c32c91
44709a74
7c3a2881
4bc34d43
6ead21e7
29744950
a1d58a42
e7294cd4
6d5b885d
ddbf384b
faffa966
024e4a0b
5042c94b
be6c4aef
17270e8a
57bd9cbf
134e4484
e3a186ff
90635c59
90ab7a64
67a59f61
b532c775
aaff8cf1
2829a617
ea23cf01
28fdcbb8
634f5ee5
f825548c
6ec5ed30
9d0f7daf
5cd34873
56e00b0c
d3984cce
dfee450a
9c7fba47
694d8046
d1ea1978
a4a0f805
dc0f165b
ef18a570
edc33b12
e6f77d7b
97830f0b
bc0d5fe0
18dcd23a
05648076
6ed91cd0
7b89486a
a07ddffc
6e2b2f76
c053c7bd
30393201
456e46f9
9bfe2136
5f140e8f
85d5c754
ee7a9085
414b7249
16153081
aff9aba2
ee420597
3f6d5a01
233c279c
cfa13c02
ab42ca2c
1d93ce2c
73972f8b
616195f3
30e3e491
a8930147
811859b2
c8f93a19
aac36abc
e9abf261
dab6cd99
05fe6206
89dc783a
6dca801e
83d6a9af
7ec95b5b
332d94b7
1817de70
53e5c847
e3aec098
9a2297f7
09a96dc2
89e15080
f5112ea0
1ef39fe6
30eef874
ebb850c9
f89c31b5
ebd30c31
dda4a5ca
51f3ed68
b592fdca
5b752fcd
706f5f3d
a3c18928
99dc874f
315897fd
441214e7
e52c3d95
fbce3c13
ddea251a
dcd16815
4c5f2834
1098fce9
1dfccccb
0c022e6c
e5200247
102aa8e7
57668690
7faa464f
f4acc9ae
325c90b8
037c25f5
d8fc64cf
2eb512c3
76dc6845
e0c52d34
1b6032cd
4a23d2b7
1b7c226a
c6d96150
bc8b0cb2
06b61daf
a67b3594
03e07f00
fd9822c1
471cb48c
b5de049c
443ad5b5
389a6ec0
0c8314f8
2257faa2
5b48b5a2
5ded3466
707eaf34
3e201b5c
f73ed660
95177ae7
9c7bca85
61227711
56812edb
61b1d79a
c833887f
697cb80a
7e1ec2b0
6a882b69
224f2096
f2d6c942
8669ecc9
f3c258c4
414badad
6509d4e6
f5a0ab43
1c25aab1
92310ee1
13d69aa5
345d810c
7ba6d2a6
00194ce9
279db6fa
e50fe501
62eb7e7e
ce0bacef
83b06595
1c39d0d9
dccc7d06
a4fab1bb
fcf22b1c
94edbdb5
6aa7af65
f5826443
da157016
6caa1e3f
1ab30e73
cd2299eb
90abcc97
2fd61958
29fe61e4
72f5cbc2
3523148a
31dfcb8a
2069230b
cd76cf1c
0a90a6ec
3b79937c
30a91336
d9a49dd6
b011cead
bbe54fbf
d8c973f3
66ab65d7
ada0042e
1d6b062e
f1e4c51c
3af30f8a
f7f735e4
1ba76c7d
b6e0e42e
3fca2cc7
62ff9d2c
68830b01
f2a0ea8e
905c88fa
325f4626
fbfc1fcd
9419f159
7c160729
707437ee
cacdf99b
385d3438
94f8b844
ef9a9bd6
16df4068
92099771
58e3a992
61fe29fe
c19427e4
cf958716
09fb5598
ea898050
d84c7469
b8fdfb95
b19daf90
71237696
390c06e8
614dc5ff
746c5f4d
8c83b584
a6d6c5f4
e8a4cf25
e551f354
2eca1e86
11d807ff
af181609
6493e17c
360a95b7
b2a34095
0ade8a75
9a55e41d
847aff9d
cf959b73
435b4664
dd558774
bd883498
3b33b521
4b511482
804ba02e
9bd68b34
6231a58e
e94f6d16
571214e8
19afd259
07cde6f9
7e6aeacf
3360dbde
ca8eaa55
6392c843
25865b1a
85f3963a
62839a4d
573c1a19
57e5574c
b8f6f672
328d82c4
5d7e916a
21cca7de
8130c50a
2b833b4c
18cfa3a0
b87a82ab
68f39c52
8f3cbf4b
60d70e24
955b95cb
2f486519
d8308db4
aa9328e8
586dfe2d
c901df69
deb2dd8b
4274e110
be1476c7
6a56af3d
4e95bf36
bfb52479
05283ebb
7088c61a
843bcd15
d8808c98
8246e442
941b2a5c
fc6b0570
021320d9
7e3c4dd7
d6ed8064
9910a16b
16d54a2f
edec73a1
9e4d797d
98d33b72
4097dbb0
fa634990
97ce993d
caf148ab
2e94f6a2
310f07a5
8c844e22
c010328d
6148dca5
7f036d83
11bc766d
4de775a7
c10ddeba
e8e5a0ee
96ecf9a6
1cc229f5
a55acfaf
9b362a1f
fe8ad1e7
1023e30e
d2b23310
44e569a3
af2e67ef
ef649215
58dee5c4
381f8828
ab75bb4a
f4b4102b
83c43db8
a447b302
ebbdab94
ac1c6d05
76d5b164
2fb5cb93
3e573f7b
8e9cc0e1
61957bfd
f9b862a0
e659a3aa
54e3fa41
6e07a41a
bde7a517
67c0d1e6
c06d255e
7a1b9d11
b1408257
dd3c6ac6
dcde9a8d
cacaa589
281d2564
78529811
39bc5d89
dd7e1622
1b64f371
718c21ba
0763b096
36536a98
f3ad0e5f
561a99d3
145f15fe
7b40e18f
f2095505
6601fa9d
c159d3a5
ce8c1cc5
d82d7a11
f9f3d3d5
21c746ac
d1a35928
56f2c39e
c10b38f9
2813d714
1563e2b6
c1ca5bb1
b01946f3
01ee7d1e
4605be16
94c97ef1
5d464dbe
723ae76a
886a2948
a60dbe34
be9e8595
7a02454f
442ea3df
52cd283d
8dd90022
c49e1396
b7673820
5f627993
60d207e1
8e78fb58
5a8bb8ff
102c63f4
690f99ec
f2bb2402
a60d9f3e
6b0cc3ca
9d01e516
5c9cf912
1198e8af
31375f03
7d213e87
6c5ff293
012781ae
ee261dfb
d60ad58b
818468f7
93141b9f
ccadcf75
f6d11b86
bff89f5e
12a8e677
2c848f03
a73ce8bd
eff1ca6b
c3b09a76
c492a7e6
91202f67
723610b2
92b9ec4d
8367cee0
cee59b67
e15899e8
37d87a2b
9e3863b4
eb84befd
3f4ceba5
6c89ae26
a9f4277f
805d4e7b
a205ff21
760bd325
35fafc0d
6ec07a3f
83896a19
34d536f6
68fadd6a
940f7703
bcd68591
2d237fd8
10cd0a4f
b1cb404d
d36e468f
166ed277
d418eae6
5ae5284c
5f32c5d1
972b97c0
57b9a393
285e0fdd
d325af76
96f4fce9
8ec33c12
f6b15c1b
91ea4ce2
d7c068a0
b82972eb
b8a9b251
e1043cc8
42c7c0ce
cbd4c2dc
ea113349
5da2ac91
8e516ab2
983f1347
bd4da8d7
33b0f121
6c76e3ae
6eea1b57
69543913
b85c94b9
487b9c7f
1ebfeecb
a7122b0e
44f8bfe2
c88ac0c4
80aff68f
44d46f6e
aff82de8
4e20a050
b5d1fd82
d5b258f7
2f836977
dae73779
e65419a7
cf88ec32
3ca1ad86
6fbb6d03
f5015fce
0caa0b97
5b0fdb3e
86bfada2
c4021de2
9f5dd05b
3d83dca5
86159b89
9285600f
a9616ada
ffd2ff82
9c225bd8
510b612f
9bbea10c
d5e53928
5b191ca5
de1ec22e
19d06dc5
87c79049
1cc485eb
6da7e26c
867a1d6e
7d87e1c0
4d6ef43b
7d657981
0c09fd75
262ce9b3
f43cda03
b914c43b
99729da8
007c6c5a
6b4bfa47
d411ea0e
c8c7e4c0
a3732be8
9a2891a0
99472a77
42e6b8f1
6ee342f7
1403a848
510b7fd0
a24496ed
dbd770f1
048580ea
00564e8b
59aac894
d08be80d
d265f309
5d2b2fcc
e207e57f
44315a22
b37c7ca6
69a03aba
552fd515
b2583da6
88af3466
5731a245
461084b6
92476a0e
e5188e55
cfa4fef6
42d29bba
4eabf042
c00a09cc
48812d84
224fdc84
eeea5ce2
93612f19
b45d2a3c
47a4f1e7
6f6e3b45
7c8ebc35
b4c59602
fad08a28
581edcd5
452ca565
3901bb5c
c0a9e72f
ca85ffda
7d133cbc
fbf515ef
0be0f292
e669d492
2d563494
f4d59c1e
b0d2010e
a862d93e
a73b688a
7c6c707e
0f9d4aae
13b30b4a
023ca8a7
b53fd2ff
25c2ed87
3b6f247a
f700a899
8142b711
97e3cbbb
8ca477e5
8ae74dc3
2b44a78b
67c423c0
feee7da8
5766d051
ffcc13f5
c51d93c7
e190b275
478f120d
0b4e995a
3bb4189c
b8786c4c
0c7e1bce
299c5a13
626322b5
63f1053f
8dd6985f
9c7db926
ccb04758
58570621
c35b0927
de5f9e9d
18fd0a0d
4440fe4f
81f4ea0a
8e4219e7
07b8d88d
ba76994e
4b290b90
ca31dd86
df269a28
0d6c8d21
407b819c
8952453e
756b9002
bd462d95
0ae521eb
f8c4342f
af5a61bb
751f7830
bb4650ba
f2a0c83b
2d51667a
ee2bb428
97f148e4
d14a3789
f7f105f8
4f485891
ec9480b9
cdefcbeb
3981c06b
ad241d38
eed630ea
35d4c66f
2fb97a46
b64647f8
b0fec756
f5376031
d3bbb8bc
bd3abe01
740c099f
d28c332e
0eab01c4
700210b6
9becab8c
9245af02
9c94f390
2be1de84
c7407855
c8b0b257
03a7ed5c
e0144e01
fec4618c
cf1c735f
a3fd0198
ac2d20a1
b0634f71
5127e55c
c29c447b
632060d6
8c6fefd6
9b740785
61689e72
f89143d1
a0cad2e4
57805ba4
a0342121
b8de12a1
b4eee309
bd53d193
7066a0de
507b2b33
6850b925
1a7925eb
197041ec
2ac4c12a
2d146610
25a719ae
a862e3e4
58e50618
117ecee4
a28d3fc1
61c088a6
6f9e9326
f843195d
c599a240
31228c42
777902fa
65c5b892
caa914c0
7cd1c9c1
6cea1e16
64bcd6f5
38dc16c2
e3cc4fa6
f54814f1
78cc85b8
d6c03a1b
4a2b3395
c18bb9a5
db810812
195ccee1
2a91ccc6
e9a86e9b
7e6f0b10
0534fbab
782f2338
a4a4383a
1d33fbe0
c8969eeb
5c813b2c
ecde897c
1d45e883
de7f767b
4cb2492e
88c3a3cc
8e893fff
051944fe
48184690
ea642a31
c217736d
7d1e2bd8
0c0513fe
0a638e8c
b9917b37
fd638fd6
29707bda
99e5b76e
cb726956
65e382d9
48c31d15
44be4c2d
e60fad01
859a897c
f0f83946
1b5892dd
28012958
70a6af62
93f85959
81f183e1
a3d42444
0c1f91e3
ebabd54f
03aa41b4
b9dfa25c
ae1b97bf
25673000
dcd501ef
9f3b03b4
88d60977
d0eaae07
e9e353c8
0cdbf9ed
6694f510
bd80b297
f8d467f0
03afa941
23675afc
3ca05866
29d82355
e18d0b8a
fe9273ba
13091622
4a3f146c
3069276f
c845b65a
8fcb878f
3232a8e3
777ecacd
822b329c
81005ab8
b260458d
e8512e79
1042791a
d1c76b1e
f1bd77fc
a1ce73f7
e1f40f43
33848fd8
2e64150b
a72766b8
344f695e
39f72845
e72878fe
bb42a8d2
8b338b6f
766180d9
58a21a1b
b30324f8
024dd58d
948a1492
4a752931
0c4d188b
002e59b7
9c535a2e
c40fb1ce
ac69aa69
8dca7fcb
483e4a22
e04e5776
d36ae9d2
bbb1cf52
9099fe77
4c547e44
3dadab0a
c65f0cb1
9b89e1c8
eb1db9ea
beec1b0d
7c878d32
b82cfbdb
e7a2c13d
b719fd90
d3db9570
debaafd7
5eaffa55
be70fcfc
289a342e
0d21e3cf
34daaff6
109d9900
d56d478e
2863923b
d62b3cbc
d0b02b09
240c0cc4
3f3a84c1
409ad4d8
7bf39567
e7bae0b0
e853d9ce
e97ff48a
9d81428d
837c71b0
46b955d6
edfc56c2
ede67cdb
375e9251
1740afea
b890ac81
fbc65754
f8ac8b59
999e56d3
47d93965
63f88d16
ccbd2897
be3edad4
a34b0bff
2ebd5796
a538a1a0
9c9bee65
98def2df
c7f5724f
273f833d
304081e5
8034ac7d
36e34f34
0df05808
f66497b9
d406bb3a
39e4ec83
c830feb1
a2792fe7
94255b88
8077c726
8697bb17
94f76fb3
a90b1b09
5c04008c
8742945d
50f204fe
2bff0822
c326b614
6dc2d9c6
e87f537a
0b294344
38718b8b
5c8cef38
1abcfef1
194f2d1a
8c7373c7
b6163ac9
4992cfc7
ee3786ae
035db346
f439773f
d907cb81
ff420920
002e8585
4661689c
29b11e40
8ca0e455
84fcb26e
4e911307
8a72dcf9
19af1cf2
d3b308dc
3320201f
5f8ebec4
5f60a70f
f4f6c388
396cfe49
6d1c407e
4cc60136
e5a046d9
f791177c
308435ae
b4bb22cf
c9bcaf8a
05d40a66
e5cfb8ba
94db4822
49256833
e3825c88
3ccf908e
c33b5e6f
6b0af325
17e58bdc
7d643101
7405ac66
661d2469
b8ba8007
172ea6fb
175087d3
b7ee06e3
3c467bff
70d3f436
04823e25
c57d34b4
6eab204f
7727851b
7538f716
1f5a9b0f
2ed30fb4
e107e1b1
a7a4424d
502f6b3b
c1a8fdb8
6f7fd46a
92388395
051a26ac
7cb19c85
a3b18550
374af83f
17b5f280
fab17455
efdbbe7c
65143d02
7890d322
5308b8d4
f335bdb7
910e5497
3eedc9fe
1ef6b60a
6e5f7e41
f81989c9
2bf3b75f
b3321106
65fd4355
cbd7c0e1
8007d8d5
2666ee06
c8c18302
152e7a91
8808d498
4364091c
1f808cac
d330e8a4
522d24e0
31b15809
d4625174
b507a9c2
36a3158c
de049d13
51613e4d
386d0a21
77c326bf
2bafc322
59e99c8c
b3100912
4e440d3b
e5424970
90cfefa4
670bc274
59edcc33
8c786ac4
896b1e7e
4881ee42
8406f961
c1c2e916
43567b3a
fe72c0f4
108d5aa6
86e67788
1040ae34
7d2d54fa
fc7f7282
87997322
14f51c25
04f94ece
c4b5512c
4a352602
0e612396
83288899
a297b8b0
cd65bab6
21c90f67
cbe79481
eadd42f7
0fe525d7
7dc21f8d
28a6cb8a
8683d63f
5d04d0e1
af5f8917
442300ea
7d358a6f
6caf1973
10a529fb
260feda3
24ba841f
bd6aca23
e43e3c4f
08757aa2
78b91786
eba7da09
826e8e7e
184d91e7
d7432041
3224eb6d
ce969d28
4e781b7e
f7d17fc6
9b42a91c
74538aeb
966d5467
c8b36f00
23efe36e
541e3fb5
08e7ebee
fbb8718e
b31087c7
d3fa8ce8
99c94188
7730f009
50f144f3
28d993da
453adb33
154ce089
2dfd3ea6
374c9ffe
e37408e9
3f446307
3044db49
df9fa3b4
def5c266
92f1c1cb
72dacc33
066d2239
1addd570
6f30dc11
76f66084
504969fe
9bc1e5b6
f997187e
d30f6e26
2423300d
8194394f
dd3cdfec
de7f5f68
fd569dc6
d4dee28c
8aafc0e7
c5c8f616
e5fc29e8
b55dcc9c
eceb843c
013eaeb8
d1d95140
18367fea
db0de6bd
7a144bad
1dc8a361
45fd2a98
92da9089
dd184c29
78cc10d5
deb353ad
d6afd38d
d1bd98ab
e0aaf3d8
d490cef6
c7b173ab
1b47ab5a
b8e55250
944ea645
24dc235b
e24c180c
cc9757f9
f1200fa8
dc5ef160
3599fb8f
5dfd6c8a
3a964b0e
b6370d9e
c3645294
5bac7087
3bc15efa
a524cdf0
a733a92c
3df05f09
0505b390
06ada780
b4213c2c
3c81d4d8
abb62fd7
82f918f7
e8f70f3f
cddc9f1f
23af84ca
c9c48c15
28a5a9af
ca506daa
8880c46a
92040489
aff3c5d5
ac0b9e9a
1c306608
ed9f29cd
b9d538ec
7f63c9f8
06dccfb2
4fe45297
93de19c3
1fef0ab4
c468d936
a4251e3c
726fd9f7
25d866d6
a749f96f
3151f126
66bc4705
df5151e7
11718d32
04b44640
3a3685a3
0804131d
d1ed8f74
ce4e3bf7
1c3c0899
1fdbb34a
71065958
c6b83f33
4106ebf9
e92339dc
514b9967
fbbe79c6
9f0fb1e7
2cbd1e5b
5d19f973
d6fda33c
67628895
2f265189
775f6351
8be7d1fd
54a5557e
c7dc2c2d
2bf9a0e0
82041b29
08961599
9a3f9601
489a0670
a5cc5843
4f963b9d
00048644
4532c033
7a69c53d
8c10576c
9cd1498e
0880f9fa
9c8818a4
548b659a
c7fdf4bb
99b21f0c
6d8f767d
5db6b25b
110218c0
52c890ac
767add3a
ad397f4b
fbd40d11
b6b6aa9a
80e44429
462a68bf
c70c3de3
99e2d8cb
bc636a5e
9401e294
e1de19b6
8200b448
61621ba9
62433ec5
ce6c7528
21fa4dd6
6597d14e
9ecb3703
9717e210
3ca82ad3
b24ee34e
d4155d69
eea182ef
aa49862d
0146b282
1ab3b57a
96dc7979
eeb67a6a
e3909e82
94a9f992
0d4ddee0
50f75e8c
320d2eb1
7876fc8f
dbd595d5
55909f26
ca23d915
fb83947c
72cf357a
07f8db15
94ce01a6
b5ea708e
4bc5e986
83a302f5
a5545647
aa3df19e
7ef21adc
aaa594d0
49f7856a
a2e0c709
f799cb21
ec3d6f04
1e3c903f
1517436c
11ad64ff
75c4bcc0
d5a2bf7f
9bdba667
8c274704
9dfaa1ac
181e9f6f
f8caa1c5
47df6f0b
551c0260
92084978
a549059e
4aad6b25
0de3a353
d22c36ee
417cdb8b
a4943373
6ce48bba
30f59da2
ba2df28d
93afe681
6c689714
6d0c0ccc
232bce82
145e5de9
00939b12
dfed4dd3
d03da5d8
78d85387
d402f9b3
9a394b60
039c2463
e23f44ae
7bd5db37
2427b4de
b79a706c
e340856d
3f435fec
9cca492f
6b537f77
e7de5ecd
f46c6628
66db4742
8a732887
0bdebf78
7e1a83a7
abc807cf
d30dd127
f80742ab
8b177cf9
7cfef7ae
fbc2e573
890e8aa4
f9456213
d2521455
73c0e200
9426e699
96c856b3
43c91553
4979b833
22c09ac9
46cd6c70
01d82e1c
02e1eabd
cd5c32a0
e42ae88a
da7bd233
232825ef
592e2d08
fd9a3c7e
d5a26558
6edbc3fb
034be4c1
c95d9457
86489a15
c85b6889
eedd376c
bcce9cde
3f71803f
1eaf9dd6
606a458f
20066fa4
6429af74
ed2d316d
1df49c50
52ddac78
e5a2dd65
f34a0e34
b90044d0
8b6eb261
58a21843
d0b11b97
7d759d24
b205b7b2
59fb955b
f43fc60a
dbc443c0
6972402c
c1b15706
f170125d
69ee0323
a5e43343
5bdd6aa0
bfa1e2a8
4cfcaa11
85840540
293960ec
73eb9682
5db43796
2143105b
d4d16334
26c2d557
562a0129
593cc12d
7e7924ac
e6da9d81
207b3fdd
e5510aee
6b3e4be9
c4b99806
9c13c3b2
3e51a816
6104a9d9
b71f8ca4
201c46e7
a5428214
f24e8300
11ea7146
5d325b43
83d62342
88419960
e277b6ca
06040c46
31db36e3
73a3a001
333a0d39
842424b3
f5c47d24
ba94d35b
33764495
9cf9b23f
219d6652
f433f332
81358578
53ccf573
90e3acea
443d7323
35dd1203
b892f866
233b7532
acc217c2
287a4684
b3937dfc
58535a16
a9375ae5
f4f59cc2
31f30e4d
f9eb879f
cab51ff6
701ee326
e1208fee
d2e79886
f8ac6e02
4dc3e990
db0a33b5
440f0ac0
ec738c2c
a6d2b6ad
82be078f
832ef7fc
1541b66b
79a4a81e
df7f30a9
349b0a8b
5f038fac
7162be77
4fc9b2cd
af5ba288
3381482c
f86b9074
dd924bfe
e77e926b
a196d240
ed257481
aa48127e
4e4bb5b1
b6475fe0
74b5a067
55fea9c3
25402eaa
c9b619b5
f763cf67
5b491b5e
19e236e1
09df83a6
ada17988
5b75dfea
12fc18e8
e1ed1bc7
e2a031c1
51c9907d
d1470c24
11f2ce67
beafeb4d
ebe35f67
1e37ed63
1cbb1122
1acae9a7
d2800b73
706cd3ba
a4d773fa
b0277948
2028089f
a0ee60cb
7a6acfd2
74def13b
5efff7d2
3e236be9
1ac48810
27e790ac
3add2d91
a99703ab
5c57783c
e1ed6e37
5866f356
9d32fd1c
eb4006cb
9968401d
c822ea8c
a6d59e49
14ea859f
8970a467
acbdf1a6
164b3d3b
16bf7051
e5256338
f27282e8
f9dd43d8
e5e9310c
4889cd6f
c5d2ea5f
345b87e8
8e3f73e7
e2933aae
79dfd722
fc02f515
fde7c19f
ebc8b893
6af2bd56
af425e9b
624b5232
39f71f0c
86173ec4
9cad27e5
98907a63
2083f546
02055778
7a9a1b45
2eccc0c9
4b41d1a7
56d5bd4d
0ee79142
2f34fc70
879ff1ee
293165e9
e1dc9792
dfc0565c
e2bdf4fd
48972b1e
8e9e05b5
5a3f31c6
bd0a48ea
1dc39092
54e914cf
3631f33f
7a6f2e0d
f2b75c8d
fedb6f32
2fade741
5e52dd32
1d514b74
724d6156
b1d46c0a
29b7da89
ac33602e
fb7ec3df
48001f69
e45eb1e6
23926fb4
dc04c88c
3c884d97
c17af95c
db0b2658
135a348a
866a1904
8cc68b43
9233f17d
dbe29110
068b5436
94874e1c
c1bdba10
d755121f
b08f8c75
ef1c3725
5b644172
84447c4f
f7565142
e4564fa3
f2fe061d
df395516
b231056c
d7eba4f5
d19a0ed6
9005d6c3
0678c6fb
8252275b
501e3b83
c9ddf30c
23b4c3bd
a28698cb
23ae7060
d1c37248
407374b7
63157cc3
fbdde36f
4a5b1db9
5f46208b
0752cf7e
1383ec53
960400b2
f1d4bf38
15e7e8e7
b3dc341f
19997a94
599ba8c5
6f88e555
193ee303
c6cc65d9
5b02c4ed
7c972bc6
554afe2b
976caf92
c3699cc0
20442b94
afe3922d
60dfa9e2
76f40338
dd1579cd
f51c9355
89123cdc
18913004
833a64da
dfa35840
1665b05d
14c31348
33d21467
a4dc023d
b46bb32d
01777460
a6472640
3f85672b
ddd45fe2
9cf18431
5a1c8b4c
e1c44f6c
f6e46e1f
85c39465
704d98d0
ad789a5a
e3503fbe
d0c55541
b901738c
c410c1ba
9f5c1440
a2e58c9e
db0f754f
fe0bdc6b
80af16a8
8e4a68d3
331f1985
48650389
887a2c6b
79285078
5d75da5e
afd669b0
a6f876f4
0366de39
87f83d8e
9ebd4a45
02ca8916
d16e9329
06ad15c7
bc6905ec
3db06cae
7c95c2e7
5e4937e5
8b32c7ad
81228059
d765c0ab
5906a658
f18abde0
64209cb6
869fcbe5
eec95eff
617203ee
59b0e2ee
99a76458
aca5197a
64e800ab
9f2be947
e37ea421
f9431d77
cb0f1b12
7f0ed376
77b554a7
30381434
4e7ee589
0b467f73
20fad114
3f6c6cd8
9e854e6b
ea2297f0
e4009136
c45202e2
0e80166f
b33c76af
82648e5f
2799a666
ac703f9b
64481135
346f2e40
abc7cbd9
fd0139b5
ee464ce6
2d957343
7a922870
5e5d98c6
72e02652
f3a122bd
840139ce
9f5a61d9
d94e1462
c9c1b9b3
6e1b9f81
c5ad85bf
4647427b
86dcf7bb
1e79ffc5
5d591dc1
156aff55
d50467d4
118a67c7
ea18504f
b866b083
dbc1d592
3f53177e
2067ad24
e43d35dc
888c9505
fdcb2435
ad299ea3
5ca0c458
e78b1e82
b105ed7c
bff6c865
f1850953
306f7a38
cdb3f81e
1a0e2966
8a018fe8
7ee92598
ee4f5ef5
e97ef6a4
d974c0dd
ea8c5900
164fa97d
399fe9c4
cf69f4fb
975dd0c6
21be5a99
39f6b5ea
8e414e60
d0820dd9
8f29e736
cd8123ef
46122784
e98c3ee4
b4742bbd
a3d02e05
830386cb
d03d6135
2466985f
f4807fa0
a0f204d4
426338ee
3498dfad
bb7ee037
917c05f8
34fa9eb3
cc807fd4
a9f463b0
6fa103f0
ec08d457
1440c9e8
9e7cf974
7af5b8a7
69b76b06
08088456
d2b00dd6
ebb38f86
fd909dc2
c0742454
d77b0b26
ea3fefe2
1400192f
92b4abcb
b0b3781b
a5b29b37
1c284beb
32cdd721
7bd5119a
f95258ac
ea5f8295
bbbd3547
1945a67a
fff7d2e4
6d6732dd
6022e99f
cccccff3
9dafa552
6b519056
82d69776
76429b8d
fa1b38b1
d29c256c
75de738d
c1096c04
7f5e5a3d
7213a2b4
6c32f221
3aac351d
a79a34ad
63bfa111
8a78503d
46d1977a
18e4378b
7b252055
3b0b360a
7e535147
c2e4950e
103565e7
3924023f
3569ce68
07f6d06b
2fb2fa64
c91c3511
50b8ca55
da79e746
82581cd4
c61cc806
3dc8d584
fb0314f2
bd39b519
688890f4
dd311773
1cfe2995
7d26da46
36582adb
a1444332
e4c36c54
0d9cf491
b7cbe567
6ab94114
739144b1
c5f6afdf
c3ed5cc5
c27dfa9c
ce90206f
a30d83f2
ab4df464
0cfd517e
54782290
a9df76ad
7a943d06
142b78e2
87ca6666
905fa9dd
8d5a0181
a159d7f8
1b0c369b
bc671f86
197408cf
f7e5475e
f252969a
18994d59
542cc4e0
7edf0fb8
2e45a683
e4d8fc7d
6d854fbe
8dad20ae
07f704c8
e3039237
eeec8fb4
2da70b4a
67381924
099dd480
ed613b7e
56e8b326
57ea56b1
76f425e6
1cba7ddd
38458f94
724b9781
63fe5334
63585631
9e2dc714
bd994cf1
831a3f7b
8e10d1c9
dbf1f326
ecb831dc
3e14d494
e1570fca
1cc04585
dac3bb59
70e262c1
c275918d
aa805e2e
5a5a07a2
e0120b3d
058386d2
62e6543a
088eb2f6
041dcf7f
5374c673
b8def35b
f8f7fef8
c34d3f2d
01a6203c
24421c68
559947ba
6bb64f66
8ec46fcb
5ba2aef5
eec8405f
14a080ca
86e2d827
73f489b0
c408b7e8
f770fc3e
5e42b608
b93e6dbe
07d3ef6e
ac769333
c213acda
b206e08a
7b5354c6
5b8f1b74
f2cf856a
d2b9b13b
d4b0aed6
3867bd8a
6f7e35b5
66318f87
b3b378ed
59f20962
88c71d7d
753fb292
c33fb1d2
cde0fe6e
b8e1ae86
5203c175
bf916a56
df0bdd47
e2dc465a
059908f1
e04d8c82
1edb371b
5cd735d3
713a5539
ac10a55a
abf0a5a7
26ad53e0
b01622eb
61b56e4d
98d831c5
3e643c5d
94594ed2
e0259c4b
0c673730
0decc86b
b804e781
dc149570
16ac391f
d8ae59cd
bd4335e4
2fdcf46b
706cd80e
a6b5de86
4ac35ec1
d50b91c3
67cbfed3
e82a5b36
0a006eeb
c6b97d17
f2425fcc
79e4f360
33a620f1
4a716185
156c35ea
56acf86b
b6c05aff
74f10e97
451126b2
b9711371
1a189d38
063d9b5a
ceaa0e13
f30ca8fa
1c29d212
df150de4
4c85c406
a01fb41e
b083cefd
fb8f4ebd
52d25744
a46e7105
b8516e30
b7b6a3f5
c9fa0e48
bd335f03
fc967021
5df2fb84
f894c1e1
610e4af4
f2bd6277
9a5b9018
61ed374f
bd98da5b
2143c321
6b23aaa3
18b2ab96
a7edf99e
2a36accc
a2968606
86494893
8e31eef5
c48d6eb2
c2bb1dda
cea72959
2e530049
64739509
43e82a99
792a81c0
6abd42ec
150f73a9
e624027f
c0e9b044
03d25cc8
095aa171
922f262d
50273977
0ca5b0a8
d46ccf9f
32eca00c
470aeee9
90bb50d9
2835477e
31041457
f3010849
ab39dee3
588ec6b9
28b8c8d2
830d58bb
c57cac2f
ef073d37
d6a3668f
a1b4d644
77ce6fc4
1354c112
4c12d75e
acfa4f4c
188a988a
3f386dcb
c72999b7
285e8edc
c869dfcf
e0487664
98f7b5da
6066f128
35ded820
2ad07f82
720b9d10
8093bf13
a0fb265c
cbb1661e
6f87fbb1
5167d7be
3638d0b3
60f785bf
7399b5af
71999d07
17c7387a
2da5c97d
df4df671
a518e3ab
71ce26f1
3d541a61
a67ae7ec
57e39585
9100acc8
a05a43d8
ffb57f41
0dd6228f
8a321ec5
d92470eb
e606a1b6
f0d82090
8d4274c7
878548ba
eeb8f553
68207e34
404092b7
368b43d2
f4ad5cb0
096f2192
b1742cc6
c9a01b91
8d81d069
6f0789ae
7b80940d
272bbea2
187abc47
30cf2579
31993f28
3f63c768
b289dc27
1fe38e05
170d245d
8cd09464
41a3cc29
c6cbfe48
a8e193bc
819b2606
17bf30b5
18719bd9
4eb4270a
d1613540
0390b02f
4adad7ca
3c0e3d77
ac935b60
d031175b
cbb3cf49
098f76f6
92b5dfe1
1467b077
43b9acec
4ef0fe7c
99183593
e2dbf829
e2aaf28d
e4883669
98c77e0b
5084701e
d95f454e
b8099a80
698a93b1
5b8752ed
cc03a87b
a3db07b8
5146ded8
768d918c
70918317
233103c0
a736f750
d203b1ef
23017f1a
5136f3f6
8adf7ece
83f67c8f
3528c234
572d55ce
f68a13d2
7815ecf1
9d6decc4
e04f4530
ef60cfcd
86bcbc57
9e249c3d
9f145285
d27af70e
dd2932a2
cfcbbae5
dd5af197
e8b12bf1
7de280e9
68d18fd4
748e1034
e73d183b
ee370f93
4b80e694
9daabfed
14f30f64
6aa1b595
a02acb60
8a3b0957
26532f7c
6d892e14
634876e9
658014e6
6525d704
5825e61d
bfe3e4a9
3c3a91d3
39709e0d
5c5af46d
2332703f
a7c9a070
6f328491
1b8984c4
4a6f8bf9
b9b663c1
52a362c2
2453d0aa
d0909fa5
97ee02d1
019121be
7f76ec93
3370e954
c576c26a
1edb3046
a62a1263
b2e5bba6
220868c5
da58d461
f23d3663
af3b040d
26cf16e8
012650dd
39ba910d
f01e63ea
1642bcc6
f99b134a
f904c76a
66cbb75b
b51e248b
15f3aa6c
538de4a1
9de38eff
5bc90e3e
c5d370aa
e10b8593
de4462f6
7f10ed44
ea1342a0
fbdf9ccb
182d3945
ceba2ffe
14d6bf31
61077c73
a4531851
d491df6b
e29cbd91
05678a92
acf75146
441a8446
d4fe2876
a78021d7
6754f8bd
da847607
aa9fe9ad
1165155b
93c49ae5
c97ea131
fcbbd4c9
92641c06
26383e0d
561d1069
ab850e80
4d1bc820
a219e654
2aa922d8
428ff3f5
6c2ec002
ddd1ca3c
34ea9728
9652b62f
de5aa40c
fe4637f7
1dc356e6
0196b186
cae07d6f
4fc58a9d
6ba9baf4
ea06bfbe
a3c7552f
ca084547
6623cce8
6e4bf67f
5f34a020
df6c1174
441041a0
ac8e1149
adb5b434
821ee912
733b14a9
048a8394
0251c9b5
babe8e95
9592c429
9ece2d73
fb125c54
f757c2ae
6484764c
504066cb
7e3f5021
b136a901
9467e487
29a607f6
0b0248c3
ac609f95
29e63c50
22f2b5a8
22d274b5
f9a648dd
30b15bdc
88a3b345
7a937b40
18ead445
584e4ddc
9ca43d76
0fadc141
253b3692
4a319c64
7cf48acc
fd94c8d9
eef18027
3ca502d0
cf321677
68c696de
65e70ca9
1f6d0779
0fe68645
f7307854
b2f0b947
adf32fe6
34d8718b
cd19c840
06df8b9f
61953671
5b3b0c6f
de9387e8
8707765f
d709359d
52f8f551
7553efa7
99e13857
af22f5e5
325f51fd
d42b8df8
c5dca783
84141909
1e05cee9
73d707d4
d0d53544
569a690e
070de373
a82d9029
2dc0ef14
bb49c762
e5d6140a
7859a950
80e56cc4
aa33821f
94af64a1
c03f42bc
74a7a73d
397fa12c
376fb16e
735fe6eb
dd7dc251
6f02d6e3
0279b2eb
26a6892a
a48fdfd5
0732f81b
61bbb4cf
f157c1c9
4ff8a18c
54a80a82
f5b50273
c1398283
60df96df
f4c400b1
279336ec
e1c6ae08
f9bb5e54
9836f845
bd482566
5327b189
c0e9d258
6072bfbe
555d6cce
986de32f
a89b1676
8ecde76c
6ab546a6
1d5d34be
4dfac691
eff166f1
f6716727
1eb8bbee
f45b5ce1
5e13f5af
c9541261
9a776168
ef915545
46523047
e57b0942
174fa49f
568a4d7e
71e07171
890f8fe7
6744624f
0dc5e383
0ea1b176
88c0edb9
6472e393
effb99bf
2954ec3f
e327bb4f
9d21fb9d
79dd11d4
44c14c79
f02468f0
a96aae7a
e3529789
217e45a7
f5c65e48
eff85cd1
02f826e8
f49cbfe9
b9bcf6d6
aa966594
92d62025
229fd1a2
6ae072f8
d3336862
d3802797
8c86d3eb
1f01e8f3
dde7ee0c
f24820ad
33e05d99
7a14d833
15aa2630
2c04b869
a5f14f39
26154708
c4d2f0f0
6b572dff
d6c87c00
fa4bc67d
6507fe53
51b12346
e40c93b1
cfc383fc
bfe551bd
a75e20a2
8db72c50
a53e7ef5
6586fc3c
ededc0b7
9b1928e9
fbca3279
40636e88
33dd04bc
ebdc47ca
0ac21877
9ca0f42c
5eb609d5
2dd486ff
dd947f28
caf05cec
361baa78
ca1e1363
aa01fe00
77d9bfeb
6636bcf2
6dc73a48
795a2f33
b53e7d75
7bf754c6
df07c6df
1ff12ca3
46be8452
a6233e80
002cb37a
56487ad5
53f8d4cc
34a80731
845f68f7
69c61968
200e426a
3a06879d
e751f27f
300a9d7b
b0c6030f
d10a4bfc
9c2399d7
2113f091
109444f6
858be862
a7174950
4db19c6f
0606690f
cfda1a41
4e23ad55
dbd52fd8
4892fbf6
6851b143
1ae887d0
a2934e66
f3ff3a71
6aba6414
8230441c
f61984b5
a8706333
fcb52bd6
6b343cf3
d7470fb3
f8908166
1a8bad82
4c14b6eb
c044f559
f18e0ed1
23f67e6f
d9697f8e
3993ff07
b699ad42
3e229aa7
bcbd5f03
94a93117
addc46d1
fc852d5f
909b809d
b09053c3
65f8fc9b
08f09a15
6ea6ded4
50ca3269
e7335d9d
0a407022
c1b713da
e2a9ac0b
6541b622
e6cfff22
83967ec2
68fe2f9e
cc34c027
bdf3f23c
d7457b5f
975b416d
4c50e9aa
7577f007
feabc2fb
dba4d2f5
10ce5be8
34bd06a5
98891a31
51f8415e
551af922
706d41a7
8f500681
44829545
bc4e9c26
7a72ce54
4d07aa16
d33949b1
28d00711
436a5984
5c72b81c
a4af11d5
9a23585d
9315cd22
c477cb09
136cdc4a
78a91bb4
2c8b5992
c1659b33
5d47fc00
cedf3d8a
f43f7cd7
6e53392b
e58196f1
c69351b9
ae6f614b
2642ba18
fdcbc456
368d1297
6c3c4a2d
d3ad15ec
8bd0e8ed
026dfcc5
cc1d2dfc
1dea2a87
14fc669c
6454a941
6d6b8638
223335b8
b76073b2
f92ada74
cf545d0e
9263055d
81140a34
6c7c19d4
440eb0b3
fb4df1e4
8dde5cd2
2e7838a5
b9a83e39
9207386d
52910dfa
51dd536e
c9ae7cdf
b9c9bf26
6258c335
dc271202
281fb1ff
d086f89d
73bd389b
f16145f9
800da241
11260dd7
b3d8bee0
757267cd
0d0f4f83
ee4ca4cd
3d342dfd
f1e87326
1b803e20
3af0c77b
56fecaf1
5ed5988b
275e7551
12b92e30
f7ff211e
e9e70f4b
85bb70d8
a446cf49
3ea42a6f
ac644152
824b5cd0
4c6038d0
c1cf81b2
0bdd96f4
1a2d08c9
f981e95c
aeb75fc9
9b839188
14183706
8815beb0
6c9d1ecb
e867fd1b
ad69faf1
b002fd16
526a7186
d2ce8ea9
dd7e04ae
d1d778ff
5c815f85
9f6424a8
458ce7af
1ca1d335
b09c834a
6bdcbe83
8c78c2cf
38dec01d
220e5821
d3c67ab3
b6e029a2
a3bce7b1
51a53974
2c5e0302
90919d2a
ef83764b
769a75f8
bb3b174b
d9041d9b
dbe0eb44
b6442008
879b6253
cecaf054
28cdb346
69a378cb
73fefa29
ce2e2043
4b73f733
2d480cb4
2b0eb4cd
3027d93b
9b35faba
e7093834
c5689feb
67398131
4d62044a
644d1410
af68ce84
98b7f545
d8a27559
58e1caf4
0019f84f
8de723d6
d471bd47
a9989621
d3136b23
9800c3bc
1dcbf8a1
8ffb691f
64bbb0a0
968f21a2
0ab5a69b
d69ef49f
42caf75d
a57c5a1c
fb99615f
2a8992e4
ead1cadf
c929856d
70fa0e9d
db38d5d0
f8ad1132
46757f0a
5dac202c
ca9b74f3
1e864a85
c019e09e
b02dba45
e8db8735
b15b6567
1ea8a379
4691fbfc
445af5c9
7e6ce78e
77c0236a
1883d70e
4bd4e500
a0618cd7
a47559c1
36f170bf
42b1d231
30c64e6d
49c24421
b845107c
3ab1b5cb
04d57ec4
915a6ccf
00ea0a54
f59b652e
18b5d2b5
7caff662
564cb8b8
2d347210
c933cf27
f2b573ca
cf579625
8f8b314b
e6930b61
b6a3c954
950a5204
cadeebd1
fe6613cd
783e5d0e
2acaedf7
cc45085a
efcfa2ff
124bb901
fa910baf
93248b3f
676893b9
de7b551a
0151cf1c
28ec12a0
c3a3aa76
c52664cf
5fbeb403
4e6fc92a
463a0546
ae3aa375
20b3095e
455c91b6
510144ab
b4a1275b
e1408b33
dd6432bb
f637a83e
8d4ac032
6950f4a7
3fdd5775
033b7836
c4dd2935
86c59460
d862df52
4f893a80
ee553bd0
5dae69ee
3cd4c96c
d35fe546
40fc69a0
a1319360
aa22a5db
3acb9e38
72bd8cd9
3c8b7f4d
b23b7780
d68ec434
255cf04e
53f1480b
9971fdca
f69e2931
d593669c
a6667800
aac0dc1e
e0061403
7f73f96f
8e557855
93806764
7f5a96ac
e3e2adc3
240f827d
78e11829
bbbf7ae3
ce7b7fff
654ccb2e
a54da639
2fab6d34
3da73912
8564e4a8
188af977
8a9e5d3e
70715a21
3462abb5
5419e3cf
707074ff
1e67a2be
8bb97be5
c80fd18b
57c01327
203c5699
6b6ee0d7
06effcb4
6d166a19
1afb9c83
c1eb8bf1
8295327d
338a0c87
eec73141
f0b07114
54c9d68b
3e57df52
79920936
9a4cccc9
09e113cf
706b51a4
bbad4149
91e97d33
d4a79839
f833cfc4
d0868387
48f5ac3e
64f7f5c3
2442b837
14f53fd1
1e1440fa
2cbeae1a
a0509ef0
8e1082a3
a6d887d1
4c104ad3
8bda5af8
5217b45d
4e76c7c0
414b3f02
640b5d85
a30a93f8
2649dd0d
dc48d4b1
f7682e6e
3e0ba786
0fadddf4
4419d290
115abcac
f303b22a
0e90dca9
e92a864a
672b1e25
5ae49124
aa222091
fdc03497
f4653559
49f285a2
443c04f0
7db1280a
ef18a2fa
f8099c28
ab7f02bc
38bcf9c0
894ff2f5
89557163
ba8ac1c0
2fa6f23b
c2d66ab3
4ab29e1d
89d9e7d5
be219dc5
af21a8d5
e5946b97
c38684d7
3fa70545
23c6aef3
e9ca1285
2d3ab525
3faca060
ca799e77
19c4d8cc
40b153f5
2872f203
d1d0309f
71493a11
58217eed
7d4d3959
b76fd997
9da712e3
c7a0ab6d
3af0d719
4a62a904
93811d62
c2d02b78
13530de8
353ba0c0
5731f65a
3557e209
b797a4af
839fba6b
6609d40b
c6b42d44
29ae3701
f96dbf47
e98cbe27
2d97eace
6bd83461
cc20d6da
d10e2ab1
b344984f
159a9e11
66430b76
b611af01
900d2d89
5c624074
3a3c10bd
da263f1f
c6ac581d
f09ba7a7
a8de7b60
8ccbf3a3
3052eaf1
96619338
9f6b842f
d787beef
a57baa44
adb7bc8b
9f3bd2c3
2bc940d5
c2612e8a
bb1905c1
52b69ded
674f2024
ce39f42e
019af27a
e5caf14c
e12aa701
172a1aef
ad0a6c01
283cbd63
2b415af2
ba67bdf2
5f0ab58d
fdaa6dfa
a1c4460f
f6c1d8a8
42398af8
99e436c2
b17e4a3b
dc4a1dd5
7eb632c2
440b0877
a928a10c
7a559ec8
45654518
2bd70871
9dfdf366
4d4c8346
02b41316
11fcbe6e
6942a58a
e2e953a0
940236e6
1e7ae61e
67a0893f
ad43a425
2970cba5
7a4555a0
9ed12b7c
1b93f19c
f4bff818
0bee6caf
4383f3e1
3030031a
3b26514e
73706e10
04e0e6bf
852c7bd2
48efa999
26e25fb4
4cf56f26
bf6939e4
e0cef686
c467096d
a6a93810
25b054fc
776762e6
3f40b4d8
f65d6658
10c4bd4a
b6dcd047
4ac74822
0d6b8476
b75b691f
58e12ba6
70bd056c
4d49d3dc
8bd824d3
f6027384
135be889
7d4c9266
26312898
04f70b97
69ccc01c
d5c07a86
4c5ee157
e712a50a
c3dee2cb
981b613f
0b7faf7e
2a6a1d4e
058767e6
52e4ff8e
3abacce8
371fc35e
908f0a98
89c5f168
3d9677d0
45c939ab
d218240f
31686844
36bc0a05
71344d74
acbec657
8b81d1c8
2a68f366
1f377165
533b0fbb
f5e25874
5332784c
4945af0f
2698d607
c3da3f72
3c26bd2f
8914dd75
cb793f6b
054ace9f
17f4e822
e3e99429
c5215fa7
90f188bb
7d1ce651
adb4b5a1
ef649686
6683fede
db6ac9f4
c10b407f
bfddf29a
a04094b6
f6d755a7
08ecb9a1
68ff5f35
db03f88c
b719f5b9
0a274356
d4e45ff3
0da13072
b3aef881
10d87940
30a9c720
04f0123e
bf621a6a
95f47ea3
aadf7743
4a9f0e38
3fa502be
c9b23ad1
e1fa6b4b
6af16201
c4b6efb7
dc5c90d7
8585fa81
466ecac5
60885535
ee8bc023
811fdbba
ac42a191
7e12a5cf
5ec30eee
51007eac
586574cf
78598284
dedd2ba0
b2b2aadf
a5b09b88
8c44bd35
0ccffac8
213a41d1
1370bd77
834d1ff5
a4a17bf1
2684d1b3
e4777f2f
b5770fe4
584b743b
258af789
c8472f58
0be3806a
327f9437
5ef2aead
4a11066c
0f326ea0
37dbc9ef
efc9c009
38e6cc96
2abb22f3
8ea06006
4398727f
4088ba5b
ff2eebbf
f676ccfd
b66f6f87
cff07711
16f2c83c
b7f0cc06
e0db3579
49b8df69
e42c4565
ecb277ba
409634d7
4f5b1efd
77c5dfdf
1f5d56dd
2a618df4
3e6e5357
8e60def2
e33f6a0d
8de0727f
2b290fc5
56e8063c
4a74be9f
a891e967
3df3d7f7
eaabbe7e
c3c66152
c465a647
fbc7f057
bbd61641
7b44a8c5
e3a302d1
885d509a
0d709b1d
4936e982
544bf4ed
b7cbd3f6
df0be7f2
cc2a0f6c
45828333
7caf5e39
3edde21d
00dabd00
fdeac618
4f88b08a
b8fbaf57
c5e7a3d2
62aa23b8
65edd1e5
106f41f3
052786b8
0ddce93c
3866ecbc
e0e3b57c
6c9bc4d1
b9a857cb
f1baf93c
0d424acc
bf8bb90d
93ee2f47
ca3c3877
0d7a1fc1
12f9d90e
e28b928d
3dab44d6
7be6f78f
1195546e
c58e7a18
7aac7528
12239285
40297c7a
709c3538
65edceee
ef3278c1
f6e61e49
4eab9555
f9188369
805c4028
ea55d6de
e6adc7da
1a8c847b
b83f55a6
9b649263
ede89390
7d1ab9c9
28c44583
25964e71
6a692fae
778098cb
a249f8c8
18ac9a62
7e2e14da
a79827a1
625a7580
cad8419e
98caa1da
ea02954d
4f805197
e06342f7
35b5bd12
3bc9d934
18db5124
588c30e5
2cf52c7a
d15030dc
85039e8a
ff846be8
febfce92
fc2f4138
5bf75c6b
11cddb96
70089fa5
f62c6559
a693ddc1
0a3dc650
95bb2978
15a7003c
b274b3fe
8b9359f5
95c4e74f
3b0a2e00
735ba0bf
9809d1f7
3a52be3f
f8a6aa75
8a1263ac
1fca1988
84624e2d
6df6f446
46e6aa79
eacb3989
4c91306d
87609b01
e7706db2
fa6adfa6
818d59b0
9d86e990
da3ab998
28dc26d2
064f2603
b5277b6c
f559c2ef
185e4883
cf245dfb
a67215c3
3d6aba4a
dde4a6e7
a605c382
3ba24fb8
2e53357e
4bdd3d4e
f92c1995
cace8649
17b1b656
6567c7d3
7844d760
c644c81c
4cc4ae16
22c4c08f
1e2cca1f
7fdcc28d
5f2b1f42
1b8f8a10
10e6b296
884a2f37
b2900368
1e9dc8fd
5a862d53
b45db802
30495385
b111ade0
6ddad762
dd9d83f5
961eb3c0
565fb003
560f58ca
6e8570f4
c103ac56
3e5d8f8f
a65f8070
787b525d
72c1277a
f7ac9085
ae24874a
d9e4efee
ecc66caa
4d4d3a57
646885a2
d9ffbacf
52ab5b0d
07d50c19
93093d86
642ea282
c86084f3
0bbf771c
b313725d
a0391927
3f36187c
55d55d57
662b8965
ded2630e
444bf154
684c5270
a4e246d0
573559cb
164329c3
f2e24d5d
d2309757
211d90d6
241ad252
ead46a16
1020aa16
5816afae
54cb7b71
1792ec57
540338ae
3f82e2ad
16fdbba7
56fe4fa3
51142d66
c3e55d46
e68e41d2
7beb7e11
94809ae5
84d9536d
02eb6e9e
41ba2401
9e94b642
69f0466b
c0b65cef
5190afe2
571ddb3a
b9398420
effa32fe
4b1a4031
42825e36
61de66d3
f6ac7368
a2b252ca
9bb4c51e
bcb2ff5e
8c84c5e6
55764ba1
7808e6de
bebfc6ad
bc423a14
e45ed4e4
cd884e5c
ffc001c0
3ce920d5
d490753b
cf6c321e
4cb7f30b
33220229
84167ff1
ee04bd76
4371f996
f8013731
c8377e8a
14a4fd16
f8c5e57f
f9b34d1d
009b4465
a128295b
d73a42c5
3f661bd7
d7597643
279cfcf4
f9f0060a
27f4f43a
6dca83c5
3b040913
280ee209
da28c851
dfb43536
c42fc46a
da4edfee
dc9055b5
31378f55
5646dbfb
62b0bac1
891f03ea
bfb39417
a2178524
3b220c2a
35c28491
e7d5174a
a7d44923
fd24d423
b56accb3
0b460c98
8f2706c2
10a7ab61
de43fe01
fc4cc4ec
bbfbc140
470b1cdc
7559c4ad
52dac0b6
464730d9
96a62fb6
8990bd0b
6e25b6e7
7e08a701
504b79c0
c8a00bb2
d8be19c5
2d9b693a
282823c2
3fd1cd92
cad44fe9
d82300a1
30abf0f5
494e2f99
c349cdd0
a180f92a
0c92feab
d14828ec
33246bf2
ba446907
0d640a80
e24cfc1b
3ec47508
2eb04049
9c4d270d
5305d516
ddc0634d
80a12f09
2b5dd982
e89f99f9
79da66f1
d6bf2739
54984aea
21feb3ab
8711cd1b
7839fecd
83ea5dda
96a791ef
630602fd
5d97e083
8862b581
acb0a2fe
6d8370a5
5709db84
6d91a560
7db6f2dd
749c9c77
3523785a
2c90d46f
f7032a26
8acba47e
6aadee05
8ccb7315
56f59837
13a0a97b
4d73d690
a62e30d9
8ba02b42
34097e29
4ba7d92a
cd672ea1
991d5b49
8141567a
8ec79114
7b0f6f7b
0af80f13
2ff09939
80b4a948
9425282e
afecfbd8
2ed225de
f97f283c
b6c63284
3062c767
53a16303
892daba8
9fe7bc7b
5678752c
dc0ca9c1
59a9310c
b73b4dc5
3536b97e
2a61682e
ebade6b5
06ff2bbb
75b0cfa6
1cc85de2
c1883fd3
5a927286
1c166e89
6228cca7
c649f664
74fec79b
55980bcd
7dd5eff0
0059e72b
20b6590c
6132424a
58f20a00
65810ac0
609eeb6e
e992ff8f
977ff3e3
678c2e1f
3ca7d26e
ff85d09d
059e71fa
ef66931f
08629bce
85ed2e8d
f6e669b6
8511ff72
47ea2dc4
41e6d657
72346c57
fd975749
a3c2645f
7349d59f
4584260c
3d9459ee
c7ba19ad
d25bfdec
4062e234
71f2edcf
7b0dd122
988df1a6
f97c33ec
cb379c6c
577244ce
cb14b77f
bdccc9d4
c0b04958
1bc1b53c
d8f1e31e
128ff542
9dfdfacd
c5bb9b74
1ab9036e
0e343aba
dde6577d
b4d93fdd
34307d1b
20358616
5363f157
6da13f8c
e12699ea
ab9487ff
8048652b
56104158
5701e642
9f018333
00dd244b
d8a52c46
b23f6214
7f638d67
2d63aed6
b0f63b40
3be2692a
b5295790
1d1c8799
7a0871da
fc3ec8b7
69a722d1
7dddaadc
2afcb354
2c5707cf
3ef84112
466ba770
3182bd3e
a5315132
88cdedc8
792bd321
abf35875
053c4be7
76f9954f
be9ee256
760083ba
cce7dcd6
7bd8664a
5c6d3eb5
53578153
4f36a230
aaa82415
7b6b0afa
362693e8
fe1d42d1
65fd58e3
a2424188
f8648ac1
d28e7c11
1bcc534f
9bf6bbc8
684197f7
58631a1b
ab316497
5d3a9f5e
03602f57
81ef32e7
2660e4cb
0b17b131
c63b73b6
919d4797
3f58cc49
901c0433
1984fd3e
d1fc1834
5d428ad9
e3d40fad
147c3ca1
3e62796c
7c79dc0e
128ca146
fe09b47c
af1c85ba
80df5d1a
35dc3fd3
5829bf4b
b5bd35a6
decf6faf
45d34c84
bf6d4611
8391b54f
802208dd
eff9562f
006faece
25413935
a63b6406
75564e69
33bed5ba
ff09779e
bfc39069
c68dd500
708d79bf
a3d34d01
9bbaeede
7e06ae9c
c45833bb
7c85274d
4f29bb64
d6b796e5
9345deb2
2bb9f7a8
d24eb648
75d479e9
6c6b51e3
19e6d50d
0f94f01d
6fe8e477
40f1c70d
79316779
1f17ea42
9b25947d
179fc157
3c661a2a
14d2c64f
56b4667d
de9018a7
efe29732
71052075
d250f4f9
7b0baff1
3ffb7ee0
a5d970bc
41a1b35b
ff750a79
0405b9ed
147b734f
b0b2110f
e6511a78
98402a44
26ad606b
beb524f4
2c39a47d
767f0851
cf73941c
e702eaed
7b16f662
02a99302
b8a91e0a
ddeb3be0
fb8ab8af
a5908a0d
bfe5d21f
19826a65
f50708c9
2c616c16
13e77e2b
944d3ce0
853ebc1b
6a9b7f40
a34361a6
e08688e3
5345ddc8
d7fa5b70
61a52e8c
c1e03f1c
ae619b5e
926bd38d
ca90f79b
670f1e31
3830e3b3
9cf9572e
453c871f
df776bc9
f3948a17
47aef8a0
849a4296
045f20f3
993a3681
0e20dd2d
3b6c55a9
7cb07c8a
eb8ee990
9b5ce6e4
787a769d
d470622f
95e63a4a
200ca5b0
e9f5e0d8
e0abf150
261c41b8
9d8ad96e
66f73964
5eefde1e
f0901d5e
aa7ae703
0468f429
3b2deb9a
04f86b8e
a32ef70e
87c86643
405428ca
d876456a
01429142
f361971b
3a7a6cd4
3294a77f
a0128061
d1832a04
bd0c8cf9
11557e56
1fb1cad0
db0a81e5
8a6d231f
8fa3d9a1
73a906d7
e70a210c
e613cb8a
0ed31fa1
6d012991
556d706e
84f4f352
257e694d
7afa6c55
4c1edd93
71d66fce
e31ed000
05bf478f
f63f1320
5dda2c29
e69bdd46
c018be81
b4981b75
3874b3c4
1f3981c9
12ed97a1
313da36d
c53c0a08
6fe2d98f
47095ca1
84f4a1a8
da20d040
3148cb23
939ae343
b54c42f8
e889d79a
b0cf5de0
91d15d85
e1489d10
d7df9391
12e23c8f
f463c71f
a1ec8a9c
bfa8d215
e61399a3
9a533c08
124a6e77
1eb8c04b
39bf13a6
904d6b27
94f55783
0f921c87
5fa1e343
e44108e9
f08f281e
ea82827a
3dbfd794
804a53a4
83b24397
e9db835b
ad28c1c0
2923860b
2d274120
da10d3a1
98313a0d
bbd85fa3
70651f21
adffccd0
31b35f33
be4aa151
daadd25f
6e2c0d16
940dd2ef
f57c0721
f1b070a0
4e3d1392
09e7f36c
c5b17847
d1c0104b
58b709fa
7cdcf715
01ece046
e6ae956e
7906a4f8
46d3b5a7
b5c47bdc
8244a5b9
35df0109
af863159
5ed48baf
fac80c02
16eb94ac
10bd1480
d2c4da5c
644d492b
ef752b9a
3ea98e27
886d8f43
19f0febf
e4d3517f
def6580f
d759a475
6f5f827b
9b9148f3
5d882c9a
6e80e19c
c71fe9fc
dc984a9c
3da2f483
737721ec
185e711e
b4034d83
2ad44d7c
dc466707
5b57143f
5dc8c80f
a738ded8
65b557da
181c4866
7f3d80b0
be13845d
5c418c8d
3686f642
80b8afb9
f6385c6e
bacdf1be
b2738b63
ce53e7a6
3c417069
493501c0
0f690142
ad2af6f1
624c2d5c
5f45bf53
ebf432b9
c2a308fc
607e9d8e
5e780fa5
c155084b
eead643b
b4a83c78
61458995
8df50fbf
144b1545
7de7e981
0a89f365
4645f2f7
b5a95781
76243077
cdd53bd3
4f07e61e
533e6880
5163bcad
63755831
c3252ae8
e90aa779
669df672
553c99b0
589b3e7c
c0a2493a
d3720a58
3b4de32d
2ae4712c
1104076a
5f4f2fd3
e0116240
5239414f
67c80407
6ef2caca
267bddfe
6ac94d65
45d41c66
1de5534e
b5b61329
46a8ee57
24531fa6
632f348a
3a62be23
42e66215
83082b62
3ef86204
55d0d4a0
0c016223
afed57e4
5288cbbb
091cf94d
01d960f9
221d2689
bbe87fe0
7e639648
6913b5cf
80f34dd6
97235fc6
b61f8bde
4ee75a04
1273c09d
ed99fd3d
cc0fb01a
a0eb1802
17194df5
a540e7ed
19982ec7
9142e729
c633dfcd
b16cbc91
00881795
9e044406
f1cd3dd8
7313fd72
d62c51f6
1a4f5099
1dd8f344
ffb8a9b3
a4765705
be5ddb7b
e04c523e
171cb8ac
63bf50f7
b3511f02
da13d90c
16afc630
6de070df
04661bb6
ea038f68
4688d053
c234e183
a5279261
6f5387d1
9e6d3f2d
0071ef75
2fe3da34
598c23f2
1339a064
4076cb6b
ac783632
86a4369b
6a663cc7
5d9858cb
ba1d2743
7e013c41
c697afc2
bccd48be
fe02fb30
db1c467d
4e6056a3
b376d8f9
0da58f7f
d2521d6c
b4876e56
28af69cf
edee867a
87e03b03
6a7bbd27
e5464fdd
55a7d2fa
73cf5e8d
2dcc9c17
f0921985
2cc60399
685faeb3
cbb679e8
9c19620a
eb8d972f
908c9bea
6d5109ee
17640ab9
7264a1a5
b6c6e26a
479e0f05
ec8112cf
76c873b2
a8a0bd7f
103b8727
ea53eaaf
4811ba4c
e893b08e
5916df25
80dfeee5
68b84bcd
5a3c137e
2096b603
cc0cc1f1
57c66f42
c2da9943
d05a3618
2ebc6728
42e1ea20
abca2142
d6547978
f83fa9a8
835c3fb5
c3b818c2
092e0f02
d00f37ce
000d6eff
7b7d58aa
b3746830
889e50d3
28d34c42
153a354c
590aa51d
38da47f5
d8d5a9be
be5c3f24
3057c111
1fadc0b5
8dca483b
5f36e184
495ff339
2d697dd9
10b568e0
20bc2dcd
c19db6f0
17ab6105
ab1ea6b7
061bb5f0
9c780d83
bd3f0404
b11cb030
74a8adc6
26fd75c8
9c4541a4
e59a46ba
f9d65fa5
a0900f82
13460184
f184add2
e3094778
53889617
9b25b2ba
a1b98189
9d964028
2e16aff8
e2a99756
f974469b
3cc156d0
0f9d336e
6efda7a1
bc349ac8
ada75cad
a5daff19
88dced08
5dc7eca1
79ec1876
7b9e6534
82d6bf70
4aee3585
9c99e053
77ab5efe
8c76fbb4
58db0057
02595c74
d76674a6
c1894f26
767cf98a
5279eb65
8122d6ea
1ccee69e
141d079a
f31a5802
f48adf50
357e6506
2d1256f3
322e5979
120820bc
aec59a86
bc4f5a33
bb232541
3239b02b
071575fd
c9175c69
78c8936d
8ef8777d
7b09a255
ed22f61a
aa06f25f
cf9e2f37
e33ac4f8
e8698a83
ca00eec6
044a4ac2
6f1d6256
c7efd1d5
06e5b4e6
305eb2fb
3da65b8e
6184f678
d063eae5
5fbc6cdc
1e453071
985b8fac
9ef659a8
a31b264d
2a4633f0
03724a91
3dc56454
d887391d
7a38a9c5
3d30ad95
28cf0fda
f9792be1
1fbc5d1d
d5b40d82
71baec57
d46616d7
53d66d74
da9845ba
dfa70103
47866282
f8517b8d
c8770a11
20cb856a
6834f24f
317cd41d
e0b5d10e
4953357c
5e170ecf
140cd971
0e59f85c
07fac61b
95d49edb
70a596e4
72382216
5314ac54
8c93a2ed
9f0d3010
6608bf12
93cc3df4
6354eba2
961a6ba3
94992d40
d6249dc1
3558c10f
fbbe21ea
77534e03
5bd6ff18
969c3b2b
d7eb4d71
95d41da8
eb02fb97
605afef3
7e507aec
0f6acb73
b912d5ad
db7ff60e
97115397
d01e2de6
40c4ef70
6ea3928e
c97b5ca8
f4d674e7
4e7cab76
dfb057a5
7b2c8ff5
d8972816
4f407630
86a1e541
cdef530e
432bba59
42274158
3c65fb62
4f1c5039
c5696e24
1b7a2dad
62947458
1e6dd07d
9267ba5e
91911abd
e9b9650b
fd6629f9
9e9fc428
80e10f2e
824b38d0
1c05906b
34d0ce03
16c924e1
0c1c8793
ac2180a4
6d168d85
9a53efaf
5b4f837b
f419bf47
a0331c3a
d4658991
588f1cb0
bf85b518
8d3f3a4a
a1584501
586680f1
2ea0c947
7727da43
a62b5a84
93232da5
a10d3fb8
613a70e9
5f4ed5b3
231f0f37
6186b682
eb95b6e0
c25d4d5d
a05159cd
e8d095fa
4eeca694
07a2572d
97b6325e
4926e279
7f425b6d
8d00646f
a56710ef
1be65f08
b17f78b2
6284ca59
7cc97e73
5e6dc519
c68cc527
90e11984
be3ce460
f4281414
87f3abc5
cafa4bb6
0c084d4d
2b57ba99
3dd63063
4e286ceb
cc087c23
41b3aff0
b6e20ac3
ac47acfb
e1d74f82
ac5fa62c
36657191
2dc72d8e
39ec86d6
c33eeafc
f0c6787c
b6594eee
f843a2d7
f6b650d4
fbf706fe
e543c59e
5c57265f
eda8cd3b
d4de08fb
5f6c9ad5
be8a500c
9c192f7f
4aeef975
734a218f
ab337685
814fc8b4
8c3955f6
63da127a
b130e898
9a1a52c5
0768fb89
e8979f40
62040767
ffc439d4
aa48fa53
5d1d9991
ed3a4e48
aa74df08
112631be
48eb3d52
a0984f1f
c04099c3
d7668b8d
ceadefac
38d8026a
b5e3b839
4db85aaa
b066bec9
d667b6eb
9a6ff8d4
cd1bed0b
bf039c21
6b268bc1
8ceed4da
085612a7
7d38538a
9cef4b49
e1ee3a9d
e615d429
ad8470e7
3e94f751
008bf3f4
82f47a2f
17c6224a
bbe13229
411c51be
170b4337
a592a0ee
030ab00e
b4b8ef88
8bf2bca4
16eb83d9
b1131bc9
abee181f
c358af58
ca178e9e
9644b672
85150c04
9c0798dc
775eadde
6ef167d1
18937c69
b77a16ec
5a180232
01293706
262069f9
e606c450
07cd0ebf
942c458b
9eb934cb
ef1d7664
20812810
53272c9a
244f0b69
e2bb9b9d
020bfa42
aca7cec2
3797998a
b9a04207
be740d7a
e84c40eb
cfbb47b5
6192f593
2af2b499
f4526000
c060ecd7
52738174
3bafa17e
29dc9d63
4ffc3788
1afb228e
36b4bf41
679149af
d221cca3
89a71826
86610ba1
d35c7c9d
eb951ea8
3af14a12
2b8a0c16
9cdf9a86
9018b0fd
a3165b0e
269ae109
dd1abeb8
b33dd469
13c3822c
be648772
3c401342
f6e4e840
6a51239f
19109573
1102bde5
6d6999c7
a9816477
afc5871c
bd9583ea
f13cd95e
b94493cb
0c6b7939
7fc26d9b
1eaab6b0
f7b9ce19
363cf2ef
9cf26814
df0b9143
f800c49c
8a89a885
f16ebafb
f53aec37
56905942
91ce3f0f
8f413150
7481ef4b
3aa74dc8
b2eedbd4
dc6f6545
0be9b480
0a40313b
1e874774
8cc3673d
fa8c7d75
4904c917
39a94fd8
76a57df9
521677e2
450c0fe5
635f5238
d5a1f681
45a43655
a57bc7e4
169d3f87
a05f5965
a715b421
a37f8274
fb336eac
1a481b56
0b69edf6
d117f066
b13136f7
42c4576b
ef18e114
06ffd79a
c24ac14a
f0639ec0
d6cc2b0a
fc00ccba
8adb5419
5de532dd
dc71740f
3efac771
bf5bef16
dc2cd8e7
52874115
f199fa48
95a208f4
6bfc22a6
9bc1f81c
554e6323
f7ac6398
3c75af81
165d187a
7bf7d5f0
99671b39
9bc53459
22e25476
4bdf4abe
29b70deb
f7e459d3
da3255cf
b82d8440
3b5970af
a3f1c75b
8f451e47
d1855fe8
3afa868e
a15f5d6d
55503e78
25792a13
e7a11968
0dc45800
9594126a
8e4d8a2c
5d77bb84
cb693b99
ea43c9a5
704417b5
c019b926
ef613b8f
288bfcc8
a5b71821
789388a4
eaea727f
e1fcf5d4
856d5351
288df755
6c9e235b
7c1611e6
9f0b629d
38388e39
950c410f
ef0fab0d
5fe99dda
1ba099d3
902c149c
ea5bbe4e
6fc6cc92
5cbc7e4b
e8cd4d4c
8703c831
67cc13ae
aec22518
2bb37d57
cfdbed71
b4df6158
b9704131
c10be39a
c30f9cc0
a7e39426
d3f166a0
f2b9b5fc
17b878f4
7fda6a89
ca566ff2
06bc6872
f00319f1
f9867cb7
43ee7aef
84ae7495
d3add9df
c2f592d6
c1eedbe9
94ee3ff9
3d51dae8
150c70a5
4c5f44d1
2bb1098f
c2074ba0
13c7b448
29dc05ab
58042094
d02898a3
3a2411ad
367896e6
789b0f6b
89489e33
dacdf84e
c4dcc854
dc56b409
e186a083
c3023d5f
e13e529e
df24d1ba
6896c3df
7494cbf8
432faedb
222edc95
d3912c95
fb9386da
88f10cd9
96e8bdfa
390ad780
739d2a72
979582e4
a633649f
81b0b8d8
0f0d2553
19b952c0
415ed714
f8cfe163
9e5e6277
c9f4e21c
3cae504b
bc613926
c8bdf387
1cfa70e9
d132aaff
88a36d8a
96d05f7c
a12a5660
e22be901
9a68c032
ea05acb0
5957fad3
632479bc
1edfdffa
290d14be
cfd6241e
52c83c55
c1fde123
e0cc38d2
44b09d9a
438f4d1b
2bc5ee59
80d8f292
f28dcf6d
7e92d5d3
e14d2b47
5507dff4
e494fb5b
5b4e6b0e
a2cae5f2
3eacd708
726e521c
e3f671e9
c1b4ee0d
c03465a5
8a1706f6
7bc57a7d
67ff18a0
e7510a4c
45190bf7
af0ef55a
d9e90424
a8ed7a81
1fa508fc
9d1b81b4
2cef68d6
fca20977
3f2b9898
bddc05f7
e20d3c5d
70ce7b36
ae1d35df
70b1c87a
13fd4567
0043e4d8
bd5bba81
57df3394
5a79c081
b6be1dbd
3a9d6eda
873fff6b
7aaeeca5
8e5e0758
16f4b461
eb3c4537
09615a31
a9ca21d9
c781d2be
a273abe0
9924d9a9
7a8ad264
67437b57
d601d04d
d812a825
03523717
cb7e616c
4e3b9009
782cc29c
1543dae2
4599bf2f
d7c77c47
eb4fb44a
e46ba4a9
949e0e86
bbcb2b12
6456f6c6
70261d06
15088b0a
d5f84966
f7194f39
7aa782e8
4bcc51e9
de60a0d0
e9679d8b
6bba6a26
5370f34c
43c32a15
6bab26d0
d8877c08
fdda62b5
07035f79
01d3b4e5
bb4c7297
cc5fb31b
5da6ef29
562f7117
1555afe3
df3b4300
7a99fb4b
e74e5fef
5dfc359f
1b7d998c
5579c21b
7ae460fe
eda5f7b3
2c787c6d
4e50c5a3
fcc35540
2aa4e2f2
dd1537b4
e9a72b59
ce7dde7e
905e2a0d
2f047fca
03df1dcb
55556281
88f1ec5e
80a8cfeb
71d397a1
9a38e0cf
5fcdac05
5aa61a2c
b8156f6f
42df5fa4
7d88235f
6e7c1167
5aec0542
d723b047
2d03e1f3
5b0c2f38
51d2d28f
52282af3
72d23f2d
fc411ee6
4bf28688
3e2922b7
eeaee121
49c12041
4f0bf47d
09f08936
20a9d497
91e831f0
6d1fbadd
62c5ba50
c5374928
2f9b3a01
c82b1318
eb142ed5
c949b3f6
6e2305ad
f4758cc7
9cf8119f
fee50385
a271cf6f
a0d33f40
fdf99be2
3dcf03de
3efb3040
06a0f660
7c1ef3e8
78a888ba
ace5663f
90a44ebe
ce657b2a
add728af
f35ff562
629d7a62
c5d466ed
b1960471
e553d31f
68a3349e
56ac9abf
757a3f2f
b3f77334
8c102675
e8cd47eb
62914424
3d78c06e
e219f9bb
3f277999
e83b0c68
f723128e
1d664c24
37283d98
cf2bba08
62534b3b
55149c8f
2fdefdd4
874b433d
a9d66ad0
9bedaf18
9ec11002
8033259f
d43a6c98
f636e7f7
c2517590
05b487a7
e40f1657
467b049a
d63ff3eb
7b203ec5
45609056
543340d2
dd6a5eb2
0b4c063b
c80a5751
360ae793
900fe28d
fa5aa3c3
d9eb3737
e77be4da
f1d2956e
462933ec
022d9896
96a577c9
529c95c4
8efe8ba6
b44902c2
e8548b7a
55e365cd
be711cca
d2e76c19
a5df18e8
b66e533f
1af10724
a8d6f632
60100dfc
e1416681
66e51826
afd1802d
4b9bb32f
cd68d0d7
c9339728
46973f50
07fac89b
184a55b1
e4189d26
0d7bb673
74604a0a
89fa3b94
8e1ca1c3
03b6b2a7
6c9093e9
b1352cf0
52f3c1e8
14c7bad1
44a1b965
0c92130b
a3aaf959
515460f1
1f24973f
9c9feceb
7314aa3d
e5f9d273
e419adba
14e45dd3
b84a97e9
57dcc66b
4da40765
45be5146
2de75c05
b7fabf6d
2f74d13a
3a47d714
a51b41a3
12ec032d
f30cbe4c
84765e8e
85602401
e5212136
c5e959d4
634db3b5
3ff0728a
8afc0a50
d2506db2
f069fbe6
26ea819c
a2b53143
993ccbd8
b768c786
f4491dd8
90b0b6e3
77302c22
a441cb31
9adcd363
1d940e5c
e8126089
59702f66
72802f44
e3902a69
47a43cfc
7e9e24ff
8bbbd1aa
df7d7abe
c121a0a9
8154a3cf
7eaa045c
1cab13f1
d40ce5b0
d7169046
666658e6
50a65a35
cfbc7812
76a97e58
14b01602
882dcc74
154c1bf2
1625319a
7bae0975
c749c513
64641950
e70dad44
46ee1f31
65cba77c
5a57a93d
0729489a
620b6df8
60ef6723
795dcb78
7a03422f
59e8895d
fd8aaae8
add61ec1
df46d75d
cc7f22c0
2f6a53ba
481fd5e5
84c7fab0
f4369492
4884b4b4
6b8c0d11
15ff766d
baf75f37
00c78e9d
b4e4b46b
d16ef2cc
f089450e
8c0e5945
94cc9d34
24fb5556
38138523
99382bb9
4146ed45
6fee281d
cc88dbef
4f36ce87
35cb88c1
4be422e9
ad7da32e
584834a7
ab5dbf32
5d6bdf72
4070f547
970d9b31
83e2e6b7
adf59bb4
1a794f03
a73744a5
38f2b459
2fe317db
c2a8d002
5720f4a1
829953cd
21af8ad9
6aa7bf17
d0387d9a
bc378154
27caeefe
681900f7
72d4da9e
1181b869
7b5a1f9c
dc5437ee
5aeb8b9e
3d1b387e
09bfefab
77f2979f
4bde0def
c681db99
c2f075b9
7030e2e2
7e5b45ee
a5160658
05630181
370355f8
6ad2ca6f
b2d4dfb2
58b32cca
1c5cf24a
fcb3aee4
3792b718
7a31fc2d
532596da
e2358215
cf4f7f5a
7472b792
aa288336
41ce0663
a877824c
d34768ed
c336b719
6ff2f194
38401f36
6d3cad26
90cf44f4
52b94a2e
48f89e47
2c7efaac
91656595
4a5f7426
15817590
ea43796d
6fe39d21
6986894e
d0bdaf32
7a4220d7
8a6f1d79
78bdf294
bc680e66
acf0466b
a2df80f4
aae8fb5b
113d23a2
7654e0a5
3f7a4ca5
51c6eaaa
96d8f17e
d1ffcd49
25d6231c
0108de87
9daf29fb
6b18d9f6
6fabf9e9
cbae56fa
b9d37283
4eb703eb
19a16684
afb7c1a7
5c7a539f
102fca45
f7cfc5d1
d889d66c
47c93bf9
0b11473e
ed8ebb43
9a63eb98
9c0055d4
34a21f3d
0c383c22
07d6f50e
df6a3683
efde5a1b
e35acb11
470092ba
1559f23d
e0659133
5b5923ae
8709eaf0
497b8c1c
3bee4b7e
b062a1c7
c76e377f
af5ce628
4d546de5
94a62db4
48924cb8
2e0dc020
1a56009b
34dd85c6
055a9820
bfcf9980
eab29e68
61881958
7899b492
119b5d70
a16fb8a8
abf05621
bb0006e2
0db7238c
f99c221d
5235a5f7
53ae2542
f0bd0e83
efa9df95
d1341205
fc43937e
3702fff7
55425e14
925ca169
14b52df8
9638acbe
c68e6439
b48c1814
bdd7ca1b
eac23243
7ad0a841
1e1573d7
9c525e14
c5a62a70
820037aa
16288fd0
d61fad91
e5d7ce8b
9ebc35ef
44f61b0d
2d272d2a
3e2e3b6d
5f750e45
69b746f6
588388b3
01c834e3
08e5ab38
62815b9f
8590b0b0
988a3abb
e817aecc
906caeb5
795332a3
f70862db
29b06968
7bbc457a
34faac2b
e2fcf3d9
86002b32
c6902ec1
8f2855e1
b5f7502d
caaa8454
1a46d135
04ea74c1
c345f55a
d974be62
6b9620d0
c1461193
34be2628
460bf842
e50ff855
801882ef
a0d31541
6915d8a0
cedd23be
db1cca90
90092693
38dee0eb
ed5532dd
6d4b83ab
5478ea07
b47bd389
668e2c19
259beb4f
09dd913b
54b5a188
53285fdf
448c4a5e
d402bda6
c8ea54e0
f7d17c3f
71784c5c
c10d713d
9359ea0b
6ffefc8e
d5f266f0
8920284a
c08d1d25
3def60bc
bc4f2c25
ec41c4ba
e7e74ef0
0364f8e9
f5122d2a
ca54de47
c24c43a8
b3e5ccb5
74bfb666
fd7cf9b3
da0ff385
c6590d54
9a10a326
0a1f9327
b28fd09f
25d107d8
d55d624f
7b330070
24d1088e
0fe22e41
7a48fd1d
0bae9884
ba9204d1
68eaf48e
0e3547a0
d207e9de
9d9545bb
48334a05
e264673b
15d893c6
ccca98dc
1b3d2018
c9837906
30d3420f
3d8c9a8b
685ece55
7712e45d
42db14d9
99339b88
3cc7839b
cfb4a600
c7b5fb35
9d129afd
cee05900
b7444e05
922b0db5
590012bd
8d95dad0
1c9440d7
aaad627f
78a617b9
6f78d84f
ecedae07
1e046a6c
3ebd8b73
b1036cc7
433fdbb9
4f23102e
97d258e4
4662b850
b5548a8f
05c3679c
d459ca54
7491db7c
dc2fa0a2
846778ab
b1ba8f85
fbee4583
84952bd4
fb15cf3d
a9c5ce16
e264335d
8f795c48
0c74f1a9
e538356b
032ffb10
e73c4a4a
eebef394
841d5ec0
975081f4
9675c92f
be78ed3c
5eec3eb0
f95096d6
38695dd1
3148f375
8a4a587f
8ae123b7
a0bcfd3e
26d215a6
d4fd564b
0b1d9be8
de6cfa67
9636a73f
5645778a
253609f8
5aeabf55
a3072747
db11bec4
7fa5c621
103dedd9
b25d740b
4c64deed
c25cefd9
1806580a
f3dea1c0
eadaa660
f3f3685c
24c1a644
456db5ab
e17d1f8e
a033be06
d333ec19
f9f725ff
8b1ee56e
384f0f17
842f329e
a947ef9c
ae5116af
cdfee724
2adb6788
bbc27abf
e68be049
e628248d
988310cb
592a689d
50c5dd67
eaa9b4e9
3e1f6356
d130fe83
0ed3e1f0
37c91d89
e88f09f6
9c66e3f3
bd2b2180
c3cf5027
49b3093b
0533d01a
ff7cb983
ae306077
67fedcfb
dee26d0c
21dc554d
89189a27
c26bf011
faa8e8b8
476581ff
eb509464
4aff7629
26ca1170
16a81662
4feb7d4e
7c591c34
ad5e8ba3
868fbabf
59a64bac
6fb095c6
25649223
4ef8bc4e
1fc95df2
049febfe
7001a3d3
97dee25e
13f8cffb
448d6490
98097c60
40b1fa1e
9c7b9f63
3f667122
83ce3a99
e710757c
0593748e
4e1261f6
693be03e
0a81749f
fb1996df
de44e7aa
8f1a84d0
32357e10
43c1b6e7
0f8a64a8
06606e65
8dfa9e0b
88d5379d
f9040738
b217df50
2bd20acb
c2cf6420
65a6ff9f
d538b251
686ad0ea
35f5644f
97eec4d0
c635a802
890fd247
1a35360b
dd4fd392
1dadf63a
41e5e892
133fba6c
0a9f4f26
06d2fb66
ac2a7287
deb03bef
bda5fd48
68d56544
3d35f4f7
40fcc0ee
36b13312
aeaaf2b1
15aa496d
8f5e4d9c
4723bddb
b196d5ac
4ceb5cb1
411fde40
197a6dda
9cf4fb59
bbc7ea3e
ad7d9534
9e7f33ae
2feb5642
fdec0c14
e9209878
8131711b
d149bb0f
7b3009cc
2539dd46
9bfcfb15
4bce1747
b84506c6
b46a60ae
e141e2be
6889769f
6714b879
bb38542d
42cb4d95
6cb95eb4
3138569b
f21c73d8
cd04f98b
3dc04471
3cd58b74
75dfc6fd
1797ccc4
a844ab7e
eeb2be95
dcbcf51c
e0fb8afd
87a7bfca
0f5c5e7d
2d4f51da
25ceeca1
6ea2acab
7cd0d228
20f5daa0
aa77cb6f
26cc73b5
d7a00d2b
e00ce1e8
a2f7eb67
5b6be31f
d94ffb2f
8467e0e3
ff0d336e
a32b7361
0936b9b0
9ae8b8e2
bd230704
c080c9e9
36154ece
fe0bd237
cf3282b2
27b86646
0c1cf80f
a4f7cf39
39cdaee5
b1d431cd
8cd4d425
b9c8947e
4093ed2e
a93b95b9
3a8444ca
c0a235e5
e7718082
239f1d90
6257807a
d7511fc6
4ae4e093
a9eface4
e1cc3dbc
ac406895
85ce5d5e
41a7e35b
1c6c0901
58c67cce
f466fb55
d0a6219e
4a985b4e
8aff05e9
b4e3608d
2f36f033
a3dde395
f4dfe8cd
b819da3b
a2a03579
5eb32c41
3932741c
f494cf5c
f8e4ad25
27656522
357d4645
a7a98da8
d59d7027
75c75844
dda40d70
4ed3eea8
30acf2db
30abec19
20c62054
306564ca
b6464776
42cc5e87
761a201c
4758c5aa
106422e7
023cd8ef
a589a7ab
03b19270
c77a9f88
fbd1c0df
d83361ba
4ffdd502
d6c6a106
70ea4faf
b6d0db96
9128f55a
57e0d4a9
20cda2fa
20df52dd
1f55d1ba
f2a584c5
ccc342e2
25f3fa13
35c568e9
c1e0141e
3796fda5
18be5442
64e6e020
a497e2fe
911ca943
275eedab
2679657e
96f24e84
33300771
8d1bce28
571a3117
2ed9d935
ebe22e1a
c5c5b284
332ce90e
f1b98bca
e3644c47
2f89c0b4
37ca98ba
848c7d92
dae2c156
ffd05134
723c9790
3133f1e3
7effc586
ee6c9581
487f667c
771c4876
3c69de77
1db6d7c6
99cf3849
c0ea14e0
7236d0b5
38a8beba
5455152b
0f0c9cf9
d8389e77
031dc740
883ef60b
4cc26f2b
feef83f4
6fedf0bb
8bf583c9
a4ef2753
587864e6
4340dc43
513a041f
d7f57bcb
1632e76e
e1f71621
d18754cb
bb4bda76
b2ed8961
94f0e539
aaea130f
6af08447
3be7b28f
baa38e1c
451fd1c1
cb2fd285
bd824848
ae6844c2
38c08e0e
cecf31c2
6be0848a
5691dbff
ef3a385b
ea5b1501
32cd5ea1
a33855d3
9250a9ca
b17aba2b
fee9da42
791f649d
30f21e12
3078f995
178179cb
55c53bda
58ed33fe
ec18cba4
0bc86512
8114effb
cfa230bf
0c1a79cc
210e1693
ea19221e
d6b7f3d5
f1b1a2bd
d143665a
7ca6b81a
4b85b30f
b4ae0ef4
78980c76
e6214439
ed65babf
e6bed66c
8494b63c
f1ace6aa
c2e91fff
7eecc0e5
53905ff3
3823d772
fae169fc
4be55135
280d5cf2
f888db12
4f3569d7
9dd771fb
ae73697a
f2f03c1a
769982f6
f49b86b3
f67b2f65
3af27f07
7e7c6b05
9d2f373b
3b0aeae9
3bf43954
a7a8acf2
95128253
54634b28
723e953a
49fb29ae
2155cb35
08f5818c
6e1d1534
83e5d781
47a3f9db
d36dfaee
32cd1593
67eaa24a
aaf597c1
997023b0
28ea7b79
194981a4
32acb097
353bab11
efc51ba4
ab0eb732
5e522f29
b01dc648
4ebf7a7e
3c850362
d19bda04
df142686
c12c1666
86f0af14
2341588e
82cc6177
5544361d
360ab441
252fbd0c
2b751821
5397e797
04814ab9
71750d0a
a5477f78
1f7f640c
41c7ac69
c4dcf313
4b63ad88
670c7f5e
af486677
c271bf34
19797ed4
23512b7d
135debfe
6187bb0a
34ad4144
0918c4e8
f43fe47b
34325d92
8a7f2ac1
1ae87221
383a536b
965eeb59
7537939d
9604e7c3
76acf64e
8b6ce760
ba461993
46848ff0
68580d10
4c069ac4
df19ea22
71343834
32374df5
ce74bbe9
d9785cf3
0d22eba3
db2227fa
1f7b9d86
66fcc5ca
bb20dd7b
a443d1d7
1e0081c3
af31f80c
3818befd
cd820d34
4a5a8d61
43fa3c78
1b4428cc
4abeb759
4a1cde24
9646408b
e7e5c38c
de819d4d
27fbcebf
0be51850
eba6d042
713300aa
6bcbb060
67e0337d
56d579bd
8bd32df1
ab2b9575
243ab923
fd7c93e3
a849576e
dcc90e76
ae3c39b0
fb506d52
289a186c
c6dc6653
5297924c
522e9a46
be9de7a1
68f1a0fb
d36b98d3
32d78a71
159ef1d7
e7127fc2
e8b03190
af6d105c
67735dce
502b962f
c85750c1
4947894b
8761cb98
65c78c0e
400f0326
d1a824f6
555d8fe6
c18d37eb
8b1093ca
25ef6e69
fafe89d2
3a4c7728
bf270d32
4a107e14
29b7216e
9cafd9c1
f70a75f0
a0cdb20f
a7725607
8693a3e8
34cc917a
2dc36b36
a7864dd5
9520f416
51b6050a
f43ead91
0b1f0767
2c937942
1f869002
0610b36a
f39978b2
38f89a02
e47c7aa9
df0d8297
8febb29e
64c8fd39
8b3215c1
4c015eec
70552953
1586a382
c12a96a3
587c9897
0abb6388
98c07efe
693c6904
2d71af27
ba1a1432
fed097b6
05bf2536
976b1d1f
a3abc776
68805e06
4e964b8a
b65e8e6e
a2976b8b
e444d777
fd044753
032cc0ab
dc51ba7e
555f0d09
bde4c0b3
04d11a26
e0bd50fe
dee62f5b
cbbef911
fb9be832
0134f9b5
5393f410
9d7d3772
84072d94
3a1a5e92
4a1c1c58
e7696316
0f754d6a
3daf7e95
fc0cd465
c40dbdbc
2b080bde
fc30cfbc
e8b357f2
a5b58c3c
b669451b
dac999a7
a8e7123a
7ee4c8a4
274f2fa6
f543a43b
b884d690
7ad04d6e
74646f79
97899542
b307a488
3b62ea14
faef91dc
6f1efb72
9889b3a7
85a25e73
34b160b4
fc443d6b
d84a0f64
bdfd6917
564d4e05
2b5ab9c7
b7839959
13872f0b
02eb5bf7
7f3caae7
6801f0d2
0cee5498
4e98d4e0
c69b3c1d
1c5e6dbf
c1178400
eb70f900
cf2d5331
0b45224e
5d3e946c
f6f0cb64
fa4ef51e
fd9f9e18
e84831bd
0682c761
4735b713
6486685d
766b6503
d104fa39
002b7e93
842b6009
fd0a0496
9a53a51e
e6e4c73a
30342c52
a939d3a0
b05ffdef
997323ca
e3bcea79
ffe53bac
5559c99d
31a469e9
e0be1f74
86356635
4b3a1b3a
0d0cdf9b
4e49cdc3
438920b4
2e9de193
ee7a810e
a528a7f8
05dc658f
599807a3
152bc62e
3bea6f38
ccb69728
f2dae2d5
135facfd
ff64abb8
098013da
855292b5
15049e09
f899808e
105ff2c9
a8e67364
8d1815d0
56f530f8
e82a71d4
58695503
1c512daa
6fc86562
01c8a015
288bfeba
498a402f
742fe7e3
d457db19
c135340f
9dd88e89
2dbc71a5
eab1676d
c72fce82
f2d31fee
af587d5d
37542727
e94d32ed
46fd735b
6f13cf04
6a998158
3fbb0c25
18acd479
705c3586
2d9087f9
c38d93a8
337c6c2e
f55069f9
4cc93e79
2a435248
c11fbfd0
1641b06b
e36d18ee
4ce48915
66e497fc
86a5deb0
b08f60f9
8dab1506
8539b7e5
6114f62c
da7d513c
5b25cb4d
72eb007e
543528e9
0bc25551
b81102c0
ae93aab8
98f4aa21
f48ba86b
46dd20b8
61662c74
600fa321
74b620ed
745aed8d
562a0019
d21d0178
3edc2d45
b413fbb6
0f461060
5a556473
0578146d
d192004b
f5262d99
c2e36bc2
6669620a
3d1a8e96
62fc6c2a
f3dc6f9c
d6c4164a
be3b6a87
f118e74f
885390a1
76dac055
db160ccc
228b0fad
ad3fb2af
3714e64d
b1fed434
7d738784
42b4168b
7403b12a
1dba7983
a0bd8660
ddf9d533
0870ac08
a8e26add
b2b900e9
6833e6d1
66d0d601
d2285221
335bc6a0
208ead74
3ffbda00
aa9a8b76
8d385474
2d25124f
b62c3780
f66ee4f5
372612e5
4398fd59
98a70f4b
b8d8204a
ac256c21
0df9633b
38ed7301
c48103d2
4d07a38c
496966dc
a08ed46d
514256e4
f3ff3c5d
785103ee
252b44a8
f3bfc9c6
f414d53b
ffa247fb
ed18f495
6c9158c5
bf3f8e13
e829c38a
8c446ee1
ff0291f9
727b69cf
dde7b8c2
8ee8215d
a1e92f41
1844e245
265c3380
9acac659
25111d21
8daaa22c
db94179a
de7ae6d7
259a32ce
a6bf2d56
f529857b
c4ce4cfa
fb5818ef
c0a8b6e1
9aab4755
f6f0bc78
22d13653
0dc78b16
959713b5
2588809d
9f4f3b8e
d89e9b36
5b1b1378
7ca498a6
e9e751e1
233502b7
8cf25106
94fadc1a
d3c10f37
1277347f
345e3a8a
f8c55ae2
4b7fe19b
1d5040f9
e7a9a0a2
915e4675
f0b79918
6fab35ae
d7ef5e12
8c0563bc
0d8bf960
2434d32a
e47f6434
6f36f36b
82daa11d
a7d592c8
108913bc
d86aadb2
8743863b
4d6c36d0
3f3e6908
d372c97b
98689232
161d0426
96d304c5
018240ad
9e8e8e07
cb9c7937
be2ba9ab
c6f740c2
ed698a00
87b9a6d1
e1ef72d9
57a55a77
4312adfa
87e2209a
621158fc
4fb6ed8e
2653c175
a113c8bb
247d47c7
25f58388
dcfaa9cf
f52998ab
d45b009c
b8543c5d
9c40021f
d7238628
1a46ed7a
90c91c3a
fb1f9006
b9e495ec
294d445a
b7827455
fa7dad3b
697a699a
a5b870e8
61d22480
c91b8d9d
0ba9c67c
f53f8b5d
a3d4b70d
6781c8ed
b4185564
813e96fe
a29eb64f
fb4cb4d6
7bc29d7d
3eef9e45
586f4380
11e57b6c
c851ffdb
128fa4b8
21bb629b
07035356
b8dd3bdc
8a6e4c34
6be26091
5e7ac26d
ee6b1166
6582422b
7ec95b5c
b2e8d7be
a5a6894f
713c6a03
2e1eb33e
1ea0dceb
1434d3b6
4c0aa1b0
b9484055
90d52cf1
1f7ad6e3
d243b204
2d5a8c1e
c2b7aa41
b3335f32
8e1d1b54
9cd59579
b7402e61
63692a0a
6441514a
f58252f1
b48d5ce8
86faa4f9
a1f113e6
3ef6f97e
10a4d3a2
ebef1384
c12d5b29
d8bc5363
fa5ae09a
97793a2e
32cc29af
cc802b6e
e96148ca
cc66792c
1224a978
ca8810d4
49fc8bd8
61127814
6718a2c8
a2dd1db6
17e1af44
5515dfce
118d5415
790a53d4
938ecb0c
45aa343c
ce6db0a4
68afdf33
20b7c64d
11fb8891
b1a6fe89
ff041191
5b498f54
03a034bb
f8ccd080
96554c0c
20797ff1
c1eeed0d
5d17864c
3cca8c3c
d76bfcfc
0e33d3c2
06e60f71
5581ca01
000dd3ee
927a0b46
46e7ed8a
61572beb
525646da
5a0e1a84
08a8882f
3ef2c49a
80e98231
2c96022a
2cfbe337
673c4159
c7f25926
9599aea0
20678dd5
b344e11d
67b062b4
802c9830
4cdf8181
5f9ec1bd
b93a7764
d051645b
fdf8d2ea
8d529dbd
f63fcccf
79206a59
c3492aea
fb5b444c
42c2b7c6
497ae095
3682062f
3cc838f5
dd33e75d
f468597b
45186889
aa17154c
2902009b
5d627274
951357f4
09631c67
e1806201
70aa7cb0
7a72d529
190da2e0
3e83a2fa
441c5d77
17c8dc2c
4ae44183
26f49fe5
53af642b
aca86f21
c54ba25e
d6e090d3
75a3545f
356a2556
4857624e
7962a38b
92fc71c7
756b5229
2c63e547
1d2bf0a4
432947e9
e856de5d
24b07872
8710dcd2
1d07372f
2af6c677
f105f226
8177e780
96539d59
bd068a25
29f9b94d
e482cf59
8c5d0971
79079d9c
cecdfd46
e922093d
27033e35
a5d8caab
0094e73a
4e28ff3f
471c9fed
ab7f379c
bd800982
ff5b552b
b05e65f8
b15a0056
9237d4ae
7bb2db15
a7efbb1d
4ad98c29
644998e4
88fc6dfb
ed77a8a5
f1adcc50
97e31e0d
4b2ac000
ddd8fa51
2030af5f
2bcd55d8
06486dad
7317583b
34c6d6a4
f20d5a51
2f20ff69
1d84150d
343fa340
e7bcbe4a
9aebef1f
ee6f68af
d26fac33
ca7c3614
4308e55b
7e2a3132
d58c58a1
9e9a9440
fc6adb6a
d75cb803
bbb4921c
d9cce55a
fc6c6b6d
371bb920
d4057186
a89b7c2f
4e89cc7c
8e4d802b
d5c38260
25b4aaa2
ea4dec15
01cebb12
0a210657
d50e58a9
51b9f19a
a9137207
4632a8dc
b63ba644
d35f9d84
5459a35e
9b6b1f8a
bdbbc37b
fa9c8aa2
80f8b511
fcada7ea
f484804f
4d79875b
7792b03b
214e4b0a
8d8fb0a2
ab4a9542
cd8d173c
928f1542
b1ad2863
b4906052
5c7ff29d
2eaa235e
bf7333c5
585d985f
f2566b7c
fbae1849
992a1e39
0a734798
dcb32437
5637b223
5240214c
98a68e66
69b795e7
6e2853af
1520545e
cdd9a8f0
72037d0d
7c3eb960
ec8106fe
d2782adf
b4897c4f
36624ecb
a3a8e9a2
3fbce93c
c22d4ae2
d6b455e6
84788f2b
8235107e
3c1b1269
5491fba8
a535aaac
eaa8cd4a
e1598d1f
382e2ddd
f8f4a86c
5138613a
854d2e3b
2dbd48b0
aae9192d
3d38e8c5
1fb3fa0e
33086350
f11b76dc
c3cd5468
93ec2ca0
7aa011fe
f7bfaf5a
9e218bd6
3ddacc55
5b00b51a
7b6cfbaf
3e23ff55
ab612963
d0eebc9f
b49e9a8f
03060c23
6a0493c7
3e69979d
f9f4b41f
a275fdd2
f5a5c64c
90f51b46
422af1ff
e54f8d68
80359d56
88322b79
5fe3f63b
61766f09
e5e9475e
38dea99a
58934e2e
bc7d4de0
c2c43f47
b3fb22dd
fb027431
bede1534
3c613d54
a1785cfa
0cce1dee
de8d3227
ab5e2425
e65a8da8
a54c0abe
3ec5e2bc
7f439ccb
1f849425
c3fe949c
4def4a05
6f634e70
d61f448b
d7c1489f
c1b6073c
61516962
588ceb17
0e678e5c
5b89cc7d
1f5bc225
053ff377
54748162
8f743c0d
3b5039b9
fb3bd002
6b1ec2f2
bc9cfef5
23468b2d
9a495f49
246e9411
5b4c7d1d
02837399
5c113f0d
40c110ca
a7d2c960
b31f8a2a
72590725
5a744326
62011719
d9b9e2f9
2cb0a608
3704f314
fc9c5400
15fbb74d
b4cc2246
6137d534
e4123fb9
8ed1484b
013d826c
3bd65c2f
318f8c9d
4d8df7dc
504e5263
57483553
788768a5
369f3e9a
24fb3287
d5e9547d
cde28d73
bfab8a57
8f1a4c8c
ba7a3b4d
31182689
f2e57e6f
50641768
a6527094
45863794
7d77ab00
a9c64e9b
7d83722f
f6f9b658
178244db
2ba9b00d
021b8b97
c9ce2c3b
10609a79
027e66b8
6d514da3
982bfd10
bda59843
d438713c
b26dc0eb
a0416238
c6f9a8d4
4c96ebd8
d1c00862
ddbaf4b9
fabc8569
cea39e73
5007267c
cbdd33b5
724b4f3b
a6c433f3
9f46a779
fe5fd3b8
a632638f
5b6b67cb
ffb3958c
19f021c3
d10d4551
c9ebc603
4a491535
4e4479b5
179fdccf
64cee9f2
55db9fcb
3abfe6f2
1b53a7d1
395146d6
e76bc059
7169f62c
2987b405
97150381
9059c9ad
a1ccd285
a4db901f
c1e40ecc
7f121f16
8d9fea65
007b522f
9c97e0b1
89ae0ff8
c0f8ff44
901eb7a9
a1acedda
fd56d82f
cb08f5c5
2ea7e7ef
6d56011d
27fdca2a
bc545dd7
e1c92dd6
8ae18ef6
19842b31
ebafece2
272a4918
faabf8c9
0d4558f9
860454e8
f39cba2e
30093725
f713b87e
ec637dc3
f023804c
ea6dcddf
c7e4a56c
6212ca2d
88f9d759
e416cd4d
9c841148
53004db2
2d8dd22d
ced35099
642d5547
4883155f
76c24b06
f8c00027
9a79a07c
a688b8be
4444cf06
d5331006
f9ebb8de
bdf45bbe
0c8abbcc
26612d60
f746b298
0274f468
7598b1d2
71c8331c
8b19dfa1
5051f36b
49117270
571cd325
462f2537
624471a7
ab93186e
18fef432
7926f9c7
254b5a89
8f9761a8
ccd26405
7aea6629
949d78bb
124089a0
c9c6313f
db59344d
8e42a4b8
12caf6ec
8c66e424
c49b380a
aca2640b
b8c8fadb
8ec178ba
847ffd60
16c666c2
f3c05a32
e903018e
986670bb
bc3dc206
dad05c47
5f32e66d
ce65381f
0b46236e
8e31fa49
c8e8eac3
7af607c7
a379af90
d14458c9
1e4b949e
afbb0f32
c900a253
0289dbe7
f8337d3c
b6c8ed30
fcd3e338
3673bbce
f51d5f9a
1932ef3d
50ec71ad
7dd4caa4
1e636a85
fecab410
ece2889e
9356a1be
808b3fd4
47863e88
a8e2ce06
28521676
928ce16d
5aa09dfd
41b4c36b
ab3c8285
7d4babff
2c956e23
3003f22e
680b687c
325740b4
436db077
1b81501e
1fa478e3
a243ee84
6a1a9b2d
a758545b
9a107087
db83169f
a1acb609
da78fde2
6eca316c
3259a0cf
df184c60
742373f6
621862a2
aae9766c
8ae18133
a7b3e9f6
81b4ca40
748525f2
af52f3ff
7ec36e85
4989f585
cc2e7d50
cc50f8bf
94bf20e1
8f0ecbd6
71aab299
f4b76b28
cad1f044
2c385624
3474acc2
0ef7be0f
dd25b0fe
274dd236
58dd514d
44dccdec
625e717b
f82f7ad1
76015d50
8d8d4762
885959c8
c0b2e5bb
74d3bca9
624974bd
ffde65a8
05306923
3998db40
bd146785
2ae2d191
047bf655
bc71e4b2
b78bc51f
27980216
d60b81da
9fd7f234
8e97a2ee
64bc304f
88abcfaa
b54b1f85
28fd3a02
75605abf
48ff1f0c
a1bf9adf
b0f83382
6966cab4
fd68402a
030d0d6f
577499b3
0c695da3
f3973424
6d06c336
34ee7f6f
dd89060f
72e515d8
fcc93880
cfcf7485
383f781f
297f2f7d
c567fcc0
4d3ae4f5
59232b5a
535f013f
3a410fea
d4055e2f
fa110501
03a51d7e
815488a9
e15e1c2d
f18d8afd
58acd6c4
54781411
8280fc49
5e279f90
0e4e69b7
ac65b287
c3a24f39
96fd620e
7bee4720
1acacfa5
bf30fcef
4427e42d
dfe35c02
bdc43887
e786effe
7fa370f3
47d63b28
c78fa688
b4a7c058
dcb88f28
9f0dbdfd
a8b84621
f3310389
1446e2fa
2693e3f3
cca63157
9b24a5f3
89f21428
45268ab3
bf36aeda
cfbb17e1
83b580a6
837b4855
eb01c172
f037f64e
1232a377
8bf081a4
dfd24119
69587823
d279de66
fc40271c
f1a08e77
1c6946b4
86520ccb
b0aa705e
8219eb9d
c7445ead
1d46a16a
929fe700
e4de485b
90b25cb5
127a0516
66d4a08a
af8082fc
7f680e89
8b1435dc
8628b4ec
a28a1870
64bf7356
668f9fe9
1aecc081
a2a93f5e
1784c68f
e6270265
11d7276e
fe51f93c
92c3e142
097a7bc8
f33a6c89
e080d0f7
2c514d64
8966e4bb
7f4a6585
64a65ea8
1ebbf9c3
7a080abb
e1fb407e
76e616c9
2daa9d5f
5f36f8c0
223383ba
166e390a
ecab89c8
3d6fb7bb
1316e796
b3c87f32
a469bb0f
1b6f8fab
b28d81c1
a82546ac
37559e3f
2e6cefde
8353954b
e3efee04
ca7a14b6
bc726e83
65640ee6
61f086a4
5be43840
909af815
73221562
fca27bba
73e60e3b
3bf3b13b
203f2aae
8975220c
7c48567a
e7ecb696
4b8173ba
d4434071
cc4a19f0
e5ed9e3f
91189a20
499c6885
dc1353d6
a52c2b5f
a7bf72ed
ccb4b68a
3302e646
7b701d99
7aac0562
497e7d12
37635f53
de84bacb
4c2d4b5a
5db6c472
a6fe1048
b841519b
366b3629
b2059cad
77342fcf
650715da
9d6e418d
7f044060
4dcb15ad
77919e06
4cb89c49
06deca86
78eabfb2
7a349324
6b03ef4c
740b5d0a
6a80a9dc
b1d20a3d
9097265b
3c3562f7
78b77237
629d70ac
1ae99a6c
031d773d
81242635
2c6455ac
343bf9cc
c0bb8fd5
72612fbc
b48cec42
efc73e04
04efa201
cdecf5d5
cad61d7c
f0093f7c
de1e8a62
2a7a2e30
2e13dc74
405a5c32
491a149c
50f06280
1b6ae9fb
87eb76b9
3ba8d69e
11394256
14e26358
27f2629e
271f2353
d71a51fc
7473b49c
0195401f
f79bd4e9
aff561fb
58ca6b71
2324cd82
6d199453
7f02a8bd
490d744e
def7a585
5a584ecc
1df69ecd
aeb643f6
55ce48af
bc04c602
ab7a0af9
d009616b
dfbc3242
aff4ee0a
b1fbfed2
2b26aa21
4eaca260
f7b49ff9
6d2c928e
b7c790ff
54d496c5
c7f63723
f56f6ae1
2ef9e1be
4ee1f0ea
146899ad
2c8110cb
b159e838
704b24df
a727547c
8fbb93ec
a5e3704e
87f553b7
ef961257
626918be
5a41203f
a84608fe
28ac233b
8a1826d7
f92959f9
4fb65aa3
a5ef4250
89cfc4aa
9347a5c6
fc349408
d753d503
13a99e2d
885a24f6
a61d5e83
2b3eec52
50b160eb
bd7fb56f
32ee85e6
ce9e01f6
07bb3996
f8196a5a
3b82098e
f5a2f1cd
053e40bb
84b02e39
a33af398
90fdc838
95f2f382
12eedd3d
701a03b3
ee8dac39
f3814029
52d9a313
6dd196d1
a2d1cebf
8ccb78d6
1e8d1908
efb64721
01f331a8
7f7eabae
ae6e7700
e64c02a6
de311f9e
edf3068e
7abafcb0
5e996800
a82ce3b3
ec960c59
480ec302
29b68580
1cb80b13
1ef19216
7780d490
a979fe63
7d46bc63
bda71b77
6c075f5e
98d8727b
5ca97c03
d57995dd
373f8cdf
1a865db2
70631987
271bb114
4fa3d127
f017783a
ece79227
4f586a08
6fc743b8
61913ef2
75e1221a
6c90b6fa
2d25ad40
3c2f1479
71886760
eb0dad4c
e74d3605
507a73d0
e050e989
7f3f6cab
c7a79bc5
01ff9322
03a3310f
e0909f14
720c015e
ef9c3465
3bb181bc
b815d6bf
911a20c3
03a76f28
a595f27d
91a4676e
d183d468
9f8931b6
9a6f234a
d2789662
c528c25f
e54c7f5b
5d738881
002878b2
f95bd23d
1f96520a
c7d56bf7
bd3a5783
5fb1740d
351b0e4d
aa23a5c8
f85299ea
d6b5a3d4
d27d6ab5
61f01c36
0521eb55
81e4a064
3aad6b79
232a2f5c
c0e9be3e
bb4da5d3
8169ea95
4f803ea3
1435d7ab
09780040
d44f7a34
02b3ab2d
60613d36
d2c4b222
61fe59d1
21de693c
f0ac95bb
f5c24a79
7546c436
d7c07b54
4be9edef
253db3f5
175edab4
370b2226
849d6b49
7858f4cf
e83e9f7e
8e14b52b
cfa8b3b8
5719b128
7d92e0fd
a508bb9f
92fd1b36
eba3b460
b34bec67
d4eb02ef
5537ba03
ce1b44f4
512110f8
90270b12
d5d03062
e4d2e59b
e370fb4e
d517618e
db591d7e
243675c5
0d89d0ff
52710f84
e4296d83
ea10c573
c1e84291
c5a73f05
bcfaaf4e
54e9e2a5
e3eb4d61
beff69c9
34c909fb
2de52bd5
87f81c2b
6305e15b
12f7b731
0cabb012
508a3856
10150061
efc9eeed
33aab33e
39ef20f2
faf07a46
fd10409f
f49a48fd
edf6f642
63f43fef
6dd66b56
e5bcb722
99cf7c99
f1a84ba4
71162c2e
aab70a22
575e8b2b
19e3986a
4b1da680
ac5cc0c7
d17470bd
418d7022
13d0eb4a
3e7cd560
8708ee96
09525856
92b3d939
76a45b2c
e3015c63
f2291c62
174b8e51
50b6a5ed
714293f8
9843a90d
af96408f
36f2cf1a
345b2348
6a657a98
1366179b
6eeb595a
ea95bc97
8f7f379f
08b9a697
dba218b2
73f09a46
f29fa8c7
311a88fe
5e0a8ab9
d1aca9d8
f81c7616
11a8879b
cf841565
22a07318
e3008efb
a7d4ba12
3be47a33
ba7d3daa
767daeec
ba19c09b
22bbcee7
e876cc56
b1b6d5d7
f7afcf0f
c85176e6
e5cd60c7
f847ad78
116bc800
2e29b4fa
34bcf705
e0ff745c
24cefab4
7f26e361
c5be2b83
79625628
ff18fc2d
5cc869ef
2c24151b
385a6762
141215fc
03e321a4
b9345b7c
dad0b44b
86c64e6f
9db9a1e9
5178878d
a81af2f2
26792d34
4e7aad4a
8231d73d
6d1fb90d
fb19f047
06a92eff
61d9c402
daa1beac
b16e042a
49103c0d
787f9aa9
1f641723
4c662b3d
d2ba55d3
f529b2b1
3c3e5ac7
793e4697
3861028a
1d6a3651
40448246
c44fbed8
a1722819
235fa2ee
424ab855
cb941104
72467154
925cfc34
bb09984a
4c12d20b
dbf2e03b
2a8bcea1
3b052f37
a2d49bde
4070cab7
5ba8729f
6ef87fa4
338ddfac
864b919d
b6ea47fe
67ce36b1
f9540643
346b6689
d9632fc3
6aee4bf4
7c1fb8cf
32faabe7
8494eef1
e7bdb799
bd9a4001
89ec92d9
82524b29
9b0da082
93aa3bc1
3e16f2fc
31a3dd98
d28cd897
48ea7e78
29acf4c7
7506db62
394f1a0b
0afa20e5
d1ae0977
17ee30ae
f6250b2a
7cf51f6d
0a950798
a16ecbec
f3b958d1
e87d6bf4
d402dfaf
37e9c38c
3d8d2076
57160d79
12e199c1
70acbb0a
16d1db57
9931e04c
b9962f93
f36cfe27
90657076
fa576b33
a54d505f
76b7fcb4
332d0828
1b95d5f8
09065944
7cb8c344
9a28f710
b6591ff1
37f8566c
fa2575d1
282b3889
2147353d
65f66ff7
8fe2ee13
64567aab
3442ad84
610de45b
e04fb8cc
a6f8eda6
8d9bdfb8
d151443c
fe60db3d
1d06972b
4a160832
c66677c8
2959469e
bedd4475
11c84cd5
ecad94ea
4ea1aa8f
bd1ab9eb
bdb39d37
d45811ce
981d3d9a
141c32a0
71968dc8
d83f6b82
77f68eb2
e11ab681
63bdaad1
90b9547f
2dc651d0
a53dc9a2
066be9ce
dffef03c
7116d8ad
5ea4e587
e75c239e
93c018be
0ad72b4d
f0ea4df4
18152080
6a685210
f73a3e56
b7645775
b67ff40f
2adf4b49
937512e0
fd2e0f23
d80d7983
43449534
4fdd87fd
5ae53b47
f949640b
c4b7e650
bd22ace4
0735c658
b261a188
9cf23df1
d721cebe
37d0365b
48247d2a
91d66e9f
4bc0bf22
2ea5cb87
070a60c1
09aa5379
f61080cb
60e71529
2f181c94
0da95f9b
cf687eeb
8e8cc6c0
ccdbc250
4da83e5b
84faf88b
1b4abf6a
642f40c4
d1a10231
2b83aebe
9b7ff727
0c79b2d1
1abc955e
a3ef979e
ca726189
1a36f022
6bb351fa
d51b68ad
2b53bedf
d7f0d60e
96c9e0e9
5116dcc6
08e9ff0f
e191c398
96c7706b
63da4b31
6f76b51d
a7462b9d
8fc27dc8
fe6cb89d
9f9200d2
1cabc22b
cca73d1a
072b4159
6979b491
337986a0
18878c3c
088227b7
7a06003b
e4555583
24518c61
032b00c7
87144bee
952aec55
9a9d03a6
82fd1d47
813c8e7e
701db9f6
b78893de
59e3b272
36baf03a
253e6453
7bef509e
f7d21b14
b80c5442
e5bb4f66
af8085e0
e1ba7daf
f3e0ea52
ac60a419
240237d5
3f10689f
581c5ce9
3988a92b
fe02455c
ba406538
276f1d42
9a3efaa9
13e259f8
594a9c28
dc511a07
8fe7243d
0ef7ff0a
2b6f0cf5
a4c1bd18
4db536d5
b8d12b09
d0476a4f
700eb393
fff0f95d
959eeb80
779c8f51
ceb516a9
7602098a
bf2c48b3
4934fc42
ae8fc32d
08216357
d0bdcc04
8dcd025c
9d6172b3
1a0684fe
a5b22f49
e4df154b
255f97df
dc5adbcd
36caf5e9
8621eada
f794e7ff
e214cfff
04dca984
764e0117
2cfea225
60431294
00668dcc
2bdd2099
d64ac923
658a2615
b4006cee
8b181dfb
8b3e35a3
2692f2f9
7880c36f
32d35a66
666998d0
f7767695
e95a79ea
0e0ef281
5d323463
b0d2a913
f75db935
4f61f05f
0ef6482a
9a9fae3a
7f9e6f0f
0f45acd3
01ea3e90
5d1f9c0c
4d822d12
e408eefe
04adb5d7
a6c27075
3cbd9e93
9d6b9b2c
4ee36bc9
77bd18b9
fd880ffd
14d5a864
d071bc81
383b73a6
bbd3b1c0
879d3762
a1126b1b
9c22ccca
51d1a65d
7f3f2f54
265266a1
4d6fa590
4206db2a
a3848b0f
43d67cd1
795d337b
5be44448
be0bd66f
108f32b5
3994a839
4623ad4c
392c4776
cd4d9c00
696ce791
51d7145c
c9c58c43
ccc96ff3
2f5f3afd
fa44795c
bfb41a01
37696a63
18648a9e
a8741356
d45c5962
710bc78f
5556e37a
647215c4
3923eaa5
df9940cf
660c5277
1624822f
4a351aca
a4fcc0a2
18167f62
e5ad4e7c
b961e314
a22110f2
7c3df015
0dc03a95
97efd2e9
a6568352
a4429957
593a8e73
d906a49e
fc9dd910
411b0d10
c099226f
a5df6171
add4e16c
4a810892
12c99906
fe2ac116
de3025d0
ff26b0c3
3708f785
ac1905ba
db4c7755
08934a7c
3fd00787
75ad8444
8b720db1
6397028b
3557e77f
fcd0267e
9acac9cf
4690d9f6
c885ca76
91fb0c0a
e73be49c
caea7443
cbbff8d8
1eaeb898
afbd9d57
dd803f9c
70b3d2f4
f443c533
1ccccf84
c77a6ddf
a24bc0c9
e0d0d150
21241ae5
abfe0ad4
5827d5bc
37808876
6b3cd405
600aec7c
8aba7b20
bf29ce02
f75a5c98
05de955d
ddb683a0
9a653772
b081e317
58781617
77e0fb2e
60a6a2c7
662c32b2
99a2b14d
8e049d49
d0cefbdc
43b05b15
42b1888d
730355c9
015c9807
4d851e8e
f120e1f6
96ceb6b8
ed682c41
b7ac56a8
266ca617
e35476c8
44947411
e80a5ce4
a58dcd3f
a6d2a9fb
2d9905f2
c8f6d7f7
b58ac4f0
91928d5b
82ffb47f
ad2ec6e5
5e084ff9
88d823a3
6b84cf08
0c2e48c2
9572621c
fb73938a
b08b5fc5
11a3c8db
e78a6172
058d6614
b6dc5862
26d9bf42
9f93f08f
5f229747
d2ec6aef
a3093b18
58225cbd
e5a948ff
d418a47a
42446f89
25dfa42d
d9b29e00
1edd3221
cb24bd80
cfa59fdb
7b7f9b05
08a9fddd
1626f1bf
432780b4
393c88f7
ee37972c
2727ba43
47e5992a
708ea817
4b9e6c85
dba0b488
2707591e
4baaa837
ddd5dcf9
e1a5ebc0
c2ec2787
39492425
60473ed3
7711c0ae
d4f589bd
87d4a869
1ab8e612
b4a6a676
039b2cdf
7ff73a06
63df9871
3331af1f
22c564f8
55fd6a4b
993b0f54
87193eca
0afb7760
692d4c5e
ca13af0a
6fb57d4d
7d769f11
077e8ad5
747d86df
dc975589
b3918976
e34fa530
6d0c0051
88297009
960f2d38
841a609e
bad7aca5
a6ce07a0
8d2620ab
518b4b17
378edc08
21c7d728
7cbc1eea
8b0ab173
80964c49
8edf8e56
5a3add1f
54c8587e
b56a9dd4
dc0a607e
b2fc56ff
c0db4649
c6410106
d1b4dd2a
2d9dd8e3
3053b0bf
ff033b7f
45c142fd
13be1276
f73741f3
7b49c623
057a3033
235da5c0
38142ae7
9d6d0d27
ace66e9f
92d74a72
ffe18255
2cbfaf90
36d257f6
3230ff09
8fbea6e4
c23688c0
5cb97c19
0a81f75d
fb35bc8e
42d3d1fa
c330fba9
903ace51
372f9280
831f28df
e1c1531c
cbb91555
7f4a76b1
8dc0213f
a58a9385
44a4ef97
f92dcd1a
d39801cc
807fe008
6c735310
e6358b4c
7f38484b
4d41c0e6
e44764f1
206deac8
d7f7dca4
25f0a2ce
4c5817ea
b3f3c61e
892fd43d
5e4a53d5
bb9cdb51
1d587a5d
9e4ef55d
71962af0
eb864608
38d8657a
bd596ad0
e8947ab1
e66f65b8
60eec642
1896e3cc
815d2366
412989e2
8d134488
1be20695
e8d9e863
9be93fcb
741de994
c1375743
bc0b8964
435066c1
65025fe5
392593dd
4dfa65f7
74a17c01
ffda9a20
905e3655
fd7f2af7
fcc017de
fb467c71
bbc009f5
af926c68
c4f533c7
bef27439
1e574609
a3b32d97
caa46e0d
7c2b2e69
97918ee9
2213969c
91342f49
60bcf55e
d227c8af
9b46bd71
9c33dfee
c2a4a9e9
d1f67ced
a3432836
37b0f1ac
05cec3ea
3cf121c0
3a326187
b25be494
2f1418d7
aad66054
bca64650
d0d2a54f
0e2a75d1
b57c4cf3
f526c842
4207d947
701d905a
58fe75cf
20ba4011
4071cb56
53114a6d
3e1a718e
e33a70c0
820894ba
a910b36d
11282e2f
824eea1b
12d334c7
af3d167e
499daa96
f4a98a4e
595b3ee7
2ec743f2
c7e7b333
1b7a8707
51c3e5e3
d2868eeb
742a73bb
10fb4a11
94b07762
1ed3ba69
c7d7d629
f213332c
b7cd95f1
7981c4f8
63ca57e5
716b6151
cc94fd6a
df982a65
7ffcf86e
f3793922
94a09d25
ba2e4773
bde12e6b
3d8d6bf6
ed1b2440
42ce1568
4570336d
5b559872
b0b6df80
c4db8d04
db93c9cc
1316878b
79531a26
909317ce
b624fd92
d3d3ac8a
13b9c31f
413a78d3
aed2656e
e91cf28e
82fc252c
50b52cf9
89a47745
fa6d6d03
26e8a9b9
908d5c75
fb0e30ea
e7c8e7d4
9a909864
e4faa79f
215dcdb1
bf096559
ffae6290
542452f8
cf948515
75917b00
4a1333bc
fa11112a
7eb671d4
d9cdce96
d4455b42
d0df09de
4ac744a5
6d9ab191
724fc309
39b86328
0056f920
b5d4af45
2727906f
0db7c7a7
0ca6d21a
19cb6695
411566c7
a5beb322
4774bd2b
5b924b30
9620903a
e02216ce
07c55198
526cbebf
43740684
dcdce734
604e8e1a
65de98c4
e0feecec
62e9b9fe
9233fe48
bd2cddfd
89d087cf
e4730fed
6b2fd130
fd91cbe5
1f2980d2
2125910e
fae51177
2e8abc46
9f436cc7
c0f80ddb
65dd47be
394702a3
2c35c95c
49cdf180
71bc2cde
95e58198
f9f343e1
83ed6a94
02e15372
b108dbc2
6a6eca75
a36ff5da
4d773fe1
cf55c26d
2f8d9c02
e4393bde
9284c1ba
8881d33f
222a91d7
cda2f0cb
3c7b5ece
9ac23212
1b16158b
fada1dd6
9e4a0e07
05e6c3a5
0059f4c4
c7f65c1f
61d2f9fd
4423789f
44ef4dbb
bfe9de5e
2134f7c4
eb1f7ebe
e26a62c0
dbe5d62d
d642d3ca
6ba52899
61489ce0
35772c45
1da591ae
9ca94346
94f3afc8
ba0d4f3d
1002f4fd
fad68ac2
2080b473
6fe6e4d8
c9dab355
dbfd0b83
e5a371d1
1f83791c
db0662b0
fe87b538
9ddf1fef
c51cd63b
f038cfc0
4bd11baa
249f9c2f
04186fe7
e780d639
a41f0e1e
63507b8a
6f7d2bad
7e118981
9d3097be
1f44f2fa
07281b5e
cb83913d
75c564bb
b8829ca4
487d5059
4c83cc5c
96b886df
03e37144
1ad0d0b3
d95954eb
6148426f
42078b3e
6136bf5d
5efd0532
35b66ce9
6d4eb1a3
2fae9846
73ee7c5e
f4b94e3a
0cd9f5d9
61a25241
ed29917c
6ba48a27
10fd7006
7d0c98c4
75dd057f
bf74a751
cc951f8a
2c32206b
b7683e00
1c811527
8318a9e1
27d0a0ac
0fbeb266
66f4910e
57166679
48c58137
f560306d
989cef66
79ebfbe9
3c155536
653e540b
16d062b3
5319586d
056c1946
b27feb16
b10ba7ce
24bb36e2
13e9b578
b4d7cf6a
d93bdbf7
f6c6ed6d
301f72fd
9ac06816
e05aa679
b6c5a9ce
e752beae
27fbd2f5
6271bb0f
2ab31e36
73614faa
35c49cd2
bca25f8b
bb03f395
67f3b13c
d6b89b8e
4ed2bbd4
640472f4
97d2faac
8e50b751
4881c1b9
a4982a41
2df3cc04
af31c18f
58d60f04
3b610661
1c5013d1
cfd43870
e09bd52c
ca5d01fb
eea348e0
48959929
87674e9d
ae0ab36b
14bb5747
882ab65a
d9ec9ccc
67874fb9
90272a73
9ce51734
61592a07
ad7bc7a6
c738b868
78b8a530
0b0d112c
6c2cda53
a633e1a4
613945cc
3725ceea
bc20d38d
cb5ed86f
0ae6bf6a
4ea7c6f6
6deb99f7
80456b4c
02feda24
11c0fdcd
207af195
c75a598f
6b6bf311
72413089
0b847891
d109ce12
223c6ba2
c8052932
d666abdb
ffd63d50
b60505ff
1566dac0
ad10de13
4117f05b
4d2483cf
38baf262
3aabaa0a
7c75f371
eadf3c2a
09d5d12c
ffb44e49
b6081b7d
44d7655e
8e71ed80
29b39492
7571205a
ff33c321
3d7d372d
000f3934
c6d5107e
0a54eefc
ea087333
a9ca5908
8abf535b
ca774e7a
6cd24001
f9815c08
46fa6452
14c2e98d
3ddfbc3a
65b9433c
1da44966
46f0df61
1d612b36
7a39611f
add426fd
4915a2df
56d965d3
f0c8ce86
f5dc70d4
a544002b
44125576
1dcc8213
483f80ee
d011c6c8
e66834e1
4d3d33c9
c7c0403a
fd2cd3d4
0a2411f9
04a72598
f602e032
4199c6dc
090a1296
60aeb69d
c8960ef0
ebbadc76
1ec1a5a9
266237dc
603cfccb
0fbefc47
1fc68263
b3564976
f59f46f0
9aad6065
46e11d4e
25917fba
74bd4c28
2c0503b9
a933a5f6
a6c05c6a
d6d95ce9
6e0d59c6
56bc7510
6dc289fc
7032815f
2841a250
518f5ec3
ea351b9b
ff1827b5
0aa48346
d4913f1f
346e881d
0a3caaf3
da0c3b81
87220089
1b9dbdad
12d4946b
b5a6ae73
272ee204
8f15519f
482b4ca5
b4cd8cdb
b3bfb0b9
9a4e2f00
84b809ab
c06e6a22
90673850
24b8778a
ca231267
97d777d9
d1ab49b4
8fe0d9b7
e2da0e1e
562a4fea
6004f768
817dd2c7
a25979f5
9a444155
64d1cdd6
f6ed9259
097fb69f
a8868216
6f7fa296
e7c3702a
e0e81b13
8d50a41c
79c488a8
0cb9aa3c
232892fe
edb4a63c
b4937840
079ef7a6
96754e96
2a6e1369
e19542b0
96eadf0c
bd174423
8a3966f2
72079f5b
cb96c1af
e54626f6
1a95378a
6f750c5c
826f0a10
133cdc11
88726fc4
b78c85d0
0cfdc4f6
720e1235
21c79e52
dee3aa3d
95a22cd5
5412e0be
53189364
f3aaec9e
e8cb4ee2
1f63c184
df0b16d4
f032d8c4
48a70113
5cd52da0
86f5fde2
a24f57d3
a83b0ce3
0cf8d476
ab129561
e1e6cea2
4620c76e
f1e90281
96cbe86f
c395865a
5ebaf79b
91e764c1
a76acc58
6d9d54c7
c44c414f
0abe2ae9
8c9d26a0
a1c1e476
ef11fbed
3dc8b55c
ab967b91
d4fb9972
2b10563b
3d711710
4c98aa04
d29613a1
a290e642
52efd233
e58e2897
acec405e
60cd0eb6
fb887621
4699778a
56659788
79830ec2
d9c6582e
d0c0872a
7301bdc1
6f9eb805
77a04d28
9dfadc3d
06438576
e1109b3b
603ef11b
4fbe7754
81a88489
1c2c16ca
e57cab70
cd202dc4
2e57487a
1cd9a5c8
46bc736f
0f3acba0
9f2b2416
08cfd9f9
9232a4a7
bf5a447a
577be128
ddedfac4
d2fede47
7f804748
17a2049e
c4aa6037
5229362d
f8293c5f
beab059e
230160d7
c9870b5e
d4f14bf7
2a8d49f2
59549de0
ae2db2a9
e0f7edab
94e7222e
6896946f
3ae5a8c3
af44adb8
3ea8b046
119d4fc7
cc0cb079
46c2d77f
a0214819
0a10a677
a1b4242a
9913b7aa
55a762bb
5989eca3
6aacd301
44f0b170
97934ca4
59a1a7b9
0f2fb891
7b20ea58
95be2b53
a278a9b8
2977e620
9345ae6c
364c42b6
ba414899
d85db799
d59788f2
3d4843d6
3b031013
eb69db99
0e3aea73
cca40de3
951ca86a
347687e5
45b46df7
5bf85e46
9aee4a71
a6467de4
3c957561
69974f24
99a0af8c
134ef88b
a534355f
fb074c36
e65b8c9e
f28eb67e
a1870c39
0b423c12
753d5c88
ae16853d
4d5bc190
84744f4c
a13c55ee
429d84af
838209a4
81b81331
d5e89d8e
ed60d89c
b8658d47
eb7fcf43
cfc21e51
f4f30254
ad4a2b85
7d4c39c6
56a6e0a8
1f2f2b48
397d267c
933a4381
cce91120
36301273
e00b8a67
da97ecd9
07c7a64e
d55f4b25
edef83f2
76f2108f
c81a6551
6c234856
a9cf5374
a3503ff7
acc82aa4
8dc78a6b
b779b34e
b531f1c7
b1e5f6f1
8954d4bb
cf0c0b81
6e139f8b
9fa5af97
192ba9c5
dd7a6acd
c1930b37
9c8da154
5bbd7c50
d3454d29
70752a7d
01903668
10d64a84
02391c1f
d3c3ec73
c66d3661
dfbcbbd1
d2b42d25
af2a616c
de30f88c
3229841e
1f6d02e7
24e8a094
c82a4e7b
a0eae48a
b9dc453a
ff7d77bd
6568a34a
42d2db54
79246162
584d5f7f
789abff5
7f40d37f
d9deb006
bb5f2bda
b123e5e7
c754e0da
a6cd794f
bbfe8e7b
e2900d10
471eafdc
aaa72f07
0155106a
cee5c213
ba4b68b2
a94b1536
bfeb2e56
bf00d5b0
4f15a919
dfef0aa5
eaa906b1
58bd8f9b
d86bae00
195dff18
26f3e6d8
550e9204
2b7d274a
85e38c7a
29323524
995081d7
b05f7d38
8528b28c
37eec7dc
c68fcf58
6036c507
bdba80bc
8cbbea76
223ff43b
7a022de1
ce8230ce
faa5183c
8d6fdbff
68da68ca
5aa1579f
10396637
225cf990
7e951a51
9a74124c
73deac65
0cadd453
d3b6758a
3b8963a3
d248282b
0402e478
9e58aa47
9aabd22a
bbdd0aa0
64e2f331
15aec354
c0ee964a
513417ac
18caeef8
035af874
e8eab82a
d8ff768a
794d1216
750b8756
d9db1346
8dfbd901
02787158
bd4bf0b5
57d619a6
9823504c
f6fd4869
20649966
67509d19
0dcc3fcb
8dfe6c22
07b419b6
fe5ad949
97ef2c6c
06e7a012
9e59aa8c
72065429
c4b67497
065cff84
6bd2881d
79d94050
c75895fd
cc29fbef
2c8fb927
fecf07dd
13c696ef
8c4eab11
c907d655
f54f7d5f
bbc49cd8
ffc3d42f
b9ebba52
438f665c
299d912f
07e74f68
1ba61f7a
981409c4
cddf1038
d8687675
a1649393
c314ff47
17020a11
d032bd3c
c6212f52
13926872
ffb85448
afa156d0
f888c012
72fac863
961760ee
0f47b614
67ae0cde
8a0a1e82
274970ef
a0ec0148
9f2576cc
8e83a0c5
1e97bb16
63449b2e
3455a398
1945206c
a626147b
7aa3274e
ee6679e1
99e2ca23
feb59140
fbdac071
fdd1fa02
9953b6f7
b240f84c
5068b04a
0b3686d1
4b442dce
b3b717d6
7d55dde6
7c8ba7b5
d8ae9faf
fc8fd3a0
2166438a
17d41fb5
14f818ee
69d6009d
e38fbcc1
bd140d04
5db6ad0d
b05197c1
ad8fd9e5
c0b6aa8d
989b1346
0aa8e245
586d36fc
1f2c7235
223d966b
bd2e3fe7
2147f190
f8c169ed
ad376224
0cdd6410
013febb3
ac8054e1
67e7a12e
44cb6506
f6825080
d2e6feeb
1d207ee7
690c4195
3d3c8221
a98decd2
50fd78e1
e364f8aa
57927989
9f02efbf
c0d9a48f
0a3ef915
5d240f0d
f101614b
59cdeb76
c94d00cf
72a5a9f3
31ac1485
307a67ca
b73ff9b4
698947fb
5b127076
1c36b3c2
774c8020
83810168
d5f42f26
dbbe5efe
d58df3d4
41b8e2d9
99e9ba6c
8ea7d2d6
07e880d0
0034825f
49b540b2
b1dd59f1
334c8681
2ed3c0d5
72abb2ed
8b4ecbf2
fb433a1f
c2f2cdec
7826ef1e
9b6de294
ae1972c8
96ec4603
ff0cdb09
26010361
9b2c8ccb
d481a126
de1356c4
d46c6e2a
ddab8259
bf8a5d50
a292c965
13335a80
2b768769
cadf8de7
a2376b09
79d855c9
078dfcac
f8c5344c
225e4611
d88d97ac
44ac8df3
84a9f346
852b0177
0f710b08
38121af9
9e849f98
243f932b
e44d28bf
e007ff77
1e4ed9ca
fd0308ae
bbcab448
0c2e86b4
70aabb28
426d31c7
ddf064c9
713b3aae
999c2ade
8efb5432
98de2730
3423b021
2560c351
9b2dc57b
2f1945f1
8f04e4f9
7a832f06
7fad5da2
7ba8dc16
c6f1cd85
db056e78
eed164f1
092088bf
3915ecb3
8d7dd118
bddba5b1
4a82cdef
7d62133c
9bba66d2
0600dd81
a7aa75be
4367da1d
0e07c6d5
9d29f16f
5cbe84e3
32b6fcb5
fd6da038
02055a25
93bc32b6
49497bab
49dcb3cd
2b0d845d
0ba0bfa7
5d41e91a
4720bda2
ba467d7d
6cf37d48
ea24d518
6047e2df
44725544
6bc444ad
14762c2d
eaab4a22
e6981325
b75473b6
5ba6549b
a7d4fa7c
44996560
c18100a8
cee6f4f1
c62fcdea
d7176e94
94e65924
dca0c448
1aef99fc
34834eba
76f1f686
49738533
9c43051c
73ded375
a74e09f1
0a2a3287
6df15d69
c5cb0ded
cdddb1c3
f21dca37
9b31b0fa
4f4c631d
108157ad
6e76bc0d
305337b8
566d9613
18ace08b
685887d7
55a9482d
f0c39d04
075fef28
5d09d84f
47e94080
b13d2fc1
629daf9f
52a765ab
5fe14e16
d743230b
2771fac3
b281def7
b20c1e3c
3150638a
a112a10c
6f219b67
ed60929a
f8b4d328
ba67ff09
ef1fda2b
5f5b519c
831a75ad
218989bd
ba9d5f9f
77f83d8d
a592c96d
51c1ac95
700f8096
0d4b6a99
c4997efa
c857b9d3
2e86668b
1efaa3d9
5e3f0e2a
4a68e3e9
6dc351ec
3f4bf3b9
37b7ea46
d7a5fd45
4a8212ee
7178ccd5
7bf26bc9
7b9725c3
80300ac2
02819046
12103e5d
e039fb81
14b777a8
fd770ccc
add33ded
863d4b9f
addd508c
c3788542
6e52b367
af971807
d80c51d7
135cd1de
66ae0ae2
be9e1398
4d2d66bc
7e1a630e
d155358f
94388126
387893d9
21284d5d
77026c7a
61785918
13091540
bf2d1ae3
9b4ba6db
2d58b61d
953681a3
a9f61539
a3e9170d
2cb29a12
172d0929
6444b3a4
873d88dd
7cf60f6e
cb116678
81ed00e5
e696b231
3be4e89d
d0128832
57033733
5cb06b58
3648ebdc
5bc6ce6d
387b7325
cf868c7a
9686fc72
bd86c6d8
a3775c97
071faa1c
9f97f31c
d19e54cf
e2a486c6
95f98d56
c4176cae
a0718e43
0eb7f809
c39be3b9
15227d2b
9e78fae1
c4a7ebbe
eb7861bd
55816fb9
b0e28cb2
f3e17886
1cd4d6cc
e3662dad
e3c2920e
ae15db1f
425578fc
9391a845
66d6335a
c17f31cb
a292adf2
da686ac7
056ee569
6d7feaf5
13526a36
799b5f6a
a59fd968
fe9192e6
088026db
a54703f0
3f9f58b1
0a5fea93
64313e93
224d3069
68bad719
b406c99b
a36e0e11
db321c89
769402e2
f8867bbc
fd8c240c
69ed6ca1
217a22a5
88817262
54ef59ed
5e713be0
bc3daf1b
b39ab86a
a2275db9
2a644a99
707684eb
cd73b78d
bee8babe
e79367ed
8c021ad2
357510b9
8893bd58
d9f732fc
c88e84b9
f3f3cfe5
86162d1f
94b0ff84
cb92498a
8d0693fd
948ccc18
08e1e9e4
7a27dd8c
e6d13e26
d9a927fe
847a4779
04e34e58
a65bcf4a
c9c6a148
f9555119
de469ae7
bc4b52a2
5e1c0ea9
2a4471b5
2c7949a7
099a8947
ac464c68
29842e81
16c9d1c0
7f99b5be
2b29fedc
9d231481
5182e9b4
2c823ade
e320a275
403a6d66
b073a1fa
9d4d329c
6ba15e73
bb93de5f
da4df6e1
2e3a97bc
e98ecb82
c81484ce
76a06f36
ba916810
8a49588b
a48d5a25
7acbe9d4
89da456a
f2a179b2
b7140fc7
b2f2de47
ad503cef
45875103
9032694d
40d6bfb1
fd5686f8
1032ace7
9200292b
6f6b3fb0
07591d15
7442e22d
5cbdf3d8
1fb8950f
f5ccf405
a4939d78
1f0e5ce0
a04fd69d
142a2532
7520749d
3c9c197b
7348ff41
f157aadf
fc845800
7643c562
b2e90bbc
54b216b8
189807bb
af3daab5
40221aea
9255f729
d1aa44e5
da8bb885
150ac799
9e202cc0
a502bb35
62673670
e68682e6
ef1ec43c
c734f3a2
4c99931b
3989d7b4
5ad81d5b
4cc4b59c
f2e77abf
31de5780
c8438407
f3a947fd
d2d66ba1
71abf7ea
5ae257de
280decc0
4399a6b4
c8ab2b2c
4d79cc4c
04f2fe84
30b3c624
f605ee7b
014bfb65
f92734ea
a3557239
741eae86
afdc7522
6dfecbf8
c64dd93c
ac24e8c3
8793681f
218316e2
83ea356f
9b7ba1aa
f9508abe
05f4f0ed
cba7b570
a59140f4
0cd0de86
5e7ebd7b
ff595ddc
1b2c08df
7f29d24b
b23f7df5
f0a2af98
6b0d9a5f
85540697
0635c2a5
769badbe
2680cc4e
197ebc0e
f5eca330
d5b0ad2e
adadcc0c
32e9205c
628a1f3d
d56da393
6976cd86
1ae1ee81
10ff78b2
bdab3dcf
cc6c48bf
c11881b6
f0922dc7
9d107a23
214779b3
895d4d8e
79729cf4
59b20e50
cb4a6971
cd77926d
bd349104
7faa355a
d7814740
ec576d2e
05ecffc6
ca5fecb8
c1d97b8d
09fb088e
fc5e2da3
2defa750
0cf48658
d2839d6b
f0cec82f
1ba7ef13
cfd626b8
1bace75d
35179557
5b15c930
1b0cb5c8
9ee1122e
0db52a69
adf49cd4
6392541b
4423e144
6c2b036f
fda416ed
1cfaa2c4
bf32593c
0b6b7276
9f76d31b
975db2e1
489a0ca7
1d424ad3
e8d3e36f
43b7983f
04bf9385
351f94e0
ad67fdd2
b561372f
4a52ec36
b681eb86
ecc6f2a1
73c6a3a9
9776804a
aca4c16d
5e7b5ae0
4fb5a400
97960dd7
f83dabc6
d27c974c
b24f068d
ae581052
e99ddebb
b1cd7ec1
bcc0ad63
9d5815a6
ae4f3ddf
685fbea7
34eafc36
7bdf55f7
f9dc084f
f5ce7e37
d670ebab
5a42a71d
5c52403b
32ee9475
1ae77d40
663cb780
5fd1aad3
79477d01
2b6d3a97
d327923f
12e2f79f
84ec1c7c
60648a5d
0c084a1a
c03e6225
f4286d73
3f116474
0f20408a
f2ec6410
eb1bfffa
38751290
3e0b0c42
ee555a70
7f260850
8ea0a4dc
f4c58618
3b4ed0ac
64f6f442
23129363
da32ba89
deb599b6
35a20b9e
9da8a9a1
55f14a77
49e74590
214d0508
8c4564c8
9f6f23c8
18b18a69
01c021c2
b6ff5f3b
d877835f
92c2bfc4
20c24a86
2ad12500
c8560014
35fc42ac
de50bd57
aa920bb3
38564118
027e1e46
d9ed74f6
517a8c39
c5e33f4b
22f4b93a
9bf623a6
86e1881c
100eaaab
83f702d2
cdbc8007
85347c7b
6aac04e1
16058cd3
90e40bf6
9c3bd1a4
217ad1ce
6f3c8969
6165c0d0
d881b991
1f36fdaf
3abaa419
8145a960
759f97b3
42c25ee7
745cf0e1
017704b9
2c075765
52d248c9
11c8157a
ff5dfc76
e22cffa9
210641fc
04e848f9
b827b2cc
85915e60
6a0cc40b
533652b6
a4aa5d4c
d1f210d2
36a5c54c
4ea67cb6
e7f130a3
64c45a1d
9b1bc7c6
4c5e7122
001d55bc
59a6d648
7bcf8d5c
832bdf47
0fcf8cd7
b9824b3a
4fbf0b17
1d2466a0
39f59143
5625e7b2
669b47b1
2a6a0f42
437b920b
cb4a3931
eb429f9c
1e230110
6568efff
97965afd
72b9cb0a
5cabe772
b2cd9342
a6a6cf19
3294ddc3
009f651c
62d765f7
207e409a
891b61c0
54786210
866664d2
013bc54e
088a3880
c85eee3a
c44b4d04
b480e20e
fccd1583
7d633bc8
7f7a64a3
345dbabc
8842c0b2
dccfcbf7
9f20b74a
bffcb77f
18f25044
c4362057
88b4717f
304f3e76
f3ec7f86
dab04623
9f9da781
29354934
e686f1e9
c9b37841
24ab7917
99fee16e
d7d5a167
ce5fe916
47a6b1d5
14117ad2
3ce119d2
4bf8f0dd
af75cb3a
6c2b591b
3bb89e68
194abd22
ca725f44
e759ecdc
1d5e6446
b3d94812
f5b263a3
20bb95b6
618516c7
d557b3bf
33321216
186cbdbf
02865aef
b6d27b5d
6d9ad515
55b1a2a9
8ad960cb
6a8ab5c6
ba7e5133
0011e144
1b0fed6f
eec08f6c
206b89bc
53d1d57f
fa7f3182
9d1934e4
4e56357d
adf11eda
fd08445d
04af3128
5ca85040
498cea0e
ea17cbb2
d1f05777
219bd81d
b1550023
feb52529
e3cfc741
52e4cb14
68e9878f
1d059f33
3d9813c6
50f35723
000d1194
9cdfc813
2dc83a2e
aafba85e
e1197f0e
f8ad6aa7
f7f3c6e9
a9608c2d
4a1d3718
325d4d66
453deed8
78d10e58
9d9e797f
314c14ff
22663d78
60d7fbb0
cc5ee63a
ccca1f5b
8c0079f5
2ba64d8a
3883b14c
133dafb8
de5ef8eb
55d3423b
540d9107
75eabcbf
e17ad117
332c3069
87e6a16e
37508862
e2a4c232
cedf735d
8704e0eb
6e2e9a6a
ac48bed9
c668dded
8403fda7
d7cfce6a
ba0e04df
abc639f9
4c922f78
1c12da7c
2e18b0ce
ca1fb7e3
57d2347b
6a091217
5728d00a
ee085b08
7f07bfe7
91992251
64d91d5b
3c54f757
1d604415
221e8777
10f8dc76
fe532b27
640b2ada
67720ec0
5114b48e
e1d751bc
77254cb0
cf66d813
d79ecd91
0b953aa0
715e42a4
35257a1c
05b7ec68
9c609328
527e3e52
2ebb9926
bc479907
865839a1
f3cb7579
128bcd41
99ec5bde
04647a14
2c2ec20b
115dced4
30af743c
9a032fa2
de239001
8350b3ec
31d14cd7
5305cfc7
60030d67
8689199b
373671d1
c6c3c50e
2040805c
cc2bfd5d
66822bc9
63304200
1d034f80
73befafb
e852e154
b261fbd8
5461d96c
c98f4462
d55d0cf9
faded4a0
5e69ee78
e878899a
f0395976
06aeb8a5
8bbb32d3
ecbfd7d5
551c9183
c1f6367d
e4979c69
f1a9ae12
a9516d38
8666fde4
5af83c57
28b5cf65
f922e0ff
303f4315
239818c1
75c5d353
1f5ca1d4
9d56a866
80ec70f2
51b698c7
fcd14bd7
83c28cd8
e579b357
5ea2aa3c
d3cddd92
66c7c0d8
85eda418
d6ec9c22
eba0433f
0fdbb05f
230053b5
30d1ef30
976456fc
ea122c76
316d6639
0179526b
3935a2a9
d9e8d627
405de1d1
93b3a54d
05cb897d
21645389
29febe55
43520f0b
a94f90a2
329b83ee
0063988d
44040efe
24e34dc3
27621e81
7089c5ae
28572503
b75d62a8
5fca8d89
dca277f7
93c86c25
5d8bc4ad
1084c20f
838e3c2d
2a4d4aee
8c76d135
beebfb36
62f85f7b
d2f04938
207025b4
ddb28683
4b629cb6
4c1297ef
8efdf7a5
e29166a3
0e699f49
d6cb893a
2b0d049e
f58a76d3
39f4452d
82d048d1
eace1afa
d01903ec
cb570932
a4e8f8a5
a63c8449
99726621
85cda9d0
6409576b
36bf8c41
49b37121
771c6f27
85ff6c4e
bfb3dd5b
ccc0c2b9
eecac3f4
b5b42cc8
a55eb7de
56a071c8
a288a24a
aa3c8633
564276ed
d088b69f
70b067a3
b31956c7
32b23b91
38cf2dc4
d50a6f7e
d80ce78d
9791247c
54da97bd
4f55e512
c307d8fe
05efe6c4
9d42b549
09cb1ee2
2441432b
a2ed6d98
98b5cfd5
00998980
a45447c3
0ea180b3
bd55fe9b
99e9ffc3
402ac0eb
26359972
5369b16e
41c7eb28
04c5340c
7df2c2fb
59355897
e300f2eb
7389bfbb
d96d5a87
46c5c72d
17d85e80
1e568e51
640312f5
0a35e524
3cc820f8
110f0c41
48a99854
e787e7fe
8299346a
c8285af6
d935bee2
e563efa6
70ed6d4a
08878673
8a26011e
2985b358
d3b7538f
34d93cf1
ac783133
5faebd77
2d7f5196
597713b2
42f14d1e
e7a1932c
2e6291f2
c1eea393
23780d40
41904f4b
f7360c41
c21f3cdc
74143b7d
20840020
a8cb8a71
c30d22ed
fb376c1a
921c106d
efaea0d8
060c0949
b3ebc0d6
db875597
00f017cd
daacd73c
c8055ddd
b433aa7e
5e0aacb1
489c62f1
66fdafd3
c10b52dc
06970c02
57adfe28
00732d9e
013db1da
5ab15d36
30f3ad1e
9c64825c
9597899a
cf58d1df
1a2554a8
20e3caf3
2e7b4ca8
37a2bc52
d705aece
afb69b3c
10eebe89
d2969aab
93a40b79
a4cd543d
0088baf1
585205c7
cef0759a
8386091c
8104276e
b68dc206
ebfec226
329dfeb3
b3631de4
d1b83a1f
034c6c2e
f8be460f
6e4dead0
6f3682bc
01d0c6fa
5fc5f8f3
737c015d
bde36e05
77134a04
b656577b
5ea77b2d
c932110b
576f7b10
6295943f
f55b2df8
f9f78fb1
0bd7e2a5
8bca2e46
7d13323d
29eadbea
424e991a
59c41712
4ba06cc9
c4dc4c52
de54bc37
33f1038c
ea8645fa
5fc8155c
59a0f8c5
69ed1f68
995ee034
0fa7edc4
1c1ca4ac
67fe1478
fd675d65
cc886799
a43c5732
0448296b
41f36e43
852362be
8178badc
a4725abf
62f51ef3
13344d90
3e90d254
4e304a28
19f8629b
b60d5757
8b624405
9700b2c6
4212b502
86fcba12
6a6b66c9
c66f16d2
cfdef9d3
0e8d238b
2daa2697
eb689101
a5972a2e
73deb81c
b02e5298
36ef2a03
75d4dbd6
9cc3d835
54e98ade
fc9405d1
d44df97c
0d31fdcb
34d56da8
8fce150f
3f8b363d
8d5280ad
4ce9ccae
9a3071ec
eee9c9de
8c85b3a3
77c7615b
ea25f499
de5d897e
279c22a7
88a937d6
bbb26766
a77bfcbd
118ef58e
f6649067
217356c7
b27904b5
4d1b9421
8658ccd7
448580d3
42f9b459
a8eaf3eb
0361c4e5
aed63825
8257d139
2786e41b
28ee08ad
82c89a49
194ca3a6
ba31dd62
c3f6c2bf
932298f3
583c119f
98891fe7
791a2daf
d427eed3
fc3c758c
a21ddab2
c0c8404d
8cebbd48
0968dc53
339dbda7
699c737c
e2ac14cb
61a8a27c
162ac2f1
0b03b0ae
18c26a39
9b61df51
5824307e
71eb44b2
3c213518
5669fe81
c3547deb
8ab16237
d44b5064
c180c6e7
3736a065
49a62577
e46bfe6a
3a10f0d2
b640c23f
72d46541
cd8eaca0
e9738e2b
c73878d2
3b3eccbe
68c9d718
df6a3fb9
056fa182
eb8f7ffa
595bfec3
27373f5e
eaca2eaf
771c1237
3f8bc9d8
4cab576f
c2993797
34aa0113
4020587b
f2be24f8
b24eb635
84a2141a
360751ef
8b5eab8f
96c8247c
4a2c693f
4054089c
09df56fd
c1c9dcb2
df2b1feb
62203eec
af501bfd
7861326d
f1169ea0
12e0b82e
045edd51
0f784167
45e2e287
49602fed
d932a449
261a1a1d
dd5eefc2
d9149cb5
d4e2ac76
ae982159
3517504f
8a1221d7
160efcaa
c78923e1
de21467e
7e2699c4
6334ebbc
aeec7f2e
0e74e5cf
1a268491
1a1a3ce2
7f65841b
dcc2c4ea
f2f105cf
d958130b
b1e93ab8
a903bdb8
26299a98
a0d8d587
7be66ed2
c67cc63b
6d7849bd
baadf0a4
056b67b6
970b4cd8
2e9e1e19
46697c08
3e1db398
dc87db86
b5097806
e8339d25
06b20303
e91f090e
c8433ddd
0bc35c24
35520472
55c0bf25
b29cd3c9
8ab64328
a496198f
6865046c
3a81d74a
a02a0c6d
24f975ce
e7b22e7f
7c9e8b2f
5ee4a291
b1a34f4b
bec39a93
d8312c28
90b3bf2a
52ec5c5f
76afbba9
6ddc76d5
111c2fe9
177a069e
04b7d3e5
c1f89d4c
67d5ac57
d7bc5f08
b77af857
77d0dcfa
edc47d52
2f03d742
be4089b8
996d051a
447784d3
21f16513
08bd4d8b
0e320036
43146df8
927d2386
fbf64ee9
ecff0675
9213dc2d
c09e2d14
fdd33d94
145fbfb6
cdbfc795
6fa82c55
37046e92
2f7beaf6
729258ef
9451e911
1a477afc
acf66566
a1039b92
3a1e46a0
889619fe
13c5f487
090f11b9
8ae21423
fd2b91d6
1c1c91fa
f60f3dc7
3e0f0a4a
293ace45
1163aada
8d3a346b
7240fccb
d388bbd7
100c94b9
948cd0c6
b7d19c65
a13387ff
50de2f76
1a6ec27e
066a4bc4
7a7c0ecf
2790c19e
d4c8d431
0f810651
9513c399
9267145c
df6601db
62aaad51
76a84f9e
f26db707
ba1b3b71
8d6cb9d2
7c6a26e6
d939a8e9
81f6c5b6
604cb26a
992c65f0
7eb7c0dc
3cf3d625
dad7db64
feed6e4f
69b7f0be
988fc879
614c6ae3
07719d01
b9d37f78
ec6f3c07
9595dfa0
0962db64
6dcdf433
f03dc9b0
1b0bebde
5f3d0b6b
cc2dd888
f13bba1b
306b3d74
6e42aa60
2b4493de
ddf23998
a709411b
a9b2daa5
96b4d360
91c23324
78bbc346
6f02ac29
bb45eeb9
29fc1480
cafcc9f8
32181931
520838f8
2149be01
67e10909
f13d4ff4
978708c8
e8039352
20194557
c7fd13fe
af12d036
56c50f45
f9f75637
d8734a60
72cf0637
ea567a72
299c292f
9be6c860
89853f07
29ce9360
be59ee3e
e3a1b357
bc6c88b1
823f30ef
eaf13f15
98fcdf7d
53e90367
6d20d266
9b7c9315
2317780b
be45d02e
b2292e33
4654ee09
f8d05606
c73c3b4a
bdc06af8
1b454e91
26a6e4ec
3754df13
32e3d68c
4c2f10ed
4746c8f3
89c92ce8
7678dad3
d31e6359
df144fb3
56fa74d2
664b9a59
bcb5b70c
ee80ae75
c8d46aa3
db798132
fa11b043
06e1f551
9ef86cb9
e90ca2c3
78f46223
0da8cf41
63addb17
3dc60d0c
742c8062
bc88e198
e2862fd0
33186df1
f6973e5d
c17c4883
f977f1a6
9d024a5b
f253d780
7f582e31
909d17d2
03d989be
f893c2df
d7d6dace
b7a5f82f
48ef445e
53785e11
669876a4
97913303
6a1a07b0
71510f9e
a5cade0c
6b0e13ea
9ad1f7b3
12d48780
fbc728e2
bc109c40
2f91d6a1
d7aa3cb8
dbae64d4
1d53f9c3
aad48f66
7f6588d6
d2aa36ea
c983bc1b
68465189
677df3bc
f78d21ef
0d4e1c1f
5a18c906
8ce78661
4241271f
98aec4fb
a8be6f60
3799fc75
b722957f
5dc629a2
2ec84835
82847741
70e53a41
0035c319
29cf1f99
6e6168c1
75ba3035
79330084
2545065d
6c740a67
ec37304a
2768af80
f61f3808
e36890e3
5c8d33f4
136597ea
ba83e8ef
39faf7b4
c69063bd
a824295f
4026055e
50f56a38
ba5b142e
cd4bd377
60a32dc0
806f6fb2
741a84cf
dfa50fae
aa493a35
bc206e21
30d5ad67
83d07679
6133b73b
160f1a2f
39458ecb
de441a06
8cd3a4b3
dd844a8e
cb24fdad
ee1bd3e6
00704562
7c3d189c
b11b93f7
c0f2a83c
0f8b9427
60e23f49
46dea77d
897cec3e
9a6c5012
da6ac6cd
86fcc0bd
0d7f79b3
1bc3493d
ed061e1c
e9ca1991
5c875c52
a59f44fe
e62e3488
38c69879
231732e5
6129a64e
55563553
7c070b2a
e9b578f9
891e8715
9c78d8a2
31c66c7e
417795bf
f02057f7
fa196808
093a8f98
a6f99f82
d2f34dd3
bed21208
80c0c64e
bc206fc8
95c28095
189240ce
c5983063
a4e3fd22
de371c33
36d8b804
3d2d0f2f
f0d515d9
4699d800
7cb41871
5513516f
3d9912c1
1c5b11c1
000d0490
094fd62c
5ac11205
0d3a000f
ea8a47e6
d4679abd
6588247f
9cf263c7
b032f70c
e07f7be3
a4b2c221
4a195cb1
520d3ef1
b8f9ceb9
452dccec
d7fef04f
20c8726c
a45d576f
76b9fbb8
0504b839
a2af148e
e46b13bf
9bdf38f5
ef9914fb
8e732870
3ca13af8
88b0b0cd
9c749c79
7d5e68de
52a154db
694891ab
f994c82a
6ea63966
d6c0297f
9530e911
e80d496b
b8feedd2
1241f836
76bbe8ea
ab1b3135
520eb1c8
b4824f39
dda58c9d
551b0776
0bf0436c
c06b68e1
06876714
91394774
8c2e4eaa
07a8f357
d8dd9b33
3e2ba1d2
94c95543
79918b69
16201d48
c4cb9fb8
20f3e542
a95e49c1
87b6a4b5
f153a00c
0a742ab9
67f024d4
b9f8b35e
142f58d4
8df02513
917359c2
4576bc0e
803a22a3
5d1c9344
b6f84600
51d93fbb
a2d44281
e835957a
72ff2b97
36863503
7ae5b2de
8382a379
4fe54371
49a1cf27
535ec8a0
6b1c2436
1ac95c5c
9640e574
a605f00c
575ff229
020f659b
c607d623
e3611546
a6e8b842
95e27d30
20a2b0de
c7ca9a9f
89883114
f2410f71
0e2da453
a71933d8
ea27f216
e38db6a2
88ccfea6
d2d0d69a
933a6c8d
f25f3da4
dcc29b23
f1b13666
b7cdcd48
fe4f20f7
db559513
c258efdc
b56b4b6e
cd6a9c2d
b2a0648b
66e045e3
78c361e6
69136e0a
6fab2f00
00168c3a
52d9bbf5
299dd1ba
79769493
4e266c0a
88719272
b2edf96b
aa470228
2e4f3b64
9f00f23f
db3b315d
9d50f552
968971a4
d2ac5344
33b303dc
8624326f
9f513c8c
721bd709
522827ad
c5e4100c
b9137562
fc81ae5c
0a4d245b
bfb96a98
618bd2ff
a982fe33
12864cee
0c5cf477
72145a67
d142a410
5c319b47
ccc0d1ad
0618d37d
0812f775
83e1ebe9
73519cbd
88b6581d
50f3e65a
ec6ce046
b4aa080f
83d75622
35a9ae9a
bb7b0986
c2b5e855
2154faf4
0063adc8
8717446a
763bb88d
e41d1f3d
d889e76f
3630edab
b2739d94
63d02788
d746b999
cc3077e6
2ebbd1d5
f9fb8ace
4fc5f63d
704280a2
f391711a
c3a35aa2
69bbae48
28357914
3ac7ec54
050f6982
36214efc
76b535a1
171bf271
be44e34f
a5bb38a4
dcc809ed
608b396f
6edc459a
de1cc6fb
558fc5c3
b773c9bc
5d668305
af73b12b
162b5f25
ebd24e9d
d0b472cd
13254836
179982c9
8871bb44
fb1d25de
073857f8
f069488c
0dd7dd8f
6e26fece
60447954
ea9a23e0
4ece61c6
78573e58
a6c62944
8df424bc
415c996a
d77cf44c
b4b3a321
1001e293
a34e408b
77496f14
822805c9
26fe260a
4e4535f2
7fe05c6f
ffc1a5c6
b135bee5
b4692da8
b343a8d9
14a716db
e4526210
114fa134
9c30875c
7e4981ed
47d74868
10e0a688
a07eba2e
2855bbda
36c42f56
03f335a3
ff15cf33
0893c1de
9e3586f2
bf4ea7ba
0249fdaf
01cf51f0
5a46afd7
28018b09
473e41b8
d583b9f4
d507e214
e980fba6
06fe5059
507f2fbe
4b5f4369
b6a28dbf
9722b5b5
dd0d1301
f4dc654f
3eb382d4
412d24fb
d25c6b33
506054f6
008ca2e3
0197eaed
97ab68c8
8151a7f7
52ed870a
e337f0ab
a4a2e53c
624e23cf
cd4170e0
d6db1cb3
77698da9
7c51af02
dc5d41e0
8b86b291
cc4f3e0d
c8f8c042
b1a566b7
ce8ca748
c86d1515
6bc4a364
902a2bfc
3d011a22
8834af42
882c359e
fa3e7ce7
ad3c7747
9b3ed95d
8119ad04
c0893c4a
063fce49
0442ba5a
81e4640c
41917e94
697934f8
b5b745f6
61ade7fb
8eafc2af
7b9828d9
da2a564f
0da0f516
3d7295a1
8954d15f
53895b73
9d22e0da
cfb71c43
11073492
ab77f7d7
12e85e49
b71bca16
5f5d22d0
f1796b75
dbaeec42
19eaab8d
01a94e63
116bb6c1
910216bc
73216886
5e3365fb
d27b411c
ebb1100e
6072c114
7aac32e0
72eeb136
d9355f15
9a143937
d8c929d4
64cacdc8
574bf947
cdd9d146
12d4d44e
e04bdfdf
fed78c2b
7fab8990
f139bb86
995382bf
16cf8c06
306d9bad
c6a93534
9f24af16
b848a9a8
debc99b6
1c802cbd
4c0be4d3
11467a7c
1a068c72
ccd10d11
487c61ef
57702070
8a13aa69
f87bc8fa
1331b0ed
534f1731
0ad0f077
ff8bbfa9
9a03c363
20d053f5
ee9b36d0
ad3e7a59
4a6782f2
20fd1746
9a1cc8ca
481d5f3f
8d4c1edc
5be146f8
640d47f1
1a53ccd1
a2284b10
df883509
42a17ac5
ad138b94
fef80b38
7473dc69
50c09f76
cd73bad9
73d7357c
38216030
47b41077
16ee5e2d
3887a80e
88a2ff66
4b832a14
adbea3e3
feaf8a74
09125ea7
87bb6b16
909c9535
a21a2d6d
b2df65e7
2601614a
a6052e61
444ebd57
70837054
f4d47a1e
9d9ede76
3f4f5c19
9d951224
73009fc3
e228a3b3
9d951bb8
811c1466
72896c16
939b62df
0e0f5d8e
69c248ff
67a473f1
4e55c843
81f762ef
2397df85
fc7124ee
5ea806df
482e8f65
83d5be98
30e654d6
41f40f83
3d0aadb7
fbb55832
d76bd8e4
b8a19b48
be7c07a1
08bc8615
8b973ec9
eaa085dc
de953df2
e1df8589
de0a7958
d6a4735e
d9ac2daf
208aa734
138049df
82d941c5
bfcce4e2
e399a3da
9ec662c9
ddd8e3fd
17c0e7d3
5535e066
588d54a0
1de815c6
ae4ae6d9
e826b27e
56e3e32c
6fdacad7
47cf820b
ed1bcfb8
de9d2379
5aa07122
cd771612
93bbd72e
a771681a
25f458c9
12011667
6a865d51
6bc7acc7
c4084409
0991c833
df11e51b
ce631a7a
3bd08127
6963dc9c
6b3801e3
f1bd0112
3f43f911
86b29ba6
4cb295cb
ac29cc11
d32f8e7a
ae1d2cf1
f9fb1379
ccfb8e59
a36a0b87
f138ff01
4019e3d8
c597542d
dfa8574e
6c7e1c35
546673f8
73aee738
c9ccbc0b
05080920
0d8cfb37
40219dad
8ebccf07
b81097ff
f7f694c8
ac33dfc7
d031e430
1ac8ef7b
ff57ba6e
eed7751e
ccba3c57
5ba06e9c
ae7739c1
98ba10e0
b5a83a16
8b82aa60
8dd2a563
7ae47eef
a9cd20cd
457024d4
8dda4a66
2484f1aa
cc6a237f
97067bf9
58030cb4
4bfe4c04
e465d31b
649c4a09
45c83f3e
04ae161b
04eeb5d8
f7904e8d
4baa5c26
83fec687
d6904aaf
0c83b76f
98587878
8905e893
377d845a
9fa78872
fc271631
cd42614f
4a8ab610
d0ae95bf
b6d97b44
6b0e549a
a798b57f
63f3ee25
9bee9a0b
34fc36b6
bbe6dd7c
d6e1681d
17b37775
90b58627
aff2c6e0
7510dc37
e2927326
86c58911
3e7c2219
cea6bf07
66d8e8d3
fb9fc258
c9b5b99d
dca11d3f
c06b8791
4b553f7f
36738b3e
fe9883f0
f530279f
cac03299
15d5b25b
6cd1dc25
296eede8
c4466ce6
4289f463
22b3d869
59ca5cf2
e93910e5
e6599b11
299e27b9
51fa286f
94a41e84
f1c77573
fee769be
4c2807c3
47ecd23b
0939a4af
0116afd7
39847c54
29f328ff
a960ef3f
59680d45
095e855d
92d4d4e5
cc7988c4
54cc4bf5
9d254eff
afbdc820
63968bfd
a7a21bf0
c52b96c1
155ef12c
ce34a958
a27ff986
db51c61d
68ec5895
f28b9e05
e7133386
6a52f8fb
160e8ad1
ce88cd80
5bc8827f
08243f46
ff42f97e
f83934d3
d6c595c3
7ab82449
0fa35644
77973ca9
50581ffc
ca6da274
422f701e
a0c4585d
4ba47165
d4e39c64
dd39261a
52235221
4128eec1
373cc436
383f1c61
37b8ef65
2debd0a9
4efcd4d0
dd174627
742f8670
0ba66584
c1a98a4e
78cabb2c
8c470633
e4eace41
470ce304
3fdd54f3
45d1f97a
a14a9cfb
3c7ac247
8d1ba399
ba5216e0
0d8546de
8659c1ee
2b1a4789
dca59f24
afa57156
4724d8ee
97ed0b38
b2bd596e
39f03e0a
12c4e72b
12ecf8d9
e95375da
288eb3ae
3228d23b
e109c800
63f6a930
b6f00cb3
f9dd3012
746a7f4e
8380d20f
00a90b01
b2b78b84
9ea644a2
c36a8c60
3ff2468e
9634626a
6db698c7
4f5af330
a0be2604
b2ce724c
584b0aa7
738607ce
8359f9a1
c86bffb6
5cfeee98
0293bb70
d3a72121
47a6e6e9
17d5cce8
76ddba46
492a1e56
b38e9893
41376bee
26b3f7bc
f0d60dc6
524d3d79
8d49a612
79f3eee9
e4199d07
4ca4976f
5f976b3a
30d4d505
52b475d9
197e8449
f6d4d4d3
ce87b56a
e5910191
817c91f9
112cd370
1965548a
43838cea
a14865e9
c318beff
127f5dfa
800a663e
a3574e7c
28c5a0b8
a2f1b51c
f24c58fa
908f75be
f325da8c
83807f21
f50086be
50786a5f
9cbb7312
66faf124
a8347601
0c1a54e6
ace8e64f
811174a4
62568a8a
4cb16d9b
11578d11
5252b2a5
94208ab8
19adabbf
cd9b9eb0
b91ca387
fc30cbfb
163cf4ce
910d3cb4
50676555
2d00c069
10fb7603
07e17f14
916fb008
7dbae35b
059cc56c
f0653c9f
ec13d9fe
f8de079f
2db8c23a
a0ca8a31
fe439cee
cf718517
c178a080
57821264
06cab798
bfb696b0
83666778
35dcaea4
2825198f
63948735
6cfb1f1e
de87c2f1
94f4572d
bc53755c
8491712f
d8a8d711
50e565b6
15a9d3b7
b23245df
909ae88e
df12e066
95f78981
c0ef2223
99faac8d
a54e048a
6f6ce56d
1f80fa23
f01d94ad
8bea7bee
3265457f
586cde42
c95e2117
b4b96343
28d358bc
5625ee09
c9422dde
a51eabb3
c1496881
5c521df9
d2a7c62f
95e02758
a2e68619
9ac3a1ff
c3120b15
6aaa61c5
fc3f4383
9d68cf1f
79142e9b
e9614c13
1f098415
7a1ee536
426183ee
b4888e02
4f69d2a3
05708cae
68ba5b50
9b73ee9b
d069bfb6
7da35287
af7891a2
b6044c96
2c7d0258
a40221cd
f03358c4
79f4e5cd
c8089385
c9acf809
67c8e17b
c75f27e0
28bcafe6
63cf44d3
97ce9b25
41136a81
c68bfb3c
f55c98a1
f8d39f17
5a951ee4
a86bbd58
61e37b90
a530077d
41757407
18615995
be4ee99f
5f367b66
5c70e8ed
7cb7ea83
595107f9
f9789f52
3f670482
1660104b
0bc50614
726b50a2
86b46b5e
fa4790b7
f0c1da05
dbd1aaa4
bab374bc
5c64d293
939b3929
73f1793c
01b2d175
23208271
4bf74888
a3a4ff61
b1f279cf
1281a2ef
338e0b6a
d1d1b4b2
16f2fceb
99837124
49a6032f
6c0de5c6
88e47e38
d404cca7
ffaaad82
3f9efb6b
fc0924c2
066070c0
229f232b
34956e42
2bc520db
b3f0fcfd
ea9bf242
a18e1de8
8768f45c
cfe88c32
22b13471
7ae78701
02aa0376
dc845887
40c0f057
bb4cb72a
9f306e37
7e5a6ef3
5f12b10c
7e48f6e2
5923089c
6651d6d8
f1babe28
e1e40d21
f0dd3afd
5caad010
135d382e
0ab8bf17
aeeea40d
1f3386f5
8d1238eb
12b49482
3deb0b7e
ef6d6b4a
dd066203
8207ddef
10a57fe0
debee71c
3a6b8fa6
d15f1aee
1aeb9289
74cc5edc
c7a5bcde
8753db43
83e66adb
06948858
9c742d69
ec6bcfa8
24266dff
e706dec2
5bb22e36
30b7e127
dd408d8d
a1551ff4
9749074e
3acb3deb
9826067b
d8750e7a
4778c4bc
f4019ace
dceaecaa
d333215c
b2ec791c
43716110
001a6a9d
ceb15dab
d8e5a317
57727a33
bcca1f8b
3cdf98ca
0325675d
79066557
308b531d
6e215cb9
7e473b96
bac4e8be
6adb9dc1
d7bf4ac1
bff425c2
7c07a325
b7b25606
2c5847b0
6854ee06
853df81c
a9dddddd
8a9ccc5e
9022b1a8
820e35dd
7a631079
7cc6fdca
7d926209
c722cc16
8d2ac466
1735c370
ae1bada2
4941d37e
423c928b
5b750ccf
8d17f70c
d0ded48f
017b1540
fe7b8375
80e9a516
5c54e8c9
777220c4
04e46f7a
c6801702
9b7e9b2e
51916165
13446080
047e0df2
96ebb0ad
69ba5d77
ea1dce0d
ba1be55e
fa9eff4b
0474dd7e
a24d21ca
b3aaadba
b13e56aa
51cc0d09
e0540d56
d0550167
eb64c54d
b800241f
9e9a7ea8
ce3ed5de
e8945733
40ff5b10
97fc2613
8507c82d
b6d35068
f6a9be9f
532b1800
1347c762
b99021f2
c49c3a9b
1b1b4f03
6af98959
0703a366
3607db00
2a290396
6a426697
6f8392c3
617b816c
62f61401
04b34ada
024e43a0
12267a7d
e203d89a
ef5f2df5
a507b30a
6d4bedb9
237eebd1
44acb904
19883eff
5b23a65b
a5054296
f76da660
9d666e23
1503b27b
c79ad2c5
93489a4f
7f4183d2
090e62b5
f4871574
d0188e27
e2298b24
400763a0
449d10ad
9500b5f5
93c700c5
74ac8d46
4f7fb940
d508956e
70a141f4
1095882d
8bf7eebe
1c3bdbca
3e153bc7
03ee5b08
865d65c8
7d71fef1
d8e57955
4ac2e05e
c3d541d3
8cf8481b
15e9c978
ab332fcf
fcc3c027
08d61221
2b6629f2
a32cdc1f
ddfd8c83
d02ef49e
e9ee3a3c
3694c013
1dc429e1
f37934f0
6e88d262
e496882c
0a0ec546
0b1d459c
e3b50a69
24d33dca
ec87620a
21274211
a7546630
895f6a59
dfa0db1a
acde4e62
6818104e
e3d2cacb
5fdacba5
3691e563
c9971704
f5f5aa75
618dd4af
327f3fb3
9147f55d
2518100e
de59b573
6f714f47
7657ff29
e8bea7cb
3f434c80
a31cc1d1
d3d8a628
5c749828
51ceca5d
77f6e037
11196669
25bc448f
254b070f
f96ef995
58bcec09
560133e1
1d208ecc
1699964b
f6239168
d91e6d2f
342387db
74ea2dbb
93587ba8
3dc24281
977cb778
6d4b701d
b3ab2fbc
3d04e87b
4631ffb6
72af96aa
039ff79c
8598c57f
655a217d
d6459772
850c4afc
cbc62530
42da8ed3
09a9b3e2
9ea58e3c
149129d0
ca06d86e
611e024d
825f7cdc
2f7c64d3
b53c4fd1
a0f710c4
0a602f3e
56257a5b
588171ee
3959e154
6cc8b1b3
b2aa2795
6db622b5
278775df
66bfe4ce
9d2cd5eb
3e0cf50a
ceb4633f
2a4880e3
79319aff
2bcb4302
38924fd8
109d70fc
a580d37b
35d13381
0a41ca6d
7e8e6efc
1b2532e9
9d16dbcb
9f350a97
f6b9cab0
103fcbd4
fecc38af
f6d39a16
2cec08c2
17030bab
fe8f1c0f
e51586c4
1d0f57c7
0d45317f
7a18776d
40ecad9b
b9c3164d
d67ec810
dafb347c
7e6e0c34
009f14b1
66948d15
dee8b6b5
a2872a72
1835921a
71f1aceb
6d473b9d
51d3ff84
142dc359
7060e123
900ce887
56d1b6c0
1f8087da
7b219219
2decf33a
84061ffb
5be4bad7
44509ebb
717fea1a
88193422
bb8d1988
2b9284f3
76ac8ed3
f740eea0
2a978fd7
99064bc4
78270947
cf484401
f5fb03dc
750303f3
2e72e279
ed5be4ef
9b0021ab
ca9ff730
a28711ba
09695b62
c793f5ef
e40dc8cc
bfb8e9a5
72be66bc
4613ccc6
03fc1ef3
e428b611
208dd846
133fa13e
e9b65d9f
396d79d6
8bd59981
5b7eabbe
e9eaaec4
8ece5c8d
aa734bb8
2fa2481e
a7cb98cf
e0f6c320
a48f5c50
bfb197a1
9df61de9
92ad2985
0a6fa022
fb9a7669
da3c63a2
caeba79d
8265898e
3bc81a16
fb34a064
0f505a2d
48e31f4c
9f304b9a
265a0004
ddede853
98997a02
2f5cd16e
c28f38f6
aa48cc02
2d67ef06
053ec4b3
69ce73af
49b600d2
5460c552
fb68f5de
3af2f982
45451c11
20a23275
f33339cb
795a4749
7bc79b91
8086934b
58fc3a35
2e4c0f82
468f06c3
55a72e65
43489f33
04ea643f
5d192bdc
03e813e3
5cfea619
b0c9b4b9
684cb8f6
4b48c468
2db0344b
1a728af8
cb9a2119
285b8349
ac5902ee
c33036a2
5b024140
532021b6
431ca596
9861cddc
13fc28bc
adb188df
18f8b7d8
bb4d8ae1
7b142555
60c26332
8ccf51a2
b3a9da5f
b1d2509b
bb0f06e1
0ba7dafd
f7d48263
28707bcc
cfe6ec7e
7bef6e71
dee6606d
60b947eb
12134d8c
8dd7b5d9
ab20a463
99f3eafd
af7ff1cc
dcb4a40c
c9618223
1cc7d90a
8b49f283
c8b021de
3907531c
6ac935ab
8c1aa62b
2b680e19
2968e9ab
10dd6b09
54761e1f
5cbc3ea2
aaad85e3
50e0dbd2
2246240a
9b811dd6
cf461cb1
867033ff
af58e840
956a6838
6f2086fb
c8f87cfa
80dfaafb
aa39c79a
56f844cd
596919a4
26aecc86
9e7a633e
c5bf5525
e2e24eb4
8e11fb4c
f42eb142
615908cd
db3a4b61
f25b5964
38e2233a
73989fff
8929c10a
cfa0e898
b0c580cc
40b2cde0
cf215c75
145107a1
4d814ca6
f7086164
f9a85eb1
544a3adb
060cdfe6
2022d2d7
bceaec9b
dc911244
4ea50840
eeed2393
3c392c71
5d67c5d3
a544895d
21921d72
b160f51f
a2df4297
b57e7d97
66d6f317
1451d759
9aa1e0ba
f39ec0e4
4ff88e78
a68592a8
ec7d385d
22d477d6
05a44de6
f114af96
95e15ac6
1c527f1c
b3f02886
23f75b01
877dd5c5
fd807ca7
f3aae027
69aeda2a
b3d844a5
f6260a7c
25de044b
cce22b84
65c8adbd
600deeb1
c7ed6997
12d6cdca
10fd7fc9
5ec6686d
710bfd0c
7306ae58
77e32519
d9000483
d88b97de
1a9c5ea2
470f5ca2
3b6b8eb2
fcf228c7
713f0351
bb85a573
851f6b30
776de0d1
c9d76353
c608054f
39bbffab
dfb57fc1
80b021d7
b033512f
8166f78c
e3f30ed4
ed00b244
9a02a324
32aa78b0
5f01f1a8
73d69653
2ddc9df7
2af95c91
6bd10821
b6150e23
22c0cc8a
0f876e12
5fc1a827
5772c2f9
ef6d18ff
db046e21
857fbf8c
443cd79d
0b077936
07b29792
0198d50a
a4520306
f7a33850
ef75653f
47b75223
011940f3
1828399d
a744ec2e
948b5ec7
48d1099f
39a7cbd5
6fd1c864
b65e3acf
b892e966
c156f3a7
267825ed
24c69670
fbdb4742
9331d16a
7dc52bc4
33bf8840
aab5bfcc
a2affa21
c08cdf48
b44af6cc
a25c9062
9ab07e30
f8822531
6a11809a
44fd589b
a6ba2eea
d5c6fa04
83f21508
2d4287be
cccc2d38
3a978b7f
2ab4a5d8
d1343c3d
f086e20c
f70a7f0c
c3a130ba
00c7f217
98fba091
88d7147f
1be9f734
a6aff6f8
12a5c1f2
8184a326
dde188a5
02b51ac1
e5d9bd79
90c9c99e
5878818a
74ee9dfd
4432d5a3
4ccdad5d
a17e5e6f
5876b253
e5914bde
e09fc085
0e56db0e
b109ee14
9df25b35
efbd9331
a64a86f9
849dd8ac
313c43c6
7a9eb620
2cf260fe
657dd7ce
6b96fcd5
64ea2ff2
deb7caf7
989ef511
71c8ea47
22c2aae4
a1be5991
87c23f52
ebccc333
f2b893eb
6f3cfec6
4eab5946
c7c44607
63d5bdaa
defb29e8
efbda131
3f34f9ca
a19328a6
46eab35d
67e33570
59bced26
9cd545a6
def040b3
e83ca70e
ec79dd8b
f4523c9e
8fe5df00
a2669569
fe6100ba
1bd04c84
fe293cc0
1bd74dc3
da1c31e6
0c99dfb5
7254540a
f48077f7
76ba6984
ddef845e
bd028424
0a459bf6
9d5a7797
4dc67174
801e5eff
f4e9705a
d269036a
bc313c20
89e3d254
a604e756
1f8f7ebb
d5644aae
66939cae
7c3bbd70
157aae19
4afa4d06
9ce80548
f8b8aa2f
3ffb404a
b8951b24
8e2ea2f3
7b7b96ba
9111191c
5dd83b73
bbc504ef
ade01aca
445b837c
01e4c468
236c1b8d
5b30801b
75abb8c2
f66fa7bd
0365a2e4
8df3fd45
5c397918
d4525c9f
28544f85
7718c141
360184aa
5522ac0d
5f9e96ae
c3d3efe9
30577a91
b4d9e3d4
a29522ad
a7e3e1be
9e31667d
d8fff325
6618c14e
015b3078
4a6bce2f
7360d327
9d3d5928
b0d44433
960b1e97
713c48aa
3257ef13
41ab55b6
7b566d8b
929cda9e
8859af2f
fc6454b5
961a9440
e5cdeb8d
605b52e8
698afeea
d8f44a42
9edcecab
6b01bcca
257a9aa4
5130f6d6
c5b1cbe0
262033f1
cc9ccfaa
61272bdb
49c9b79b
fd3f39ea
8cb491dc
8d3a31b3
b63ac2f4
31753311
0978d563
b9915fba
c6437fde
272aebff
90afe5da
a4b5b920
228f9537
f61b811d
85111b18
d9d2634d
c1c920aa
247b97dc
43f2c06d
f79f670d
38773db8
e3875df6
5e075e78
9b5657c1
9c7e6704
8b274b2b
1f57a7a6
125367dc
db451c5e
927aba24
ff2d8b2f
8e55fb10
f153d3d1
ac4adc13
48eafafe
05d6aa46
8574c94b
a07be2d2
42636cd2
4bbc389c
d1ea6f78
44702230
cf25ffb2
2580f48c
99863a91
5eb45e3d
e3b50428
1a9faf66
d641cff9
df484bd6
8dbfb02f
ff207f30
6e3eac47
fe1887ec
7217dcbf
e5cdc509
267382b6
a820287b
b353511d
7b04f01a
87e8a1f6
cc6d90ce
b463ae5a
15fc8677
8ef5db81
e4db21ac
d43e9c00
ee2c42de
c472d2a6
69f8f81e
69364323
4cb49f5b
8ff1e407
ce9eeda4
8d069d71
3a432bf0
31516142
67c63662
2b79dfc6
f9f2169b
3f32be5c
7be485e9
4c7a63d3
5e3e3abf
c1a4a5bb
2544a862
fb346a17
eb334d2d
7412b0b2
325fae61
acea0218
edf3e067
2c2825a4
652fd434
f2ef3e5e
7cceefe6
7f8b08ce
e1bd80a0
e383ca4b
7eb55c57
959fd606
3e192c2b
f0863eb7
4d4578a0
1ecdd94a
aa021ba6
82e9d981
d1e7d1ab
fb0d263d
0d18168c
5d45cb28
0a65e10e
6b0841dd
8f2f474a
afbc4b0a
1df1df3a
2f3cedc7
e10a3d67
260a2a5b
ae039376
597b2287
b95eaf5b
31fe7494
917bdf0e
b5d1c004
bd4ed78d
5ae6d9b3
d83642df
44dee8a2
406155fa
665f2788
d116f3d1
5969d07a
e19c88a7
42b92f6b
e50a126d
094d43e9
06de49b8
6ed2815c
a84da615
72659bf7
e6394f78
8ccdf9e4
85ca3385
97fd9ee5
5c2de6ad
a53195c0
e8258296
8c042439
d9b2a3ce
e98519a4
a287b1c0
321a4e35
cd234dad
bf29625a
89a910ba
73620745
89edcb20
65f20721
692210f8
83d8edf9
e922f64a
a93702fd
9e8e7f3c
ea46c8c6
41c6e100
0d9f2abb
7745239c
50034a49
54aae4cb
17535229
091514ef
719ffe1c
7f8f1589
bb881cef
ee48f018
cb861c61
33ea205b
bd2d4ddd
e92b1405
36f05ebd
b8113cd8
29a4ddf8
6c2d69ca
e1031a10
f7f2fc6e
2f6ec3fc
031d2f93
933476e9
6bf9873a
009443a2
2782e765
b8ff1b24
c072b27d
ea56b3aa
449dc624
58e67039
328b80d8
9d7889eb
665b8433
bfbf0f4d
a93229ba
b677fef7
254c9366
5c30dc1c
b8f20b9d
a081bb76
ab5b97d7
2e433a6f
5cb2d2d4
99a5cd87
f3130d66
16caeaf8
0877eed1
c7699780
9408a342
fd50871d
cc87590c
630392fd
b6b3128e
9a223395
3f2dff0b
a73b1362
ad6d4b1d
bff78922
6a01aeb0
f02290e0
87f5fbb1
c8a1be98
0ec93747
3215f2ed
d752c11a
c62b3ad2
871b5ecf
6f380971
d0feca43
ebc0cab0
54e163ad
a780a35b
2ae62b28
87d412dc
97cf66c0
69dd041b
2478de48
4b5e8010
8f3d65a3
a4c3ce71
bcdafe1e
a4566a59
8d05970f
0fce8b08
be1df5e6
da19cf94
d8e14b76
e7a46840
3e13b700
057ef57a
5d384496
57860188
335fee2d
27a94fb7
6df619d1
19ea8f56
6849b7c4
dec2ba3f
cb288ed6
c8d45695
84721534
0abccad1
99db21fd
041f22d2
5aa46080
7cf7d183
b1bb5a8b
d6c9a275
83b4a676
af934174
f63fc4f2
9f378230
7e3590ee
5065b313
4dad591c
d1d821ee
9a47b578
f9a82bc4
8c8d47ec
dd9730fa
fc9660be
12dba7cd
4355b25e
02efbe4d
07f7da24
1536c0c4
cd543f7c
c9250977
6e765f4d
7c3889fe
16b96e60
f8b2d6ee
64fe6226
709f995d
9be58bef
ca3c87c4
dfa80637
23c29968
dd7e03f6
b4978d0e
2b68ecf5
86b46b0e
bd1076a7
cda61be2
ffff8808
b73225cf
b5e52577
d8e98063
b6558eb4
f5874a33
3b2acb5a
7b65843b
37399a5f
804a686c
36e28333
6059622c
f99e4a85
f76ea207
5a641640
942c4b38
9890ef12
102e505a
0655cc1d
e3352999
c625e05d
f499d3b1
4f26f27b
b970604e
a522a38b
2c00c506
ca4a0440
6174ef6f
f25aa896
a9a38eba
0012fbbd
67c1afe1
f4a7c9e6
c8b02093
f28a0ea6
68f0e6e5
a78c9327
29abd185
a3c92673
1f06905d
75c280dc
030b8cdd
43d3bf31
adf86b4e
5e6d2038
e3eb6d41
0f1f60c2
cd44c65d
f152e4b0
60c4341f
37a674bb
6ede6284
12fe5cf8
f28c2e2e
70c64da0
1435e03b
fb2d5e1a
a00002b4
0865a46c
c8c074d4
926deed5
9bf1ea08
e0cda7a8
f4a4cd0d
3cbc206c
a76b7399
018868e6
3dc4d907
12d39c90
7d37f5a6
72e704ac
7ecb33c4
d8816535
848ddd59
24f19874
be560b50
3aab189d
802847f4
e3a96bc1
09de195d
42c83e19
02fb93fa
ec853c54
c0e02d60
1f59d0ea
9896c063
b35ea4c7
b2279467
1884ea00
c1b2259d
9369a008
c4ecda11
de4e8a84
4483669e
d0cc8120
992b1e55
f91518f8
d213c1a4
c4d36e84
3d59affa
06da6d85
423d7905
605bc9cc
cc4cdbca
781ba847
37bebbce
fe439332
bf857173
b0ba88fd
6078a035
36e59de0
77efb141
ea4f51ea
3a7e89d8
c515fad1
3b416aee
2bc241f7
f87f8998
95556553
4c31d5fb
d1f2e6c8
84771043
5e54eaad
fdd88eb0
bf0db739
d90bdc42
8c27f11e
9bc748ed
6f160935
3d4b96a4
8e2b815f
b3b88a41
79a42591
5971bfe9
0f68f476
3468f5fe
43c48963
58b2d472
3cee5455
e887ad8f
3e3da1be
ccc18c6c
5910060d
078f038e
b90c7284
3978a31b
a96f0369
6e910e18
0dce8da3
4a2a8a86
c3111dc5
8ebcb469
aeba7f42
a77cc694
5b0d1363
18f18cee
046940d7
9f3fc3d8
6e23ab2b
df5d538e
1be3945a
48375a97
54066c9f
31204d23
4ccd35f3
51e0a785
50889807
202accfa
29264b24
4cc348ec
fd95dad6
bfcde1dd
310d4415
a1d7151d
cd59e712
e3625707
b9d55fc3
2f618ce3
b7c22b14
cc5a5129
494d2098
3c3a99ad
1b3e39c0
ab772836
68473931
52042d8e
c3d60530
78e7faa6
a8908cce
f1ea0369
28282b25
492dfda4
90f78049
959b50b4
dd13ecfa
eb06353c
2e933287
636c5e5e
5e74ac00
8beb16dc
4d788512
ddeaa284
86bf20ab
f93dd7df
23704bc2
36287d8b
d9e2c7d1
5b1faded
8aa02008
78b1c38e
6dbf1beb
60b56c03
492a55e9
bac59830
df8eff74
ddb20b5a
38bbe528
2ec22055
0bec9afe
37f13c81
27e610c0
932b69bf
3b4b4629
465bbd82
9e95c787
141c8a84
929e669d
55dc23ce
95b73419
2a7d4d5c
08e1138f
b3929b94
bede7b36
21107734
732cd311
6bed4f50
741e5e44
397e9220
050385f4
77486a7b
28169a79
5bdfbb0c
b23a0cf1
dd8a16ad
81440af2
83ff3104
8e7a4c27
0fbdba18
f16b9716
158e115f
9973b189
d2845cdb
7bb46380
d7f4bdda
c795d79f
bd780f22
a9e96bd2
96eea135
8db3d9ad
d8169efb
72dc2754
2a0b0fcd
29045a72
f7bcff0e
addbea87
4d533b33
7cd6548c
1d403d7e
c98b50ce
1f50302e
ff535a63
cdf76de3
7213e5d3
97800e6d
3fe81cc6
d0508dea
be6017b8
2a44d2fc
877fd342
05120a79
43a8fcdb
0d564e2b
c54539aa
2d42bb38
565ec461
7ed969b9
e657fe93
dad6d793
d04b364d
fe5cff3f
11f40576
3d21db4d
363a67a5
981474b6
0372097b
4a52d24d
be8742c3
e1d7bd48
a6425cb3
8b58e9b0
d8c21a4d
5d2b0c70
aae6989c
baca55e4
3013eafd
2692543b
dac08341
7c7f9992
05f8d766
62b24450
0eaf4bff
f5ff2241
5646c576
f892f1b0
11155221
b98d36c7
c1b6f107
dd8b3b75
887b9d80
87c0d511
b18aa445
54ae7b6d
63224780
5b12f160
d3f4f4f4
05173f47
153db39e
ca3c1790
7ae06301
aeb87743
7fe431a9
be87b8c6
02b55a8d
c611e14b
e627e11a
d28eda92
64873cc1
773630af
2f0a0f10
7a73f102
980df168
2130db43
61e73d31
33954d60
775d00ef
f6ab354e
13d752c5
6be491e1
0e10296b
160821f3
8684753a
fb9798c1
f54503b2
5ce11766
205aa92c
049859e0
e0aff226
84f75e96
46c78007
f5d31322
ea0ba2ed
fc0e1539
ff825cce
ed0979c6
b62bbb4b
2c0c9f91
672b1e66
23df376e
712a2f0a
5e58f3a2
ae156482
18640c73
4553e784
828583ab
dfd2a5c7
e109163c
f0a29cca
c8177993
bef66313
ee046453
74184743
6764a18e
4d5d59c8
ef3b1fc7
81ecd909
35bb13b6
e196bda2
ed8ac718
a8a26fa0
090796ca
e68437c5
23b2e206
d9c70fae
a1bbf780
9a65f9f7
94695fcb
4a1d8032
db7c4ea5
3187b4e4
2f0340d2
e404d2bb
2bba6754
65873e58
a52d1060
a4e1888b
a98b2459
5d2d55e3
d0b566dc
59503845
578becca
e7d25982
d6dbfed5
01c6e2ae
971f25ba
a8e07dcb
ed89a80c
133fb408
115621f8
5b0aca72
f27293df
a876fb66
699f4116
1f604491
e8324a75
85eb4032
435434df
b84f0d43
76abff37
9e8c27cd
663ab6a5
0958029b
63bf5c67
30504679
75fd4eb0
2ddc1480
222f9fc6
e264d0d8
467c52aa
c85252b1
551555ec
b05f9a88
b1a3604d
b4352d9b
466ab029
a4d4b594
4c1944fa
c4461005
f101aab9
9e149ef7
995c8c4d
d860717d
60dd9142
e04802e1
8e9aa613
f5ba305c
263dbc62
f5cb8416
98d1cc3a
0e601d20
4a727d3a
b17efa9a
43fbf8ce
1569b962
05d1c267
fa89cbf9
43008197
1fb7a0a6
a169e40f
420adc38
5451e34b
1e014ccb
e9ec4c80
fb6a5fd4
ffd9fa5b
63e00a3f
559a1ea8
85a17be6
89be23b9
a8b942ee
4b7e5194
7a6a1b6a
2d428fad
bf3e0ece
f979081d
c5552c25
3d8b1284
79e6a8c7
e3fc82a8
35fd58eb
8eabb4a4
174cf22b
731bd003
2ab04bb8
e4eaf98c
2fe082eb
beb84455
e81710ff
c83c352a
e803b791
4a378678
cfc83f02
3b8fb9c1
37e71ec4
04a2abe3
fe56199b
95b0daa4
8e05bcdb
857ac701
0a6707e2
6fb8ef67
4a193b53
568edf79
8ff9f6a3
bbc9c903
2d287fb7
4fd357b2
0a7fe41c
89384e6c
3732d040
007896e5
4647ad25
3f3ac8a9
bafdbe29
9cc04cfb
913d605a
285ae153
77b2c52b
f8956d5f
22e2e0b2
5125a52a
085d8a76
09486095
ba0633ef
3f137faa
731694d1
4b5e8f7d
3ff13641
5f11d537
2d92c077
7350be1c
decc7667
6206cdbb
16a73b1a
31a8aec1
acd2add1
e990037d
58609447
68353dd5
68a3b42b
825e3aca
9662f8a7
1829d37c
70d919e0
c4343803
c818c938
104e6d1f
d3fbdff9
80947991
559cc8de
3d9acf51
c24ad344
b32afa36
00bb3015
96785d8e
2d50a163
76999da2
1142b332
7d6be3af
3af13856
1793332e
62844edf
a846ccca
27b78867
dcdb86ca
2ddbd0ab
23809687
52685c13
9b20a9cf
12ece187
772551ef
66060987
93412909
67a04ba6
56844e1f
2ac8b9a5
b907745d
3927abd5
d115d79d
25d3eea5
2546c982
7ce5ad20
29de5620
27ea772c
9ef9aa94
17bd5210
934ffbe4
71c3abff
79959586
483fb9d0
3d30d267
c2003c58
9f95ca8d
95ff10ef
531cfd90
b2acc23d
1b68bc01
467bc458
c0c83c4f
a83d78b0
097da3a1
d139d151
ae7733ae
cdd6a7af
e9a212a5
5c759845
d79cfcb9
018eae6e
beada1b4
316723f5
281f3df8
14c459c1
51f62778
f1c7f1f0
db830d43
b4e01efa
4d24aa25
33445d8b
46903098
186dea24
5c30423d
b0d6111d
5c11dc82
ef24ac11
840e0d15
99a87592
143fed3e
8392a1d6
11bdd47d
fe1af690
a73701e0
a9999100
6a7f048e
04df1068
2ece3b88
13d8ac15
e8970b2c
c08e906c
a76e7eb9
a0e9a608
84e2d9c5
8364de45
8f842728
cec09482
fb08d51e
09f967ba
00840ab4
5e958849
3d96f3c4
d1d20f7c
e5c334c6
162ee992
f803cd21
9d846fd8
dda906f3
919dd28c
c389c7ae
b2800957
ea1a1907
98357781
f42145cf
21b2b25e
cb427924
8becbd1b
dba1f6b7
71744b4f
9076d1c8
f33080d4
498a8f90
d32a976e
e2e33a38
d77d8baf
8fd8b6f5
f88226b2
58c3cbc0
65063fdf
aec4de6a
29530e7c
da9b71e8
90bd95d7
6391eff3
2ead9407
686bc07d
1879637e
73f30479
4256c090
717209f9
49cb5daf
a841e029
52d51db7
7a8becb2
9ccf4a26
b556432e
42fc0e76
3619ddcb
64d19a8c
cc92d41e
e0a24cce
8df2e7b8
16c8ad92
5f09fc14
70d200a8
d43e9290
dc41fcac
0f25d3ae
3274b339
84a5327b
6e0d5990
611b27df
28145c68
670a62cf
15e33c40
06ba9a23
4399965c
ec34e183
97352adb
275b5fc3
595f6d22
1ccdba82
cdbfac63
a795d568
b26a4e9b
bc196b74
9f4c483c
6c0d93d3
83dc03d2
1252d3a5
6a591f10
ed11bf34
86f61075
4ff4db60
52a9685f
ec0ec41a
73805235
9ec1857a
03653127
70e78d6f
fa6258c5
0bbf5c1b
68d86324
36fb489d
b03a4708
fbd6e073
50659e21
33b58f9e
10364bef
062fd56a
f68d2b2b
9463f16d
dd06f667
fd5fc7ca
75826dc0
d158b2af
d996e407
f73a2efe
648da246
c201aa94
8604c4a3
e4b58dc8
0f51a382
04620510
b3d14f75
d6c67ad3
75f4c902
8e463633
4a60c349
14e5bd09
314134ba
b54ea0e3
34099afa
dc875787
acaa1fef
2d531127
9e5ca76e
b71da467
84ca78b4
694cb7a2
890dbbc3
5a626634
d9ebc4ee
9750ca30
77b6d580
ff24bafb
3ee35259
a5bab8f6
019bfaa3
d29f34ca
8d339f53
b03c27fc
ef86d6a9
d4eeaab7
8d003fd4
c87e515f
aa7bdc2f
4b91785c
a305b378
57504e74
2d0720ac
bfed490c
07058620
2115508e
5333ff51
af9ae36b
876f3211
932abea5
eedb7d33
5d980df3
c3ad826a
8785178f
5cb0c5b7
e1d847f7
1d44aa9c
59905a8c
5a4a24bb
6e827f69
6a34a85c
2fb524cc
c9ceb608
7d6ab103
0d31670c
901391ae
4fba4299
b1847081
6701d133
52bea84b
33e4e761
e991bb01
ba3b306f
bb18a218
c4d74e7b
4515aacc
08c4fb7d
cb9db4a9
c05ceaa0
bb9a2f81
e2ffe11d
048e0d62
6c4f2fd9
9b849ef6
340700ac
22a2c28a
eef8afe1
93c8681a
2f25d399
893fa215
d34f191f
67771444
4af0426a
010fd77a
edbacdf3
4482b2d1
45e7f50c
8dae8582
e6a5b9e6
b9c60dbb
534e8f35
57954c47
2fd0aefc
5ffbcec0
cb55dd41
21f97f05
d28a6b5b
ec6e6708
37c2e313
5b96071e
b0ff411b
22de3972
aa48c95f
f36798a8
e0d417dc
4c2cab33
ca419fa3
e19ed911
e0074693
2a521fff
f1b2d73d
c4831fa7
4a6e95f1
9b116f33
a1af2ee7
689829ca
a99792ce
e6583fd3
8ed30585
f8c8fb11
d9a3ebc1
5093feb9
00e2bfa0
0f6f6fc9
d72219f5
6f04169b
73051c88
288a9615
1ae03dd9
04ef38b0
7a9e998b
4aede2e1
b3e14e83
3bfb6b35
2746631e
02d1a5e0
2d6cd994
2fda9374
bb75d48a
06be5aa6
dc32e973
874ec006
8dc5c6e0
d8109668
d0e05819
3e36839d
59bd1b5d
e495291a
241b03aa
12f747e8
139e9cfa
2442e6f0
501bf9d5
b2120ec9
20efdf96
3ae8fff8
5639841f
b472c97c
7ae6ad58
dd0eaed5
cec04168
64020b1b
00d03b55
7e826800
956e717e
87f0d85b
a177cfbc
443300c3
8936da3a
f66fba17
c2456bd2
852268a9
4b0d0cb4
0dab7246
318c3bec
e21edbb0
fbf4892f
2ef0e7ce
fc62ebfc
519cfc32
2976bda8
96aac036
4a1b5105
1324d791
46b34bae
66fdca33
9d92e09c
16d64136
4c91d4e5
12490c91
4474542b
3d7b5511
7d283ed3
57e205d8
6343d99d
97eefa1d
80fa3c7c
6ef8a26b
eb60ee23
ed9a88f1
4fcbb51d
4b08a31a
9f1e68a8
d645a53b
bba7a1a7
60946ade
82bae624
3b670689
ee285043
59f1ff8b
5189229f
6c1ef4b6
e30e9d0f
ef448f5d
793cd98b
47085b06
f4369020
330023f7
a315d6d2
67d57364
d2494189
7ef0b443
ca66aa32
0539451d
9a79ea9e
92e86720
f808c162
2b435d62
9828f76a
f4be7bc1
4be22012
a32ca978
2e06bc64
f2d54693
bbf1ca62
9ea042d4
2d049267
dae83121
736e8aa7
eb3a8531
b45555f4
f338d144
5a5a092d
a4429aa9
99d56597
21c8bc4c
2e707e63
96cf7c2f
ce22dab5
ab4d3c7b
4377735c
3c8bdb56
fbd72dc2
74c37a32
36ee0eb4
bb813c03
251b4d3f
60aa6944
4168f2d2
5ed7d43e
e04c507b
b6531bf0
c16280a4
edfec53f
a23f283f
908bea1e
04b04f72
4739cae6
75e78605
80213f75
588ff721
5c3f7ddb
ca412e40
218d761e
72c53d63
30e9159b
3ecdfe55
09685823
6b552d80
f01cadc3
8836a7eb
863667d5
d4524987
076536c4
4456f800
90974684
617d3e8f
a46d0f0c
e78ef7fe
0e66770b
7e2bf109
3e12c654
5c50fdf7
83cf1809
1067808e
a58a3960
54a931b3
5ea0f8b1
de6a69b4
e432b96d
1773d367
21ac8cf4
fd7487f2
e0806a11
8446b4f6
22a32102
3bbcf9d5
4b738194
cf351c0b
6dbb1ea8
cc181e50
594e78b8
8d4dd1b6
7d06b85c
f6516757
39ba0271
2a41edee
508302da
2862c594
afda79a0
386f4901
5316b438
c2c195b0
123ba79a
96dd6168
faa6c9a1
aafd8574
7a60e712
cc8c810a
e30904c0
49a5c186
91423b6d
8b5c6f00
4f56a8a4
c3b15ba6
c628e6ef
8bce18c6
1f9ef790
2d563b9c
51b7d518
31d17fef
e73ec88d
1506bbc9
73ef691d
8e69bcf3
dbb4a943
efa8c4a1
0d0d391c
7f0d8538
8aaefe7b
8988f205
ee160b85
04564cea
1ed5d3fa
13e385b3
0e6f4f29
40703fb6
ceb64431
e1c54221
fec9e6fb
5505c031
196c3f52
858192db
2822bb0b
ca45cc69
d90a48ae
e9e1b187
60bba202
be1241b9
043fed87
15b0eae2
fa8bbd4c
f5048f23
6bcd8099
f04b9b5a
c2c5aadc
82218e96
c596acfa
9cd530f0
8b0a653c
0f56c371
2e48e8da
34def83b
63d83ce3
e2f8dd05
6df50d6e
d5cf2d3f
14b35e1c
c681a614
0ac25e1d
823598ae
e15de7e4
2506c001
c0cb15cf
40ada564
e6d0ce64
10e212f3
80cf9289
4b8342ad
bc33d6bd
d05e758d
40993dba
72004c31
82911313
0087cfd9
3f2ca12e
b3b2e353
ee105dfe
1c173e4e
55996316
86a352e9
6f4ef36b
d6a13c37
34b38f14
2a0aa249
91f7d562
58422616
6465e9c2
7ffe3b2f
28f1ef3d
4a07fa62
0039a83e
841714b7
006519ca
1de5b74f
9b054942
f421dc4c
81f0b596
81379cee
f1681c43
562727a5
4394c988
e036e19d
e2f37a20
2afd9947
5389b130
172c4fdc
f9a2a36d
ebc61692
eb606dd8
98b5288c
7c982db3
2e263559
6bb0d7f1
79cb4101
2aa8789a
1a7366c6
1364709b
4f151f2d
841bfb42
bf829060
35abf988
2f2661fd
672d871a
ef98f0b7
dc0a4c6a
467bb969
ecbf1d1f
d116d8c9
88c36935
06f470fa
960810bd
0287edf6
fd438e45
e164df98
cdb09868
2a3a1386
6f004578
79fe938e
1b853e4b
c97910c4
54f3cd9b
7ad22b41
e2309f5e
00a87377
4a2cac01
d6e8a198
e00f4572
d89c4e02
2e87c42a
20653db4
7e989032
a9b83662
f08ce8e5
63cf033b
fde678ae
34c35c54
ef2d911f
c515f610
7d1ecc8e
0119f9e9
0eb66704
2784f8ce
c8a761c1
4fdaa791
9fe74a5c
f24cbb3b
2c114c5e
fa60b6e7
00861949
0034c2d4
79526ff9
a0c9ed9e
1c2e125d
02258bd1
e1131e1e
ffe67603
52f08715
071fd3ae
d60e2d86
2abace64
01caa1f6
ee9dbfeb
89bbaa38
af7beaf0
ea53875d
c22fa3af
55dc2d81
eccfad4d
884d6972
63595f82
c3bc281c
3f2cce49
2992733e
fe2a837a
c75693e0
1be2f661
2007c98b
b5418c49
abe94fe8
0870eeab
2ddc18cc
6a9aed09
5ab983eb
7c67b27e
c5553e7d
4a481e70
eb5256cd
d64b7f6a
76caaaf1
047a2993
86f78477
20d57c90
5ff47ce8
bc237c64
7f70b548
a66b993f
50ba3d8c
ba6a04ef
62a1a3b7
ba544021
bdb39cfe
7ec366b8
cc6ff007
f512162c
b410aa9a
c85cd798
0018454e
f20b07c9
9717c113
b3acbf5a
35b11a49
f2578665
e15a1dde
d2512cd6
e522837a
52fda2ed
3293f154
79e7b620
a75b45f4
31ddab17
a568a329
8f629ae6
41ecb0e6
f6309af2
b5c0d1f7
24582abf
686b8fe4
0f5da96a
5a8e6711
b3e39c1c
e347c9fb
1a5fde99
c8d8d182
5b650f5b
db7bde3d
c538668a
b28f726c
244654fb
cd78d045
1a794c3d
91a9ccab
ca0e6bca
49a81c8a
660461b9
d2b2ed30
b85115c8
d70cf1c3
f2a54898
d3c672cf
7a2bea17
c756efd4
fafecf27
6e1364a4
4c9773a6
3ca552e1
02f6f6af
f09086b5
52f67a78
526af902
a9b29bb8
a868d1f1
a6cefd01
a516c0fc
c1d141bb
4b89fe35
0fc2764b
03d8e860
7f2b0044
f2b54178
e35ac7d9
10f1b9ba
8a367075
016221f4
b4b797ca
057c0e10
43f2acd1
0706cf12
d2896b52
a9282818
53b1e059
0e644aa9
1037ff17
bae25334
4fa1d59b
9055442a
731b0e74
f22a6c3a
81ea7c4e
061aebd7
52134ac3
9c41e582
5a52ccda
9d81ae86
18204ed2
76346c97
b04cf157
9ad064c0
55e7e6f8
96e9a4a4
a65e9c1a
7138ea0e
4f5edee2
3faa072e
b42fdfa2
0954113e
47923afe
13b2fb82
22d57005
89766377
68e1399c
9dee8152
d7cae8eb
6ebc118e
63c7cf65
27684018
d9b4ea2e
9bcdb8d8
85d2e9f4
ae843b93
5d17edcb
87c81553
1636adb8
47ed75c7
e4310930
1b370052
2429b269
52848f69
3f72b724
eaa76778
50633cf9
64baebcb
05c8f923
ffc6509c
13e1287e
5ab9c116
f30df11e
05095dc7
041f3e81
514d0b7c
0b20aa72
254ee0e6
6db5a987
5d167a92
9e366236
65e6a2be
f4c1029d
a53f515b
8fa0fb7e
40374b61
4c794a6c
74d28486
fd00fac2
7a4f5979
4139cc91
ab360d6f
453ee7a5
751469d3
ccbc3aa0
e3a0ce63
04423f1e
11317d96
028d4421
acf8f36b
fafad654
28b050f0
2b28e4af
34aa11ea
398a05b5
25385f12
1de796f0
38088e06
3241750a
cf3a8476
9de21a4e
5d6960b8
80142f6b
ecfc76df
b4cb7831
8536482c
0f08dcbf
9273b8b4
613ebaf6
04fc280c
aca78ef3
003b29d0
42b8e7de
2b52f8c0
d3d0cd21
4be02e87
1f78b01a
6c9e7eeb
5a0fdd47
aa8b68a6
dc5fc966
6196ee07
0d659a47
00dc7ad0
a9bc0f91
c3a51945
0251fea3
f07d60a4
5d9cde13
a7d31e96
3f584485
a5326943
46fa2fe8
cb7a5159
3f8686c1
7e1e7bdb
2b8f15f5
a288de9d
64e57069
034c1ee1
9dfb999f
0d4e898a
9c18868c
7cfe655e
9b470bbe
f2c98591
41046dfd
d46e4cb5
39e80a2d
ebd1024b
553e5231
ac7f8e0a
51ebc705
694711fe
016967c4
df1e0104
d4257c66
a503ca43
b0ee71a4
d88ea908
97754b54
a53447fe
b0de9a39
24399ddf
a818b225
89b71e68
0cfaa297
6752452a
093f1532
4e1df514
79ce6208
98e43b15
1296fb6a
08673847
ba8ee76e
d7a02ffb
20f789c7
c21d0605
60ca210e
606266ba
077a54e5
f8daea8d
44a2b635
3ed9aff4
328227f9
93120a54
4f1cb79b
ecbe3658
b1a49964
4c3e3706
fd2aad97
30f32fef
98b882ef
3f151db7
62dd3ee5
9f5836cc
606af7a0
3f83627e
c7ffb0b5
3e3d8aae
877ba3ac
6f8da990
a95b9ea1
30e977f3
212b836f
029673b8
8abc51fc
9432b59b
6035aa39
2493ca84
f5f1ebad
86758bb8
fcd363df
4ba62a78
743b4460
b8a4e3b0
3e6eccf4
0168f1df
151a0547
7393dfde
cf5ade7a
fdb76c14
63a212c8
9e5f0b61
3bea191d
af81677e
6ccf95d2
c806e614
e6cc04a2
2b1d29c7
f3b4e05e
0ca9d07a
c6406759
573fba76
75f19cb2
fd299479
00b9771a
04c7b38d
8a31404a
593b6f2a
b9bd2f26
92a238ea
907d26ae
44bc8e49
cbaf3bba
611f7bd8
35ddcc34
636bfa80
9da35ed1
b2a2b8bf
be81e923
7777fabe
bb13013d
a2b97ed8
70cb3056
50f6a8ab
0fc18f37
a771b162
b8941af0
061165d0
4d39c66e
ef2f3701
5b479db6
04c7af5b
fc0722c2
e9b20460
ae60ad8c
c41db037
f9504c60
a90d8c59
115f9778
ca7985c9
bb974b3c
3d7ea98f
fd974944
5090b7ca
3470e135
9a23be10
bbe0c983
c6e6ac3b
6c2a0cc6
64d8bd63
11338792
21e0c84a
9b742eb3
8a1d5d25
8e5bfc0b
663591b6
970cf751
7e9dd643
abcdd96e
e9d73bc6
3e2ded70
31e31981
9e009c01
08643ab8
c942c6d2
33422ec2
b0652094
e7e54fce
7a170da3
fb76c162
0df807f2
3093cc14
d6bd920c
058fb02f
19963315
ac24b82b
8957ada1
8a5664f1
65fcdda5
5d9837b4
0920efeb
af04bd34
fbd33296
00b72cb6
746a12d6
da2e807d
1d38bf7b
f9e50738
ff9111ef
c5c5f446
d5e54946
1c241202
a6daf673
28725e3a
9b883838
95bd6034
0fa2e82b
f56e5b24
54c70aa7
3ba29352
9e01857a
a780f9f2
27b2e8a9
e68eaf7b
bd0b42e4
152ab877
c084021e
2994c86d
b691289f
d51cf67e
f0f993e9
2a631de4
62e6d993
73b0e7b2
06feb525
9ab00d82
af6663ea
247fd707
46829a6f
66ddebf2
93013347
4e19678d
741dd6e6
7933cbb0
8eb65f0a
b535ebd0
8502bef4
7ef9cf32
4095d060
fb34b282
7c37744c
b25428ba
952c98a0
618df58b
8ebc0766
f7874b9d
61f767cd
e41deca5
64025bad
92f43377
9a9c8dc5
c6d15b53
b45446e3
d8ed119a
3f56f96c
9407ba3a
0a4e3314
35f75842
d8a0abb5
5d8f8382
8edde52a
99c04263
7d296e80
0e9c3ea5
c42956dc
9436622a
8d71d618
4c53baec
b379f7db
908a3d9e
6fd007d6
d5082418
aa056fba
a93e9071
14b20c4a
1d8ba8e8
6b3cfc05
af11fb24
cd70d797
a473eeee
3903d979
7511ab77
31e5d899
d6c0205e
9570e3de
6192f78f
cc7a7b3d
d01729da
0009892c
33c1770f
cbd2a137
c3396130
b2ffd704
9db2e6bf
10c876eb
19b8d82c
ca1457de
2de3db50
c6ab7432
3b79ef6d
78b76cb9
a9b70450
ffa5f2ca
2c5a6d05
4a2d8dc8
aaf7611a
b8b8562e
d58188a3
db9d6e3e
e7c956fd
dbb10b36
02051fb4
68914535
af4178e7
b6fea2f9
f0ffeee9
d4624baf
5f00a324
00eb6533
c1544c37
3b2872d4
f6be7c6b
fea02eda
0931235b
ce178868
c445a3e7
96b45327
6a59ff0d
d399f1b9
7c556221
9c0ba9b4
9ce46afd
51fd261d
1171e7d8
c7b181f5
5c06e1e8
eedb1127
c8ecfc1c
62ab4930
762f6af4
088d17fc
4590fd5c
99dc9b30
905f4a03
0b5e1f89
39cf32d0
aef79a0c
6b87da52
ea3691f9
6061dfbd
236bd053
83cc04ca
40220d22
0a1f0080
3098d5a4
62533c11
5f9a702a
7fb160dc
e526a82d
63bf59c8
22b44f0f
9951c3a9
b16ad6e8
0f513647
e9ea62e7
f9b2b85b
2e8a600a
c8c27fcb
a17fba01
7f17a705
a3f2ba9e
f786a856
b0671ef0
dd56bf7e
ec099d0a
3c0a97c3
8e67495a
a6e1ade2
28162c20
6f83e7d7
f08c6fea
811dc610
b2ef3a89
205d9aea
ae4247c9
3bcb6a03
7a2c0dfd
544dff85
7e9f361e
412694c4
f2d08387
a1f92588
aaec20dc
2574fa7a
161d29b9
ab8b2bfe
aea92f2b
2342bb64
af9055b1
f76de363
737593cf
e45069b5
48146abb
35c41b73
79957f56
0b030488
20f16c07
d1fda87c
b628a971
6d29cfa6
f1622f91
7daadecc
d5a7db20
c69ebbce
0c23750a
ace47395
4a79c19d
c068c5f6
213b3abd
70e66637
e8901097
4d2074ea
dd03b3bf
981b6d07
34f3387b
c613aee0
0795141d
7f1c4102
82b9c040
fca936a6
cc8813bc
481cdb6b
21332200
10482f72
e4b18667
5b190638
4e1eaaa3
b727c6a3
51065dd9
8aefa696
d3015432
c21aa5d2
1fcea970
50918212
9bc43f84
cd860227
8c537f6d
91be7a22
1179a306
e73d9e55
3212aa7b
9307d05e
273a2a50
20bb2184
d7e07a28
a742acea
fadeeae1
f1632738
5e4a0762
94593437
456b82f8
a1b96ffe
6511738c
2fd1f136
ec03599c
aa85650b
92568972
09b01547
5479b563
b719b74e
957a7ce1
0bd3c1b1
4ebfc903
a8255c58
a1ad370f
695b87de
2f62a68a
1fedc46a
167f37ed
eb8c0c4e
fb313a90
98bb85fa
44425cd3
8b382807
6483b093
8850d431
8706b1dc
010b6296
42d7cf99
7a52d9a7
c6007948
6b7954f8
871e323a
1d6cab23
fd9acc2e
0746aef8
7386f31e
27c53ce3
ae7c584c
f52a2c8c
42484178
b315553b
0cdbaca3
dd3a1809
d3ec351f
45a00d59
cedfb51e
6544a22d
ac965791
53aaef48
3e333c2c
12a799f2
29546ffb
1f7d4153
c0dccbbe
291fffce
c6d0fe38
cf98904e
7ae30e43
520178e4
6c4c858c
8d67edc8
86033fd0
47baaddc
65873b26
b7957705
49946d07
f98d44a3
851b7383
c4170221
536cb337
05f43519
3620852b
a64acbc1
25d80d39
e70e433b
f6113e58
f90ea8da
3c41abb8
b7365298
66bc9bf3
33a5e0ee
4a28f727
f82092f7
1028bd2f
9ff93a9a
92d3dfa0
37cad1e8
3eda367d
2b33c355
f166cb2c
c01edbfc
db8e15e7
8bc2b9be
b551a075
32c58aa1
f9486561
2f635d5a
04653715
d6255f6c
e5567b0c
211e5199
f7ce30dd
cdedce15
365c0585
4a618da9
9d98450c
224c7c62
23590f49
59360e99
4b8a4959
2c66f9aa
c6fedbe6
231acf96
3a10edea
328e9080
278984e5
e637ff00
1dc894f1
be5f4914
15bc9b29
14614ed8
aa8a3c0d
7282c0d0
cd0735a1
378f2571
a1a372e0
3f2cd941
9c18773d
afcb9006
966c31d3
44466b9e
c30c6420
c0f78cb0
8f6ae6df
351851f3
8a2e519b
6b234ae3
702c9755
fbf70456
bda11f1a
ff8d34c4
60682a33
73cc7890
0a075df6
695f2c3a
c61713a0
718cbd18
56f04aff
550271e5
ffab6a32
70a27dc7
6d3f441b
bd5dfd77
5779f8b3
a31b7092
954a84a7
1188db28
c8d8aae4
d61acac2
f4b6fb43
f41d8fff
1300ea12
0ea03481
545c8776
3f440670
ca97c8b1
8a23a09b
e56c6dbd
92574b88
c87d31f4
6fb2e8bd
fe07ba8a
b608764d
0f21fc01
527d8f0f
f25a25fe
312de567
7660cd21
f13cb85c
4286c175
fa0b69de
5a3b99ac
9806b5ce
ae27d867
d430f958
558e9f2a
2b946733
b7b2e729
d481934d
9207b12a
85b55279
3b2e7ffe
bdb3dcb3
afb76ae4
491fb6a4
549a2718
0041f928
b39aa71e
f40bc3da
6c580c6d
48b2181a
05be67f6
86a60d11
50beb04a
cd0be11b
5afed7ab
037d6ef5
e45e2753
cbd3a003
42c59342
d6a77a2a
af166f06
e43fc224
76c8f2a1
89747828
1f25aed8
151e3fa5
07fe6adf
21e7d372
5f115494
8b0f93c4
77a5f5c5
9da3d576
34540a61
d6dcfc03
7fe911bc
829b0de6
3321b682
82e006a8
6f6a4e82
c1289eab
74033bb0
4288e936
40d86475
f1dd172e
605e8c98
d7ee5a48
d7a5a41b
9a42455e
16648e2d
157087be
111822d1
be7b2df4
fe658d24
cdab2b87
319582d6
6a842bd6
f67ce0cb
9bb91972
93490b18
ee2579de
f9b0115f
3a9f8f03
cf39a416
8537dfc2
ab6e5b92
aeb451ed
7b666d8c
83d1c801
436f19ac
859b8262
df041f57
97da75e4
36dbe0fe
35dd7c15
5f514601
0a64a387
5ab9066e
6e0f039f
3fffb06f
35c9d507
b079b8d0
f18d5090
e520b8d5
7b59a577
608666b0
01547d96
1d6a44a6
2b9524f9
aeb9a42d
e911e5b4
9ed48e5b
ccdc10cb
8d5c9f70
2e0c6144
81216722
c955f761
c7853713
0dbb68c9
d65f8547
6c57730c
621ed35e
9343a1ec
5e40e9b0
ed12544c
429be89b
35780328
ecf4200f
4def40a4
c41f4610
37d33059
d38e6f02
9f9f1566
0a9eafe2
5eded030
87db83fe
304eb4e4
bc487b25
ec515f9c
3fce345e
7f5dc0d4
7e890c3f
b85d103a
b4201dcb
c609c94c
0250ca2c
a1f265e3
2ae632ac
0303fbe4
29d49939
3d0f7741
adf9a561
cad6228a
3ea77286
166052df
b395c927
65df9319
8735d51c
4d5b8318
29f0fc59
7c57026a
4a681652
617b2a4e
9dcbc046
5b92a8a4
2110b62b
91f261f4
7ae15ad4
513b5b3b
4c45d821
fa7ae3cc
742e440e
586224a4
17c3fd84
b5a10a1d
4030aa52
644542d5
814214a3
a13a541d
061108f5
c5a52524
77e840c4
8c20bcad
a872710c
964be01e
cadcbeb2
2fac98c2
c5ab58c4
654742ff
07d5ef5d
254e4591
ba753aef
2733dc07
d82447ff
32f2b48d
36207228
0a628e6b
213b4931
d23ca017
cdd42dad
05c570f7
d9e13e8c
727173aa
36f5b2e9
27f8c4be
d45b92ef
41f253dd
51ebc333
5fc698c5
ea0b79d8
c8eab82b
38888d8e
96f7619b
cf7b0e6a
172f9c34
4217a0ba
580a053e
58c7830d
24588983
1684d94c
a3ebb3f6
55568dc3
4123c96a
a1acfd01
cc788845
0f02f2a9
b4a50236
e09502c8
239c479f
531255fb
a0b34241
1d5cb325
b6285847
b066fe4d
7f396dac
6cba110f
ddd33135
037ccf5a
af80edd1
38ca74ff
9ffb580e
c9721d71
8b22e783
6ad6270f
7e70abf1
db804ab5
0493e1be
c4764dfa
60daf125
0fce2701
7637e856
a704959f
37fc00d3
7a5e4012
42825b01
6f1f180d
230c1141
e3aa180e
b43af9a7
2c31dcd4
7780dda1
91991cc1
50461483
37cc4bbe
23dd28c2
f72dd99e
b2f1adff
96d6f975
ffc3b19c
b8ef5603
48ed0b47
11aef810
40064fe0
c48c18c5
35479086
a2672f4e
b23577d9
9491ec22
37781a51
4a0eee1c
159376c9
6598c048
3cab5386
ce047289
ec5d7b81
b179ab27
fc3dd7ce
7cfca15f
3f80be83
274a6310
d69145e2
7ec0ff1b
945ad5f2
b8c9b1fc
56f798b2
9c5d5402
3ed82ae8
f2316128
eb829f22
9d7f0684
8d76e37a
bde1d9a2
2ffd4448
a38f72aa
d1071180
b472106a
01b8a829
7ee467e5
23d6bf83
72d5243e
56f47196
a27e307e
c1bbec4d
717324e9
fe42e08d
6e7fc43b
dfa0511f
a24d4403
fbcd2fd9
beb49b5a
cebb9d0e
7eab11ab
10aea143
000574e8
d5e3d210
6c4a5cea
ac802a09
3d70372c
1b5dcdfd
f5d5feb1
41f3d0f7
4e716d2d
9e5d9a6a
44eb6f57
91145765
64baeb36
6f2ab592
65ce3e77
05b93f7f
9a9deea2
075d9a0b
c127ea18
c5d6024a
226510a9
02ccdea7
961b69a8
100856cf
a1fe367a
c0137b8d
1f9a600b
9234b018
7c05951b
281e8dd7
4c3a4eb3
6c40e3b4
77330eaa
573bdcc4
d1921e0f
4982e56a
c657e936
fcfe9ce1
57da4129
4722877d
de5e0835
0e7e7327
208a7de3
5e3ec01c
576817d9
59d00fd8
fb81974b
b3e201b0
21b95114
51a6f4c9
8607e861
b2691319
233ad5e5
79f8b030
f4940216
1ec7ea54
9de6add2
c3f2f153
64c50f01
614757ce
aa589f1e
46fead89
bf851403
ce889660
bbbe858c
0c5325ba
dd3e8a31
6c8961cf
2262342c
31945128
038136cc
e4635a6d
023cb6c5
211f5844
053fd7b7
5855596e
c8716ede
46433292
5ab1d87a
3d599029
3adadf75
74e28a04
b839b9ab
cf8635c5
75f1bb7c
403cfaf5
7f41a9d2
4139f5ab
3d213b4a
810f215c
de39ef19
9ebf81fb
53837f00
34a6f211
c6386953
d6e048ad
40e23e7b
40200bb9
7833e9ad
c091d72e
1b2ea1b8
f463cbc5
98b1a37a
a2b95fd7
affe0689
3aa8934d
001b3789
0f953344
7bee6e2d
33d6a59c
49faf1fa
a23a1860
d1fb1859
6005d4a9
f3085872
042455de
e0b7dd6e
c6a7cee0
93dbafce
a9237d58
a7c598e2
660edd0b
e570c049
379f2c2e
dce609d2
6456774b
e7ad3809
555d7ba2
10a14f3e
74ffaca4
a59f69b2
b670fc89
64e16e88
730ef15d
5d072cb1
a091e465
c68da7e9
04012897
d2af3221
09b1e304
add06a73
a1786ac1
0cd2e12d
5d358ab6
80d1c692
7717423b
13e06f67
4ba1482a
bbdd4518
4499c530
146eb2ee
6aca4e0e
17bbfeb5
408d8a53
0b29ca67
92e57bcd
bfbffe1a
3019f6dd
9804fec2
529d2d81
c0c78c5b
66f48e96
88b353f7
159dc4c3
1c4cba06
25c8e6bf
35234a9d
1524192e
fdd15e18
1718ccbf
750823ae
bca6271c
771e7e33
8acd1192
3fb4fc13
f1156ddd
d2c7d8da
2071d597
a930314a
03bafa4a
a8689cd8
c1668833
f64da631
6b6ee469
3adca591
9a94c0e4
af9a87e3
503acaa4
e8a4fca0
355b349d
6fb1b0a8
8b9bc71c
0bdf0d96
78ad91bc
d25e6709
e341b050
dd706682
9c9b5d81
39cd09de
60ce00c5
512bbbaa
9122be0b
4614c1d8
d76f86b5
cf935d18
b4256861
224cbfc4
21319a6e
b7782176
d89f5e6f
60e16555
d81f4827
fe769b8e
f6a7efda
e1be35cb
0c87c637
c37af98a
65b26a85
d4b3238c
28a8c51a
719d1c9d
a94387bf
dfb35160
5f0bfd9d
32cb8e45
5e6cd232
1075ab4a
7228f5a4
80bc27d6
cb6a5caf
43c701d1
2aa5ba29
a4512267
6b5b911a
8519aef2
53c4b277
df7c1649
9f74dc95
0d099291
af536e0a
2abff083
12691c0b
e5fa63a0
f3c225ae
433c5f97
e37d6306
7229851a
64a2f474
4e6a6031
36ddfa67
8d96e364
334a773e
724b2cf4
d0b4b93b
e9e30321
2a6170e7
21edf881
8e61cf3b
5fe537d3
6ce0846c
5e9eccde
4422d88b
8e66e652
f24e49cb
0437fd7e
0bf577c1
8545ffc7
c64b4afd
6f1ae0e3
b8e635a5
fbca9458
1c8d6b30
09c9c466
4bd8d9ce
e76638dd
23eff6a4
d94f6c67
f02f66aa
81f88fcf
9a0a9113
40571057
b6f0f357
61d8196f
8a718bd5
6572df5a
b0ab437e
be42c01e
f5cf81f9
1a9f84e5
42692b4a
1e58bc06
cf531d94
d3f0c306
bee9e5c7
538ac1cf
61db88de
55d5ec0c
788ee2e3
82d1d7cc
8bccfe7c
c79462b7
3466ad52
59b16802
835bac95
68d453bf
42796992
f828e7d6
9f46049a
dc1b55dd
da2a6985
86965ee6
adc63ac9
6e3d9559
42e2e452
e5389fc2
c331cbb4
f1e20f86
a46588b8
ca8b9325
561f6f6d
f614d251
65f5ad7a
43f7c688
b131a5ad
058686a6
87ea31a3
221a24d3
9eae97b3
f89bc3df
6630eff4
af8519e8
e94134eb
b6248071
502c8668
30739688
226d6127
1b113bbc
d6425aea
b14d34e2
daea1973
f7888854
d8d7cef9
18314a98
6841f26b
37b15b41
95a41377
c77138ed
bd8e9515
420c5bec
7296858b
3a18db87
62d2facb
37f6a72d
601e5336
6fb5ebed
0bd32ae6
a48dc940
38a71dfd
5c693499
18adb16a
6594d748
90eb8b7b
92690021
897d59a1
98f4bafd
85c05a54
f96faec0
dcebdf2e
9e705bf1
6c74f1a7
9e73b3db
f137f40e
c8e120cb
fab7a51a
a975070d
b8190d72
e5f830ab
0f773e94
831ec8e1
d37924d0
f36fd37c
11b9ee74
d99a9a88
7584020b
bbc6b0dd
0620ed26
2e1e730f
de765e23
350ac2e3
ff56cc36
08472ce8
84dfe078
defe3278
6526d8a2
67142a40
293d66c0
2d5240a7
75911ae8
506f1b2b
45cc76d5
378f3378
7ea27520
9a8acbb5
c353daec
f09d9ed4
4da62f41
6ae61b06
9a2810a3
aa2da087
e2f4c543
a801e386
8a63742e
e4bcd389
482d74b1
c1c90452
f73dce05
5c23d52b
ac88a4e8
cfddc850
b13ee507
3d94dc01
c603e200
1fe27a19
7385b9db
e0377b19
3a947802
92da6ed8
1e857c3c
55ba1c6a
302ee180
9a483c69
4bc405f0
153b2f0e
84fdf7df
26625336
2c4f4bc9
0c567e1a
c10ed2cb
1e8e655b
f2f7eb55
638f6ddb
d4a8896c
75b7e622
ba579466
9bf87a7a
8e5b3fc1
b4102dc9
7c0da5c5
5de059ee
a949b943
494a748c
643f1a88
9657bd22
b502c5e0
c576ee32
c003d687
48de8d43
54afeb8e
74c7adcd
c8682d07
6c3c6e2a
ddaa1311
41a0261d
da30bbc0
2cc227ad
7d2f5567
bc876fa8
f63d8d8e
2c0c790e
aa0db981
ed8ec694
80b56359
10424287
5345f530
095d06e3
2e51689b
81d5a47d
d55d3348
8c62138e
32e807f8
039e5394
6cf426d8
3f0d2215
64447f37
0b74ea7a
2beb3a3d
3f20b3ed
093afa24
72570023
ee8d00fc
1ec1dd2d
58994371
72bd4885
e1f3c797
69efa5b4
d02b472a
255dd830
66fe177d
64319f9d
eb857d45
15dffd0f
f01758f9
5881fdfa
17890108
9e61b2d4
92c995be
f161c8cb
21d264a1
249f727b
6985f836
ca60719f
8c2fc6fc
c4bb8791
d5179ebd
5e5c3fb4
ba7e8a75
b831efaf
aa888b16
a1990555
a1184915
a57578d3
5f891a8f
7568c90d
89460332
5fcd06ab
67dc803f
ad473918
d78d8b37
9136153f
a1c86ef3
ddb31e58
c30f9bf6
ab0fc461
d071da2d
b614d333
a94b8819
a28b5c85
9000482b
9598484b
5ac5b548
98dc82ac
13cabeef
3bc02ce3
5bd2269b
d7f3baea
6249972f
197dd8cc
9b21506c
e7f14e32
ceb072cc
397faa5b
dce46a1a
e3a54814
af66cffe
4f39de9b
a9d43af9
7e7d1081
6dbd94ed
8cd44a13
20a199e8
5c8e1d8a
bb2831cb
80cee5e6
0e1f581b
b66d9e10
33807f03
940ad236
d4dceb8a
7e6bf3e8
f0aec3f1
a81c3395
3bad7a54
63809f5e
5f69fd43
e15bc0ef
ac736d02
3a41e1d9
5c3cf672
d3ff83ba
8ba442c3
99398ba5
e44bd225
0720de52
60dbaddf
ab44a666
9bbaecb2
88acc91d
0b4ff127
7cbea92a
33a93fdc
27a3bcc8
a952aa8f
ca398432
e664f86e
fce519d0
3f5f55f3
a33ab365
64781f45
4148ead9
f14ef15c
6d4f1460
d8675e44
18e13026
42a05976
4460aad4
5e254386
c0c64e13
c0025f24
0f52bb2e
6c36ab28
92d5a66d
5f809b75
876f72e3
1bbd7cd9
74d8fe9d
64e1510a
27acc055
d7aebf98
a63552f2
1e63f187
724a7c76
2d611f37
3ff1b662
f91a72df
13e31e07
470772c5
44bc57ec
73a77a62
61e86cdd
f4ee4682
f11842ba
365165d7
1ad78522
523a8d32
5ee89987
2c6e5ea6
2bffa5e7
ee92adb0
05569991
774b7698
a331fbaa
0d38fe18
b438e1ed
6e8ed77d
d57bf175
dd3e9bed
fd8da9d1
12b9708d
741ea6a0
41d672d0
2ff8118e
d1110d7b
8dc3fc98
17e936e8
63a3101e
7cc214a2
de891d99
7fe5d470
df86ad50
350abb90
14bab045
dfa51058
6974c664
ab069550
23da30ea
d1c2a808
beb2eace
7eb6057d
939d6df4
c3099a79
eabbd9b7
c712d90c
cb7c5032
fd60e95b
c71b0a12
e0e641fc
169b407d
acfe0f9f
5e599d27
c5a3fa3e
939c2165
3b3f4f47
39094d41
7eeb57af
d2bcaf54
0e48cc36
8e68e15b
c503b56b
aff2e182
75e1bf69
11f2ef07
4bb109f6
961e47e3
7a102764
e7472b1d
f09c1b17
eb969207
c1f76e56
0abefa83
3adfac60
1ccde4b3
3c86c0af
92d47443
bb81b73a
5977a94d
18f4c9d9
e3510965
fe1c2e85
763d31f5
2b76fa92
503c1a10
94e41e12
bbfb735d
e550f211
451e14d2
1b63635f
8531b3e1
c53b0af5
6e8c0e70
c9e50b5d
234770da
a2643f29
5d3753b2
3abb80fe
de2a075c
fe89a8ef
477b4c01
27e19dde
f79795df
fc1615b2
03900e31
f3c2ad62
fd7b7916
a6b601d3
addeb494
c89ef1d9
491f82bf
3a9ca567
c2e9de72
88fc4bdf
a59991a5
2a02ffaa
74e9e310
7a9810e3
5902e254
045d6a58
f784038e
0cd5ec20
803584e7
92b27fdd
aa8b6392
ade5b9e7
53ec5ba2
80c06f14
f0e303fc
affed309
520bc156
c6cf7064
70ec62b8
fc971286
ec375fea
d8a97c72
371ee7cf
fe7a102b
3693119a
efab9ee3
cdd4aeb4
c5765356
69840def
d9b53761
f93b98cc
53f3c7e2
f8936b55
43fc2f84
54d5b364
03012924
3a3e89c6
ee4edba2
b0658e2b
4edb45a7
6858b273
1a90b58a
c7b1bd1a
44e6a8d7
d70dac26
ac2d10ea
d39a1436
b034cdcb
a64e4425
2f793b3c
3465ca84
c059929f
e0d60fff
afb312c9
f87414fc
8962a2fd
02d3d6cb
c8decd59
534d2bb9
a6cd8be9
c1ecb1f8
f97f3376
f88fb48d
af18933f
5d608c05
e5eb5d95
f6331ebf
69e45c3b
c34148c1
1b8c5027
16e41b8a
7cc067fd
0d0b85fa
eb873f4f
363ad82a
57c2c6ee
75b5d910
ddfd78c9
bca8152f
deb3d391
fb132458
f4070043
14e87579
4477632c
5e94ec2b
41ee0bcd
c9d0b898
b04ef042
dea238a9
5aea4bf9
9f6428af
c00323a7
4a18c80e
24099be0
97a78452
19e9ce1e
e7780139
571d6104
70f6f307
995193e3
5a660329
d55a2669
0277e1ad
ff4f6df9
c1855805
4974c842
5cc82c2a
27ffda3d
da48ab44
e1ebbd8f
d0c69986
c9dae9d2
3501d2ab
85b34023
310de11c
a17aeedf
e6fdda38
433e0890
bc3af9ab
465a96e8
fc31290a
69fe8642
379d0336
1ac1a12b
d444a536
cf45b766
20a92fda
ad434f51
2efb8981
f569bce2
5ee8c9b8
1eb9d99e
29496e44
acb31a6e
6ae4c122
77eb78d0
7e764cc1
cec9916d
2b0712b0
1f61f8b8
de39dd0f
1d5d840a
7c1da1f1
908f0f48
787e1bb8
8ad2214c
bdbb381b
7fa8ffa9
6277b752
970cc962
f5169524
1ea9162e
1bf4f91b
0794fc2a
50ebc86a
6bd8cf55
660aab78
23c83431
06fdc373
89145873
c74a3905
74e92d16
5354aaad
cbb59cc2
3bd6848f
80f6b85a
c981fe4b
12863890
de488db0
d0c30a40
61a5ec0a
44e33296
636ec979
7f85765e
65e47efe
3bc6f1ea
697acad7
c77b293a
219ff81a
a792b801
c36fb58d
f3b9288a
8335d99d
ff0da205
0d849ad9
8056d4bf
a139d799
d7f0b411
fb1ae41a
242af2a6
c7555baf
fcbf5a07
47fc83c1
6826932c
1c0bda08
af7f962f
dccd5f84
44f20de5
1a86de74
5a96dde6
1aec0158
25c1f9f3
38527b61
b599b812
4b91dde5
b237fb78
50995407
580e7044
a45f45ea
3effcf2e
88594665
91b95024
d8268357
09ac725c
ee07a41e
6e5afc90
7ead0790
8c26362f
b9b0469d
9429a9c6
82898450
3c75b37e
d05cc04e
579a8cd1
9946ad31
a2ee652f
be0db0f9
b307ce12
f3e8f8b4
b84b1d35
faa1c481
56ad835f
a0df7393
77cb1a76
ee839233
63173ba7
0c4aa6c3
4049728a
bf2a759a
894be46d
05ca9996
36f2a307
72182239
a5c687a4
eaaae605
6ff3b247
02e12958
e49bc07e
3ac1ddad
0ace434b
a88eca05
1ef63cd8
42a599cc
3d3aa365
2fc47de5
2062870c
0c7e0869
97cb8811
ad1f0b68
236d8c18
9f8e8263
17085d4c
b7ce0d66
c15c23fc
6b4c473c
77443859
622e6305
2f73bbdc
5cc9f49b
fe6f16c6
42258211
8818e368
140a4bd7
8c98752e
d71e3de0
01063723
60c38c20
62e9f09b
5f954dc7
7ad8010a
2337aa53
fa9ae799
330b56bc
93b71a65
b59976e8
032736c7
d614d97f
d4aebdee
2cc6d594
eab6d4a4
2043d190
ff847efd
71603258
f9b3f20e
c6b84c64
7790cec2
71d84b6f
3f353594
89f24510
bb5b81ff
e71c2289
81aaf6d0
192b63dd
11c1cb4b
b79b8cf2
353e5db3
90f493ab
d6ee2259
ca150853
d6f3f3c2
c1812413
409f701b
ce613c2f
e6f3ebdd
dc1a9ceb
1ac002c3
5dab83cb
5baf8add
901368c9
3081f5b7
2b1c3bcf
1589f85f
7df0fb2b
968cbfc5
cb9d9240
095fdd70
75256648
4c9b2e0b
a9c54f7e
3f8edd48
29e60d00
b0d20f6b
a22961b9
a01e6dab
ffb96879
7952eb21
b3215377
7c8d950d
aa3a2c61
9b17304f
49d5e705
20d91fc5
fb805101
e274ddbd
ef1f42cc
2d589a21
1c7dbfc2
1257359b
87f8f5bd
dc234005
d7371246
9cfcbfa9
ee29b90c
ad4b6f7b
496f315d
f52dbbde
8dfab005
1183e597
25a72229
c10393d4
cecfeed4
4106e1f3
3b12dd0c
a9cddeba
28e1fd24
b3d21cbc
75a02aca
8d855888
6ef3dec3
454734ce
d46be66f
c42a52a9
b29b9522
a61ca583
b28591c6
6a0727e7
fd0224ce
f7478610
da04ea9c
d64988c9
e4d4826d
0e87ca99
363a8648
6718b1cd
4f6620e4
d03d65f7
df7c825e
84302fc5
a5767d70
4efbe6b2
f977a745
a163c202
f4071e96
df83917c
25945342
d0ef7ae0
d8888afe
3523e8d8
e454e9c0
67bcad2c
d975cd35
ebd39386
f956afa7
e6662404
867147db
d91a498a
44c5d0fb
1293a38b
8100748e
d7c5db75
5e54547c
ac60915b
f1f91a5e
fbe47650
9bbf4cc6
623245f3
761a2a72
04c57a8d
f9d800f0
2ebf0071
53dd8aa0
16adce64
faa0db4a
d17331dd
54d8c733
a8706289
bdac7153
754b0e1c
88171bc6
d4c8f699
a1f1d757
e30f9743
076c5ee3
cc64820d
8f9199bc
f12e296c
504f98a3
5fbcdc48
05a98552
3d93c393
531fd7e1
477784d4
a83045b1
383f9d34
8fffb581
4c4c55c8
2376a1a9
90c52865
71d55f4e
e8f2766d
df125896
1ff5ea45
9b22eaf3
458d0ea8
cd1c0c60
29219c7b
32e78be6
a9ad6ef3
f22ad8ae
3cc2c72b
8cb384e5
e15d2ad4
6143f183
6d323b41
788a9423
bdb1cbec
346996dc
b5154b04
1624ea66
f52b8d78
e02adafe
d22326a4
d772e19d
733b06fe
5819ea37
8df83886
6290e79b
ebc31608
ee8897ad
b9670888
e6c87e35
059d1022
dbea6c3c
544aef46
ea00e3d0
882ae577
c6c036b0
76f4a1c0
a83eb173
a9039631
10f10afa
999f34f7
d4a9b327
68abe2f8
8cac1e2f
bf3d9631
6e8bddf6
8fe1eb57
f510ebd2
8e60a490
fad218af
1c399954
6248fbcd
e437f869
85877910
a2dd745f
b4dc8fde
e3df8013
14857c29
5a0bfe84
33c41720
c59a220f
64d2bf13
34d963d0
c5d07893
5f93e7ea
a79a956b
b5f163ce
455381d8
36afdf48
a3e62497
449698d6
b72cdd13
427b4bd5
05ecf3cf
c374d028
50677a80
c8d01af3
f7de4ac8
8773e405
67ace0e1
aa1361f5
d8f09711
fc1b53bb
fbf84714
c86a9e8f
bcc58d71
a6faa55a
4df55c42
f740411f
7037dee7
0b7acae4
320ecb16
66383045
95d236c0
0235399c
ab967ad1
54443769
03ac68d0
6b59a705
6d48fbfb
43f71af7
6a2d5dd5
5eed58c9
1bb10d4c
49bcf6c2
ab106874
7028bfa2
41293b03
add1c26a
d929d01e
3a612329
4974f392
b3b90647
e9413b31
acc1ea67
477716f3
ab5fdc2a
f7d02665
fd3190de
d8ec288d
1d620db2
e9ba383b
9f9c3733
ecf10796
0890c3ec
aa14e133
8a94bafe
b93638db
64fb16fb
30d7203a
7584394b
af870d8c
7b6d8459
713354aa
c27fc4d9
95b12f07
ab026e66
8528dfea
f20d65ea
0366dbd1
a6ffc1e2
cc1f07e7
c826ac06
b00d587e
97a884a6
ed270083
644e9b56
c875b49f
8781e70a
f2f6712f
fd65c128
b2d6f571
43f1b723
97320055
3a95db17
acf0cbbf
d1effb43
1e2a7b8c
6300ba3a
e83230e7
8eee479f
c23a1542
4a8be5d6
eecbff1c
daf2251a
24243c2b
2152d800
d2ec6882
ac2d58f7
a5bcb5a2
c67dd298
a1bf2407
91b6ecee
85e16fbb
938d05bd
a57654c9
bbc555e6
aa105cd0
af4abb31
281a5190
5d1cc878
fb6e7ff4
4534071b
4a6efa01
19c7991a
2c113a88
35a7c56c
fb9d9b6a
a2a6d901
1cd8f446
404cd44f
4eec4c31
35c647d4
1287fccc
b81fdab0
aea641d7
e1fd0e0e
c5aa638f
3a46d152
1d7d5a3a
f04df0ea
8b3170e6
9cd96d47
8e265650
8b0eb094
18f7eb17
30bc12f3
4c3bc950
fd19382c
7702c58e
1cddb86a
b7f2a39b
a912c18d
78054792
81940cb3
189fd8bb
d9b549e4
5492639b
101a5df4
2e0d10d5
d46d7337
c677924f
3220fd0b
66cbb983
a13af3f5
5b704749
4a2f99b1
6cf81964
4836191d
0b8edf93
deace8f7
4a90b8ca
b119af1e
91e25472
ff423361
2ba019d4
c07fa5fd
e5e79773
b05b42d5
728db1df
aca4d0b1
822401ad
22a20d10
e0688c79
40dacd40
4ded125c
2a6478b9
0813208b
30a18162
74c14558
b1658254
cab6bc36
9d952acf
806bf3c1
4ba660fc
5eab7fe0
423bdde7
41df2a24
690ac3b3
fa11896b
292ba1b4
f6f908af
e291b886
29fb5bde
8d9cf7aa
4b0e225b
55daaa6c
8ce41ae3
faed5fd5
af0fb20b
88bdf7e6
5420444f
c437e6c8
33db3f3e
6b229559
c6e63a4c
b8399ea8
8c576bc9
c0c1d0b8
7d90d17f
f3b4c51f
bb4a5feb
30387ccb
a6d58af2
542fbd76
b489c76b
dcd77f3c
c7667ce6
4eb6403e
ac4b7504
139c78cb
2b533a16
c30d9986
edcbb96e
6e442740
cf43412a
448ba347
14af5de2
8aabce25
67724b34
d84669ee
d62e759a
f531ace0
4cdf7c7c
0002c1a1
6cb44e2c
1d02488f
f0741642
3b387d73
6ad35f67
88d07dc6
2fbdc5dc
ad17e880
81611b38
3f176c6e
a80c543d
3a586414
8aef948d
60b30790
229d5847
fa5d3f51
64eef179
52858d51
b9da7a6a
b6b09c1f
ba2a24fe
443c73b6
63e38fc1
92561360
ed4d5d82
2f39c105
7704ce56
11d3b1da
c5560821
6b79a1f7
28c9631e
5f4624d9
863c186f
5cf6be17
eca5f920
46dd312c
b16081aa
2c94dfbe
65b37914
b68aab4b
466b6fe4
090b2c75
83d5fe4c
c28361fe
572d4d3f
047809fb
15f950f4
83c37422
9c9c1083
f7fe138c
099c2754
69450026
a2a86812
da2cc9f0
bb13aaf3
67cf435f
7510dab7
9363481d
9d33493a
a3eba372
5b7233d3
7aeb2e10
3933ed33
b07b0065
72970044
3b6dfcd8
4a635e34
ac0836d5
367baae5
80ace8af
77584d74
33ec6df3
4957432d
c8a1e6c2
550db942
dbd75b9f
5b021349
7d9ca45c
41ae9068
31242117
148d12c4
39ee5c00
aba7dd21
a33769b8
20d1947e
0c8ab542
c4108622
539cfcf4
ef498404
4bfc2138
52fe800d
c8c1f44d
6c36d79a
c5692c76
04758f67
857f7ebd
43be6088
1092512f
9aabd6ba
bf05cdb9
dad675e7
e1671424
55ad24df
4beaecfb
28529c68
bc8cf613
332478bb
4bb3489f
e294ee1d
af9d8a5c
0e9a9347
6f3bd32f
c2b4c4ce
7c749e30
ef64bfaa
085fce8a
f88adcae
85c12ab5
418b009f
e8080a08
984cccdf
c2e4cf12
f4906b8b
de83011c
53f0c288
e84af17b
7bbe464a
792edfe4
436d3036
d7ad87df
ac350ccd
ade05e2e
7e1502bc
eeba25ba
2597fe0d
d65527bb
d06bb168
b2d52d2a
2ab45fe6
efba39ac
4c48acee
c3c1660f
e4d46b78
89a391c8
137723fa
2438b41c
759ebee2
b2084f0e
9f126f46
6cb8e5a2
91152230
7538d077
e08d7b06
2e4effa1
5ea5d2e2
9bc2b5e7
3f7abf23
51709685
52645f24
593cdb46
0fdcc116
1e0c9ecd
7c6dd9bb
0964fd66
0d5ada0e
44a8e6b6
df20578f
432239f8
d7584c9c
c976bf53
9561c12f
2358dccc
175dd7b4
132b22cd
fdf0ad29
64513543
e60ae8f2
fa9ce270
a8f9547c
14ca894c
de694339
5fa7c373
1dfe037b
a3740d09
3ae69ebd
71921f21
7462050d
5b05c7fc
d7971b86
3dcad5cd
20ff26de
46ae4a85
7a7a8e64
5c9312cb
983525b6
dc298c9d
626a1a05
9526008b
b013bdd7
6599e293
0444d448
77e5c5d7
5cb9db54
5bcd219d
22182d33
708f5fd8
22f4b95f
08de2076
9d074c7e
3bd6be89
53540327
660a7a6f
e5893679
687c609f
fb436ee8
5e50eb41
78158a7e
026563d4
0376ffa3
c6528110
10cd4a59
53b474d6
9e64f951
ed869208
90137f5e
cafe10be
869c2eb7
14eb288f
526422be
91d21022
e83e5c49
df22060e
d2423d8e
b4a60a44
2e15be87
59c456c6
c858eb10
6681a0b1
bb9955df
a3ec1313
f4fa1d1d
e2ccf105
66a93131
be65b821
c6b9b205
fee5eedb
29cc6502
d0ea5372
35bf13b2
7fe088c2
fe9466de
39be0e25
26031515
b9495eaf
aef8b6e4
ebada8e4
4045c132
e3d64599
820ad8c6
4b8c4c18
77db935e
2ed87e54
376deb37
b05e16ab
67cdd6db
0dd430fb
55a1b614
8e6e8334
8742aff9
bcbd6af7
049dbaeb
e9dc484b
1229764f
2a3fb148
f81ad0fd
6557299c
dd4aed3e
3d79ee9c
36d96e2c
8dfe491a
4788a6ae
3f253c44
7f1ab056
64b751b1
ccca8376
65505af3
eb8932e2
86da776d
041d4159
17939bf6
4aaaecb8
e277dd2a
26998cb4
0a743c2e
793d067f
e78faba3
711b2513
35728367
1857f54b
e0875c4b
9837e674
5e7f48dd
c507060c
447fe449
348b599b
bcc66af9
00ee572d
d0c7c513
c47e51e4
21e1361f
f3206659
31a94d63
75ec7fbf
26c9bc3f
8516f8a3
2c1b4865
03de62b5
8a2dedcb
9289efd8
3edf1a01
f524ef3a
9a5d76f2
843deb69
18552c28
cc51af67
fa7b13c9
fcce707d
ca6245f6
f79e7bf9
ed4d8cc8
ba97c1b9
aaa33561
7c20f87a
8fb39e92
96d5a992
e5b0601f
5e95aa66
e5bac503
dfcaf69d
745fd89e
083ca53f
94069d46
c30a8055
e0a2b97b
16990ceb
4f6f7828
a5de2573
d1477568
909e7073
59ab4d85
20838d47
e85e2a2c
a7a451f9
8c4f5b9f
3b4bec71
06c4b766
18e5447c
de640506
2ba0796a
4e925f66
64d6cce1
b62ba0f6
702a6ff2
b8a435be
e1368b29
b96f13d8
8bca93fe
34ca0142
cebd01bb
77ee2b6b
4230f128
8011b7e3
d124695e
86be55fd
24988e04
a02d4463
f22d365a
1d17238b
e34b8f26
8f72e784
bf1ef939
3c67d090
aa78683c
49d06182
88bb3908
11927696
12d71186
c6eee152
1e2a82e7
249531c4
91921f05
7a62fc98
e3cae40f
14d15a49
316ff486
895f9e03
db20689d
0ea06e31
ec05cbbc
472df959
38ea3c98
3584ea7c
0b6536bc
3b82cc4c
db881d0c
1e21194b
1c0c60e2
25113ccf
2ec11245
07f947b0
f4d076f8
73664a9d
0ea16c5e
466b1555
b0c10d80
cd5e8937
9be2dd78
b5d10874
f2bdc04b
7b647269
a3a116ce
fdf2077f
7b7df90f
3c82d98d
f66439cd
0776f1aa
4d815e7a
0c0ee2ba
8023864f
d4a6d204
a9b14f16
e8ed7bbc
589782f2
500d49ef
50e91c7f
e57a2625
48d8c23f
b779beff
52caafb5
4cbedb21
482f7fe0
1e4b38b6
3ba24c2e
a67e3c9c
651b4948
367c30b9
9f9be31d
921cde97
ab470b49
15566a64
14dab03e
2e84175a
6da1ed69
e48cf186
b4483056
7e20a175
82192317
dde2e586
a58c7d21
78c821b9
6ad7b26a
718d7ff5
e3622810
796e9f0c
93d6c216
62d575cc
72544618
55384e70
a0b24588
997f5d06
fb90a2ab
41e4900f
1b5a3e3f
01233c50
ae3bc609
795e99b9
4912227d
17bf0236
b3d0752c
4cce9602
16e1c2fa
ceac9e87
dc36abd6
cd68a636
a9d3c4f0
0cd6e868
cb8c382b
ae505db4
3f20d141
f11cb3a4
804538f0
c831c8c7
a8b56578
89cc84c7
e8aa9098
5899ae3d
b479e347
9a83a840
4305f948
ca0899bd
1295050d
4bfee74a
51ba518c
41c9ffc0
d2392eb2
376b9f62
d30619f8
14c6d4c9
421c3c7d
863b377d
5d907b62
eb38c3e9
99c6122e
10b00538
3a2b8537
f8b28c63
6a472d38
4a89cbe4
49d08824
39382854
02994174
1b0abf25
97b2f264
315fe407
bed503d1
8381fd8f
6a1bbb3d
9c0a3050
d68055aa
ef2efc44
9e2e76e5
8d7d69f6
5d5d257c
05e11ba8
f4604179
83725a63
31ad1754
d1d85b1a
84960004
214789c6
4c42e112
c89b1e67
26b65b76
82293d00
73f3cc15
b51b0b44
45e3609f
0c1055d9
7554647c
b3a376f9
da9cf281
b344fa68
7e13f2a6
570e8e5c
a53626d3
480e32bf
967c9b4f
3cc184f5
dbf240ba
66b4e04c
ee7b36bb
4df8b149
b1f3d455
941b7bd0
4a152e03
5939e652
26e13ed6
d33354eb
ccde88f5
140cf384
9e75405d
ffa97dde
1b1de828
e809fb97
8896cfa5
b80cc463
590b0ab1
f754ec11
24a28979
4c2fc8e7
a7a2bc4e
c09a455e
7b0c3991
91bbbf83
be6e8ec9
46c869db
31c095e0
43343e40
36b97411
113f48ca
c8ca79d4
30a349d7
af0d22b3
a3df6a1c
2775b4e9
9c0111e1
081eb144
f9921338
7fe55112
b2a098a4
4eec9cb9
7182880e
105305ac
a9ef7af3
8473b26d
70c2c72b
bf565955
d9e82a3e
2e4c2202
bfee4cde
9432f9e4
22eca0d9
31bda689
4714c5dd
a61a66c0
6eb666d6
c495e56d
d0f57232
1ff3ef8f
a1b17658
7cb12817
6c224fad
2593dc2c
dd974314
627bcf09
280dac78
9300abb8
32f14d0e
bc0165eb
1943b053
9ea1b4ec
7017cc7a
6de6d6d2
623a2f70
d0bbbd98
ea7d26a0
ed268e3c
6528caaf
d1670186
b0dd25bc
2355c55c
bf3b739d
55ca8f34
495948bd
0d4dcd82
fa4bb5fa
cc88df7d
ec06ce60
ea501128
6cd6a767
6eb2a1e9
0822d236
feafc61b
fc28992c
6bf3bd09
8cc15cdf
b23c16ec
24021ff6
4a1ccbd9
1360cb4d
b3c8df77
becde057
fbda2f0c
cb5126b8
3b4ada74
9aaf9dee
2606e0aa
6331f085
5c457afd
a322cc97
9581a72c
5f3380a6
68635bbf
78978724
b0e9b5eb
46ed4573
5821f413
1347d9df
a052ae5e
c24d2b08
0a60dfbd
d5d3e3c0
2940e1d7
43c5f27a
305688c2
dc8d9d03
80dd04b4
79df334e
c61e9591
211c19c4
6d7201f1
7942e685
8992ecbe
ac8b0a40
ebab8dc5
2741b940
fc333e71
fbc4d3bd
b431843d
d572f2c8
481925aa
0d39d508
852b6fb8
b1007a59
182fe8c8
76b4ad47
2a337149
4481c6fc
4c46f4d1
b5328f91
7766edcc
fb98b407
67f7650f
0d417e94
2f842c09
f4f7c941
8a7e36b5
7308abef
ceb52631
696ff800
789d05b5
7e9324ab
e4a91d11
d1746280
f4f833ad
7ef2f08f
4a11e5c6
cc8ec819
5cbf4210
24c8bcf3
2c75dba1
30530ceb
6ae3f1f3
fc638331
a3ead508
381b2077
bae32be9
4e014900
c2b5d72d
47e10426
0709100a
771c1e30
c571ad87
a4fd4f63
f7c47501
f496370a
ddc0fb1c
d5f28da2
a22c386f
1efaf3a4
fc305ff5
a06f20e2
09bdda8c
261690b0
2f3c1bab
82e1e1a8
4aa05551
cbc82b1e
f2822b3d
aa30c25e
9afc5624
1974c42d
cd4d1e69
03c49d9e
a9de1264
1a52f946
9a9cadd4
675f1655
33c213ba
116e4a25
13212a18
a4b7ec62
9b64e955
d5209138
ad764989
efce8c3b
c136bbf3
32633f7d
5cc3d5fa
2630c818
fe113eeb
05cb17b1
1390411b
9ae6dfd4
26d7a01c
cebb9347
063893cc
074d8530
1d4725eb
58009afe
48904082
04f4e6f6
2dbaa6b1
7511e9f2
af23aec4
c13f6964
ef75482e
7603b568
7f9642a0
c3a9c029
327ef6e8
8742c17a
6385ef27
aa46f1e8
ab92fcd5
f2c10d9a
fd70cb45
1f92981e
2cf505df
4fa15df2
e3e90c61
dbe7b4b9
37ba39ee
b9724b1e
892fb4eb
b2190d86
d135eeb6
f73d3b18
f17911c5
58327481
9096aaee
15856237
c9688a68
954fab99
d18d5e18
1fe23815
f4cafcbd
08cdbff7
90076699
3fcf6339
a873fa73
3e401896
66ce1731
0c80eefd
c765be60
528b301c
a6d052bf
5cd33def
7aaa3590
feb37f9e
73ce43aa
46e10ec1
bdb922bf
5a07edc4
8f5e4817
d7adff12
ce729585
df1244eb
4355c486
e3fd8d5e
bee0ea2a
5d335a8e
ae0a3916
e2840f28
1ddab785
c0e7cd86
f0864765
88fdf7aa
f2a9680f
185c8461
51b1a13f
648ec67b
465bf11a
65933b7d
bdc5f7a7
3d7552a8
202a147e
ed9032c3
a3d5b276
a8f9bbf4
3b6b2b1b
ddd07852
2adf6ef2
5688fe26
0b42cf8e
304781f8
ff772990
6f275585
332158f3
6cbe8067
0a8efe87
d0e759d0
5caa54ef
58fb082a
ff451733
b95ac05b
20585d6f
c32f915a
68ad4ebd
80452dc6
5199f047
c4bab40a
3051117b
19a14e6c
0f39db57
bd29fc99
9b265393
8b8d984d
0bab94eb
c80b2f18
289fbfd3
38e2eb82
ab884fb4
f12aa557
6b304902
bd2b8401
a58da35f
7dbaa24e
783de205
b39a89f8
efa2f354
db53729d
123eb2f6
71ca5a90
ec0d332b
f998856e
2c1cae81
6ee695f6
fcd43411
d87b44cf
923410a3
ca544ba7
a9c67cdd
6b2f373c
a1abd4ee
038eb758
8ca147f8
d57c9a2a
4d19e30b
60d0d9a5
b3c3813f
9bdccc99
0a35fe0d
ddf4335d
a7c6d217
c6031915
1e6f13f6
51cacd7f
ffac4d77
c47117e2
c4f64e46
4ea3d4d5
8fb08993
ad3e92b8
9a888a6a
44afd66f
089f5f63
e4e88eb3
01822580
9b55f0b7
3cf441c1
c802e1ad
16ca9746
b74731e9
f471364f
c3d0ac8b
55e3c957
20285e88
317b7923
e7e14b9a
60379b11
9e2337ce
124e767b
84ddd11b
a6adbe26
ba9df4e3
c4751174
228a5439
3a474ba1
c2f761e1
e375e0de
12769e35
fe326870
ec39cbf3
69de500d
2856a7cf
26f8e2a0
c289ba54
ae069f74
7f3cdee3
5772b688
b6992fa2
b92a07c8
d5a42a5d
ed5f4ea8
d13872ff
dc9c2fb3
44267e3b
6548efaf
9c4f6566
20ebeaf7
cd759efb
daae9f36
bb51f7f0
09eecf7a
265f8cfd
46e2407e
5eec7f0b
652cf454
3ed5e817
e86f7dd2
825db240
583a9f07
8008bf69
4a891240
a99accc5
31888a6c
53870dc7
2bd0ec32
f2e85ded
6ec2633d
aea7bfd6
6c8eaf58
c4fa2870
721e0b8e
c43ff6d7
dd8ffe45
e7674ff2
016c6431
bb052310
ad55bd1c
99e0a6f5
f9aacf34
6c3ebf4e
4590e830
c95f2f9a
b1b3792c
0f00579b
d818216d
ceb0b27c
1dc01a05
08385db8
01aa5174
c7990e60
18ed81c9
ce5fb073
cd2f64b5
faee3cb1
28474f94
301f9c96
5abc636d
1a77a8c6
bd8b2010
11b2572a
07f207da
9ae1bc5b
09fc9a6e
5539bac4
cee59aa6
9371b9e9
990ad368
380ca2e9
f7b9a9df
ba46de2f
dd9b8936
ae7433f4
fb99ff43
a0bb50a8
7e1e6b9b
2939630d
1b199dc2
172a2a73
bd7df3ef
68d35eb4
758b9f7b
5d4b3f73
3638a542
15c1d8e6
f8930ab8
773187c0
bfb9aa7b
3b036a6c
853be118
2923ef3b
87d46472
66de098e
ff7b291e
96f3370b
32e93e7c
fb7d3d0c
f501dabb
bafdc7a8
944df874
5af52118
bf58cf97
ef47a989
61a3aaec
d04297d5
adb97ade
2c261730
922e1392
df15e91c
05ab007b
f4ba05a4
c33f280a
dcdaabe2
0e06d1a5
bb1906d5
9491e9a6
6fd9588d
0019bdfd
459f3c36
22f89b0b
4ec22fb0
8de211c7
f1324602
c661a5f7
334fcd3d
ecee9b25
45941cab
b60ca736
5172da01
5ff48b8a
9107d5a7
42d4a0d0
b37218ef
95a4e7e8
26b58a5e
3dce2b6a
560b548a
0fad2b5e
8ffd10cd
9e12d1a5
e46916a4
2c16d745
865bd46f
ec0f980a
77b0513a
b2711081
c8c22059
8cb1d117
1e32e03b
38bed10c
c7b0a9ae
d6202137
35dbefc0
9e01f317
cdd6b7d1
245f9f7d
e560319e
eaa73f93
6641ec57
b2a83fee
792192a6
0634294d
7266c73d
4b5350c4
10a085a8
b5951d2c
f4387dd0
125f56aa
e35a57a4
1f8a0284
a21e7786
9d519a3c
62349875
090bebb2
dd246306
9be362b5
38b1c812
68350a18
35673d05
7e47223d
b439f3dc
a8fa32fc
64a27f1b
9f72fd1e
fe52e157
1b0ec267
b5271fc2
2a1f9ebd
36ce6af2
d9d7cf72
f0fcc773
8243c7df
f115561b
84d770de
cf778dba
7c41a2f6
c4ca67cf
6d9933d9
8d6ee6d2
c1e9ec50
9d730068
60ddbaed
878ed04a
7e796a40
3858f720
6e42ff82
878e374f
acfc6a7b
d2aea942
6115431b
6a1e115b
15e9ea4d
9e42a83a
09eae4b6
4841797d
6dc4d449
8ba91e58
c19de28d
7447805d
ce7c132a
92033dc4
b467b888
d7c1771c
6ec860bd
d1cd2793
c3ff5c06
3547b782
3410edf6
3ba2ff9e
1d6d2e51
e8cb205c
e3842deb
9c0bc19b
0b607ab9
59cfa093
97bdd570
361a8baf
af6691bd
df935322
c94fb4cc
6e00dab2
71d4cf24
c4f4ed70
63f49036
1ac633c6
369d5f84
ef82a923
a649896a
e8053a44
958c04a9
24612ab4
61f8585d
aac62388
6192a9e5
5d22c2a5
93cb9986
4278a576
52b516f5
5bf3f2e4
3ff70bd7
8fbe969b
cc25d89b
b609590c
3850c871
54b05351
dcc7837d
14ea8606
5477fceb
43a5a554
587f2cd6
c2f99a82
494c2a7b
501c6e18
69d664a3
3a0abf40
f4a9c401
a4c316ef
1644a983
8b4efb40
184923a6
0fd55ca3
6edc7926
0610330f
08a68e54
afa4eee9
6bb653bd
bd34370b
500f7e93
1d80029b
4a1917f7
937994da
4a82f0fd
28f1ed46
349ce886
8b5caadc
cff0c888
3396f0f0
b9d0e35e
58b0c751
f6eb4fbc
04022991
572864ad
b8dd899e
927fb7d3
d9d1ac94
5093e6fd
e6fa058f
975dfe5a
9379ba79
6a7712a9
2da179d0
6c566a31
efbe8905
32d61764
31da620e
413910aa
4ccb6349
6edcf3da
2f5969f3
b68a3545
eb7609e8
48e3d0fe
7f595077
881f086c
0eae69bc
0e33142b
e3762279
6a219861
4b787963
30a27e03
bd044018
e1ec7065
d0058aa2
bfec27bf
196e2eaf
e3694d7e
3d7998f3
ef5fdc43
7eebcfce
e587ccf5
9ad7a091
25100eaf
553b8afd
1703da15
bf6016f8
06cbfc26
9fdfc561
404a6772
5567ece2
a3bf394b
7e82f52d
7715b4d9
99bad361
842084f4
75b4687a
aa198415
f77d151f
8cb8e0c3
32b292b3
4c7b1d6f
4f3cac2e
2585b4f1
b9f7bb01
628e8251
77cc8032
92abaf0e
2e37c603
04f105ad
48660ba4
a4402cb7
f14a1d3e
5c202360
1679070c
40acd9a5
b39ea645
7001b94a
efcf47e0
904ea456
6900773b
af650a36
595e784a
7076030e
9fddd9a8
b7b2d4aa
2f30cf3f
99f41b7c
de09860f
20e16ad8
6922be2a
f4467db5
94e8cbb3
2b76c8c5
9e8a979a
7f0ba093
609824f3
30127f22
2c31ff60
76059d57
1f245dde
eb014690
070bbd0e
afdabf49
0156ded9
fb6da0a2
c2cda937
389f335a
e6403b37
3bdc927e
bb3ec948
f1592794
d047ecd0
17f6cfa5
3f9c064b
c1555413
9ecb1b69
b442ff94
318ac514
9007c782
0def5c2c
2545f244
f30e4995
83bf66a4
b0d5d6d3
c298bc08
56ab40f2
197ef3af
388de41f
a5da89b8
6d52cdc1
fc736f0e
50e6d21b
4606366b
6e43882b
ae3d4b81
ce8ad4f7
f7011c7d
de5debc4
f02176e8
a849ce42
b034f726
4d05ab4e
08f2b574
efacf9cd
d6004124
8b06b1e4
2282503e
9d87db01
9ed4d71c
bcd766d1
956bad05
c9b69665
3c748c35
67f67082
b3c4bae6
9bdc9303
8952913f
19f52786
b3a77d64
9e18858a
6bd7dbc6
d3594312
8c4c2ca4
fdcda149
e4c057c3
e3d5e1b0
7af1df47
d3598634
8e6b895f
cd4ec504
9faf531a
d69b580d
c78830a9
d1ae9946
66beea3f
faf8ad10
623a26c3
3996ab00
d6ff8e2f
00f7dda7
76333c22
b6512490
730afbd4
75009e5f
10a11415
c50ba540
f3a70a78
7150eedf
130e5359
a544ebac
01d6b7bf
4e017b83
9ec5b1f0
effef5f7
31d1599e
b0fe9924
0a7b0118
f2bae87f
d81b1703
e045b916
c3d411cf
91670fe8
cf9c81f1
40426a29
8686a9f2
73d5d4d1
d5858779
c9223808
0cc15f1e
e87298ea
318f750d
7d32b8a4
04694ec0
1ddb7ddf
768f12f8
a6ccc5fb
eaed2f48
36ffa0a9
9a83ed71
932bbf17
196f41d0
a7c6dd4b
a35c3b07
f62b9b94
5c7b07b1
c842326f
2d38ea5b
4da5e062
6782f5db
00a6e2d2
d20def31
b0a99c06
f55e76c5
04958c05
8fc60b52
b35903d0
f5d77ed8
38734622
06d7cad1
3e58b264
9640cca2
9f2f984d
64c6b9ab
3e890e3b
6acbdcda
a0229d03
ad29f532
4833cb74
cae38229
3c5823c8
6fcb5d1a
a83a91f3
c0f22531
48f1d140
dabb2d4a
05a8eb61
5b3078ec
bd675af3
acedcf71
5d44618b
2ca6299d
178a5496
a8643c57
e84d0c49
f8ac28de
351916fd
1f769a14
72c13a8e
42109faa
baaf3053
ebae802a
9d52cd76
37e894c3
2ef08246
99a18a06
ffb36373
c02a1a42
0b077962
a91512b9
448a2541
4d6c80f3
3932204f
6bee318a
f9a3b5ec
0506ad48
79383245
e8d988ec
ef1466cc
5003f4d3
94888e66
f39e5d95
5f2dbea7
146cc541
2dc439da
8eeae99a
e8c6e6df
ca7037a3
82193d9a
71fc1139
0a502f5a
ece09aeb
f5b02bb8
14130958
664b9caa
fb58d871
9ff0ea9f
777ce835
ede8f143
010c86ac
451b2233
3932acd1
b6fb5175
8fb09a4f
70fce413
10862b13
84e31bb2
db44b1d3
46ae8ba0
b8634709
9d342355
72b8f937
492b105e
cf0a1a3b
b760fa4a
c3e8618b
8d001962
4f28c946
6b4e7e71
412779d0
e0e9cdb2
563daa38
2c989d83
73e140ba
c695f2d5
9246e48b
f88bfde8
f7dd1b08
e5ddb733
ff0faa3b
9ce22851
aefa4652
85662de6
cd3894b2
5bf12958
b07c17bb
29f96d29
5d0f9dff
5af992ac
a9e2cc04
8c6a7865
3d228a32
5f451e02
3e617633
61fc94d6
a2d4cf4f
7523e021
01e13f75
e82fc47c
37a71b5c
a39dc21a
4595a372
0b225c93
3bcede8f
60048151
7eed851b
512cb0f8
cc93d1f0
d4a7be01
be6d8ffa
2277680c
d270be1d
5c9b176b
3008ab69
cc48eb8a
660f930e
92ed4253
5267949d
7fcadc97
ed64d735
14e0780e
65e29054
5389443c
d4f40db5
fbcaeb58
88d873d9
93a63433
f7c9ca00
33ec2f4b
694dc05d
4c27b331
43337765
73165395
db34afdb
a1ce3193
d6f93656
dd241053
cd509de7
42255fdd
f7046014
8345e73e
c2f0f794
45072128
b9a56dc9
297a921b
1896ac4b
327d41ca
31c8f724
2aefe0ac
8c534608
477d0763
03bec004
a5e7091a
6fdcb15b
1a9f4dc0
657a2bd6
3d1c5aa9
6a85c862
ac63aa26
01861048
1ae51591
9fb00f62
a41f5a73
fc4d4315
0e910953
c6e517bd
507b3e97
dc6282b3
20611540
0561ba7c
5455036c
ddf3e3f3
5e1f8404
5928adc5
be41aff2
a30f4faf
608c1aaf
fe5212ef
8fabe845
ef638459
10277646
136af60d
4bc2a1ff
0de0d90d
eed99856
53591869
9b9d1ed0
f286a6c3
e8e63f0a
bd810125
e7febc74
b63dd9dd
92693bdb
05c22e1e
ae0875be
ff7ba233
7e393d80
9d7ec7fc
43b3e9d3
cadf76d8
43bb99bf
b660277f
4bc006c0
61669aee
9fcd0952
89ae48aa
b86454d5
eb6560da
5aa0f181
ea5b7993
ab686421
471db854
1f2b70e1
54f8c0c2
b3f2530e
dc9349d9
f4c9d3d0
7ec0f33d
66c596f9
6a96c2f5
f81f00ff
424b7041
c62a3267
48e768eb
8e974733
0a603281
1c6fca16
21ed09b0
e0c32382
1d862507
46ef4aa7
a251507d
f4809fee
f599e942
0648ab4a
fd5b03b7
a62419c7
dbf66b53
8546a96e
591ae97b
8c555e51
8c95da21
6c33daa3
fde069a2
9da6914a
6f83bd33
21bb4a4d
1777b944
d8501978
c53c4c84
a2baf054
56659609
157f0198
ebe49157
d2f3bcb9
404df205
aa6b8693
eb7e1860
f162f60a
84cc21c2
e8054786
b32bf348
5972c1ef
688fffdf
c310852c
40f38b7e
b717330c
d1a7e311
f5736d44
c780c41c
9edb12be
a6307942
c876a846
ab76ab93
18605fe2
a00e1a50
1754f242
2b625191
53f3814c
1a498e87
9e3743cf
cca1229a
4488dd25
984cdc76
efea0e10
dbbbb6c2
c8d4422d
8187313a
26d080f6
ef7aaec1
fee04a3f
fddc2528
80b9b716
d8ebdec2
81985d35
84cfbef6
774127fd
4f3e52e8
d94d7d91
c024812e
d5584919
e74ce7c0
b1246307
dc880bfa
b10454c3
dbb108ca
64732bf5
416e5fdf
9a54c359
c72ac38b
11f019e4
d67b5247
b36c3f8d
626f5b4b
f8e293cc
73d4a9df
68b088d4
f26f1272
53bd6c85
709d9414
02aea01a
ea63a06b
a8772d53
a90900b3
f23859b9
3151f6e8
b057b817
187b2cc3
7c7b548f
bfd9dbac
07e8bac6
0cb581c6
f733a0a3
bfdd6baf
82c928ae
72d9f5dc
082217c7
22a38adb
26951179
bddb6304
c635949c
619e7614
ae426dfc
4eac840f
5aa22eda
230e318f
963aef7f
7f047bee
02b1993b
c295efae
824f3847
e21f5ce8
420c378e
549afedf
b436a1fa
04fe8015
1a335489
ddb11a06
b9466ca9
aaa1495c
39a7dcb9
f31057ce
a78273af
176a62c7
32f861b1
18130dbe
5768a6f9
bd5e1680
84578312
70221121
7bd56214
c9e5cfd9
91e548dc
7e0e71f1
9a03ded8
1ba76c98
77ddfce8
c56e873c
ec4522f0
cd188013
996f3524
cc25b2da
8a4dbfc7
4bdee279
ba3f8933
c3355466
55668cd4
2aa37661
bb253474
bf798bb4
793f7663
a88764fe
9c435b4a
ee3f8d18
e9067ea9
97c33242
5fbab36f
b927c4ca
46c62b4e
396a5fb8
03d2c7c4
9bc6bbbb
616bbe57
db971e4c
c55193cf
5f99422b
e26b349b
627a1653
179ef30d
9f3f1a0f
f463956e
3eed01ec
9af205ea
5181294b
14929ec4
18ce8e93
332b0589
5e55fbae
c043b9a0
b67627e5
48577a16
fcc94e86
6fac0859
b3f656ea
9211ef91
6f1e1188
80788ef2
0761e7b6
3c4b002c
512bd01a
0c90516e
9fbc6506
62a06c62
b725fa72
41d06750
62d7059c
16a0c3e1
e8c4accd
c33fcbbc
2eb4b278
defa6c87
8f6caa9f
8f99dab9
ec445295
7608099f
91aea14b
851ef637
9d8ff17b
e4baf24d
64a9041d
24b47e37
43e40438
c66c9728
6082dd1a
dd814b4b
709deff2
a7be622e
ea6523a0
4fd8dece
a13f1da3
548690d3
15bcff76
40c76377
f83be4fd
d4be0a71
c0e55aa1
4688c78a
3a10dc28
e938dfce
b28db4ac
a32559e9
68b63274
2da5768e
08fd027d
3b0d34e3
c86ed23e
7cbb3fb6
d7320f6a
c4ff94ab
58dc291f
4423473d
166d946f
f524d16a
fc6e3bfa
b3c9cea3
b3f2bac3
ddae3d0d
2c3e0c8b
e4b6c3d9
04995c30
e3e15d31
b9a049d3
fd09e924
959eb624
38dbdc95
bc030558
a7893f87
6188a376
2823bbef
adb329b6
db96ec33
3096678e
9032dca8
50aea030
3b635788
8d7e2e42
8ab6680a
45d001df
bc82f5fa
0a8bc051
d31a51a4
20ba991c
ba73c31d
63d21370
3e53420b
89ba1f5d
01953b00
dba43ff9
9940906b
b7e5c241
a718d2fa
cb366e94
c727a35e
6f5780c7
d072a301
aac8bf1c
22db30f8
65d261e3
b2f2327b
8bde20d0
b869d15e
a49a3672
f0035393
b80392b0
6598e904
30dabeda
60a3b0d8
f01241ee
c24d9857
b22b5939
f42686f8
3450a35b
a09cf900
b87e98c5
0a841da1
aefd7e1f
8e626acd
27fe505b
7361f215
0d8f20e2
a3a54170
8e3dbff8
8a4c6e30
784273e6
9a07851f
03c4ebc3
be2195df
0f5829d9
c707049f
026aaeda
5f36931a
0cae978a
5bce48d1
88154ad3
44cbada2
cb76bcdc
0d332fdf
c46d015e
b394377f
9e3f7cfc
c31949ce
4cf53291
9bbaf5a4
5dff1215
fe148d40
7e613c41
b0995a9e
d6f2d11f
79ac8451
a28705fa
cce7f327
0182d4fa
75c362e7
544e4cd7
b50536b2
6f845a41
6140d517
9270c7a6
9f54846a
0bbb8c86
be295c30
d1735349
236f1cf5
a168ee71
5ebc5ef6
0cbe9bf8
0655d71c
90b4dc6f
f752228a
97074f8d
b2bea963
a2cc16d9
fd54618b
8e5bb00d
aea2337a
40f67b2d
edeeee78
668b8dcf
80c11631
b3bbbe9e
2d6f6933
ba609b89
7bc5e59b
38e59c87
bcd2948c
ecf44283
76bc17cd
8e7699c6
4a9a6957
b9032199
d5ddbcdc
064987ed
ea0a9c33
5d3b4f09
d579cf35
2390c367
cdf99131
61be8909
5a4fda38
cf99bf24
87fb4a6d
8bec16f1
8736cf18
a6f018d8
577e95a1
de8473b3
69293943
c6ba591f
ba16b9c3
3bf49583
b218ffde
df91c9d2
a4c41d46
93b94292
8a98826d
169d60a6
0791b7a9
23a14a1f
44a0193a
6c1b534a
c903546b
31775cb2
6b919ca3
96be476d
999f7594
7263c9f0
96d157b0
5b9a6a34
0feae8c9
9e958674
e08db299
13e57d5e
7b7ef40d
bb8abe1f
e7027c00
23053baf
feec4b68
3628d22d
57de5fc5
c9343015
e23d2a0c
956f717f
5dfbb47c
40f173bd
659d9d21
eb93540e
51546f66
b48ddcae
a1c48114
d684513d
36c94f37
a8bec940
2ff50afe
5158cd46
4a191fad
16f3cfd4
2a90497a
90c3d380
c125d014
9e043c8d
9a41d068
8510ea98
e2292bc8
49d83397
61e1294b
584af174
6f30e47e
913b666d
4b762235
dd77a6cb
162a8b9e
5fed0368
88a64f93
a0f57073
4aa8dafc
f4e1f21d
8574d9cb
6c66ddf9
dc6267d8
334dc502
e0ea7750
b219b75f
ddc3312b
7fc74677
b31486aa
9c1d6400
ae7f7513
9e4ec466
3d490f89
c1cd9f99
3c0bf2d9
dcf0f35d
3820dd6a
c3ad3dce
1805647d
1c66015a
d4fbe935
0d5cea8f
a3f202fc
878d79e6
49fc7745
31645204
dd984cfd
856e41de
94e7ca21
28874809
ac683b51
cd57634a
1ddc2489
da1c90a2
3556099e
f2e04ae5
63e8759d
591a3154
ca296cdd
6f48773b
2f8c7908
329ab42f
1d47404a
2b37ffa8
8efe32ce
ff95db5b
8a6a2b7c
dcf5da2d
6b4af0c2
d2dbf3c4
a6b364d1
2417d367
919d904f
fb35441f
a3649f14
d887e5c8
576342ac
6dd9219c
5203d59a
490bcf46
4c2ab96e
a080546d
191bb16f
09f99929
38b54dce
61851152
d345d129
b29aea0e
63fc7c37
38464866
6d61676f
e209938a
72e9b951
92746714
d1847145
a92c3347
1ac606c9
ddc50bfa
8e28cd3b
c64e03d4
6fb56d14
d0faf5f3
3d64f3db
f88d5794
66df4303
f536a51b
a266d14c
f2879730
74d7ae5e
73432840
1ccaba41
e0489a18
a00d6893
6b8d0a66
df7c74da
2a0fa64f
17091288
56799e4b
e13d965d
c0a5ed20
f55c1461
c79b9749
a7a684c3
dac6af89
849a433b
1cbf19cd
d090077f
a2b7b4db
0ebc7ab3
3a4d2494
a1a0d395
e199de50
24779a08
e19a8b1d
ccba49b8
e2f79127
439c0ec4
965aa307
5644b3cd
cea61478
491dbae7
b09aaaea
5e2e6631
dd2ad49e
6145f3ce
6b2b652c
406ee707
1cd55085
cc2e367c
92436b88
0e0f73cb
901d0924
dadba590
1e314580
f02a3d81
08f1b3c6
781887f4
ad1aeded
3147592d
f7ecb206
7bfbfc3b
ab64293e
6096dc79
2696ea6e
d9025c7e
996819db
7f47eeac
68848e9a
0fbbf5d5
204fc7fe
b6a9739c
913a3bb2
52e1680b
832cc4ed
f11b6b37
a77078fa
8e0b4faf
e6bc19c8
ecc0efaf
88d4c4b1
82689e3e
4dd7b399
da20b06b
cb2a12a2
e5cf49c6
2d55e79a
74dfb57d
f0961556
00071678
9c12ac14
f38dfaa7
b6103107
04ef7b1a
f04995f1
652f1632
7b0ca42e
c1f64c1b
d48fc39b
f370fe0a
29a65e71
c1e32757
91ab4911
c956462e
f5ad6fd8
c2b38556
ba4e7467
dd9b540f
23ef12e0
1b67907d
e935eb8c
52811da2
5b236047
371bebd0
cdd0f653
483253d9
55264235
d17533bd
c5809842
a68f5371
2fa34164
291d5572
54c7989a
6dcbb809
0c6d1e69
5cd037c6
be47ea5e
1ffa4577
f326310e
e4860591
9bf04ebc
6793738c
b2a17472
36cbd0f5
eef91b7d
5122b7b8
601feda2
2c0284b9
ded659ef
053b7c23
864978d4
4dfd9b46
7cf423d8
72ed6252
5b0d2948
135f54d1
92d7a3ac
e54c15f5
b709e776
fcd9b6e3
17113588
c3dc3a60
dfa8aeab
e7dafd53
302ec488
f7dcd7e4
344cee1d
5ff9ba92
1f681a23
9862c1b1
1097ac73
a5ae4aa0
d21a4cab
7dbfd1c9
47d400c6
a2da1c50
3fbc6c08
2360ad98
fb2f4aa6
7aadd867
ebe7f330
5fbeaaab
901fe00f
07b52c50
8d4f0dd8
4325c566
7052e569
bc8f094c
c32412fc
70e5fd67
922ba17f
2c5b4c26
b315dac7
840e203a
f7c297de
7e075a1c
42286f1c
ee97528e
c847aa0e
82cd3dc1
69e0524e
73468123
291def87
6c91447b
028bd0d3
a8bbbff7
cd287c92
ede44d3c
2bbb64f8
b16c5330
8913befd
2321b1f1
8a496c0c
7d0ed60b
931b331c
193d44d2
cb33d337
fc041474
1c68d475
b0dd88c3
b3a2e209
c34c90e9
0892203c
00a81d8c
c154c783
66b04a80
b0f81258
0372e430
95d52cc4
677b9fd2
d16e5e89
5e0581d2
6032755e
ad18cbb7
007e3879
f5935461
0e1d1502
64be54eb
83fb201c
275b4400
9377b2f8
1a568d61
75408892
e0e19f9a
445da234
bca4a298
20fe7c57
465a3c65
4365ba95
ddbac33e
448312f9
37d73f36
c950b3b6
21c2a612
fabe42c0
4fca0654
356e0a4a
dedcf32d
ce9a9f98
543380b4
fc8b1c1c
7bc23010
8958fbfd
39f18a3f
a072de37
082b1e6e
94921568
7d98b680
8dcfdc54
760cb234
a8de6f88
b5212d65
96ad947b
1509de20
21fb1efe
66a472f8
2218e649
42ea6d9e
e462db0f
e797f9b6
ea6b2f88
6b119623
7f0c8245
9bd8ab99
eb315cd1
a230b666
9a62ca7a
fcc0bfe8
0709d820
1380a08c
470023d2
f8682076
32d75e5c
0958fbfc
4e0802c0
6518846d
103500f8
c04bd05f
1caa1bde
edc37d99
41e0c7e4
88050e99
e761daf3
259f8494
235ba66e
cc005772
5f244459
64a5ff37
cf3ffe73
bfe4d5ca
dba4cd74
ba47fd1e
48903442
67721bcc
63ede0ec
0c394416
2ddc81c2
91583843
746db122
8eb01007
69a70c8a
88474f5f
75a2a52b
bc5a561a
4a9abcbe
1a0b30a5
eb7799b8
f2d09b7b
5134caa7
f13d4a9f
d0c0de2e
07ae6737
7571e058
6fd750d9
7128dfc2
163aecc1
b2dd7ee1
ecf71396
4ec89101
cf8943aa
56e0e8e5
bb959133
28975036
75ac8f75
1f76b83d
ce3679e6
bbdac32e
03040af0
6c3c0c00
04d32825
56a171bd
5dd8b13a
2371c1eb
e2767863
306862aa
108d94d1
ffe9d153
ce1195cf
70063a3d
ba5bc083
aa914fc3
26b29714
89eafe6a
2b475769
47b2f5b8
f103ccca
a9b26593
da726891
27225a80
4688499a
76665f9a
15dca80c
0abf6ebe
d4a8f957
75830011
ac83ffaf
b0c24496
1168d3f6
7ee545d2
e1ff44ef
a8880d0b
526fb75b
4200181a
a4ed4bcb
44acf5f7
2ee375a5
a2936e1c
7bf70e65
6d9efdc9
835b19df
4a5234a1
dfe3fb19
21bcff33
7804f4f1
2bf91016
660e43f3
47f49d62
e9daf0cd
97fd3b82
9d87f6ba
caf889c1
a004e5a7
6e08d6f8
c5b730ed
989f7db8
0d5c16a6
c5752b96
d33ed7e5
d9fa35c4
0623273f
527ad615
9614d23e
044c2a55
e8fb23eb
fd02bb13
fa21a3ad
ec45d99d
416ee714
2bd02764
4aa0401c
1ea87a83
0dea3cbb
db170112
d2371992
6ab64b6a
23e8fe7e
3e537a0b
a3664f70
ef751df6
8dd781df
8c201e0c
385c66ec
bd8a8063
8c23ce10
b8fd3360
72c9ae45
f70be447
1d386e82
d714332b
9f570846
c9ee63cd
b26a0d5c
bb893581
e04d5e87
efc63328
8107645f
0210d8d5
6c7d2605
17464e87
88daf31b
726c1f4b
58f846be
8ebf307c
5d38d8be
25c25548
ed7a318d
fff94881
7fd72ece
9f19284b
8f0038f6
b56435a5
cf6bfd11
aa69e519
794d51ac
0f1f6198
afec6ded
20963cec
4943455f
61674016
eff88ff9
b063a969
dda96faf
94aebece
eb8bfb94
97196ab1
b6f54f10
6e0dc339
be22b0a3
8919890e
d2c990c8
81f5aff1
275128d4
52e3d1cf
c6456630
9b593189
0963ff60
f953e888
eb744979
46e0d1be
93515b4f
e80b1771
6de8fd4b
42c8a086
1b22a4a1
e66de59f
3f383c7c
0c9c3fea
d7395b0c
498d1401
228b2970
cd539931
9504953f
892013cf
66ced51a
df6fa952
bf60a8a9
23be454f
c8c4639e
b7925a40
cf8ccccc
abf59c1e
4084f4a6
6dd26cdf
2d10f0aa
dc73746c
0ce40817
e0347036
16a1f148
c3c3d09f
0a83010a
eab1ed25
a1bdf35d
aa8b2b41
a0e7d0ff
b51f6b18
1d67ad13
7d210048
e83dd840
61c86d33
b7837da9
97572626
b5109c7f
754ea668
d77b7aba
c7e106f6
0d7f8a17
92e5581d
4394f773
9b6e52d0
143bbe3c
cc068850
d06112e1
612fa7ce
0e7202a7
d1910d04
37ba8a52
76eecde9
d99ffe66
e61b6675
8cf1ddf0
98aa92b0
be340527
bc8ddcbd
bad9408a
111869d3
38eb3e2e
a25404a5
3ed07541
e7408005
eddef860
4814c113
a36c027e
2159b90d
ee3877f5
88901c47
09687c7a
db03072e
300d6d90
339136d9
68a04724
493eae82
492d98fe
414e5b8a
2b3cf612
352ce9bf
f6eef2aa
1661cbc2
9c34d55a
a83a1273
8a696f7e
0289d196
7469ae49
383c7fa2
9d2f1912
0b0be368
87a12bb8
c63ff1ae
67b332d7
7d57dd0b
d180412d
3ea17c02
5d4e4c01
0458db7c
53a92a7a
318e34d4
ccde8ec2
bf2d5306
b41a9de7
03714f07
5d58c1d9
402c44aa
937ff2a6
88632dbf
69b2b41d
19a667a5
7c8416d5
b7fee3bf
40aeb00a
999cfc0a
e44b68b8
46510c26
ef3a3d78
7d7663aa
2a861a60
8ecd5145
1e4f4db1
fe25ea59
3b2a0864
ed4e2cef
563875e0
54499910
d5b48dd7
777ec5ad
b03a41cb
0ef02f8e
506736f7
324dcd33
bf3feb6b
89d72734
8ee5a28e
b2cebe5e
53b3658b
512c56de
23e9c178
355f39af
d13a5ccc
3d5fc621
9b2ed0b2
18c7dfa9
184d1efc
a4b95a15
22ac336d
8e59c865
85ade104
7b2498c3
25e6f078
06b256f2
f8240cb5
c1b8a4d0
0532028e
10d91a69
104efd83
9f2bb93c
13da448b
8c292bdc
7b271f24
741c27c7
64634623
74193b4c
90e1afab
2e99b0b8
bb3d901a
33ab1312
e0ac4fc9
db771599
550ca72d
ad2993a1
3b9d1ed0
4062a2d4
b25fc740
deddbd3c
819a719b
73257da4
6d6c5431
a59b25f8
cc2c3a65
eb458193
59563090
43468de0
18569192
7917f185
1a6b7a9c
4f1a1428
a70468b6
b32227a9
c39ce613
6c83c677
c2b8a344
6a9f5c2d
a516d7db
dbb2b130
3d0f9742
9198f62d
02bb25cb
e0363571
f77b164e
be59ea8d
7578ca05
e5a2ba59
b969809d
21ed4fd0
3822764a
6eb1921a
8a6931d1
4a450514
87a144fc
1ff10797
a0f434f6
f9a26cfc
44ae4b70
52c2689c
28f44548
91d4cc87
d59294ba
4fb23eb6
cef5011e
1331462b
ef732124
61464762
1be4915e
de21e3b2
ef638849
ae84e479
eba28046
e360a18f
8c920602
529f6a30
799aef67
be404e22
cba8e586
2833e9a2
25f9b4bd
27731af9
932c4542
1b5b8db9
e4aa1e42
2ce31097
5384b07f
02b121e7
395f186c
11b2415a
22aa7155
a0f2854a
3d7765ee
139a48d8
a3e18934
0824bcfa
5a6af907
8365ff39
91076f26
7d28ab14
d1973ff9
3c6ed121
b2f3ba44
a84d6e29
9cd06445
eb8162ba
66610f7b
80ea4647
a0171bc6
94fa4684
af64d45d
5783e46b
331f0da6
c1f29869
d35a2353
897354f3
72896325
bea3f82f
026d0163
bc9b0ed5
7d2a33d5
a52701bd
99d6da44
00296299
8f4a6ea2
ced914c7
400e0999
2136990d
bd0c0ea3
20748893
05d5b05d
77f1b9a5
24071e0a
51526e4e
3b7ea6a9
431e8d7e
64cf11d3
9394bb09
7415f4af
ab583796
fba7d57e
452be64a
0dc12968
6706531d
5183c738
73aa70df
b43e6556
d81fb7ee
562bb17c
cce6ddd2
c676969d
035c66c2
ce49c986
90af0d2e
ffd70dd5
c1f3dcfd
33c44420
6b3ac731
14a5d33f
064ed80e
390c7eca
d0bd0968
e902d91f
324da099
014d5fd3
9afa0195
b8b6dd56
ca6fa9d2
bb82cba9
76f0e7ad
a037c1f0
e24ec619
158964c5
a2733d2f
4eac9339
0c5238b7
5556b7a3
fe5f12c4
21330cc2
13fbb927
d9c1783a
649acab3
f6bb466e
3f49bb16
ba8e9d12
d1793c1b
f1f43981
3d238f4a
34ce0691
93cdbbc4
a6285681
86209c6a
b35b05c7
33933f72
c9d19946
cd3e51ec
fbf6f4f4
dff343a4
ecf0be79
3f8c6c6d
aeabd1ec
f089cf87
a23978e3
5ee33e23
a8e72b3d
11303aa1
9b22cc81
ccc8ac0b
1842d1d3
ccbcdc32
33f19da6
cee2f1c3
636702b0
ebb8f4b7
d0698999
1ec64ec3
246fa7a9
35c1458b
92992511
3b5924a3
6df488c6
a40c18fd
5dae0421
ecc0fec3
261f45a4
d425c23e
dea539f4
3315f891
573b6a70
e6910a84
1ea824c2
b0a6a010
e199c252
68581f3f
d5d154fa
250371d6
616cb550
47b24f75
d1bd817d
b18d49ca
4c54fd3c
56e78b0e
8cbbe963
cb3780af
7b97a813
dcc6eea7
a502d705
7f62c97b
adf4ca60
7dd3d7f4
39f9c5f9
e536c558
262e361e
3df2a0b8
970fa9e1
1d4fee59
4276613d
a88a7c9d
cef543e8
106e7244
935c1e89
8a853273
bad18301
3aaf8a15
efcbac9e
c34d5fd3
f4f961f1
3a72a030
f437aff0
74a40480
fea362d6
eab35065
54505d14
c740073a
3e2f013a
153d2215
3ca30329
ccaf139f
28ca7adc
5443c81b
f14ea0a3
ce04f0bc
ac010c60
54c0c9b0
70a94d10
306bc59b
e6896b85
2137c913
9bc5da3b
9b0aedef
8ece1bdd
5fd4b4f5
6037185c
02b9183a
8203aa8f
49840aad
dd9a5cca
1bfb25e1
de33cd6e
14f7a45a
654062d4
fefb3f52
c298cce4
b531ba68
b7de96b8
4b27d7a8
7e725880
6e7c0bc9
6e1a0a7f
a8587002
2c887f53
4df03538
9bbc24f6
99bd65ee
3417baba
0aaaa014
2007e8f9
25327874
6706c7d7
1fbbab43
2c642050
7497a070
d6270322
015f8944
1e8d64eb
f87208f7
92131431
ebdb0b90
32dec5ec
1e2e1738
c7d5bff5
d0fd7447
47e1c8a5
18c92c62
fcce081e
1d6c0be8
2fd41ff8
7af73d48
ac19194f
1f4629cf
fa84e8fd
ef3fa951
63b0ad30
0bfccd2c
79a594fc
f69072ae
e2832f5b
bdc8deee
5a9e6fea
2d887a09
e6ba36d9
43e5c6a5
dbdacabc
fc7ca35c
d378cfc4
58d0aff2
63781768
37c03a18
09bb3b13
27883ae9
77f3cfa2
cf75debb
4f4aab68
447e97ca
ec5298c0
45ab326a
70200ba1
46a72218
b0dc19ba
a5a6b723
0bc51c61
d6ffe7b9
1ad15d8e
10d6fcbf
bd6fb3b4
f940e204
250a0561
a838c4d2
f4cf13a9
4e52b589
30b938a8
1db1e81e
d2b5e7d2
81c67881
0a6031b0
92e031b6
2c7eb65a
20157b91
6b217841
a3dfa50f
879ef572
5fecc841
05463738
60fc9f79
cbd4b252
ead7183e
7d5ee3f5
5f19eb39
09e54b03
edc21b56
4cdb2106
092f4c58
d85c5408
85a86ed6
de6237b7
e9b27160
b419ee5f
c910c896
ee1a9470
529f0f26
4d90db98
e91f8408
b1a18d8a
14455490
ad6ede50
65aa7847
e4e1cfb0
2917d3af
b8502d65
94f36e54
73ce885d
cb4729fb
812a9b4a
00d2b9cb
3c274b74
fe59e51b
38325474
798ad33e
5096b11e
c396ab24
09a1454d
11a4bea4
d03eceeb
d7d1cf88
3fee9716
41fc9003
ca963e82
7707b9c9
c048fcc6
d1170c71
d4441a00
00f0340c
cdcd0c56
bc47e841
8a02fa6a
26230862
3209958d
d9e47c3d
0411c50f
f6a4b3ab
eaadf438
a8e7af83
f75b9b49
1981199e
defd89dc
2276e36c
d5a37be0
76457e26
e38c58c7
6e8a0e35
562e3dec
7d528568
30d07333
1ef74069
5b9a2ddb
3b0cc29b
dcc9a5ae
0dfbcd8f
1ae4ef6d
f7f838c8
9d56f9ef
b13ab58d
f7a3793a
189e8d60
03721f3b
49edcf5d
2bdc0052
cef918b8
48b41090
be3a9492
7c983769
fdebdec0
8df49dc2
fa4d91da
9a13b5c6
4fb00e3e
a8986e8d
7ec47ade
73676d0f
121ed80b
428cb895
b8110c5f
fa5e8b74
b7955ff2
3a8c06f4
047509ec
8f19c743
3590898a
09778267
1fa312da
24f196c7
8f838b00
5bb7325a
3a51b69a
cd5e9e35
e2f18bdd
ad310a34
962eb0e7
edb41c9e
44233fbc
2a6599dd
05c64bac
5b4d5b7e
f094c065
a401358a
e6dc1eaf
e570623f
6bb2c30e
7f84824a
e848842a
37dddfc7
0f86438d
369473db
c2cf50e5
40bca8e9
dc5bf768
54b8b0f8
491243ab
853ce2c7
493fdd00
dfafc7d3
540f7308
d1430328
e04d2e68
bfea0e00
2151ccdf
b9f26753
21ba6a7a
dc86274f
ea850a21
cebdfe7e
421c1aa9
5285731f
17827172
d4dd5a06
08171634
e800fb56
5d4b814a
dc703156
7597a8e3
4fac9629
527aa23f
5951eb91
c818540d
ef9d4ece
9ee5e88c
3cb60faa
03a657dd
c9fea3ca
ff5dd094
12d06863
b3de6384
a73d0afe
f5d58526
0c8dbceb
b5e05960
dd9be4a4
8998139c
17cae2e9
0d2de5e2
196d9eec
fd1de8b0
af9b5337
8ba78bd1
0d74e422
39a005ee
66082ee6
fe63c240
eab0d07d
296afbab
cefa5e0d
04c84cb7
39d2b8b2
f14294fa
7a92894a
b79587a1
52f50b0e
5d5772aa
d19bdec6
e30ec3e1
2d876138
7f8b3949
8c789bf2
f228c1cf
c7f0dd7e
8e6a8f24
ee7513e2
aede143d
452f162a
30d742f2
8ca673b0
2230f36e
b8b087e4
5ba7c72b
04fc1f1d
d218229e
483cbe87
aabf8cbd
e6f72418
24850358
730d3ada
d65635f7
2802ef03
9ed81e62
be22c84f
3e56553a
ef5c30e8
fb607657
8526cbe0
0adb6cd7
58a3b9d4
5b1e8b21
5915aba4
22c1e99f
2f9205b1
30934a41
f0c0f829
33290b84
1272e8a1
1b48625c
03247ed6
b0f2e9f7
064c1e0a
78042a47
ecd3c20c
efd1e077
0f69c35c
3d9d4b97
d8415eeb
feed4ef2
a477426d
f9f7d1aa
28528c00
edd64d34
1864e5d3
41f69f3b
c892f525
bbb8c6f2
97ca826e
bcd199b0
052f24f5
fcb69666
de9637ca
38e69f8a
f656db98
bf706719
3e5cf044
3fb80da7
4d111b00
ad51ef08
49d9257e
3e7be23b
169ad647
5f85b77e
b82dc14e
7fd7bfde
e79f62c3
833ddd31
2c07fee4
a94466a7
0c0446ef
59f6f217
75592447
03c9d923
7b3173a0
1b8b1c5b
48f11d73
fbd00a11
e48d1a6c
e0dfe437
fc190aec
12f09248
f0fb3b17
fdcfdee0
d2da2bcf
00f4a291
121490b8
59330fd4
18fcc718
9237e81e
dc4bc9c4
2f95786d
5bbb35ae
af0d4e52
8d31d4c1
c9e758c1
e2a4fa5e
9ac21d42
236c0543
fd477cb0
443e2d3f
e0e2467a
53ec1c9f
965371ed
30f63779
0602c191
26225628
2554debb
f32cddea
513236b4
a915fcc1
b7a9bc08
754acbbb
bd21098c
1ff75277
ee60c71d
0500d78e
6ad716b9
6f5c3228
23230ca2
bb0e49e3
b2d5a4d2
d2e353bf
103e265b
9752a861
215665d1
6fb47725
52164865
a7fe68e9
e79de3a5
8fd01ff3
6a2128ce
201d29f0
7a00372e
0c679e3f
c92e14e6
b5cd84e4
cd929fe0
2e80a281
1f98c675
e6724ace
22c39607
4388a981
2e2c5c89
a770aa38
9347f2bb
3165ef9c
a0402d6d
f755aa0e
4aca8542
69dcb663
623aa1d1
0c90b85f
5e3bb130
36bc56d0
fc2e2e46
691d057f
71b19e88
53a3068d
91ddaac2
6b5f9ff4
dd60ccca
49aac978
51159e39
3e464d7b
ee2905a6
8cb93cb4
d1856ac4
e9489c54
e2b873bc
7d6ae8ce
89a55f33
afcb2f3b
f6b2025e
83edf9c4
aecd5ccc
57c5987f
2445e2ab
f402b79a
5b7a5983
d121e3d8
276db151
bf723916
0074180e
3279a344
54e90c51
9787a9eb
6ee5d165
12082a22
5f86f897
1f4dbbc4
f2ea497f
9742c372
12309bc4
9c309700
9b772947
e9def3f3
ddd608f2
7c3f06d4
17e8a266
4c02d30c
1d6c12d4
bc4965ec
7cf1c2e3
ae2dfd91
8c7490ce
9278f579
eff68a27
7bb9c527
2f68507a
77651903
6d1defed
fa0424e5
d6e63c0b
021be46c
598acddb
a9fe9fdb
8648257b
555d738f
ec26373d
57945345
ffad566c
acdfb562
9130ee99
f2099960
2a45dbfc
0e977841
2f54571d
cc7e23b6
cbd29767
41e5b91b
b44ef417
2be07710
fd95e044
2bb4d089
1e662aa5
f82cba17
4a1a4426
727d25a0
59bcd0eb
5a863ba8
f8a2aabb
8299ec18
36a51043
8e5655e0
57cf06fd
b1fdb6d8
d82ef789
58433ac8
09781fdc
e49e02b0
68c6b088
0009e3f9
d0ef9890
e703bfbe
80b487e7
4aa3f8b5
e9155adf
fd755838
643a4d44
41a928fe
83177842
4e73ac50
193cec1a
5bb220fe
c971b6d6
b430c833
e4940845
a6b33545
dac47f87
349ff1da
f2ac1efc
b581e751
efae5f21
375972fb
dc79c0f9
4633a5b3
4eefc14a
d576a458
782322ea
65c9c9e9
4544de7b
48612b3e
bace7389
5fde1953
55caa7ca
f4faab33
177d60d7
1029e63e
015849c7
b468dc5e
06c9f43b
3ae3eb95
b6101354
1273f362
d00278c6
27de7148
2476951b
e6a7a868
8d6aaf88
8c81fd4a
69828456
6b03f37e
fe161f36
391d435c
ae319cc2
864e8e4a
201b727f
b127ac93
ed8c5623
b0faf775
5e518146
b0876927
61b73ed3
023399b6
e02de84b
31dac1bf
8c3d967d
51d76e2a
3f1d4cdd
e4cccfc4
df0e776b
c0e2752c
ce6c9bf2
1c2f338b
63b27160
92457131
905dfc21
f7cfa781
bc21fc48
295dd165
3abca304
84a2ac91
8feb71ad
2162394e
bfeda9b5
e133af5c
62dab813
25717a0d
ac4ab985
18a1f4c3
07c479a0
b022afd2
fb336db7
2c9284c5
119f95cf
db83a23a
1221f298
98bf58ea
f26a847a
ac42a8ed
cba913e6
de224747
f08ba442
d3c0a368
60f68a9f
46385f52
5727832e
6a1466c6
c47fe5bf
3008454a
b328d1d9
5e2f5831
9769dc37
6a35ace6
ae90128b
da30a1fb
ec249fa4
84f460c8
86ef422e
ddce41c2
266f3424
8af187e2
c4ecb6a3
7eee1837
f66069f7
4e541dcf
14d871b9
ab3e3116
fc3bcc07
4b7cd90d
239415cc
ea358d88
69c5f99f
069400b2
64d9fcd9
1a6806e4
ae5cc60c
c13d94fe
00b6322d
8e74d1fe
e34ebcbf
e92e2483
f66f0931
9cc48973
e0b99ee7
4afa2591
571d08bd
062b1e12
6f27553a
c94b3b77
8ea91411
e9e3ed91
46f829d2
1c937b8e
a8a571a0
0326058e
082ce01f
4436870c
d5bfa735
610cbe64
d5dd0ace
bc8d5545
15381556
98550a7c
bd2e10ff
5f952103
6c89f5ae
caa76414
c01e1466
248b6829
f4f1c6eb
83ca137a
52da8aed
49aa12af
7f5fa6aa
6d414a66
43c30075
bf387cf2
7b093e90
2184ad4f
d92d4411
a6dc1021
86fb9152
bbe8aab6
c380c759
78e6f6a2
71926d02
ac26ba4a
b0c214a4
9fa5cc25
4cd19b67
69bba43e
50bb6d1b
a39322c6
ebaffd70
10093591
bf0fa954
66670026
3ae21548
9679a692
e5235115
ac44291d
3e11fde4
91c709cb
0b36b236
00015f27
04cdc1dd
9fcc7fc0
2dbe3861
7c1a30b0
0c573079
06ffd293
83e6c9b4
d1810e20
aa020813
5d5e323b
10fa93ec
40da87d1
2acf82b0
30c56283
febba3b9
2adceaea
33b428c5
deac9bc4
d439c74c
8c2cf551
8cba6dd9
bad8532e
adcb64bd
687a5027
bcc586a5
572d27b5
21c4a01b
5528d98e
285c83cb
cca19366
a2aee5b4
d511a150
9b9b5906
fccb1741
8cc3f6ba
8268172c
06688d39
6347a4f1
c46512e2
27579ed0
56ee6028
0ca170e0
8bd6210c
af898d0b
d51fd9c4
9883e358
9737fd19
a1f6680c
5b61563f
c7c6141a
0f23dff8
c53bb633
a2f94bf7
1f599a3b
86b6460f
609a05fd
fe86f4b3
d33c2c65
79022740
89290e90
74faa384
efadf421
acd84cd7
febcbb35
bd133da7
0d112f3b
a6fcfd12
bd4aad61
6eee1ebf
c0b3c611
82cbff06
0c6d5924
3ac62495
4ac6b74d
505d02a7
3a53e6af
a61d22db
65e5ef6a
d5ad142d
466886d2
334f2403
76423128
46e75148
5c64cdfb
2faf40ba
ccdd954b
d07e3bf6
cbb6054c
218add17
31f96efc
d7ac48be
c6ea91fa
d77385eb
fadb45a4
e237cc4c
d341e881
1263593d
e4e171c0
74bc2ddf
8de13332
6dc42811
b70853e4
c4979e0c
f7e0ddb7
6e0fafa4
03b6aa20
35198835
c64f37f3
33e0b2e9
b352b48f
c2c32288
221f0c93
c8a5e007
14732a27
e0eec6bb
ad7ebb26
f12be161
50feaeb1
0070bf34
6349a892
d38eac07
357a6359
1ce5ed74
64744a87
05ffae35
89264124
274085f6
c87b9f4e
c939db8c
6a520893
59854145
600c0d6c
ae5e5ef6
bf92d86d
1e4a6bc7
447180d5
61e98289
88f67004
25bcc8c6
563047e0
1e2673a9
bb393e5b
e247661a
66eab4f4
b916ba3a
89bef000
1f27e495
53b90740
aae3cf81
a1214a1f
9beb958c
fa5c97bb
29cdc282
4acb1d24
dda41f81
151abab7
08a5676a
6dd83903
9e940564
b2487400
cec22ed2
9f7555bf
7840ebd2
ace2735f
a551baa7
698fee4f
abc77fa3
b234013b
e9e4d7df
cb7909f0
9687bb95
622cb79e
8280d4dd
8b3c9aac
f0efe633
1b9255a5
ed27e2f6
fc09590c
348ce2ce
a1b59882
b752d231
dd241db5
67af9bbd
62e51f83
d7913f26
3f7b02a1
eda159c1
71e12c1d
4d84babd
b6ea9992
4197c397
0432321c
0a55667b
1a59663d
43b3e1a6
0413b2ca
2f4260e9
35cf8414
f80e397c
c66e4b77
3a84f03c
f3ad076f
fdae64d6
14747f7a
59e7ae65
bc4b69fb
c8e5f607
8308e7e6
ea2731a9
70ca451d
be0bd2c8
327ffb39
65ccb5d3
da37ac89
5236f950
d55e9d5e
421a5cd0
96973d38
5ee11deb
ecccf21d
1552d13f
88cd8d30
8029e386
1d886634
de4f99f7
8f33fc66
baba727f
aa94f9e4
52593cb2
517a303e
a5fe57c5
1f26423f
b1c0055a
887e31d1
ad2eec2e
c01aec5f
b5f3bfb3
42350e37
a089a704
d9c9d07a
4d3f379b
4a7cff7f
a1a18776
e537020e
68992949
b06caec6
246adcea
148f768c
f405c271
9b39b1e4
6560e812
2b5b15e7
b399864f
0941af6f
e4e955e8
be4f9f32
6aecb332
ac86a346
4298e732
8dd79770
82be8662
d1893e5b
228a87ca
abe8731c
c0a320b5
2809cd75
4ede287d
689543f6
22282508
cc968726
87c9ec91
f8cc6fab
ecffabad
a423aa3b
22539261
45144eaf
091c66b8
2d550fa3
aa11fdc2
75ad427e
cb6c3ec8
36051eb0
fd1692c0
6de61b6a
f6359165
94ea9960
5645c343
ca902ab0
2acdddcf
739d600d
29c9c7a0
56acbd23
01c57226
17bf5249
5161e1a0
9da9507c
14f915eb
7315eaaf
7619955d
9295a1a6
ae71ecfb
90f2ee02
c2dac0f9
657ea329
9e3de05a
1928ade3
f963c1df
d48ac072
b9a7f6fd
6394d6fa
494887b8
5e1a4910
5dfcb823
e89bf855
3c724688
59bd84c6
64f04dd4
2b335e95
891ef487
7699e888
3b9a0a41
572a666a
97f89b08
710cb05a
0cee88a7
c3bc7b44
3b496281
cbb3f56b
3e1e7868
c643b46e
c4d8f807
5d20ece4
ba51a0da
ab0ad389
69149a28
d0a06915
cb6d5b82
f12530b0
21df956a
24f33f66
62df5d4f
f3b4cddb
728a6017
68dc869c
820b41dd
9d761f79
81cd8b60
d0b8ad1f
503a47a1
6ee12549
ff7e8a26
08636769
e7021363
70833570
b9e0bb71
a45ea574
e7e59c98
2d1fa033
379c604e
ef9ba6b8
5d17eb3f
12f86256
5a6546f9
f1036346
ac43e5ce
6a3fc268
67b30fae
ed096972
05526acf
8a091a7d
4fed8eb1
2c0d3f99
4b0ee7b8
fb7e6d7e
34722cfb
21855ad6
442ef5ee
d1304dc6
6d8ba612
ea349bb9
380aea6b
8a6a91c9
5b339918
a8193b79
a01edca7
897b6665
1532da63
ffb7f376
2a0435c3
f2cdae33
c7aa58e3
cd3a6775
be9ebfba
5cb3dc14
2df968d9
1f090bbf
8db6b3a5
daceaceb
e999756f
e327b1cc
41b67bf5
4b8b37f6
56d4413e
67d511d1
f669a9f9
bc298c81
7c105591
414d2e6d
f1699b77
4d8d24eb
23e2d93f
6b106a39
ea3a165e
a7530d27
f32c9ead
407b04dc
0581492c
7d11d93b
9a8accd3
9d11f1a3
4bed5c2c
2b6fec0d
f69f11bb
ab093fa9
00bc3d7d
9617afd4
4662c722
3e9db724
01668b56
24a1657b
393dced3
2ca79bc9
5a37e9fc
7e31aed0
33780d4a
2144a713
eded7d3a
2bd00d98
bdadc6d7
46d1ae5d
f8c43e57
0215abb8
46f4cd0d
1936ce30
ccc007f3
d23b1e95
0c600187
f6dcf663
cd385370
af01e205
ed39c5e1
bad01be6
e56e86e2
6a70d475
ddc8c93d
8a80064a
84cb8ac5
241b82aa
41980c5a
dade9346
c5ebab07
082fe420
094795a1
e5438e69
1aeda7e2
1d11bd6b
ae35fa2d
2596d126
c96a9f86
03356c47
ab36577a
28512462
4d20344b
6c132803
1211dd0f
f2ba6f1f
83b7137e
66095332
49ecdeb9
b03daf97
50158fc4
9b36aa85
aa9a7646
37f96333
897be3c9
51152f32
c2a3e3e3
c8130801
71f5e904
80d9eefe
5b68c3c7
7111eabd
c690c372
a39b1588
45af3a9f
4151400f
56a23b28
28cf5ba6
28e800b9
fe653f88
95b4098c
f336af44
53e75f8a
972b3d5f
95e591b2
449e5ec9
eca6d402
e59538e5
90308d41
ea4a6d99
5fbc1b97
56dfe2d4
b17c7265
78b4a6f0
162384cb
63fd10ac
3acb9cd9
31f43bb8
e1b1370b
b8add346
2496833f
9a8d5e32
a26c8c81
750021fc
4c0eab38
d9f56e29
89b49cd1
5aaafb67
bcbcf4a4
bf3ed7a3
e9b152f7
d70baed2
38c62dd9
913a20fe
84b80d84
b8c5f103
4ed9860b
56e4d423
ecc293ee
c4ed6f82
86d4e57d
64caf352
17dee232
dee72334
fab0f272
96b4831e
5c19b1a1
b160ddc5
5542686e
4fabae1f
97f2a83c
b23de97d
4e6976cc
88d58d24
0deb6a9d
3e731016
3de4c103
1aea4567
bc6a4d9a
5a0f1fa2
c749dba1
e01c968f
ad09b823
be9216e0
497557e1
0aa8d88b
ccf49c3c
e4f72497
bc8f10c7
21859dfa
c73c164c
0368c988
410d4b58
d15aad1f
f23f6181
1465eea7
36d4843b
4b55aaf2
918e04b0
76c9f6b9
a5651112
3655f853
8e4f15c6
7f239857
36f5f443
62f81af6
86a20a5b
da794de6
f687b3e4
8fa449b5
a6da8bc7
310c0125
46ec1a46
a19923e3
b2556bc8
8aad5a3c
bb864eeb
c8eaca73
feb08686
428d9a48
26ac6156
06156f2a
b9511b43
73b121e5
6ae87e77
de1cb480
801d8ab5
2aca2c33
4919598e
b9a0f739
d53ca29d
21bc2f09
6a97f456
e1d1f8d2
f2fd0370
a958180c
d205b3fb
d65974ce
47768149
563a9577
6fc4b903
170f158d
478da513
128ba07d
6d632f38
214807f5
bebc12c9
72ed1138
32f9405b
f935f2e2
94eafd95
96df4f23
649eb1db
8a0259d6
37344cb7
d091c24d
2299b222
ab59f06d
7ed7e9c5
a7b4c8f2
f10386c8
923d267a
1645aa07
00cb7dfc
1610111b
73ac9868
817fbba5
077380fd
d5c0387d
3ef4e4fe
cdde4562
c74d37be
9e6fcc56
62f3c260
9a16f7c7
653df4c6
4077eefd
8fee1467
b2806d4a
b2f383f5
3d504085
0a737f41
f3903267
a9673239
4c7dfb6a
8bedff36
d75f8051
dc8786fd
ff05c10c
6e81fc4e
fc4ed077
a51785a8
4b08ca30
1ea59779
094e13ad
8bb221a1
359b41ca
0f597a2a
519bb1e6
0fdce1fb
8dbbb1a4
d89ef332
2b933ded
1e6727a6
d734167f
f428302a
d39feda5
98970144
280007b2
a85809a2
8fb291f7
28987109
3e53b2a9
8e71baf2
22b6ed27
fb37aaad
2ce214ab
d60dfbd5
9c0fc693
2c3376a1
c5166263
a70f37e9
b92e4808
323c3cea
3f95e2cb
4d7607df
f03e29e3
ef299549
a09b9135
fb2923fa
fff471a3
c3b120f4
1ccf170b
de26b47f
0d6897b1
19d04479
3ecb07d1
2765231b
d9d8d8c8
1aa73806
c2e6355e
7afec0be
562329f2
5457ca88
5cec43ff
0ab33bce
e30f5178
34edb7ed
e4d5768e
70a8f6b4
f55d3868
1b292673
c1c2e0c8
a7b47de5
83b9c1af
73502c2e
14963688
6a5cf578
fa87c380
ea09b97e
66133d4c
09648fc6
6c3ded41
5df4d080
11451fd1
57497500
8f071088
b36660d0
b4b74115
86ff8f43
c1855aed
f486c9b0
c2911051
83899723
9b1f243e
c6e57ccc
011e14c9
5717bf71
91bf7149
7acfebf2
b2f72d57
ac33a908
cd14de0a
856d77bc
af1c837f
261dab03
2cafb777
d1eed260
23c07ebd
12636760
160fa0ee
a2f8a0df
083abadf
f3ea40f4
6783a185
6e096a74
1460c894
418bb9a3
62029e8c
9525b857
d76455c0
d350465e
efb9edae
7ec59974
625d7fbb
12ec1a08
75bfc904
f0233bac
92f423a8
8a20ba0c
1b53082e
effd43b3
00689b37
cff20ab3
54601319
3d262053
d5eba6ee
98306866
de869b5b
f2f64137
5caa4a59
6490b2fb
a40cefda
5f58db05
1f9ce443
6ae33f5a
3195b37c
687cd96d
db2b3202
d74a65bb
d9921d1e
154cb860
76ec56a6
52e48070
0c5e698d
c3731e47
597d1161
a88c252d
5977812b
97bc6a87
91d9ad74
7a394184
8214485a
0c447c07
3923cb5e
3a05cad8
0c5dd7fc
61519eda
64aa3e21
ef52f05e
d8bddd91
c2d117db
ac28c514
136c5c8a
66a67c4f
54916bbb
17a330ac
8149db58
13fd2cad
f6407497
7d3e1ea7
1ad6308a
300cd7fc
c0c29999
cc590843
08c91a45
e2297337
25d6e33f
03124d7a
b902b7ba
1b8d2e5c
f57c2c8f
79b53fb6
35c4a815
0660b22f
ef29fc1b
bb4873a0
e4fddcde
c308c62f
3dae9a5d
37497d7d
1fca99fd
3dfb4fce
89728d1e
bd6d2c96
180b4d21
6d501cb8
f71f8379
b16cf590
f4e2b818
0877c595
d5f58d3e
47882882
2c809457
09aa855b
7c939776
1d76af53
b40b6ab4
c9abb60d
664ed175
2ac4b630
179f0b67
c643006c
f798f826
88aaff92
86723e45
7de9cfe5
ecf1c809
e4611746
dff5c942
53385623
33eb282c
7fec8b5e
a4ef434e
b5d948d2
8b182bb2
921ece20
f881291d
eb022019
214077d2
dafe4ec6
f03488ef
b0f056cb
bade36df
0da1e5a6
f0dc9d97
9b2d686e
de2bd2a0
7e801b29
f7dd235a
fc25b489
174dd33b
4f57989c
127a6ce8
cb416a16
13116475
ed842927
04d85d91
6a0ea631
3ee61373
d5282381
61d9ecc8
5616d38e
fe8f2903
f91079cb
99e1dc9a
de395ef0
6b4c0f71
8e79c8d8
91a2525e
ce261773
6237b0b3
606cd37c
c0147036
4533ec20
d69c3dd2
75c093da
a168bc35
f73fe3bf
2d78d5bd
82a7305b
3b56e462
95177b03
5176fde2
e06c10a4
e7ce8d92
68007c4d
03e28f32
5ec78de7
7a12b095
0e064a2c
27d78a89
dc91e41f
e07da03e
b9ced1e9
83309419
daac6c0c
0b09cc69
b7ff1788
05870ae3
93956e3d
190989ac
70146724
83902bf0
de1ca618
ecceb6f2
392f6ba0
b49a5028
3f4bb338
40191998
3e5e3613
c92144e0
0259ff29
7f784a37
8c2dc744
6c5c5cf4
aed37475
b93f3940
e0013b0b
387ea55f
ec9c4be0
ca8a3c5d
94f25a65
fa88483e
89e518cb
ad9dbc98
80b0d0a0
9841e685
93b78636
ec1a0f38
3621697c
22d2dd63
2cf47191
aace610b
cf17cdda
e31855c8
25e3b7b2
07c438e0
f51a3575
f232cfeb
d2b8d696
8418e307
5d8cb056
ee975364
f6a471d2
5c5c0085
1409ed28
a4d6de82
164a854f
d7227066
3ca7f6a5
f8abb254
8d1b343f
4d1b8d45
626ebb16
018e0ef7
cadaeee9
85432903
d5c57d2e
f044ef8a
72d46c5c
79449604
c11a9f53
f9d227ae
0f58edad
e447607c
10008600
2dc5324a
01a983aa
8239d9b5
8277a205
4571c028
31b67ccc
938241c5
c0c98ac2
b71b6ef6
6f1b2532
926e87ac
628dd0cb
91b4d2ad
e21154f0
3a9f69bf
f01a590f
05ad0b9a
0c9f22e2
0d6e4286
f44c4192
07d6f9e1
d3ed73ef
dbcf8bc8
65773afe
08b41558
99febcc0
edab3f67
ed2e3792
c6977c6a
61be1e4c
71549308
3b0d7088
0dec6a00
f8f5d859
6265a68c
0c618ece
23988a34
161456b1
d11e72bb
10073413
3b9dac49
595e51cf
6e8888b0
98a49b09
7b280492
07d65598
59f013a7
cd4ed99b
fcd8d617
e465de3f
a409d84e
d36fb0d8
82646a79
7b17af92
bdfd2b54
4c67fd28
c3805be6
cc89ef86
d8f143af
86a9cf4a
fe5dedf0
c015106c
e424eae1
6615430b
5d8338c3
61bbd65f
e2515aef
a6de528b
e4fe44d7
57f89624
c6757c1e
87da2de1
f615ee30
90fc9759
84a1a995
b9dbbab4
6c16ee25
aa3a4ff0
bba30f2a
d31aff30
e99dfbeb
8901bd7b
2378b7a8
5754484a
ca136e44
d83284ba
0385b438
259ecee2
be68ffbf
1f693627
e75f1680
ad157ce2
38598f28
d9d7bee5
999b9033
d73c72c0
c42993ca
bd9372b9
d635d7a9
e3e81bff
eced0b38
e95c2d6c
1bd2e3a2
8740a3e4
cf744922
e645f87b
7a150c15
ef49b6ee
3ad226f3
93069d9e
e41fcc4e
9497f5f7
0463474b
b327c570
090de4da
7f1e7b18
574de28d
ee02cd3e
d73e10c0
d1401556
a0ba9116
6cf402b7
0ed62fd0
622f91b1
db5db4cd
2a20ed59
1d752e91
a43f3319
4fb277ba
bbda5c66
102e861f
42fe58e6
d4b89c76
682b128d
375f2893
8cf5998b
51cdd2f8
146f85f6
6538340b
600208a0
f4658688
4354152b
cb0e2da3
79386cb9
9a50b7b5
5560af41
5d82f5ae
59e2581e
e120c517
c44901a8
bc48c726
77943e5b
ecb44fdb
64f17815
9e0761ab
9ee197da
ec50965e
5d1ca634
52f99a02
0b2ec6e4
9d7bf18f
c78d3dd3
fe0ec05a
ea05b667
d6ed57ad
9501aa97
f6f32b3c
0cbd699e
e8e9bd12
1e85e335
622297b6
ce287b6d
deb6ef9f
d57b5f0b
e15e5247
e40e8319
f1b6fa4b
fd856ae9
a4e0d141
bfb478ed
8f74db23
c25e3343
77d39953
e9be1bd2
84e1ecb9
69252fbc
6f6b6986
7e977ac7
f7727a48
bc9db8f4
7e63d899
bf9dae68
466ea169
4dbd6525
15de624d
18cfa4d4
af05a9c3
1bc614ec
2f2ca760
28dc6c82
97232054
1121d1d6
d93fcc65
b55be567
8b8e2ef2
907fec21
bfcf63fa
40bf55b4
7f515cba
207475c7
d9f3fd4b
37e072ae
1bd3a945
dda64ebe
11389d08
56af3f64
2f5156ba
4002ed75
3013f0c1
5ab708bc
0d7cc1cd
448d1e7b
b06c25b4
47e9f826
6fff7442
5eb546d6
cd4a51a8
cc0fb9ae
0418f7c3
217f433d
2e8ab519
f844c4e9
d466f79a
47653443
5e05a9ab
5304af8e
9ea78822
fb208d6f
8067ed24
b749b1b1
55c9a57a
857e995a
79f788fa
c13e325e
3316d4b7
89b635f5
b133c575
20e9cfd4
842f671d
be9220c9
e99ef422
22538502
90cf4b74
1d71ad28
745bebda
32581ec6
82f42f36
45a009e0
9bc2b93a
11ad4054
37c4f86f
83822a24
7e83bb04
b69250f6
5e4d4732
0b02004f
ab61618f
79666c96
362f048c
1e67b119
18f05db9
73fbe831
b5455a9a
4f066ed0
924a0738
0d49ee24
c73dfdba
545e9d31
5fc963a4
ed083b92
6d99b6bf
ea4422da
c0a61031
a44fa572
7b270880
e7609332
3390dc92
21310109
df4863cb
fd87997b
09b10ec0
6363fced
d7ac039a
fab61789
c60026f8
edd1b3ff
cc9ef731
9549dc87
90246a76
fdcc5dc1
f101c405
71141438
59494d39
30eadd5c
2209fa88
01353dfb
9d19aa47
63009831
d55cc9f7
7de86354
30c9bf22
12f28ee8
7f8a5f0a
323aff02
2e49c8dd
527fc2c6
2efb2651
0b526c17
1bc161aa
348fc31b
f102ca00
23a7a633
c21cb7f5
e3874a49
ff666c28
8ec774a8
7e4c75f4
bc0a68a5
61e47715
4054f768
3ebd2de3
ef2861a2
3a029b72
93696243
57e7b647
fea7ea35
65d246a5
0dcd931f
c383c522
629ae1c1
0c45b11f
4e51620f
8321a112
240573f3
29b7c6c4
0e6f7e19
084c075e
ae8f4f3d
f13298b6
7c0eabf8
cff9b5c5
584aae56
4eb3605d
c3827137
2ff38481
d7ddfcb2
252a8b8f
e20b3a9e
0929fba9
78ad361b
7ff39502
e76fedd3
65ca4197
2c30e9f5
a591a2a8
d6a65f22
d1ad9e65
b38f0ae0
0b8fd1e8
ec32e445
a44b7917
aa0fd9b8
6dfd2ded
6550941d
079d64c4
4dd4ab6d
3b021c10
b10e6873
26dd72b5
ef0a5297
7778b462
39c31a40
2ed73e15
6ed327a5
d8d5fdae
dcba8689
147933d7
eaa4c19a
7cd6a001
6bca67e5
39646c4d
c13ae909
12a4c594
69f0d8ee
c5348094
1bfd7a8c
4cd94e62
c27b4f8c
812e77f6
46e977f2
c9ce46ed
ab752dd0
8a6c5994
f8505df4
4ca9f9ad
931ecef3
9ccfea97
c57a7aea
2518119b
fcc7e220
e8fb4847
a6b6abee
98e49650
bf38e2e5
e48535ff
aff2da70
f69588e8
4d733d3e
8d6bbfd7
3faa27a1
40894d6a
88c6a777
f25d9963
7327db9c
33280259
1102e15b
e7eeef5f
88c26b1c
9eed5479
0d00a667
242ac992
6ee792b5
8ed05b76
e65a18e3
d4f006b0
6dd7fdc5
21a22ab2
c6f02cf5
4cff57f4
8b808089
c9933aa8
b3e9e1f6
09558f35
99294c28
c70acaec
a452e8f5
d08ee90c
0764121e
d076dc16
d978139a
9bed68b1
39f832b0
3c5150f7
478fc128
2ece052d
800a4b04
42e84938
499840ce
19885208
ce4f0e45
7b8072c0
e6ccdd5a
c87e4cef
31fadd58
a1bc0095
c467d84e
692629bd
664f84d9
184810fc
dc25e56c
8db1990b
85b26e47
18a064c9
e0f5d297
6af1abc1
d2083b16
7e3de341
88a11fc2
d4f32ad5
3a559729
eb3b3220
115c8185
13ac77ea
1d794f9c
18d4c75b
b0f41e1e
426ff2f0
5e3bbfe9
4ae4eb57
ec425397
e4388559
3328799e
b14d8e7b
aa09aa5f
0b368146
48ba951c
7a5a5de8
b9261231
b7fc3459
de203edf
21c246da
70f53c5f
5be7929a
9bce4530
d49de049
b4c8978c
7d53dbe8
0b3c8622
2264d867
8bfea7ec
b5c98839
56cd01ff
ef9ecc63
90e99a3f
9d129a6b
3349ac8b
59486271
f81822f4
a83d91bd
785daae4
8b6854b2
b7a8b888
07d6f0f7
953c0405
d879ef66
044aaf8f
bc393772
ab50cd55
8298a0db
dbdc672f
0c82725e
364d2414
2ce1de3e
15a11712
06f0fe76
952624fd
f8d27f76
51874ebe
83aeb9b2
39aa2055
acc01848
96269921
88e9cbce
11a89ebe
d0e489d4
cec75843
2f1eddb0
54095ef6
7a09c079
d0ee1407
2a3cc783
4c502559
986830f0
dcf98245
09c40705
e2035f3d
2eeee2bd
309f4747
3989f770
788a4194
7e99ed13
38c77827
5f5cc8de
11a4de6a
5d925d28
d3cf4c7e
0e21cc79
d83b9cff
b48b02a3
f87ff553
6337b95d
0b999889
c494d7a0
21f68b94
643daacf
afc8ebc2
eff3542c
7b3bc7ff
e5e99574
63963e3c
ec66f45a
da62cc06
abcae60e
7e51f630
13002484
3d61a886
bc1f0e42
3757ed2c
3dbf6652
ebb37a19
d63cc970
2b9a7e3f
cd2356b3
34d39a6a
97353109
72eaf9ae
7e597ecd
f8f42d20
a654f9a2
bb0aeda8
2384c6f4
20dde302
22402bb4
48a14f70
0d7ffe5d
8c5c6877
d5ceeca5
837af3ec
54a41a01
4e8e623c
74a13d4a
03c9774c
882aa110
cc7c1d53
41650a27
6354af17
518c176a
2bbc0b78
d3691c9b
99df84b6
09e4b832
12a703ff
6eaa0eb1
5a1701f5
b358db46
5f4cd220
3735b8a0
2faeb052
1bb52bb9
7b2be751
d747efae
30a2192c
3385ea5b
19baf522
3a291536
a8fbf0b3
9354b843
5efe5bd9
4dc14b25
0b5b4092
7e17baa0
0ea3283d
6733a4d2
ae7b9b3b
3a367d2b
328327db
b9466942
64735cf2
b19dc362
a5284c9e
621009ed
c6728131
7f017d7c
e37ae0e8
9408c7f9
2ca57821
4ec99fb3
6531bcb3
d5ef239a
330139c5
0584451a
c985aff5
6c8a77d4
2dffa183
dd864f54
54236bc9
e8723938
fbe6aef5
8ada49f8
0529fae9
1bf69aab
e40e0b41
035d1c7f
ddb72d66
ca010191
80f5af9a
8beba2a9
73705d42
6edf8639
2350e2a8
c8037eab
29591dce
0b344a87
d071ab9d
1dc0bfb7
d1d790e1
fc2fb946
11469d28
20403445
9eced626
773beca6
27d0c13f
f63cc043
ccdcb618
42eac242
4e006430
17e114b7
4225a46b
c93a2370
f63b03f9
e7d36723
f79c7bde
5f2b44d1
0103d94c
a2e6c5f0
fcf67274
d5ffb168
f64df501
dbd64369
a2b3bab8
a960e962
26e55acf
38418fef
84677940
b5513ea3
6fb7bfda
12675369
4deb5d7b
8840cd56
fa68d993
7c86addf
92210792
5f154319
5d9d684c
3d677afd
ef6ef9b7
9a4f638c
40a4eb61
c704db53
53c12296
53948c5d
cea9605c
096b1be5
c9667f62
c1a4a878
a37fc283
a9e3ce87
95494305
e32f00cd
5e691bbb
165632ca
f07085e5
1ed0ac52
1933ef17
674006dd
a5efa514
202ff2df
cd314ec6
469a60fc
1e466b0c
cde768dc
3babba6e
f60720c7
689ea8d8
878f5e45
cf1a74d7
4c20e8fe
f670e997
1d4b7157
b94fad66
450b2406
16ee4f26
bb721016
7f706cd3
2db333c8
b8d5efff
8583f183
39acfc8b
139d6ebd
4ec33d6f
f4647c5d
0848be56
c091b66d
90f957b8
c202a531
a43e0628
1894b395
d9155a65
5a46a60c
5373ed80
edabdcbd
3dbcc4db
f9788d56
5d162821
28a8d3f6
0799ef22
c2b4f616
bf17cbf0
d30f667e
9fc069be
6a1963d8
0e1c810d
793426cd
ba383509
372ede0c
912fb2e5
d2dfd687
12ea6bce
f07509ab
7396454e
427044d7
e448f4a6
eef32b19
52072c47
2b7b7597
3228e682
3cdc5ede
4ca20cea
8510d41d
80e793af
c4adb81d
b09c6240
34e77af8
16a17cf7
698b2b73
2ef1364e
c2df95d0
ade17cc2
a7bcd3d1
37271fc7
3255b934
a593b0da
c6a49230
a2b5f0fe
4fbe36fb
3cce10c8
96b62372
c977be5c
dcba839c
96021443
a26601c7
9be404cb
484bcc2f
ebff84ff
fdcc6539
536737ab
88c90399
f7d717de
d0b30984
70400338
1decee8d
ff5cb1cb
feb7231a
27b68a6d
67a19373
647fc472
2f41b5a6
b7308b01
aa28ad7e
02238021
a076b262
7dc58864
d0421778
1d7ee79a
fd73298d
ce9fa6c5
80cd5028
eb96e175
e91b34a1
8fd096c7
d8b2b6eb
fa1b770e
3dc98994
64055d4e
16c0cb12
3b881483
e20d852c
1fd48197
aa5c1893
ef023713
d60b2ca8
989f1385
3e00ea4a
8aa90ae3
87f93fd2
78ff2e58
72f44a7a
57c464dc
2f064f5e
e814c5af
e4428a4b
d07ead69
acbfde4d
af16696b
04b18276
639026a5
b5707779
97ee5b75
633eaa46
8abddd5f
5d3c3835
e7c1739b
4e06087a
c605c04c
6475f1ac
6d49ba3c
3ca9e33c
ae198928
65e0e968
0f4b8476
b7a664a1
fcb5bf0e
c6317db5
5acd7af7
6b526706
0ccec674
357e838b
839a9912
206be305
06697e2e
9b11e0b0
b97726a0
84cfc818
24c5138a
c2e3f9ff
176e9cef
0c198737
119c2cf8
6713b4d2
8286f0d8
6b9be4c4
e37aaff5
939eaa24
d98a2563
12bfbcde
fce67f3d
4543f594
0fb76531
d1c67bb3
bf0df578
f50be4be
9a709473
60bdde56
c080e762
56e2e878
5e184a9b
c1a37049
71bff21c
aba3398e
bf79a53d
9db62e45
e04624d2
8ab75caf
4b14b4df
2ec75646
0f10eebd
ace6b0c1
eaa4b7aa
916fb6b3
fc7c5903
d3034d74
b9d03e8c
01a29a7b
0ffe5c6b
f9424e91
469c5325
fe3ee2bb
d4af2092
454292fe
2e77c79b
4ff736dd
55389aa7
52c82cb9
a4187c0b
623c672f
2605c857
b20b4271
5b8b0c52
386c4fcf
73780bc2
4eadc1c8
839511d3
6f5bd31c
424743c9
76bcef79
b561bf67
d0ad31f8
0b21225b
4a785de0
a14e9aed
caf6f46b
13e688b2
83a8f713
0792d338
47fbe3f1
1690ce09
76475534
03f03593
4af34f5a
5bd12a27
d7fe3358
0615d346
9c64813b
a80c9458
054d4be0
25d01a08
9de2a4bd
14fea633
2d8104bb
0618ba28
ef46b427
543d30e5
13075c2e
d6a5954a
ae386a03
59864fb5
c68a7c48
85b76b55
16479fc0
ddcf156f
6edc56bc
6630ee17
afa201cf
869968ca
cd18b195
c448fc40
a882ebef
ff02b7e1
566966a2
b539dcb4
4edef7af
1924504a
bb2c8cd7
ae559be9
29b575f3
410a4c12
ccb6b80d
a6d47c4d
6d4d488c
7a44a577
5081b1a4
b38745dd
959b3683
7f1d9857
4da78b2a
16c51fb9
ad166ec7
62006398
18c6f8e8
66980a9a
4a320d2e
e3431cc4
6b61ede5
893c7c9b
3651a912
5d39a6a2
ebe40f37
f5829746
cc62a6c6
6d7a730e
8eb34a1a
7a74539d
e8df04ad
825abc64
fa30cde5
e8dc3b87
80113137
eee6a711
983b995f
b3c3ce89
335040f3
b051e42d
27336349
8d0a3d97
ebdc81f8
ed022fbd
5303e165
16fdd34a
3cabe8cb
9790679c
10ffc903
bc6dea04
7ef5aae0
970eee3b
fcef7cc7
99cc8632
773a0693
fe3a95e3
9484fb2d
fd2f6866
34701e41
c185c349
c5325df0
97a5972a
b4765ff6
9ca034a6
baa4903a
cedd7337
9abf02be
e6a8a897
a14abf70
9c51c638
b67c0325
8b095634
bffdbe34
a156c45d
9ec55141
5b0e3e3c
852783d2
f6aafa9a
401b7704
df3e351c
8c0f9656
3d3edd25
1593d995
7acd382b
4a5e7e29
adfc0ee5
c9f72afe
6d590d9f
53a89764
88352101
c9651420
e83cacb3
4b2a33f6
78e755bc
d88a3aa9
23dfc340
563d5f69
444f207c
1b8cc300
6a24550b
7940390c
ce40dc2a
3a91712e
55cb30f6
c700290b
615e403f
68a1bd83
0a009bd5
1239ae35
2f4f7462
6c262035
7d267a29
2295e9ad
85a0217b
28f1cd32
f5f5ddde
a536b4ad
6b09f207
596f3eb3
a661b8f9
d456cf73
401d9520
f53db5a1
84349669
f80c7b1d
30ec9191
7af4a99c
1bae2393
ebc0ef49
bc70f086
fa470f6c
722e2d2a
f7fcdd17
9f868feb
6334778d
5875b01e
ed633e53
0d79e5c4
aa3b15bf
994cdb00
76c541dc
008304ac
d1e5fd04
c5cbb5e8
f2eac7f4
93b0a453
ffc932e0
b428168c
2b6475d0
ce4b7eb2
5ad1762e
a8fb4715
ab8f52eb
2a74eb8a
496ef3d0
da56eb91
cb21ab7a
50e1e287
49124126
9c65cc88
b89f7c7e
7839a15c
634e618a
96fa151a
84067643
ad816e1b
40c79c3e
44e62029
1ddb62c3
a7ad8717
65c3a766
0523584d
bf3afa45
b7cd853b
8260b466
8cda5137
edaa8a91
5372e4e1
0fb1441a
6961ed1d
b415516b
1083a1ac
047e925d
c708f1d9
2cddda03
4df91016
cb4830c1
f18384d7
ba8f6cac
f08db459
cdfa7a71
64326f8d
56a433e1
def22463
246071b5
96ff7239
787b6779
6d7ae351
446b35e7
e8cf0c43
abe7cd97
f645258d
2d861116
c43c01d0
30408d54
9f514dc9
5c035949
ddcb050d
a81ff854
a26bd21a
a3ee9696
a86cd7e0
7aaaceab
6bbf8bd1
0a4270a7
86ee9aab
bc250ae3
c31b24e6
8e53caa1
1f7cd40b
c0e1ce2a
e235f650
c533684c
0b9a5988
4b2bf2dd
bcca80ed
c7b87cb9
46f205b8
decbad42
56641d6d
09b2e93b
c5dfa308
75fc3723
30d8548b
64818f74
fa46692c
b39d8a83
2579049f
e8dd7a28
6ce7da3f
7cdd4b24
5ad8e0a1
64a1aebd
2780c82b
38216cb9
ed44d63e
f80aed57
91f120e2
4340a1b0
26941335
9d2f9af3
68bfc092
f9dd8156
f00a6ae0
33cd8add
f3d1add2
522f2aa4
7be6c378
1198fcaa
fe5e6a6b
89b81e99
7b6883be
b0e4bd51
364daf7a
b9e50f45
4613250d
fe23b3dc
7ef35fc7
c771cb57
386699a5
27d341e5
c3e3cf04
60432986
8ab04f2e
906e2967
b554d3f5
8dd74af7
97c36236
ad88077b
b2fc8390
5f1b9d9e
2c976537
f0c1a6ce
76de8d71
d42ed268
fa6b12fe
944c88db
d0fd00f4
89161c42
175841d4
d32cb440
f8492a5c
ad2677d6
c97c1e69
92bb124e
559c6cb4
dc123381
d6022985
05a7a95f
0c75d893
b98f695b
e4033c78
0f595efb
96825444
c8007625
c1a0e943
6f0b22b6
49f52d2e
7447c225
516613ea
efaf9247
2d1802ba
97a04351
54d675ef
f297bb75
20d2d64f
7c061163
942df22b
5bfecbcf
ba7f96c2
7cd9161a
3f933844
67f8c2af
82d1b021
13357c33
33b30653
3d75926b
2451a040
2fbcd5c7
b575b91f
8ec62037
4a06bd73
e3aef781
5f5c1325
05e03594
7baa4800
10873b80
85f06083
0aef356e
e60ac2be
dba3cefe
c0117650
f32e2c82
1e606323
64915acb
9c2000cb
399aab69
53704f1e
32cb38b7
c8c770c1
e531fac0
ee6f43e4
d6df78f2
a32bc21b
61e497c0
f0e22867
cbbaf06a
4b7d9f33
71f01847
efb39f3c
2f299a52
961a2280
d48a5364
ba36cbac
cca3eb8e
4ffb10a3
1e37a15a
9bba2eae
f57f35ff
f14e9292
f2669a32
10c0ecd4
92072210
5b9ccb87
8818a21c
dff33ee2
194c4051
c0fa5505
3e1e9796
a403271a
c31980c6
efa91049
034397fe
078112f0
635b1f5a
05e32691
940ef630
e178a74c
afebc1f2
32cd2a08
e7cd2a7e
852955c5
d12b1f9d
6dd58f92
fc060dcd
b0f02747
095a2a02
3e214fc0
a925e5ff
1dda0933
93d4555c
b277fe7d
0f023c1e
8b1b8e8f
8da0640d
bf50ec92
14436dbd
3543840d
d8685c3a
7adcc99f
bc0be3f8
51322c29
e0926d5a
b873c22b
6f7bd4a5
a46f7526
54e6224f
454bd5ef
8415a0c3
c639a50a
0f172f44
b2804de6
b9438838
3e009864
42220513
bd04c7b9
1a8aa47c
e7d509f5
e84db559
3cb8d641
28786113
d9282a33
d14b75d3
c5503861
19f04398
b8918fc7
e116fe76
81e20580
84ede95c
67dfa75d
adbe2fb8
2af2231a
853b8b0c
f18c1a72
64b52111
a1342560
ec1cf59c
1a84f314
211f1cd5
423b9a64
e5e0805b
6d6b971a
4ce411f9
af72edc2
54af9c59
bde9fe41
73e6f203
62476c13
ef2a702f
83909200
a6ee93db
70c2c842
c4cbfcfb
88dfc72d
2e07244f
ce16ee03
c77e3678
19b9a1e7
863205c9
0c13fda6
5790a2aa
79766396
8d1a3868
4d484ef1
c761f2ce
d0e193b9
efd0b7f9
1670d66a
8362afab
399b9bbf
f905e08c
9e93593e
f23c5218
7e2b59ca
036dcbed
eb1c00dd
dee27c8d
ad2a69e8
5ee6f85e
e0f06a1c
98ee8af2
3333b968
0bda5457
602d60b5
baadd3c8
3e7ef577
bd386cfa
238f8635
807a113f
59d31d78
15203a94
0e522be6
a5b5ddf6
1f53ce5b
8d540b2d
a4484bec
2bf94088
1e42480f
e6361f3b
7f6e6d33
5dfb2b23
4b5c6920
45148efd
4941937b
3e854f01
5bb868f8
04af2649
6605db17
bf0bb745
59364baa
4ba4131a
b19c6628
b654255e
63f4cfe9
332ed05a
dfa41499
9925d5eb
0f1f8f19
5ce2734e
8638a1ff
2b104c7c
84f75e75
0cc641f5
5af13d18
f8626766
5472cd6d
12acb566
67972a76
d8e76bb3
3b96b62b
243c4720
3b27701b
d1ad1d51
a97542b5
7d9cc4e0
3c3ab78b
6921d1bb
f33fa66e
ed2fda28
269af4e3
34e74c1e
b07055a9
be1b2ffe
d2baded4
cb7005f9
9afa7cbb
400bc058
6e37198e
569aac8d
2b4c7dee
57c6b8dd
75b0da24
f550c3f8
b6204b31
16ecdd5f
d392e83b
03a40d90
6ad02598
3d79d2d1
e9da9baa
3221c521
8ca88959
aadc03a4
b2e4e38d
325033a8
6edd79a2
87642e52
af3f256e
6760b2f1
bbdeb76a
74832fe2
c6d95502
d066cb93
8d18942a
a5564bb9
864b2db7
89340e74
18cf4af8
24a2bdee
8cceece3
5b2a762e
d8c0b6be
9c241312
eee2196c
b59a285a
bb543a0a
0b3e9af1
a855e837
42b33769
d610a899
c8ba53c8
d2f6a488
1b0353ac
9cd8998e
aff99740
6ade70a4
7306f8ae
8e7828f7
4339e770
9142d2d6
999edc01
5b1d507f
03b61772
9a2b4bed
0b375132
c647fbc4
f74735c2
8dedd413
456fb726
d6d0091a
f1940fc5
7a9464c9
f469ea31
53a38534
9697a7da
f6c7f9c1
7843c23b
02e0d168
320a4db5
5092be43
6f14a9d3
5c8946be
eefdfa99
d9747713
7a9b1ae5
9eb0e375
0857d57e
9a19fa04
37b95c86
339c169a
592a3b3c
ab618508
b9e4c258
dd365a13
e713a293
35dd5f2e
dd7c062d
244f38ff
47d00495
1d40fc17
b10938a5
08d41b14
bbe12dca
137528f0
d2d743b7
faea1c80
83b21b1e
66acc142
88ccb669
0b2edcb2
d68c2591
2f0273b5
de82e803
36da3d71
4960cc65
d3975ae0
fb2e34dc
c483f16a
f29812c3
056e007b
10502a3c
b97e0e19
32ab0530
eb8315fe
4d49fbef
87104471
5cf2cd31
1bb89b11
a7678838
d076d674
17b3164e
9a0e7146
fa23ed13
1537c33c
ab264540
9be30576
19f18338
a19b07e3
76b1fe4e
7aac74f5
2ed6dc21
50d473ad
f085384b
84094e4a
25137229
8ee43f5a
1fe77d6a
d6692ca5
52eba7f8
6e9fd312
ab8fce35
99e2ca8f
56b93f46
45ddf6ed
9ee48865
54e07a10
a132d396
6e22cba7
20ad1720
012bd669
c18d38ac
c94a81e6
50966b63
876f82f3
c382c9ab
d66b7685
83bd982f
f38292f8
7343048e
c6e93ff0
3d24166e
a78ac17f
da656395
3e3bae12
4d6aa6e9
e1ace8d6
c3b22dc4
ec4d2f25
5f15ca8e
93cd8276
eab4f4e5
cbe6b9c3
d82f75f5
fe0c36ad
a4288b9b
aa91321d
98aef08c
787d4db5
48a9428b
ecbd6957
5eeb9a28
28a115a9
b567ca0e
5fa368e4
22da07e3
4a560e5b
b3995bcb
c15eee3a
123e0ab8
b46d05dc
ad8e1a6c
0ac446eb
2555fbde
4da5ecf4
d6de39b6
edb18073
51506498
cd9be490
181dbcb3
80d5f1f4
7f601a9d
0cdc0d44
934a355f
039ba35c
318bba11
2f1a76f6
16731208
6613bce2
a2986afd
898acb0d
710ea9a1
3c52713e
ffd60ceb
4e841582
4207c9ea
a516877e
93384a82
df203d2e
aa4009bb
a0be35a3
9b2d8374
26e88f9c
05289731
128f4e2e
639b98ed
b56ea9c7
7c0bb101
429eb22e
3793559e
6144e513
70f9a4cc
f1d71e0d
1a48b407
9772c209
daa0b24f
1055d2fb
a978dc39
74313c20
75bcd537
79003396
d06e7a71
626a7735
b8e2c1d8
6fd7295a
bcb59266
c2a81f53
f7c8ba4f
e37a1425
5afc1616
05396a3c
21aabfc5
2f4730f5
0db74ba9
5b733e6e
e194cad2
0cf16e01
7fd8db2b
5dfa7ccf
487304a5
3af14765
a49d4977
ad479d20
1810aeae
9b3143d8
7a295728
545fe0b3
73ea3512
6fea751f
79adc180
0517dcad
2d4e0fba
9c2d18a0
18c7ca53
1b601024
05a22908
4717dcae
495e177d
dfc728c1
cf6fe312
aebab3ec
8e407f6c
69734d76
3cc9dfb5
74eeee4c
4578b5b6
e0f3ae89
9f54c76d
08d8ca5d
3f533134
ddec21d3
f6ef944a
ca03a1d1
944b053b
3b26ecc8
b9e08a0d
b07dbd76
47b95172
4d26d8b6
abf55a5d
a29d52ba
116f427b
003c3d94
ec517aa0
b7cca147
f7fdafd7
21c4f2a6
6ee4fe52
f706eaf5
b40d8538
a4c6a9b7
04299c80
1aad3e44
90640484
64b0cbfb
1842567f
b5c2aa30
235102d3
cbbdc272
9136a718
1914ecce
2ec31d50
b04be842
8d8a73aa
a90324df
9d34bd28
cf5d7fed
8f14406f
b0e121d4
1a61ea45
c1c2755d
878c6463
36583bf8
64911b22
20aed97b
811835bd
43fc89e6
d3ffe0a6
09e15685
18930d9a
f24a2540
cf7cb4b4
62c8fcd6
71139c35
0569cff6
f603a18c
e1be1a6c
6be39f0e
b7358b95
40d7ecfe
10fb2af0
ce2ec54d
81ae057b
bb5d4c37
afb1e70e
e32b2a5b
e23d7ca1
fad5fb53
4688fc96
163bba5e
2bb1828a
5aa7e8e7
e59cbce3
d6fc234d
7295b073
772ece5b
5ce441cc
35f4b667
c1614619
d7ee5264
3514676e
f1adfcb2
f306e15b
ffdf0527
aaef3c81
56696d27
464e01dc
46c360a7
069cff4a
e6f19f33
7d5f69ff
a805aec3
546006b6
d793ecc2
0846270c
346c9f73
f4dc91aa
46f55fae
5fbc5546
418a31fc
e526fc1e
7de0a048
0706b9cc
559fe3aa
f73a9e28
4555fc76
86abca18
c182826a
6b5f18fd
fed95646
80ea03c2
f9eea7b5
c81bc1d2
daaeab3a
0fa0aaa8
b01a10e8
1f9ebb67
382ef939
8a4db7f2
85de48c8
67922a2a
61eab51f
a31fe36c
9e3a46c8
cc9600e4
d744eb78
5b8fd0e6
7767ee88
017fce6a
7dad63a9
42b8ba18
7301a3b3
654aed0f
4ad9b49e
8cb44438
ec991231
4a3354b2
a1ec1168
fd407793
02035ef3
18210320
1a48f930
32771b93
751d607e
c279417f
db795052
fdced874
c2dfc724
85d8592c
1f8d2fc6
52ff99a1
07503ad8
d33b5621
41f78f5a
8f14d371
8f57a5f1
ff61a93c
f8d74d4e
524b9bb7
361ab078
30feb8bb
7b33995a
a46c2472
14817485
4379f59c
1610c25d
e763da09
7d9bbdb7
f32dcc6d
c9423e41
7e2dbf03
83785771
9d9dd857
aadae45f
e3dac5b4
c97e2fc9
9efc594f
98d82b89
b7ee3a62
9109008a
147a39f1
9d66c53f
9874e75f
98020e85
755da8c6
2cb7cdeb
c5c8ed49
2415e196
de2015cf
f1abfe49
37d458e0
ccd6a582
9a48dd2a
8f116f6e
117ef06a
3da22d94
9427ac65
be2e2d5c
f160a513
2b265e40
64d63c74
791ede69
1bd450b0
204c339a
ce0b5489
05bd152b
398d7388
385fef43
0df76a56
e55d7cf1
74e74abb
c3183fd9
1c68767c
d6579ab1
f1c63b06
93b2b336
c059808d
20671929
ed03e061
7aac5be2
2607430b
22f925ec
7f2b7cca
1113cb31
da79190f
123c8a49
223f2a13
56611f51
3712dfc0
77bc34c8
ca31f123
c354de5f
341287b1
d0e07e52
0d538071
a78f53fb
0e25e159
62d49043
a0d9f327
7046375d
b0a8aba7
7626cac1
fa3454d2
57e15aa5
4e231923
090bdaa6
fdb40176
52a692fe
87056e23
d3ae4210
6bf9a1e0
ba793390
3a06aa0d
a58427e6
ec6fc426
90a662d4
01827b44
be6abf1b
03da6171
a084f800
bd9887f7
65b7a5f2
76c67b55
1c538aaa
27559cb1
1f9578af
78defe39
56218d04
cf56b30a
e6ca0d0c
2daada0d
9cded622
568dfd29
64a57037
cb6a1b7e
7240adfb
9677c57c
b8696f85
d3d6aafd
84e4cc0f
db5eba50
700ff039
cbe26df3
39570ea6
72827091
7849d706
1381a0e2
ec7e8afe
3265ddb4
e1075ed8
2f97a727
4063093d
6c14e74e
8efc046e
b07156df
a8df9b49
6d8a4ee2
e8a55c62
b0fd4b55
88c30db7
db460ee4
be91d56f
6ad3b967
0128f3f1
a7858c94
9d6a120c
30c6d6de
f8cd3a86
59287a6a
731c2156
74ec1089
3cd06cd3
3e57d2e5
2c893d54
60ca7064
39edb807
b1ff71b9
e4571dbc
7c53a4b7
bf38341b
3b5a81bd
45a76535
8b899e48
3bb1db9c
1d8505f2
55ab4d62
d8cce371
c9862f7d
bfe21f48
dafd93b4
1fb5520e
3e7ba32d
204486e5
d6bff5ea
bde1b39a
46a7c0dd
a32d3dd9
8c121270
0717d03c
87e5f654
6f0d3fbb
5bc9faa5
5a39339c
6c034194
21d113ff
ac694b73
72e35c4d
df2b6e35
cadbbbdd
fcf6b526
457fa963
81e13b0c
021cf6e7
e0fd186e
097e4576
d504f15b
7b2f4731
bc68e16b
50f0759f
472bcb9b
c9ab3bd8
540a54ee
dd4d8083
0f5c5fc8
47bacae9
90653c61
867eede4
2fcb7e8d
c6ee19ce
a5c576c2
e151e412
369ea44b
c96b55a2
4a79154c
118c6748
4fb11422
a5fbb9a6
7130deec
145c5713
bc41b341
d9a032c1
29d0ee7a
11e82fff
a49a4c02
1700c400
3115cb07
e049fbcb
6bcd6868
a6561d63
ef9f4e00
380ee32d
cf97367f
091f7aeb
a25dc956
b5103d11
f3743bf5
675f20de
8247397b
d42164c9
f20b3222
29bd15c7
a1e16335
a112cab8
fe73af3f
c4791f80
345a018d
322d9636
6499b7f2
cc54da28
e0138caf
4a43f3f3
82defbc9
1f5a3adc
866e579a
4e601167
44f27d84
8b52e5ba
e38d2349
de6eb9f9
e84140f5
12d650a6
39c2acdd
8d42e713
6b84698a
a49f1641
f3623e04
eb41813c
8fcb36e3
d5ee658f
c2edad58
07c11f47
87268f7e
b527a04e
0af99fa1
bdb06689
f9dab765
9a5856e6
109f736c
bafdbb33
6a5974e1
26ccf71c
f4d57c82
48eb4aab
96746097
d4e3e82d
8bc05755
72a952a7
4f67bdd0
612b35cf
181c1144
2d25b796
e1a878d0
ad000da6
609c9cc8
c761a9c3
1c85f11c
0b5c60bb
7a7a2908
8095e715
74b30325
d265fa8c
49c78aa3
ae3c0461
1ab0d80e
00eeb085
19adeac3
a10c4011
364348d9
771665d3
21995cf2
bd2a87ce
abeb63e4
60de418d
ea7ae50b
5d3fe3f5
394e4a59
fc97ef42
c46db022
4e5aaeaa
52fe50d3
e8bde474
804fc069
77b8b4b2
1ffd8556
7c2320af
f82bcdeb
ec54a772
98d6ab9b
5c9be75d
29a3838d
7a1ff2a6
a3b6ffcb
52e1ac44
a90987d1
dae8c01b
3d989345
40f91593
112b27e5
7cbff68f
394b31f8
686b3500
c9c1a4c7
0b7dd5f8
ceea91d5
49ce5af1
262deb26
7584d7a4
7f533c83
8007a659
9b2ae69b
38c1a929
eefe34e3
ed55a4b3
9517698c
c562acc1
42bf1eac
ab56ab02
7d46052d
754e086a
bf35d396
8659a035
b901179a
20634ea2
fc4cff7e
a4793ff6
8850cd82
c1ce4c09
192aff3f
fe2e486d
ee4ba231
1bb46b0b
96e4f4eb
d13f75b8
4e3f131c
55e4d483
2ea6c18d
d7787e48
69d755f0
b7fc2b3f
b27e777f
53dbe01e
5d7fe20f
ddcd8ba8
e570f4da
ba1d911b
e0030f81
fb9a9202
75bc99d3
10516530
3986beba
35f907f5
a3fb707c
2a86492f
9b18caaa
df1b7b50
1a0ca080
816f341b
216f4806
79e80491
ad623a04
b7c5deba
141a80f9
83bb6875
abfc2bea
0029d9c8
6d81e42a
a439b696
2d00a338
ce795ad2
b9fb114b
43b65dbf
b063529e
a564c2a8
de32def7
cfdd38b0
52acda2e
0b509f6c
679e01a1
17d7940c
efeeb3e9
406b8ceb
c8450c81
b115e591
0845bc7e
4837f34b
5d915c59
e5f15ea4
55f15d82
a8f7a9b9
d047b08a
1ac8ce4a
ab99c94d
1419bd62
570bc32d
253ea2da
11c6def4
81d03e87
fa34c042
dca885d8
c8dda17f
1d5b6cf9
62c94c58
feeb899f
e50ec23c
5a016224
aa90a295
792cc79d
176491c9
834e5721
34c17c76
79f79e4f
ddca6314
911407ad
dad2757d
788f6716
4408fa2a
1913522c
575781eb
32097f7d
7c7b3ada
5a946d80
2787fa50
d9fe757f
ee6a8e96
9be6d55f
9e34f417
768deb1e
7fba24c4
a72c1386
698e7003
bb9f431e
378ea3c7
7cef76e8
03994591
a427ad68
3d88aa53
18736bf5
83382418
737eaf59
55180a3b
f8bdcd9c
7c3a3ee1
79c305a6
fc048f6c
cc9ed7e3
471118a8
cb775940
e8d1a14e
e52e5b12
4e926e77
6cc9ba4a
6230cdb5
0976aa3b
12738771
917f2a0d
36fe1404
cb82d702
06355dfd
74f9c953
ab689219
ba7116df
63ba8502
769f1c6d
a04e64f0
af00aeb2
f540b6b3
9fa8af2e
0f39478e
a57f3459
742f780d
334e8f82
0d0bfa82
ce3f9b34
b3a881aa
c8d32f3d
ce1515fc
005e2cf1
c2e43609
494bceec
653d7cde
67db2974
16a0f2fd
e0c0ce64
5dc5ac9e
065889c5
3efd6697
67f7a25b
ef1bfa52
07b107f3
6d802e2a
29f09697
17b78970
fe292506
25e79978
c58aa3ec
3c5fb098
71abbc7f
c71f1a45
738c0018
93416e72
671cb079
c5a945b2
03524f43
65701d65
e3d9a9b2
09546074
229e3b0e
be8b3083
a613933d
36dbd936
636a955c
c4ebd1b3
8cb0005a
52cd79d4
3d77caa7
eb91045f
97dc6421
edbe5323
11bdbb02
4bdf53e6
c0aabea3
6413a375
1d645c90
ff458bdc
0dc8be0b
f465441c
e3fa80c8
37e61158
eaf9968e
d9207ad2
96a293b8
c596d59e
767c98a7
7a9fe8a3
2f7bb0fd
5f901e3b
a5ed4120
e7e69c86
437b056f
5a4b3cb2
100c5129
c226335e
818957ad
cb79abd4
bc7f3272
67d4783c
f1444f39
79bfd87c
ec16128a
02d35c10
0e1bdb08
c158e4ed
96af27cd
6e3e4362
007902d6
5aa5bc84
1c6cd556
30f9e6d9
296505da
ff8f8c67
85b70b7e
f1de9dbf
55509d7c
0b07bc68
ebe3f049
d9651734
7b07512c
82864af3
6be1f7ca
ab69fc49
9e8a51be
9035c958
30f0de10
b8c0ceae
b4e81c8f
91ee5669
9675e642
8ed02b52
17196903
9dcc93b2
cbddf226
8b0596b5
1e21bfeb
37af5da6
9688fe96
8387e072
5ff7e483
8b48d22a
b710e354
f736ff67
bbe4d4d1
eeb20f57
abe0daa5
28f8186b
830cb7ba
bda4e9aa
c2dc5a19
4e1df0a6
6c4453d7
02a4c672
f807f84d
6701b66a
b1fe3ef4
9ce32d64
97fbd19a
28d9cbbc
aa7badfb
747e1606
055cd800
9e4ab272
4ade1a6f
1c6ec7e4
07d64323
3090c3b5
3e43b8ae
ab50a823
507bffaf
0127a08f
bfd2c4ff
b2b5c77a
873a7ad3
1f1b14b9
cc23e061
02e22b95
2abbcee4
533b0da5
5aee1cfd
a8908b43
8694c928
635a2adb
e990e113
57e974ab
d77f407f
28f3253e
9fbd633c
c3961122
206e7aa9
a953743b
30617ebb
0ee5e3c1
4add9ae8
a85398d2
779f9a59
6967ba5d
2aed223f
e21ed94e
ff32201c
d32c9561
7b1c906d
34b07e72
95293cd4
d30a68c0
f7aae5b8
fbf39422
7b5d30bd
7a1dce0d
a1dff03e
df3b4bb0
9b8dd54a
e7aa05ab
582ddc98
7514b2f3
08794bbf
fcd5cf05
52ed893e
da23c94e
a16664f6
dc79d421
5672ad10
971465b2
4e4f6bb8
9f5eac75
f3615734
2955b9e0
7793d12d
9370b9b2
d5ee7e25
f2ee8229
6a9740fe
21364bac
9f7d6636
d1038969
49b290fa
0ca11321
105f382e
20c808da
0e265c3f
201eafd2
f95f93a4
255e3b08
68909ad6
48d41df2
1ece8886
59da80bb
18f2dc88
10d244d5
c71bf0e2
098fc5f5
b3f4b596
3173ebad
5434b9fc
aefb7a9c
e250443a
70fa78c2
91965454
d758c567
3c073d51
d03a2726
94ede6a3
0016d2ff
d5b3be1a
892fb3ec
08fa7be3
a5e43fac
cdeaa40a
6e7b0170
fd4e57d8
7af120a1
6fbf33eb
e0513331
28c8a7d7
f1c56bf8
d6659cae
813f40a1
120f30c6
55ddfad4
f2e6b563
da143a91
48f15e23
273793d2
7c02b1f1
9d81414a
dda21688
25cda365
ae851dc4
dc33043b
c8569f95
b990f375
9e0a9927
acd9db68
e082baf7
3edb7369
1b7a40ce
9a69b346
46f56aaf
e465bcef
cc10ab5d
3b0198b9
e99b78bd
dde6e3e9
fb44df07
9cc0a7d7
fb0ef1c3
99a4abcd
66470f7a
eb2ce1ca
f0a64ce4
b4163de3
e4f27ab6
5e6c54c2
cb532968
fb2ec85f
190f1a31
f05ce3a8
b1da4b8a
ca8839c3
d7f963c8
31e5a273
05197adc
3cd88fdd
7d3a840a
6a06da7f
65704e7f
dbba22be
0f772bfc
b38044a1
9c3e8295
05f91d00
3801308d
74f1703e
17a9593c
10d7d729
6185b024
3a5bd07b
28c74a76
9ecdfe27
b1beafef
f0c750fb
80f68f88
77213b34
2687c417
39d80488
152c9e05
10059f4a
55f5930d
df577b23
4e46098d
fa21a953
a44b4498
cf798242
089bb842
043a792c
72a54c8a
04da7b25
ea9a41ba
3e7ad57e
c22f499f
9113c45f
a35a982f
9afb9db5
575a08dd
a00bf971
adf2f445
ea5dbf14
be5a181c
4711d664
e7841057
531dfe91
48b28942
db907ff4
6544c47e
1be85d25
ef0b0adc
def1bb16
711f85d3
8ec3cbd5
aa4defb1
831daaa9
828866bf
c1ec1d7c
11cc8af1
5386a8db
cb53e8e8
e709be54
e64fd60f
602423ee
03700bfb
df2161d4
f1d7b81c
b764682b
15e74f75
eebb74cc
4e631c51
971c8018
417d6fd7
09d902d2
cc44f1fe
a07bead5
9ca4d7a2
56e69aa8
11364474
e8afe8f0
f478d97e
9cd1007f
e0643232
2fd40bfe
78a104c1
19ce2b2f
1bda0840
f85c9e83
cbd9c867
1d586b5f
f201d583
58e81ec2
12fd0e9c
2ddd17d9
cbf7c9f8
c8ad559d
1f0d2249
65a90a6f
fcc356fe
233f348c
59d6dffa
3e8214c1
555133c6
9f511f00
238508d7
74ec5946
81d7c954
0ece2c85
fa3d8d7b
17fe6eee
52fb8401
3003175d
5d232a70
8ca0df99
8f43b2ae
3cdc6816
a867222a
9619ccd8
9b90662a
17106ddd
25232518
0ea58fe4
08bf2550
89fffc46
7b6911ad
b4c262e0
a3caea41
420a850e
79da5400
8f92c80c
3d5d126d
9180f07b
850e77de
d06c917b
3232e745
3b2f29fe
4157b3f4
cfc002f2
44579ac2
63769336
40532b46
f4dfee2e
c3b296d4
6904543f
8ad79856
050d880c
4803f722
5b0802c5
8e955563
add709cb
d70155f3
4a8d7698
dc362568
26afbb32
9c8ea359
810f1276
d3edaee8
3c6318ae
a18ccfb7
9902255e
d5d2bfec
8319a5da
8bd57821
d7e5f756
9ce71953
4b7b849b
9d7e7eab
f4f11cf2
ea0d1084
6c31bbec
e4a58664
b1a47adc
7e38b8be
8cb3bd3a
9c841663
ccd347d0
375acbbe
71ef0c3d
2f112e79
dd8a1f40
a5b998ea
13f4a0d0
05df307d
a92dfbe5
4476eb3a
6bb4eb2f
83b03c20
b2ae2bca
6317fe39
1c9e9105
e6e7116d
ab6d4713
30dff1e8
06d62891
0449dba0
b1f1bfcd
f8370e1d
a6af5e78
50dd7060
a5baf05b
e1d34bf6
b9b9fe5b
4543d009
1bd6091b
fb2436df
71f4bff6
721c089b
913920d0
f3d3225a
28ac3881
48c8c6a2
6d5680a0
adb95d51
146d4096
5e2fcebd
57ac8bf2
2a2499ee
5d96db47
5fd004ad
790a2bb3
981a1663
4a1eb651
f18d8649
3a30a813
f0b33c4a
d195ef03
9cf07ff4
44489875
f1c105d1
f5b203bf
78874cfd
2a56f392
ea085434
d6aca20c
720e2f8a
81991459
ba469c71
a55d9272
9bc445dc
06747c2b
651c3137
9153ca6e
411f9903
c2b88eae
f80fe143
d9cc7892
1bdd50b1
edf41476
3c17ea72
7107efc9
3490e4a9
58953e93
260d7391
03f64c7d
a4d3155b
234f620f
17b615b8
288ba1b4
1aa73fad
0bb35e68
f9f49d5f
27b44de3
2d3f6cc8
12ef36da
1da74161
df1d6e05
ab89b259
a2998c7e
210de3ac
94534aec
01418060
ed43e2ce
a8036310
33d750c6
c3db67ac
3e5a09a6
e428e2df
19f480a4
7102f78e
29c157f4
be5bea5b
bcff64b8
22b0ebc2
d174782a
acfb3569
732b1fe9
92eb88f5
3a369ac4
bfd37a4a
1278558c
d9829d16
d0a7d8b0
c8fe286e
80477768
0bf1bc7d
fedcdcf7
87ccad5a
b802e4ee
c3da239f
ce0523e8
07f777bd
cd150a25
ab7c5301
c082a1b3
54d0c201
5d386780
1bb0061c
2ea9a12b
e7d2ff0a
40763e7b
5cdceec4
f27d002e
566f0d61
f1b3d4fb
2ab2c85b
ea55ae6a
c2371674
6d7cc5b7
eca3fd5c
1cafabc6
b18e97db
cc4f3b50
1a0d787f
7e54d8a2
d1f0f056
ec40274d
c80b0a5a
f638bab7
43729fc6
542e1e69
d79e9fd8
c5c51f88
41208985
8b53edc2
9a104aaf
86873346
2150057a
fbe1388a
1f7c129c
711319fb
ccbb858f
64151d4f
608a1a07
07a447b5
6230a2cb
b0b2e48c
a4f259b0
8be470f7
15e835f3
c13fc23e
f59ef4a1
c95d1f9b
9b9d72ed
ba9e307d
53101e51
75b5e63a
403fc3b2
0215df53
2468a99c
9364ced5
3e385153
a78de374
fa29b1a8
12ed8870
1826a666
66702fb6
0bfda0b7
12918ae7
dfe114a5
341a36c3
02063c8a
0f4047c1
09ebc2e6
fae22b06
af2657fb
15da8a4f
d77dda44
87d6d3b2
97020749
64a38bdc
6045cd05
0366335f
be7a6cf1
4436e62b
22a9b5c0
ecc27535
ec5884c6
c765c4cc
70243395
670b1c57
a41c72b1
1940ea07
4b6d8963
f00a8f58
f6de4dde
cc25e8f1
125d8665
7190dc93
aa042ff4
b1c36cb6
fddd53e4
0a9f0cc1
3f9e267e
cb9eda79
69b935cc
27b68937
aac2099a
0876818a
4903e511
b875cbdb
ff2fc31e
2b645c90
b0c444a9
abb57050
8ef830ec
1b5a285c
c2e320d9
22e873c6
5af5b600
926d47f9
592a8ebb
cfe2edc6
6b5488bb
128e713b
ac63085a
96889df7
78acce2a
ca03b139
a24c5201
2d43f1a3
9fdeb26b
f47ba252
ca057a36
1b1d5118
4b2d79ca
b02e90e1
8cc8fcea
bc3b8382
a1d0c464
ef37db2a
f2f1bd9c
a2187b5f
b7fcf32b
01d169d0
b024a423
1daa55e8
9617ce81
d6411e70
86d4ccdb
a6838432
ca302d7c
87658612
81052df1
6c642b82
2856a2d9
b5b439dd
56cc0f9e
8d711ddf
2bef2c73
91f70a3c
92146b64
c7cf97cc
da9b49f6
0eefb780
4353b78c
b3b87932
3a7da866
fb91c68f
33e4acaf
adff5c7a
4ee63a02
009c4363
ca653723
89c46e95
a309f50b
3d38cfb9
e32de5a8
cbdfa0f9
e6da1395
64440721
af26842c
6ada2727
5800a52b
adc70976
b429cffd
0445ec63
f7517a40
6a550db4
30662c60
e98d99f4
fecf6758
d963a0b3
94628992
d96fbdcf
e9845456
f8b324ca
e67c9d48
db7c82ba
b97fd8a5
cf9ad520
e352481a
404ff420
fce624a9
1968279b
cd3894a7
e4b903e8
527d1288
39a8b981
87297976
81c83bb8
f0079def
1cbe33f9
145ce22b
178071c3
4a709869
e82daed5
fe675f88
0ca7c46e
4c2ca372
a34e69f0
f3a58ddf
0e0b9885
ccbd94c5
eb1a470e
e2bef710
2ded754f
157cc230
f99026d1
cc7ff738
8993c1d9
2317765a
4ac951a1
220e82f9
574f1566
e92eef03
eaeb3388
133793e6
58e71a72
a89f2c31
529c75fc
23c0be1a
97cfec41
6f34d09a
9f11e393
93d9dc8d
0090a649
c1e0b2f8
cbe4d69e
fe5cda47
688ea22c
a8f324a4
71773e02
d7a93026
76425f0a
19a91c07
526a61fe
5313596a
5a6df005
200eeb1a
dd97900a
519ad07e
04267ad5
59ef9a91
ee6cc9e0
7c04360f
a144b3fe
0c06276b
d5656edf
9f131aa8
14d8e973
212d6df0
da0e514f
4ea87147
8428b006
16cf5e7c
3ca85991
0dcd3db0
c634b042
860a9980
a54d56a1
f64c8513
bf6da132
e49c5ac7
42f31abb
1aba4958
70872026
5e187e6e
b34e7e95
59c4e6f1
3d47c9f2
2e981726
656229e0
21f82824
6c9539e7
53371963
e4662e99
76cf3b67
911d183e
0589a36e
48e41211
f95779bb
af936d41
45550d5f
c9ac8418
0528dffc
5e99cdf4
6df11cc1
fa3527b0
a1466cc6
c1e983dd
d8793bd6
7a1d86f4
fdf73be8
3f28c519
345cb497
4a86031d
5fe34655
018793ea
88ce25dd
1128a22d
c62483f2
9ea8e7dc
7a57ffcc
f8abc2df
906faddf
55bf5133
ca088011
fd5d0df4
3f310802
e5ad840c
3cffec9a
15904678
22d506f3
3c33b9df
c5f94ef5
895d4ab8
cc32db93
5d85a771
df33212c
ee355e75
c566c6f5
680ab65d
c9e4c642
7cf5412c
44e790cf
5bef43dc
204f5111
e68eb1cf
dc5cbde7
1a9f81bd
8d3a8aa4
fc8376b0
7a0f8b27
dbabec29
b3c94351
38205f10
a1304d90
44267e87
64bd1925
e0167398
3990972d
9fea5e5c
d193167e
4c4fb150
397084a6
715489a7
47472406
76c381fb
1f836264
67280adb
b8c580b0
c78a5824
d097717a
24f70bc6
706e37ff
aedb9519
48085e2f
c8260079
cd78ac4d
8f84a4f0
8e31fcbf
6d69506e
534a9d8e
c0ef0732
a03a8e8f
633af1a1
2efe17b4
5f2dccee
4cc9418a
132153fc
db909b3d
81dacb32
abfbd477
7e607b0a
ce5b0384
6d16e380
23bab8e9
30f45ced
bb6d6b02
74459331
2710998a
a2fe66f9
93824df7
0eba4536
3864319a
f1c43757
687717dd
87085a64
60b4be4b
a7dc179a
0d2ababd
365c6b6c
b2270416
dbaa21c8
6d045c47
7b4a213c
3eea8385
90960b28
3b1fb156
556d3cd6
2b5064b9
5ade9c5b
e42f446f
9aaf5aba
05cdf556
7e61b118
b7079d8d
a0b5e435
c5cde0c7
6991fb83
69bbc905
be8e09c7
65cdac97
7cf6cafa
c4531c5b
8f90a4fa
6dd7d8cd
3b54a652
e63ceb96
2b787e23
4ed6dff1
cd6e8f61
9c1cfc10
d2c71d18
8238de7d
4404da1f
224b2bd7
1064ec17
db96ce6a
449bd3ad
ec4f9242
f6abe3b5
096cafde
06114b64
b564ee0b
e5aef5dc
4d2eae7c
57569dce
35c12600
a68b2389
72c1fced
8043829d
45ab54d5
515d9f8a
268ec7de
88d3f1f1
eb006eff
38d90e53
6a984865
072d3b8c
60edb88e
2e830b5f
bf5e8983
be5b1fe1
8b194ad7
7c666a4e
682910d4
c53f16dd
0f1d0af8
a6cc8795
a5302f33
55a7ae92
d4050e9f
7f7ccb58
0313d103
e7bc61d3
4c67ffa4
fa50c104
e55446d0
716f6753
171bde5d
ddfde969
9644e6b8
cbe36622
7cc4da3c
b5d47d76
02c6e740
9a01c54d
bf2f56a6
ca3c70b6
dff29d53
393547f0
1a3ce65f
0dce8b21
52fdf87c
3a0643b1
3eb9c81b
36eed515
3d36dd19
d4a5794f
278e0a30
faad5af4
3a5993c2
182c4756
2d9a7f1f
17632dae
07689afc
2ad133a4
de435b27
80cf9f40
f1ccde0f
7b002bd6
5017ad8f
29698514
bd8214e1
9cf54521
65b1154d
90299c16
1b8c2d4f
4f5a00bc
91ae53d1
783a9ebe
6a15f6e1
34dea18d
2ae5eb71
226d2657
a091419c
ff442e1b
f0cd86a8
195254a9
f972aec9
8b2e8d20
a95c5d6a
789eb389
a6d91617
305f5a22
b249a1d7
f9a4199f
34c13117
d579804d
28086b2e
7ccacfd7
961518e1
d21fca22
23d2975f
4f63bcfd
44136651
6fe0374e
7204a05e
95f54824
d45dbd97
60b8f2f6
ed6fc725
901f86be
fcf30472
87a06c14
c0ae8516
771962ee
57fbe2bc
71d7d2e2
e80292f6
99325e4b
a7792aef
14dc9826
8cfc268a
255bb84c
efe862cc
032522fa
047abbea
02671b84
4ce13b01
4151adc6
e98f2787
d5721097
b9bb36cb
0d3680ee
137a6efb
f7f7cae2
73dc1d2b
3e0fd2df
f53fb734
351e2e6f
37090dfd
bbc08400
c64dce47
9ba3f0ba
e2be557d
16d254ec
17fe55ff
860db4ac
99d5cd36
16831399
e7c0959f
58c286b8
a0b0d74b
a762c172
342171d3
cc984413
22dd9332
99d958be
56e4537f
717ed680
c1392b80
fddfb2fb
04ca13e6
cf75cabb
b3f4fc19
80966139
34b5e1a5
04d99fd6
33cd331b
f729b363
6031fc01
01c17a44
0b0e8670
1d5bd11b
54696437
e9581364
9bd2b0c7
98a941ef
e1c7ad8d
945661b3
0918f80d
75bc41b9
d6ffe5f2
8042b6f9
b47af791
3ba2aca9
5172115e
64e9caf0
25afb72f
82f8d4a0
657233ce
68e1afe5
8502280b
9901f2e4
904bdce9
9d071db4
c37d84f1
3b4285ad
ed935376
1213abdc
56c7589c
66a289bd
de53d9ee
7a2fab09
214c82e3
b10eeebc
3b42e85a
d782176c
86799e54
93c83733
4b3e7513
f0fb4cc3
0c147d77
01fdbe7b
7e102fce
44c41f64
87fe25f6
002dc30e
3ead0d88
263b12c1
d271d364
c51c084a
7f660e76
28af0997
5f2a3af7
5668974c
79b83e8b
6ed39846
d6e18e4c
f96fdf2e
5f37d757
96525722
9db8be88
576f41eb
b24522d8
e63e4ba7
92183e35
42c42e91
a8d0ee77
64604088
bdd43a5c
74446ac8
6f7cd176
c168b7ac
d5dc78ee
a87f5fff
957af439
13c05591
f1ccdd17
bc99f062
93eddaab
1701aed7
845cf79c
aa1845be
2b172f28
af6f6a63
3651eaec
54dd835a
af2d3741
19e1bf16
d961b6a9
ca6184fd
9fbc17c6
33107878
329a6873
93520294
4ed97593
992e465e
da6e7e95
0d790f8b
8f7a487d
7718c88b
799a159b
e8e0a14c
d3632ac4
c737d62f
62b1d800
59fc1176
8fcb8cd9
1cf75379
e6e2103e
d095ee08
fefe1636
e8a75e04
141f64d3
101831c3
9476d21e
5a12dce9
b2c7cf1c
12a33fd3
103a868a
1047549b
00cef48f
47aded87
719580d7
82da9540
53e4124e
5542e497
3a1123be
23138efa
e13e9f64
5ae74e4b
d101b1f4
31f92657
b9753fc4
4e4c6f8b
04db2c31
bb0c94c0
2b0e081d
31acd3f3
4f548726
28175b70
ce7bb944
32186073
36e6f1b6
99b6b80f
5b7221de
0cc1f237
fe27c553
a1af1b37
4904b7ba
344dc858
4f17a736
0642559c
bc7a6856
5d663464
0493957c
dc0a2d3b
a9f3a6a5
62cd2337
84ff7913
9931ee1f
f3193241
4c4a2f9b
5b199c3b
ffdcb4fe
1011c7f1
c99b6886
439c29e5
08c81a06
e14e6f5b
6fa3b2d3
315dbdb5
6a9f5a27
4e72e227
0755452f
b933a874
ac2fc428
38926ea2
f534dc59
753c02a5
88b78d08
73ef5bf3
c30f38d9
b572362d
9c449bfd
341ff3d0
518374f4
f95ea5ba
dcb5e75a
130c48ec
34d45435
f60af6cd
c62f4a6f
bc7ea393
916d4408
64169655
e353a41b
4cf0627e
09bea615
39d4fc30
89352eea
a78b760d
ee79cc81
294961d8
fe502468
f28b76b3
dfbb09ed
2e7b1424
3eee924a
00d63a9b
1ca867f5
afee45e6
7c35969e
6c334469
740b8f87
f93b3b83
7ba9f236
29213e5b
b0859d4e
50a6198f
827ca83c
5df1f5be
88c9234b
d653ad8b
184cc71f
0937cb05
4c932ca5
abd9c83e
d32f85eb
2d4c1c65
e6308733
cba8e373
18c9e6ca
55b5fbcc
50520592
828765be
f5a85da5
ffb6d9e5
abecc71b
334bd9e9
12ffc9fe
e5f879c4
02cdd9b5
3736f6be
106843f4
93cbffbf
8b426b06
a98f4165
1b07df25
c5e9057a
2c113574
6bd5e232
ba4bd88a
85a8f15f
bb3e756b
f3583a93
37975e2f
a5cbe76d
547ff22f
f43e4f1c
7856159e
32d53367
7d45e82c
659d0172
906cdc75
4a1e8757
5eb15988
47cb0032
2aac38b7
3cdfecd9
17873539
af47b1e4
f42a127a
69d786b9
c5467eaa
e7ca37f3
dbee6bba
844ca0ff
93014b39
58fdef9f
1eb915be
fb507fed
b4268fdb
42d1a2d8
e6a6bca3
95fc8a3e
bfac7b84
a012b491
889339b8
373ab072
c7d3089d
f2620f34
5a89af85
fcefec2b
6e26b508
a71736e2
36118b09
de7f7095
c07832ed
6379bb97
45d74bc8
53d30a28
c9265eeb
e372e1ad
32277a0f
fc45b2db
884fbfa1
27709fca
caad95e4
4dd11291
0b01e1d6
dd4f1cbc
dc357eab
9b92b034
05f65753
83c3f2c3
73f26a8c
a22f8f5f
cad7c567
89c6e1f1
46d96313
6c0335c8
0baf29af
a240e556
6eb0a71a
bfe652ec
6f0dcbbd
0d41fca8
655255a6
725184d2
dca9f749
74eee1ee
87ac473e
08c5b02e
d8137cb0
67c4d417
b74181c6
43202dd9
f226b525
d9abd2a3
6105f0bd
74af4621
698910bd
f3721e61
7258f70c
8bf11187
ccc48ae2
65b9a582
5f8220a2
1a2150e2
6c40ede0
8d38814e
791c85df
d0918b10
94cbb78f
5403c689
413ae0ed
d05630d0
52bd799a
d27a0124
924f3431
b985abbe
8fa17828
d2105b28
53da3993
f65eca9b
dec442e5
957d974f
00ec6008
cd8575c5
bfaa51b5
047007cf
51200d17
c2136d6e
b7458cef
59842ab6
662707f5
39e9120a
c4aad9a5
cfa3c532
801b38cf
13be0f89
6928beab
9aac3533
bcb9bee0
294ed6ce
894e3ce5
793bd55a
91be289f
0a8bea5a
e33229be
c7054625
c32f7540
87e940f3
cffd21c6
64a1f88f
cde2977f
de601f88
80a8c17f
eff42588
aaa15fd0
cd484ccd
69761436
6e417963
0015eb86
6b840478
ffc9bf91
57fbec3e
c684e10c
da3791e3
7e380c69
350bf5e5
4a829197
699b901e
5a2305b8
937af0d2
188ca27e
dcc20a58
cd8092e6
b41a9b2c
14310bfd
614d6d31
31ccc7eb
39487bfc
3c3e8fd6
74aa70e8
076e2aa4
62a4f2ea
3af7ea17
2ff3d5c3
1fc6ebdf
e2ffd60d
72fe36aa
e3f9c8ec
1d3840a0
145abad5
15d3b14e
0b75002c
8695bd5c
3d6190c7
0931d507
ed04b082
d74e0edc
213d067c
34b554d6
9c8dd38f
ba1680de
f662c7c7
dd044088
96f81fd8
fe6750d0
4f2ba374
fbaeb4e3
2b5c664c
09789336
81ef2124
ec9001da
a07db364
d867ea3a
9c80306e
cc3345f0
cf1dfa37
12b34bb2
d6ac547e
0df0ff7a
f5780985
deef930a
1eff001c
c76b33d9
2c80a404
d7ba45c6
ae75034d
10ff559d
a8de81e3
f46947bf
1412b2db
8a939de1
c434892f
76db7ccb
59cce790
5c33749b
10c39fb0
b992c012
1c23163d
e3d08cc1
f2898825
cb4bb191
aeb2fc91
fc9f5304
e2f47be8
929c140b
8cf9c4a4
d9e0270a
cb33fc6b
bdbaea52
903b3afe
75461120
6b334640
7134e19a
51e8554a
54e92d66
853aafd0
cd936f43
7901001b
2c982b53
beab3b47
cf0985be
8610f4f7
58c403ef
1b021089
57182c3f
0add857c
b0349a91
8b2118a0
4439a008
14b4d4a8
7bbc6ed6
49b2e78b
f7842f9e
3d97f693
f140ad80
3341b665
5ad94abd
5098e949
e2e99318
64d5942d
295cfe84
7c0254e5
4153f89a
2341c144
57702625
eea37268
23d683f2
157ae035
da5d3f38
98d0efa0
2c1dda1c
5cdbd96a
1946c8e5
5e436b6a
d9d270e8
036005d7
d4a94047
5d698db6
0f435d42
5a0d3ad5
36674df2
9be1955f
96997555
31fc43fe
a65e099f
6f3f4a21
d73c7e4c
84fc01d8
73b0958c
78246d42
757bf574
e63ac089
31bf2256
d3e3abf0
2d402163
f52be562
4b94e3dc
0e407683
cb432735
55fecebd
427bbd02
f06a9e50
4015c2c3
24c926ce
b04e452f
564c3f8a
dc7e428d
24f6a667
3b5cdd5c
e4c9d847
fecbf22e
cbb7a7fb
d9dbdfff
881dd529
357c0830
7e159b0e
86b5216d
dcf99787
8a3bcafc
71b1274a
40f4d6ed
8eab4103
cbe2f594
09da6924
0c49b26c
57de87be
eeb61922
3d2f97c1
6872c9b3
5dca1f3a
2bf09f9e
9a47ce49
c1161a94
3175671d
7ed7632a
5aed8e46
df706c32
13a40696
a02c4739
2f91e604
cd568ee5
f0d18a31
b0858eb6
e88682de
faf3a193
013eb7f2
d7c0963e
ea218cec
e6fa059a
64be5d02
d297d951
426b5beb
ccd5393f
0fe69f11
a061c720
d9f2f3bf
341e9b8a
4c813350
16530f6b
57fb74b7
566caeb6
9c86b641
e536c63f
77589964
bde19e72
086220c4
40e8bbf9
e6e405ec
2d4a1025
ae2ebe04
e58e31a4
cc5106b2
450dc081
74e1253e
7f81b3cb
6136ed93
71b938b4
9932418b
f13609c5
a615bea3
27a1807f
d04fbf23
7fdec22f
52fcebf4
cf5b3231
150bb00f
b5f2c443
1d6f4acb
d00ad634
72d771e8
a6c0a07b
9b79a301
9cb7d96c
12cd43a5
4c9a8520
e56a91e4
7cfee9e1
978ad0ff
acabc879
3667a074
343f7b2b
8b45c102
e1f9a3bc
c77dc52f
451c284e
ad91c975
9538e229
4c69f2e1
9b885ec9
9b9a557d
29a5f0f8
f7e183d4
c8572ec8
03680e91
1e96d830
10617c26
5fe3779a
e1388a84
035257ed
c80c7a9d
679b6c6f
8bf88607
0528d9ce
38922ac6
650e60dd
64755c20
55e971c2
1134bd09
712bbf1d
264a6380
cf1cb28c
eb31e777
d7865c09
822fc744
6f03bc4e
cfe9cc32
ab30f30c
1d587da4
70079d27
52339c89
5f21b0fe
28ac2948
f34f7a0f
c74bbe4a
4d9dd777
56021c5a
778a8b0b
625286ae
e6605b1c
c8dbf112
82589ca4
8046552c
728d000a
e3e88763
722a7f23
09791ac6
02453581
fa7ead67
d901d3b7
657a2bea
d1921329
422d1863
0eabbb64
e3e8632e
7da0c3cd
709ec11e
7d8768b9
0f49822d
757cb886
a8048371
e4e48fbf
1aed95a5
86a17775
f9ee479d
9be6f936
577acb00
027f6394
b2d79873
b56c0521
d2bde348
74112f74
49c4964f
4a96ac67
bc94a492
b403fcb1
fb08b228
f7d6ac9d
77073ac2
178c35b2
ea1d2977
b8192f83
40510fc3
cf43cc63
48a4f41f
e60d0ce3
28cde81d
d35edccc
1aeef2a7
6de45d2c
bd33277f
34527700
fb84c041
0256fd28
cafda9be
23bc9c4a
c5b92638
177d3f20
a920c0a8
bde9e741
6acc1e38
659b63a4
5c1b9ea3
fb886522
d5c9feeb
51b236c0
98298ba5
9ebe9230
ea94cac8
45fddaae
cac093b8
b2a33d02
396ca8e4
7cb15111
2b91df6c
3040309b
e30731b0
1338fb09
d353f6da
fb232c5b
14cd32bd
76f6a853
65a3e1be
a622cacf
92300c2f
019825b2
bf033b67
83f192b8
97f32cdf
d65eb457
4011426e
8c8403b9
bdeef231
60ca96ad
dba036e1
ccf8e4cd
80d05844
679ff0cd
567e62c9
ecb7c813
1aaa8b26
5c0a18a2
50898c8d
b39edcb7
bd2a579a
5d9836b9
ddd1f304
16ea5c76
0f7d6487
f807ae91
d1292bfd
66269093
828277d4
937ab350
e4f0a84b
dd6975b5
e74e646e
40829f58
59d8aa3d
70ecae1f
30b97f8a
765d629a
f4af9815
b88fca32
b850a333
cb787899
b99a965d
8afef8b1
d434f133
ec413a82
5e38afd2
dc618857
6551dc13
f0917c63
d8cee483
8cec7df3
5447bfa1
966a9dbb
ea504121
6e05e7ec
ce9f26be
7cd3ea2d
b1c36cfe
244ddf87
6537bc4e
a6091d57
761734ac
7ea62881
a654761d
8843eb4b
a0d65b68
07ff164a
e0680385
4b47e15c
22e49684
36abfc5c
3556c248
af6dcfe1
78c77c4e
4f4e7ca2
a1f4eeeb
8f2b202b
2bc95214
86c995b2
99a8f7f2
52cd929c
ed1f9c88
3cf2eb60
f8a982f8
5b4ac476
12e8752b
254037c7
c7e04155
0b2eb8c1
82321b5c
bb6fb4ff
a3ac858d
6a9f4c58
cf381560
4cf5ff18
857345c7
bb4eed15
5a7c6924
8afb5972
2b1ad91a
135ff8fc
a568463e
0b1415da
6d077a22
195d0a91
6cf746fb
de32ffdd
dc938b70
af398206
920ca369
682e4335
bf43b8e8
f24d52a4
e8efed93
d5ac1b13
658eb15f
b830bab4
3981d43d
1179199e
ea2fc6df
84160dda
376da1ec
d1f2f9b4
09ba553b
372ce6ef
5fb75ca3
12e739a7
e9ff2750
5a5c953a
1ad600cb
3aacb04b
50d8210b
d7193547
34835564
9a1adb52
d90f4939
b3a39813
5e4d8d03
9cfb758f
5ed78bb3
6924ccf9
9ee090a7
5c0a6e0e
741c5c66
da2292b8
541687d7
2acdae2c
822e5cb0
8d2e06c8
9b665779
ea42db15
8c1c91be
be647d5b
b1b521e0
9fc04df8
cad87213
443d8bc5
ce8a6624
c1330b4d
ffe5ddfa
fc421b39
296e2eb2
c2340f2f
e1fb139c
23d87e75
a366443c
c9768862
759cbd92
9a11492b
c363feaa
d3ad842d
ebc0ce03
b81f5f8a
ea62a1da
11c88246
e87dbcb2
5b07749b
c863adb4
3b4f5518
9ea109c3
2d6b658d
5bd21a8b
52e8aa09
6b63cd88
7928e581
ae8693e1
3532ad3f
5b625f3c
b1b26d19
702769b1
86c18881
9049fb02
a9a02032
48dae0cd
8694ab23
f5f90df1
96bc7ff6
9da05886
b8763d7e
932863ca
12969cd1
265a367f
febf06f0
d5bf22a3
df489b5f
7d215ffc
18c7d90c
3ae1d163
b762ea87
6e53d4c3
a80679e3
33d38c44
59521f55
0d4a583c
cbf6f55b
ed510510
87ed8706
ca8476c8
63e79460
4ca1c630
0cbeb94c
a8f291c8
03133c7d
c3d8f30d
c78029d5
d7d822bb
740b7f4d
a87d5ce4
fbb1b22f
64b5b64d
6dcf69ae
3949e549
d2b2be91
ba6d355c
8c74c540
6911740c
0649e7c2
d2f4afba
fa2f42e7
336b2956
1caf837e
3870098a
11056e1b
71815f6b
74716fbd
024270cb
749e2730
6beacf86
3046909f
696780bc
a11ebd7e
26484f57
0e4ada81
650839d7
fd14007c
370b14e9
00ea1fc2
09a937af
c5e2162b
0f676ba6
8c2630ce
26a6f0dc
16bc5f28
2630f457
afbb33d5
c323a4b5
6432178a
9c9e50c0
e615f7fb
7f6d4e95
ad4b5566
39185570
fb138230
49c9a5e4
db5841fd
3c9fcc5f
08c5f593
d5a4cc6e
f975be74
5b8f42ac
bc439349
ea5dc8f7
0b2253c7
1b61d473
cc30c1b4
88afc0c3
dc61c636
aa4a7083
6cbde5ca
eafee337
e162cbc7
5d83c072
2ce4a9a0
ef57205c
942ce769
ac28431a
41635877
09971aed
6b5a4902
0d68199c
806caffe
93813e08
910fe329
4e493002
0e4d2fc0
17981b9e
7838dd1e
00001cfd
280f676a
8fe8babb
2c1f405a
05bdae94
39697f95
b88ef88d
e158cf12
409e8c09
a5eb394a
4dc9b73f
ae2a3271
1957309f
837adfd2
31d12862
a9894142
3d50853e
52ba2f1c
c30a250c
d5a09fa5
03680f08
b5692955
35f49920
be089f38
f57c4c05
2348bede
74dfbffa
6ee838cd
fbfef9a4
485e1f67
88203d7d
ed3bf17c
fdc41979
b59edb97
d9079b95
4ec9e87a
3e8a67ce
e20935af
5cc70630
b54f57ef
af3ad770
b8730bda
2f296796
23c423e2
8b07a655
1ab715cd
47623852
23dc4b00
5e636379
0ef7c6ee
8f37b18d
663c7aa6
c2ee25cf
459d6aff
fb52c2cf
6253be97
c0e1abb4
f853d3a6
605879f6
1d9d1ef5
b6f014bf
5d6062b5
14423162
e1e449f6
6481a154
3fd89427
daa7af9e
c3d1854d
2d868eb2
5c58d5c7
a021986a
4340ade2
c616eacb
b3f12333
5464dca2
184d0f92
7a9049fb
14d1821c
83248ab1
2ec12df1
3400f9db
1800c4c0
744cce8c
8f8a9906
62111a31
05be4582
fce262a8
037bf880
8cf76398
fd1c8538
4bf48ad9
010fa886
d2026679
00d7ba30
d57a33a8
15bef928
fcfd7885
2d71dfdc
ec5a9813
ae8bdd08
405abf62
88a82d1b
4ba71316
af0256f0
5b189819
9b80ceda
a1ed5fbc
86c39511
e6912bbe
a3182a93
0e6fc663
c4da7e9c
52fdd143
574855e4
1a470eb6
3e846363
919bcd9d
789b1662
8428b315
16d2d122
6a0a71c4
1f00937f
9bb5ef8f
356d9f1f
fd72fc50
412baf90
8d1c59dc
aad2f027
ab15eafd
046136ef
e881a0c3
e874cf1f
258de52d
a01ff41c
38aaa6a4
52841221
892578a2
73684122
142c4653
220edeb9
990c5cc2
2c86a588
9c77abd4
9a2aeada
855f21a3
2c178720
d3971b24
132cebc5
129dd6cf
3749a80c
5ae52873
04a56f0f
3a7a0aa3
06ecbccf
46ea0af9
7d789b1c
42cf396a
683f1580
62c38733
4dfc8ea5
81300b73
28f23fdd
2de0c86e
003793eb
086fbf06
bfeac55c
dbea032b
77a8aa94
908b0f6f
6cb81e45
e9474eec
4a308b79
f74c344f
0b5d81af
673d06db
024477af
95cb0b33
c9f3fc56
8a40789b
80f83a51
e99b0438
9220aa04
dc059980
dd0d87eb
ba15ac98
ba18c7b0
0bb9a96f
3ec6a417
c59b55bb
9e61e75a
ebe0d288
43b92b1c
118e6968
f4f2909e
09dc94de
6ecfc36e
6b9e3160
0781b083
3748d444
2f3f58fc
0dc3a210
12406cca
08697be0
f9228e30
dbcc6cd2
a1c31d1b
776116e0
e56261de
0d5df757
de13766f
f5d52093
aa84f068
8d8d2f49
1e7c3473
c531d013
4c4fba85
21ea0a46
8b1f5347
397bf807
ff250172
7db7402b
2b1ee1d7
ef804f43
80ab6077
2224d986
dd836e8b
6f3f75b2
3a189c2a
4e193378
f60da065
9876115b
8b0efa23
58135976
a8ca1f52
36c597c6
3659c828
cad65446
ae9c1497
75a8be58
98709f31
7050c582
2feea0af
bd87cc0c
0cb0d180
ca2d5470
3350b96a
4999d819
092a5ef5
276bf660
6dc64fdd
0391cb3b
eb7013e3
a3821ba1
f474b6cc
0f6dd29e
936426ee
5f7689a4
71a4db9b
9f8ffb01
54803249
bc256a5c
61800909
15509483
3326ec1a
5c8ee2b2
e323986b
51ab24fc
d1b0c4a5
4ca22a7e
e4933574
3ae31762
c4df08c5
f25ea950
7cc42c78
1ad68f38
c5908e4e
4cdbf6df
301276a5
3c4c3723
af046a90
b6688fc5
105b5fd0
2c6a8cce
e010c053
83e1058e
0375ec3e
d86f673f
7f26cab8
3a6adc0b
63a6b65a
1b088b3e
0535a0d6
78851074
5013e58a
7a60ba05
6b11a119
70b117b1
0ab538f6
5b757885
0e4c7fa0
dcf73c96
be026833
1dda7b00
011e72c1
3ffa5860
d1c62eeb
69ec841e
95d0e67a
e7999a0e
8907e187
8e44638c
f433ab5f
5c7b8675
d1b3fdd2
047b282a
b5f7896d
dd935c2e
4a59e048
8c50e5fd
097e0708
3db1aa85
9470de3f
41e922d9
807967b8
8d5cf427
08019dc0
282788eb
0fdc6c8d
67e1dd6e
4912de98
12a47abd
a5dd7be4
0faa28e3
5069455e
010ac3c8
0a126e08
2934f4d9
dd09f5a3
7bfb0a8e
6b7e35b1
d3fdc451
457eaf3b
ed0fed51
905ef026
a9bf845e
5d79ceb4
b49833ec
58dbc57c
ffadc7bd
7f78f953
448a5b8a
753d4700
c5334844
d97043f0
26183c33
2d89dc13
8d984a35
20c4696d
132331cd
456b8f69
21e62798
64c3d61e
48886e98
e26fc307
ecdc5eec
7392d775
0588a953
dbc5efa7
866eafa5
8c98f35c
f364d9f7
040ad1dc
0d14bb4d
eed24161
95079d69
8b0469a1
5b7e9f4d
8e6d5634
ededd31f
cbcd83ec
c225e3d0
bccde1db
83b03b95
3c01413c
a0873767
ea5b4aa2
d3b06ce1
3e2cb8f7
ebee1ad8
67b30317
d4e2906b
82679a98
ee1aaa81
0b026afc
74e347af
5e046b2b
2390b577
9302346a
383eecce
06957ca6
409fafd3
f6b8cb2e
aeaecd61
c44f3889
bd9aec93
fe6452fd
b15b87d9
19fc0898
25b52e90
74d03081
ce72b654
169a9c0d
9b3360fb
751755b8
7afd6674
4b607ef6
bcc3da10
c2b6fe67
0c10a088
ad7e6a97
191f64c9
a171b713
84381047
5d152ba3
f45b91bc
42b96821
5e1596ec
fe0109f9
5362c176
6216af5c
f123db03
36471f0a
d09b1985
5a21bd69
dab56b0a
91c362dd
7f783eb3
7cb1385d
2d57b603
38c9e331
e6990972
bc014334
79362736
66aa6b78
7b23fa7d
c73668c6
6bb2d21a
b659ef19
5b5e20f3
e917e368
26a55664
53d9f09d
04e4694a
e2fbf0dd
21ebad95
831b18ee
a40ee97f
f5b0b730
86bbeda3
233e4576
eb6922d3
f88dfc59
34aa3431
b82acbe4
5f07fc76
d0ff214a
c4abe7a7
77561174
ebb2ea9c
300a7b94
2034d1ba
0f116170
026bfa67
e56f6cc6
98b21f26
e3ace8f1
e7af05aa
159c3b85
53ebb3c6
3ad8e439
9504d6d7
15cfe059
3bb9e91d
7bcdfc60
322cc0f8
446f1827
eb1e5bd1
484feb0c
092cb853
c9963b78
65ddb062
5cd904b1
16143afe
e6987cdc
ed3b11f0
77beeba1
cd46445e
56240b6f
c5e85947
eeefa3ff
122d21b9
0e9ec179
aac4ec65
272c684e
31d71491
77d82582
16cddb07
df2dd41c
d3084520
1f7b2bd1
35acd049
8e46f0e2
3f15a6bf
5b5cec54
c504b436
153d89cf
79ccc34c
93620fb4
ba61bf3a
caa0da8a
bec1be57
0cdb9136
dbe05067
36b6ea96
a8c363d0
1f43056f
33543887
37e9270b
70c65ccf
371c2aea
4ff4573f
df5126c7
1e706993
7984341f
3120cb0c
1b1bef7d
8ddf99d1
9261a59b
cae20496
10a31079
f69cfc7b
fe195af2
f25751b5
49456022
9e7d94ad
f2ab3323
a007cc4a
568a6663
a1ad6b29
85dd7f90
2df1bd1d
1c6675b8
c189ac9d
0ce39923
1aae8fe3
fa7eedcb
7d83e34e
c5406a4a
07cd51ce
2370cdc6
3277b789
926dea3f
15ce707f
52291326
bbbc7f46
3086e1c0
ca09f1a4
75a9eda3
7837b8e5
b692f244
eddfd3db
9b60dea5
66aa2290
071bff2c
dad65442
bc1a06f0
09f950d2
e598340b
a164a61a
26a77839
0db3e19e
527a8628
519d906b
522d8170
eb1fa54a
4f140928
7daa5e73
249de0c1
14cae8df
0e3da594
3293a7ed
35a35a1c
7e0bb176
c63c9ce3
4cc178f9
e4fe2ac5
a78f9912
88e47ef5
c5e4688a
3a89cbbc
f071bb55
df9d7311
92b3d12d
d3a262c4
2435ceeb
4661de05
dcb845fc
a4cd147d
37d52991
794c54ea
dabd1c59
e17c4855
2e425309
06bed155
478ec40f
ac9d0cf2
f87d43cf
e5a86992
8d0e9b47
b2469271
dfb983d3
7a79c30d
11fadcf9
38486e99
2b247581
5b69a845
6f498f7d
55658337
6a7a3c36
f95be2f9
3777ed8f
4d5b5c5f
d5c591ee
f551eb51
1cbb5ff8
5358391a
5f4e2887
fdd34c76
e6a19459
e0c81fb2
a4fb45cb
aa596161
0a136e16
dbbc0cbd
cf61be8e
621b7e1f
aaed610f
01d17cf0
b219befe
e38a2686
eb94f398
1b5a9fa7
8cf82208
f85cb972
182b59e6
9108b95c
9588dff8
b124a3a5
fdd913b1
8f7be7ed
52734d12
4ddfb9e3
8d9e47a5
1f7140ac
6df52613
c2af3967
e1fe62de
1a211329
3de518f3
60345c36
940db7a5
2eef9305
af4db749
51d16af5
b1132199
d1dfec62
da435528
d7eb3503
4810848a
0c100572
92af3e98
5b701ddc
b0eed01f
9ea48008
db40e5c7
aa297e68
a0f76df7
350ac388
758d0dd2
0e270e69
7c22b317
61a16464
efb1433f
89d5aa12
ff4d15c9
9fbdc624
fe6d0339
e48f921e
062b9918
1e009b5e
052969cf
4a0ebe8c
2225cf2c
7049ccf2
a2035301
b7d6e832
61a563e4
ed6c1595
1a328bfb
8a1a441f
d0ea4a3f
c8a8f9ee
b44f98a8
5c13334e
7e4f122b
6bc0c3cf
53468b18
275576b1
c483e1eb
6a6d531f
36066fff
c99d205a
7c68ea3a
8ac47f4e
28f7d3f7
0c2e6f09
c9a4bc76
7aab28a0
d6b06e8c
ba41c444
6cc384b0
16342ecc
2cae23e0
327161fe
94949e48
52f9aa40
6875a1bd
a778ab4d
7098152d
0476a6be
77e45f93
1ba14d72
ac3f3b3e
124f32c3
f968777f
64f27f35
1c3bb4f3
5add6c26
7b578f82
0f6b59ee
50779c05
f64c7058
82805bd0
a3dca324
059bd920
584067f8
cd966783
0be489f2
e58cc756
f10a3966
a5ec328e
c56df7da
856b362a
13a8b82d
3360b688
3df53b65
9298afbb
befddfd8
242b8ffc
762874c7
668504e5
dfd2838e
53e54248
1dcb9b12
48ae450d
7f004813
585904d7
1785a7f6
d6e33105
cb1aa108
90679afe
dc2d523e
fe702dbd
4ac2d3d1
81a28792
0ee1ef54
9e628269
54609335
034326a8
ec8ee889
cc78c8f7
759b5352
c2d249f7
f8de1f1c
fee77173
7225e0f3
507aeea8
22f6f69d
e97fba5d
2e6a6028
e2a4d6c4
0ebae240
242f43b7
af5f1425
ea882015
42f75e65
5e044ddc
6734fd56
cd3d197d
dd7f53ce
f087229f
3119a82e
a77ff9c0
3e0cdd82
b413a804
646c7f8a
36f5a61d
48d7618e
bb518b38
067a04db
78a3c56f
c27422fd
af0d2c78
68c2337a
58c11f02
a098c189
69f1495d
5ff88f43
1f464956
b143c6a3
c29a8098
ce420058
2dcf91bc
876ee3b2
5e36d1c2
6eae4cc8
ce150384
acfe101e
aeffcc79
d045ce3e
c378792a
09c2e6cd
3a146bf5
6540772b
08a3e758
7f3d69bb
cde0ac9b
a83d393d
31ed4198
b8abb043
7574b7f4
93864d0c
249ca9d7
12221c0c
6c760641
cafaaf98
1bcf31ca
905ab346
a2eacf0d
be5dfee3
8b5c8ddc
8d446c6c
36cbc73d
22b2141c
f1e6d384
b1af4987
b12e3b75
28d40f20
7c4e0986
a96aee32
78f8c710
437769cc
14fa2b82
6e6e967f
757eb1ba
3295f7dd
c9648bb5
960a561e
f35e7371
30e0bdcc
7052b07f
2ac63c0b
45de6145
1bcedce0
a61609be
2c39ed0e
9f0c451b
0911d805
ccb060a3
18f9091d
ef4aa6f9
c6ef4f48
ca77251a
285e7998
24871f61
7f7ba286
31ab064b
a7b66d51
6978cdd3
104be15a
68aac02a
eaeff948
fe888b30
c54d82e5
8de52ada
613abee3
753e7c7c
c243705a
ecc01e51
03a10afe
5157e614
a8263aab
1169fe59
36cbe58d
cfaca89e
9cda0952
e01e5efd
96d152b4
3aa4ce3b
925b30db
e05edbdc
dd1387cd
293ac434
80db29e5
3ebac0a4
f0a62b6d
5b288d52
76fd28a4
d6c69f94
bdc58430
8a404157
f981427e
05e35e50
1bf5ff3e
926f48fa
9dd1903b
82eab942
51771fb0
278d32d8
240b5b50
ff5f3b68
1fd54dff
4acadf56
3cb17591
36e9628a
86008a4c
92d6889a
c8336a23
10f264bd
4e194bb5
e9da25d9
f808af82
a1abac8c
93ce5028
9d4c9dcc
7580c1b7
12ff683d
196a7d51
c567eac8
f13261e0
64894652
0a90708f
55dacb22
ae70a97b
bdd1a351
0e4e50bb
4c00a883
4e1b0c38
6760aab3
e012fe1c
7986398d
bf1a1ce8
512420c3
1404a63c
7b996b03
68108ad3
5da786da
fc6bac7f
220c7c49
2902eb91
a098fe2a
8e85e7a6
6edb5e8f
9612a5dd
dba3df27
ac0b6e5c
1be75baa
b6b209c6
733fa763
02160d70
90061bd3
1c4ff6cf
af208ecb
c2fdaeb8
80bb0bef
2bd178ad
747fef33
f346b678
1fccd10f
2f5afda6
fbe70f6d
01dfc4c7
d1da0fa6
3ec0c385
27236791
419f04dc
c41e759d
c9d3e8f7
73522443
dbaa0120
804ab756
95c6a9e8
bcfb5d69
38c047a8
694f3425
86b16a6a
a5c6dda1
ce5672c7
b23dd696
80a2675a
5bba9541
3f97b151
d74c8b4c
21bff99c
50b63661
716ec956
1bf62289
3dd7b36a
5d684c13
40d182d1
0b03f423
fb060807
df787634
1aa2fe08
8789be2b
6d016d18
d848e5aa
63db1f36
e9abc345
92076f8f
b506b688
85f305c5
3485bb39
1e122437
4873f7cd
32f8868f
e583147c
726b6dd7
18b0e0de
ccabb0de
033d5aa7
24e754c0
ee4cede7
dfb54f88
5ef9dfb9
47703d7d
cc043c0a
05242380
3a43f57b
c81782e5
5c56b68d
87253fe5
ff99acfb
282a4e10
91a7f28b
12520658
371d3640
dbd58143
bc15d6c3
380eeb11
219ec7e3
a7eb1770
b636744a
7a653a3e
828286db
fba3ecba
d54ba4d0
b9812ba1
5cf8b4e7
fe222e07
cfc65a91
99397a1b
accb8ff3
73a43368
27df79bc
2f9cf070
46b124c3
a86afc27
f13cfda0
b4ed0e97
2d6f356b
7e5e8631
88597f18
440d8050
251d2898
a1f185ee
be5624e6
baa1809f
074de5c4
e6f9fa78
f1366961
ced0e395
1352e34d
67936190
bcb25ead
76d529ea
ee54c848
54671de1
81797167
806b2805
7512cd77
df73c290
19b6bd3f
7c8ea372
47f775b5
addadb52
1bbebab5
28307a8a
6955b855
4d16b752
05b7472c
db1ede9e
7cb8c7b7
03a05731
e25d1061
18af12a8
a8e1ed59
1641f584
3bc5bab7
3e26c673
f7b5f7d9
aa632e2d
4bdac4d4
dd5522f3
d3c7686f
32524770
4fc4b21d
8a31266b
6c3bcdb2
3dff91d0
fb9c67a9
1d18f14d
fe726933
7c96b552
b084c3b3
7b7cfad4
e46abba7
553a5803
aac7bc6f
0e9a9611
9d3d35e2
321b1235
8141d733
c9272abb
6deae9aa
b74cc8d6
8b37a0a7
5ba273a7
3d5b5d22
14de9536
76121428
dfc91eec
fa3b55cc
11c20568
bd11197e
2237cc19
0f704561
81907abc
5e749f28
96871e17
cd4f8ad6
a153f72b
4cb15391
f27edf6e
b63affe2
d088e4c4
d174cba8
de8e7883
97272518
04e63fd9
3c073424
02eb1311
f0ccad56
b04f0f05
cfdd9292
c8087125
225fa3e1
b3f81b34
2cf77ef9
6dcd533f
ae7f19f5
912d6262
f73c7b26
9d29fc87
39a80c4e
0d723c3c
d4526b71
d2aa173a
a95ef92e
bc2fbecf
d2aabcbc
60f9d00d
dcd24883
c29ec13a
a02b4060
2cc6daed
4a92d366
a6012eea
6bc5b382
8cb6ca25
f2bc1d1e
ec992a36
476ff32a
a71b8e92
564ef390
b03d79cf
7955d665
803ad5b5
164be334
0687a3f2
75bf5a90
f2a845fa
979555f3
be2edd9f
604df94f
852c1c59
3122ab1d
ec818044
f5611047
3f65e209
3977fda9
1befb6eb
d2a42028
9ee38fe5
9c63f56f
1b5d31da
522eb4f1
f23dba81
eed5546a
5b231d6d
9c682544
337c3cc6
1539119d
265c1549
a0d15ee1
b85ee02b
77f4454d
5bf472b8
9245417b
d2de0a24
9af059d7
d1fce1ad
5dd5a4fd
c005c158
6ab62bcb
87b72b1e
7bb99c78
c74ac0eb
a0fb1118
882ef805
7e81e830
a7c801e4
a6e83572
5a10add3
f1894712
438b2a6e
e03926dd
1af0b778
94329729
3e45ff92
a60c6a01
e7635bb2
5c0b5411
eced6d01
217ba3e6
025af653
a8e505a7
1be29354
b21cb47a
abb6224e
6a176745
4c4859df
02e01289
ee5d91ec
445ea3c5
0a897a14
911ee99c
3b785572
ec20d82a
f81e30ae
569d40d0
0231e11f
83f3d943
4b268347
a3cab429
96220489
f179eafc
13ce8248
d5637034
03ee2a0e
7cc66dad
a643b2b5
0e199aef
84d9acd3
6accf022
a861fc6a
99d2a9b3
d47aa9e1
4729a6e0
e3a1b1af
4c564826
8adbfb3a
68be4d0a
20cdc1ca
8f8c751f
f4a72a9e
2929eca3
88968fa8
d3c3d71d
eebe8d6b
38df71ca
e136857c
0ed01c39
54c80e4e
f893ff6b
0e97e499
82fca96c
a36af960
77e645f6
29b5bda8
2be90d75
9b4eec72
76f50b39
94c4f742
16ec029b
dc2962b2
ea001c0e
f299144e
029f25cd
98d2ec72
d6dedae9
22aab37a
3015b20f
139d5005
4af16db0
747e9f1f
b2dbaf97
1d942c0b
69cc39c6
692aa956
f865898a
6e2a195a
f257b828
4696a56e
6a3399cb
399dff5f
783df23a
e6e045af
8b9d6cf1
3d5ce49a
13af0b86
e8d31ae1
e01285d4
1a562f55
17eed980
13e082d4
241173a4
14192fd4
828f02c5
4ec79aff
dccb3133
0d7cd319
7073fccb
95df4657
75bca3dc
9529a2ee
8c06c0e8
9fb4441f
0c31762f
570b13cf
ebe06329
1834bf7b
92b01cfa
0fcdd3ed
0e5fdab7
b707fca8
26487617
345f911c
9260f747
d9631057
1362cdbf
c518c069
d813ccc1
94d42391
d84c48b0
a46412e1
e051f41d
4b81376e
ed07a851
9b52ab70
90d60ea8
5370e15c
613238eb
d9db2b8d
320199d5
a025d10c
3a23ea8b
63b38b53
c6ab2155
262f1974
dd49a3ad
219a6a07
b1b90a92
61a1f28e
5d01f23f
2a4440ad
b3922163
9e977856
2a3db7e4
49f33693
8c2a30a0
31ea25c9
67d12ece
8e3b1537
023a123a
9232c5fa
3f05452e
f5d5bace
206c62cf
5dfc9095
330ea17a
c4465ddb
2079ca5c
5a292a59
d79b3fa2
f2c94bee
01b33c0d
febefb95
6a5e4757
e709a131
eab5e1b4
4c9ad49d
396b92ce
485fee37
528921a6
539a64d6
6bfd4047
ba56ad5a
5d4a187d
ac6556f5
e8a847bf
36d37165
643826e5
2bb04181
c086f02d
56960ede
5b122772
2facbbf6
3e55bcc6
c5f8723f
0a431799
433e5897
cd304958
59c9b349
7fae67af
e52f2625
4d1360a1
2daddfde
d5bba76d
619a9239
016ede10
7aff96e5
e6c5957c
2dcf08f7
f1fc7365
08247d57
b1d55cf1
3b08dc71
cfd38660
65b4ef11
c986d0d5
3d30ff49
b07d21d2
0a4fdf9d
e2397405
8ef59bb2
0b4824c8
ee8882af
e5250db2
07a92d48
2bee1b17
53824d15
07e6c70d
67f9aa8f
cfa184df
ab11ecb9
6ab0f004
44cae9f3
46307792
67d4892c
8fecb5dc
cc3f3957
b89fd6ab
f3d6ba0f
e3fff6a4
a6e5cc3d
15db3440
a14b629b
9530693d
dd6a329b
ea85d673
5007ceb7
fe022e1e
a90ea6f4
1826104f
d8fe5f8e
e094aea8
d902cda6
039bb1f2
be4c6ad6
e0bea878
c0ece63b
934ed087
b78c5bb5
8d967cfe
8662976e
7e2881b7
c215f302
1f65fc9e
06316a9e
7e726c17
4ceb263a
d345f96b
3cdd3c23
2897ef0a
09a6c4b6
276a0dd0
74064f12
fc7be5f2
0626d733
d2892186
f443a1af
be4327ea
36074b05
21c77e65
c8347ba0
c13f87d3
3bb2d52f
00748b6b
39c4c6f3
e908e240
3a5d6b2e
70da51e7
79e3dc1c
ec458701
abda13b7
fa84cb1b
fdd2c8fa
3952a75c
f3a97c21
93288855
48709cd3
59a4abd6
6343d39b
a9cfd626
de7c8340
cb4edf00
396136cb
74b57fea
84316449
eb4c63f6
dde188c5
08942bf1
f2c57008
a40c17cd
5dc72136
73185173
adbdf11b
0eece67f
2e6be84a
b0ef68c4
bb122e8b
522bc182
e3e8a465
074e8d5e
998ea32e
3b3927e7
93c39125
3f6e428c
d90a113a
07aa535a
bad2a7f5
dd23d427
800374b0
fae5abd8
3182115a
2a3b4315
1b64f577
e2cf5505
9b6a8a72
88fe9f4d
8ce3e3ff
44ce124b
46e79b95
759a3038
b6684509
97208d41
9f6c27e6
cc6e38a3
1d3fb5b7
1fdd113e
75a061a1
28d77a8a
536bcc45
e6de940e
d39410cd
7b12365c
5cd911a6
9aebf7a1
34436062
69b96814
faf22037
dabfd8e1
5a0029a6
c162b39d
2265acf3
aea14249
3efb3454
5daa62cd
b102f132
80c0813f
3dc211e1
894836f7
f0e653e9
0f09b64a
a7202906
2e1bde8e
ebb4ed25
6dd988ec
a82b5438
f5fd606f
9ef44c3a
c9129c72
9695580e
6df6cd36
0b61dcc9
8accebe9
77733800
19c30f15
284723b2
7a7e868f
9262b38b
c70b04c6
20209bff
0b94f7d6
bf878ac7
74a44888
36a73a48
3881cf40
5bc9b5fa
8f044090
626fadd8
ed409a1a
9e2f90e4
18185d6e
5c6d7de7
b63e35ef
4c5c071b
5b24816e
016936d6
684f7845
cb0f6ab2
40b0d73d
2fdc041a
9a21d191
16d8a471
a84dc6c5
903bc5c8
912f6712
aa491019
ff9828a7
c77d5f87
6d123341
bc7dd03a
c9875464
f5216273
225fd14f
94f6f7f3
d6c8835c
4cad1d17
3df8733b
c52e7a54
97497a7b
61c79fe0
ddc4c8d6
52f5c2ab
449e94cc
25d4e13c
2be9eb68
3da676b4
13f9c1a4
f943b0f9
2063be98
6c7ab45d
c4fc94de
27443d1c
d780fea0
bc7af2dd
8e80a7d7
ac0de29f
4dbc597e
a1620ba9
81174322
4bc37701
1dc599e4
fdd07f7c
43731fe3
4a9384ed
d9df97b0
bf0482e3
e6aeac5c
cc3074e7
0bccf672
7730778d
a0001bb1
3558fc6f
f2398280
76e9bc9a
d9f75124
d272e9fd
7074d9e6
a4a28115
7d6a29f7
f7eef56c
e3056ddb
d78bc897
1f83fc9e
acd54ce2
f76a2a8a
45ce16eb
63a1b6ce
da01e8fe
d57de3b5
98e9726f
bccffc61
a0d8a307
a586958d
2d92d79d
9257d009
2ecc8c3b
8458c757
2821191a
dd861c6d
54c1c812
5edc13ae
c445437a
37d39586
91b70bca
77301c5b
66d05f58
bc2e3459
b77f4577
c88a9b51
610689fb
683348ed
c10d552b
18934177
63d8c5d1
4d08e098
b65ec2ff
97383099
16300607
5f37ef92
6f326655
7a6754c9
4c11bcbf
1ba8d5a2
aad9014c
515d5bbf
811bc26d
0909f430
3a7e42d3
26b865a3
06f05c64
3297a506
0c02896d
2c7a729c
dd3ae680
46b8f3c0
4e3c601b
31eab711
bfe89eb9
5e904d55
f31dad1f
8a560c99
eeef9794
27eb7c52
a7dd963f
4df0893a
4389f66b
4c985c88
b41b64f8
845b3632
d1b0f880
fba463b1
0cff6792
772d72fa
b6005734
f9352956
dbe67c39
c6684b5e
198fc637
3cb584d2
597c489c
0beea6d9
09965da7
917e3347
ec8d547a
78718b12
b4c6008d
3000475d
03ce768e
2e78b363
7fbc4d1d
650bd0bb
e0f9278f
9f775818
2aaeb9ed
a0fb987b
312aff7e
9e1f78e7
5715e4ee
1a6e62a1
8146f5a4
d7d6ed51
41d88c4b
0266f188
6efdba7f
4ec9c939
dfb874bc
dc7a3c77
36e76393
ada11a9b
8102fdf5
d778b0f0
30359a55
796f8877
ee26f2d1
7014a875
6b463fbf
8eb844ab
4b884b96
38a6b912
3bde1046
b1a762fe
c42fe32f
a90782a1
ae7615a6
ee8203b4
24582def
c994d43b
a8384af8
73283fb9
5a300c06
3aa47c36
8a2e1861
138f4851
728f9b4c
8d35a08a
d6cd2a45
f564d287
3a4e885e
f72abb57
5f29d96b
f8d65fb8
d84dba43
c4f86aea
e9d087b1
8ca2db14
63c96723
44c91a9a
f37a088a
a9ae4309
6cf4b85c
59248866
412cd468
7b63607c
9d28f46e
0996b45f
663d2b85
9322d29e
9b22c885
53064db9
a2118ca0
6ab96b69
ab2c0f2d
c903dada
bae954ce
ea6e9aec
bd9103c4
00a91628
46b08b84
3ae73c5a
53556eac
b31af183
9f102bbb
f9e95af5
a54f666c
a195113e
889b6d22
3b70bdaf
4d456ef1
9a242f14
5021494c
d9ce243b
f6eef9cc
f5ea66fe
8e77ce08
d379842e
10bc119d
c78e6e74
6e9c8064
f77fe33b
98411d6f
4088bafe
20014b8d
a6056899
48355cdc
ee2717fa
b6421a16
3c4ef83b
2f100ddc
01e1d015
b37e96d9
ccd16333
7787bd8a
3f653109
3a27cb1f
f14c4d91
6b583962
adc48f8e
1df4b081
982aa4f4
340a0a3c
088b1e50
8c372983
05c9323a
80466bb2
44e3e180
e767b0a4
9c095a34
8c37772a
d1dfcdcf
7ce54ffe
a88517f7
a91f8057
52b36a06
b0fa024a
d8a0ca2e
091bbbe3
15883b89
116c77d3
4f75035d
f067a743
9e551ba5
144bf966
2e04c5d6
571efe80
eda8489e
e42f0634
79502355
446ca019
de9683f7
7bf4b9b3
18526db6
904b726c
d9fc51ef
64a0b3f1
6c6bcdba
4b396de6
75931d86
97e9a4bd
d620b38b
c58b017f
ef5855a2
d7b70f06
bb8e261a
154c8a87
eb95182b
a7225982
531b76b4
8144bdc6
56134bd6
067c7160
b584ead8
d993a4fd
1002221c
a8e86771
d536f33f
e521a2b1
0e8a5f10
1f87828d
fe5d4390
9a008e55
01f738d0
32794b61
9de0cf6a
d81dd4c7
ff8316bf
2f7a41b0
8b0dfe76
b55f6d81
8e98a1cd
b0692530
68066a3e
b9c76f7f
cd1d3a7e
03df896e
c92a039e
0acb02a3
034290ea
46c5ed96
502c0898
0e3548e5
fb5b6429
30b1cc66
e7a97da6
35295a44
57123d9b
c3875b23
b3b18438
f9a60afa
2998d977
9b1ce059
9ac36f1c
fa555f2f
d1d2c772
7647bed6
6b174a2b
f37e62fc
795df215
419714ff
fd772f1a
6b03fb48
a0b2dbe8
1d39b647
0b9863fd
abca9c21
d9b516c0
ef0b08f7
0bffa992
1a6b6e55
05370a54
82cc0c30
5fda8bd3
c95f542d
67335c48
75013228
a391577f
0fcfa7ab
b99fc350
a0424adf
bdffa70c
c2587c29
73f348a2
faa2826a
70f608a8
ebbde68d
d14ebc8a
0b5a4cd7
d00b0221
5c5251f6
8f41b17f
7f3d9a36
e3ae400d
64f7e35c
bc9db458
fe5a1fc3
421f66d6
10521441
293e8f72
6b27acd3
fda522ee
7f96ca97
98e56fde
d7df4bfe
9c6ed013
4db49218
ba6ea15b
610be6b8
ceb9f62e
f5e7754d
6ef20ce7
7785d499
9393e0f4
58d8ca39
84bc422e
db436e98
897a32a7
ae9144f6
2b6f4b07
58a1dc5d
d174ef4f
362bd507
a587b240
a35202e6
428cf7db
1372d54f
43b91550
236c00de
318c4ac4
00eafd01
0fe8d6ee
52994f11
eeb3f2e7
6866b3bd
c19e9245
9e60f2a8
1b3191a0
362103ff
9a9ae54d
af05d356
351dc1d3
ebea0684
f233031d
2bbcd353
d50fe345
0473ba17
ab4aec7b
c40aac6a
0cbbda8a
63758d97
73b1dcbb
a89783c6
7b267888
e5264a21
34e4191b
f68b388e
5dbc76e7
c8a2e225
fbe8df87
b8ec1852
5105673c
0ec3f6ee
6d1aa9fe
50986fb5
1ea0a37e
3be7d111
ff951345
7350ea3f
f71a484b
dcc49871
d46adffe
e59b54b8
635eac4d
075e815b
7567772c
7886ed06
21b06bdf
3cdcb958
16cda817
a7329cfc
ec79b2d7
9770c3f1
a38bde16
97a1282e
e9664bd9
e6d65f8f
e300fcbc
7dd3684e
0b370efe
101f46a0
2c0b0796
721f4c6a
5fda0630
7c600d3d
0b7b2c8c
0885d2d9
220cee02
ec9a2a79
bfda02c2
5f0329b0
b11d3823
4816e8f7
1e1cbe45
a465ed59
7dcce37a
8ca91f20
e1abd63c
b6e49f38
b2e15cde
41fbeeed
84782d94
14a7e070
c866080d
e13016da
f3113dc0
32fe94ed
a84ebfb6
7fbc48eb
81a35444
eae4dd84
b5f2c5cd
fe5cadb5
220c9eac
5cdd905e
930315b5
bcc20a0f
c99d0d42
f9528807
b576e98c
6b95104a
23c95dae
bbf9c7ac
d226c915
6a428ead
d0256e00
7e544eb7
b96fe472
08e41926
f30b4d7f
bc97ccc8
3d08eb33
e0e46d47
721bc280
e485064d
7341cccf
2f10dcdf
c9cf7873
e141d95e
d3ec6e3f
38efbf77
032f0213
c5d8df38
9059039b
95552f8f
be7a6db2
9311cc5e
fc52d295
e41adb56
50f772b0
d8441e9e
0b8214cb
ff06c06c
ef4a94e8
9693bf3f
752bfa15
66294b3e
51a85d4b
966db373
c19f50d2
548a0ab4
63fa1002
15c10800
b59da1cc
d231db24
a766db54
ed1498fd
a62de88c
6e5209b9
7b051806
204bb3fa
94d22f13
805c66f8
f861cf65
354d74be
0b1422ea
50159cef
b20676b5
93007b54
3c84921a
c8151bab
c192dec2
e969de50
d2269656
3eae60c1
fe1c73e1
2912b0d6
820f1b7d
99fa5bb2
6dda5717
f6e7ad3a
683cf87b
506aa5d2
e436bd65
8c9dbec0
1ff5c2fd
096279f4
1906e7f3
4e718a3b
d34d305d
5870722d
25dab03e
6d8e47d3
82f09ec5
36ca9a25
5692af99
8b5a8fdb
b07f1074
fa077e12
575aac75
c4ad73dd
924fbc0b
b0c36ab7
d87e127a
266edc90
20559e28
0f1596eb
3ab01785
536fc6ac
c4cb5d93
3247c2be
b985f388
fd8bceaa
b9871031
3fa1d276
40886fe4
5c55e2ea
c4f5b6b6
ddf200bc
23a0e59f
444c99ce
0fc6a716
38a46da9
9c9d7afe
62669141
6759a1e4
98e893a3
f539a67b
6c4ce767
b13f452c
9b35e0c8
bf5bb2e4
1329e4b0
8b9fcc05
19125976
4c75d60e
198e633e
e379fc1a
d0876d4e
bc34f34e
855d0b4b
ab47b215
c1a2b054
25a22716
186aaa71
65a87166
33929994
78bbe852
2b1a1fbd
ae9202d2
dfc76438
cd9ccca8
f8f65d99
ece3a0ea
bd652311
4db2bda8
21b80061
938b42fa
7cb5a2e8
fd3ecda6
b71482c4
c1dcfa70
efb13fec
457a891a
7dcf661c
eff98bcc
e79c3bd9
a5a4d050
aba9d193
e573e7b7
d2fd1b95
a3c522bb
e628392b
b166f0a8
8db2f7b5
634eaeb9
e3d66969
45c71c1c
71824bee
690df15e
433f589f
9c739e4a
b4447533
67db6a39
b1ee237b
c713bec7
e59ea7f6
e3dd69d9
09b6cd36
6e60f94b
258ce0e3
d2ebd043
01e6ab83
5589e3de
341d6f88
a28d0e95
3dcef9ee
4c50155d
4c5a6a0c
b9bb1f36
2b265540
253ed2de
515debcc
e68f1032
771da524
48a497e6
bbcbcd05
37ca737a
abe37275
a191e8f8
618fd6b2
c582e1da
d1c7f508
1cba1601
59de3f80
58c222f4
9c035aef
0c4eb155
34b4e826
e7f9dfb7
9f14ff14
2c2e1515
012da2ea
eadcec44
0bded9f8
f8729ef6
9ca28b92
01d834d6
c301a526
d0e4c2bd
b3c18844
2b0ace78
04375f5e
c7e3c493
d3a785d8
32b594f0
3b9cdfb1
f9b7a46d
a09fbdb3
c082b96c
9b51d1f4
5693b525
ce14ddb0
c3794257
dfbba60e
56797fda
98ddd6d8
899236f6
133840eb
6ed82be3
44eb0c5e
3c1667df
84185145
a60a3725
4db9d627
d5103aa9
b7a74150
d039cb03
ef625a2d
f4f8daa6
d36a86f1
daf2b7dc
c944cb0c
d2ad4177
41007c2c
2e81f120
04f11298
322f3cc9
9ffdea12
a1086878
14d929fc
06642936
ecf8b2ab
58d03304
4d0e8d0d
0d7d018a
65ba8cbb
6443340f
f6586168
c1a91b57
ef9ebb9b
be5a2568
9da675f6
70e4b80d
b3bc566b
1fec4777
385f2176
46226146
e94153a5
f801002b
a7271bfa
71cacd12
79b3b83d
a5ea1394
2aa9d478
55658a9f
069b08b9
a2c9dd25
fe61fafa
bab24038
225bf0a3
35e2c9fe
a3d7a3b0
c30c2df4
2c6a09ab
01f62db9
979c0df8
7a45928d
d386a62e
eb892bc6
7d15ac98
99796917
5b49379e
5837e10e
683ca926
24f6c69a
88dfc2ed
7669437d
e9a4648d
e4d61c26
abb59b60
9834f7a1
ece94a3a
21f95250
5b23fd6b
9fb5aa44
fc52d9fb
94e05505
93a0f1e5
1d2319b0
812e92ac
64d19025
89e9447d
7521c875
571f9fd2
51bbfb0b
0a5f4ea8
e9ba146b
34f476c1
bfd7f6b8
5ccfa302
6696c72a
2f625dbc
e7505215
33ec2ef7
c956024a
2ab0dc6b
9c0feee1
24d39068
a6ab1fff
f6de8f41
3a20a21b
24d3b486
4e8aeb7c
92ecf505
cbdaa086
81e4ae54
fa562043
524e22b2
e701fbba
0d20c474
eb486a56
d2444afa
5fa694c6
ed4427d2
0dc7da67
aef537df
6ad2f04a
e2b4eefa
e2a70d82
dc7b06ec
74161e39
1c678b8e
5f8a1b39
9a9b3fee
aeb3e82f
a5a11ceb
449d1651
c05de412
8b19c711
d35bd404
c2daafc3
c5c52615
a6debf80
868f292d
c0b8cc4f
98d9939f
803b58c4
09d0003a
034d2d46
d8c47bf5
75f539ac
7d60dc31
73697bf0
6f88488f
e07a183d
58cc01b2
2ce2ab9e
1e8f0d49
e21290c8
12ebb478
01f6f4e3
edea94e3
5ec23eef
b9264078
36839d8b
9f94ab61
99a5f23e
230552b5
588f6179
b198ae23
09cbbf1e
8e038e3d
e87f18c1
ddedb232
90fa2ff9
30185eea
0ce0d3cd
1751f161
7b6d9a44
af77c09a
07a862dd
0a6afb93
4bec60d3
850c4b80
2c4c9658
c40188d5
4fa9c6ac
d7867630
035f0c85
0ecba50d
2ab6e3a9
8657db55
53180aa0
e5c2ae31
b134633f
fd73eb85
c15b5099
490c7234
c16a5c47
8ef77d22
b2820660
bee29c0d
3b0306bb
c54f2d1e
5d16e053
9bf427a5
92374108
8f462f4b
e1ee7526
b45337c3
6bb8bd68
5c42e1e3
f87b5d80
62237686
4687fb33
e40b5c2b
243e60eb
8829176d
f5a8d22b
69838421
b3871bea
a98813ae
a96ff9f4
66f7c0b2
71a5cf96
a7bac3ad
a9bfcbbd
2ca21e4b
47129a18
24154133
0cef103d
914d0b7c
18c30ece
24bc5042
5c1a574a
158499e4
ee078b0d
c1dd7291
2c193213
805fc873
6cb03cfc
0c7dd5fd
af30c280
a944ebc4
e29dc0c3
301ad60d
7e6172ce
7a621574
d13f3828
e46d08cb
e3a16bc4
d5d4895f
51be61bd
2b5b201e
1dc1fe47
c5389181
eeca1ce8
197c5e57
0b1526c2
5c3664cb
6c5f1dae
c2309ac5
4fa014ff
c87152ea
9f8bb85d
1ac6b1d6
a58f0218
2488e683
8a75690f
2298c85e
97b6c9d1
7c17e7a8
b27caa68
8a9bf4a9
143c3e92
b651d5ef
1609c16a
1d33d470
f2b57d73
1a17a765
2c75383e
d1e76701
4a847b00
7837460c
9373efd5
f945a75e
f84d4cbf
2886c808
5c44c8c0
912583f5
ccba2962
382959d8
d5954881
ce13aa30
ddb53a54
af91fbea
92093e4d
c3d110ad
bd8edfd8
7fada5c9
33af7b62
9bc6af73
a9a848ef
ba74ec10
b583b8b4
b2b2b246
8583f98c
2b0dcc38
1c152771
4085f7a2
7f0e7542
de7109e8
cac4f3f9
b66566a6
89dd933d
22e709b5
9a88a974
a211ea83
810406d0
cb1f0b5d
87698e3d
f0a4fb14
2841b542
f78fe542
f4be49d7
414a1c28
10f9336a
90e79529
8c705cbb
323e9893
fb64b963
07276e10
a2f3a997
30740191
67c20c2e
d472dd96
76143340
b5a4b7b6
d1203741
252d3a49
68aed2a2
ff60ffda
fdd6e534
ef320989
8723a508
961417bc
9b33a8ef
c7df29cf
69146298
18a76f9a
363267dc
507ffe43
5a59094d
83e5a900
2811aa4e
2d0a4957
1d093bd0
bd8ebd39
eaaaf272
c3a9f4a9
79211e9b
1ef287b4
c069220e
5b9e79ba
cff69a30
248544d8
b142cfde
18fc1b53
733c47f3
b686f26d
65ba4341
31a4e8e5
7bc277b0
26ab482d
d1f8a6dd
a9dea46e
74e0195c
9cd21a71
47c717d9
70e57aaf
13e240df
b77e886e
a7e0b511
5ee6be3d
d90253df
43933e1b
5f007256
d64526d6
61d38ed9
fed81c59
9f8fede7
a7f250c8
b430b191
23e407f8
36bac51c
ff5b9413
8e9d2538
b75ea41c
406a9cd6
92e6137a
740e9a2e
2fd98a7b
18f7a23d
d7874cb1
e0f715f6
30729a97
b1ddd4ba
fd4669d6
33053886
c0cdea86
edd53b87
0b384557
39cc7c93
269ec3ce
ff5fbe4c
6b28662a
2688a531
fdc8eb26
e78db98b
bea3a905
af460aca
2a8c0a0c
17528135
36f7bf9e
66e6438d
6e3c9494
1768a8f8
2c6aadf2
99d307e3
bcd95e64
94664216
7352864e
ccc92ef3
19398221
d7e9ae13
6ba234f7
b2ea6400
b129842a
e2fa821c
ff09cfb8
0ef614a4
c7511e56
f43af649
8c9c990b
0d759df3
8912d24c
c5e7b720
00a41498
abb11d31
947fba72
1248187c
30e2e542
23e18b48
304c911a
39dc2d5c
a483a70d
9eb2a9dd
e2220627
9be2ad89
b3f69271
5838f8d5
7e7e00cb
93ac5865
c4fceebb
44755297
765113f4
0220bcb6
cb5b9cb6
b071c27a
a22338dc
5b464571
83ad8c8a
0111cbfe
729a4886
c0ccd1fd
567917e3
d6d53e49
4bc7b89f
baa04635
8ff3c002
aee8b5d3
56122ac5
bc1708dc
332e3f42
e7719618
f5728d64
2a449bbc
a26bff11
76dae0c8
b93f960b
505b4ebe
bba332e8
3c752b47
9dec1299
4210c4f0
334100fc
d5368ddc
ff9c77bd
8cf8ef69
1f1015cd
4f9e61b7
c008fb6a
2b04247f
e5773991
63dc71e1
b8ba565b
6146341e
b6cf5c0d
dff57c9b
712eb3bf
1f2a5179
cea59dd8
1ed6b9e7
70a56779
2e5d4922
e3222371
653b55f2
8444964d
2d5378c2
4e3d5404
5f6dbc72
f911cb2d
c792532a
8c9370d0
bb5db31d
f3935c24
735a66eb
11ba8e00
7c6531cd
964622c2
b50ecbbb
20dec429
37aa3d92
f8e6d3e6
16246a88
24fcfe51
c9652b59
94867926
94d32b2c
358cf5c8
fd1b6654
6f207d90
bd933c52
3ab638ea
68f33bc2
ed673a11
0d4ef8af
41d460ee
eb40969c
85e447ca
6d3d2078
c5abb56c
47975ce2
768d8816
205d9f1c
4b00ec8e
634b77d5
451b5f51
7b874704
a4f0d0e3
1a7eb55e
3723efe8
e46b0cb2
31fe3761
2df28291
72d42778
e9193427
af967b0b
660bb488
6d27d5ec
915f4802
6df26659
f332b71d
a9eafdf8
14aad0c3
a4afcd45
a4281a34
67386d07
c9c33186
3aa59b79
68b23188
5b11184e
cebc8ea8
48e670d3
6f2e6dfd
64a45c5d
82bbce67
14808f48
1adab05c
6aba17e8
93d9355a
5c57daad
f90ffce0
13f1f959
d4e1cf7e
c33bc7d7
a990b319
2f1c37f7
5d383a29
519062be
0971f964
8fe8a48d
ec4c1360
58c51ba0
e7c1bdfc
55688bc1
d5678141
f2c613a1
7bf41124
9ed9f80a
55f3dfb8
8379bb99
700a38ec
c36c5ba4
60bfaef3
fc8c2b11
87c8cc38
815a777d
64447017
0c31c6ba
cfa55c1f
34fe5000
006622ba
3eae4ed1
586565f3
98c70c04
303059a6
462120dc
f62ab4ec
fc75d017
cc797453
4e7fe7c1
39925f9b
614f0b8b
d844ae1b
68096656
d8fdc694
8efce57e
bc95f58f
cd11ba62
e75fdae3
7b9c3181
8621f49a
79f9cea0
8e6eb87d
ad09b6c9
0d46fef5
3dea3c9d
33ba9ea0
365fc627
8d6a9c97
830be62d
93b24173
0028296d
4ae020d9
488e4398
fb70c30e
f2eaaaee
bd17b775
ef637ceb
411bf957
380fe577
606d48a0
65e2e765
dbd99623
0a3c1790
7a9c7162
e809cbfd
582a535e
c5927d0a
aa5f66fc
9dfcb94d
38876f66
1a92e656
d7fc0618
fc751c94
8f697815
c0f9de07
8f4b57d6
b5a09dc4
bf7d97f8
52d1a6f1
ef2ea224
34310106
f37fb0dd
f5da24cd
2e1a7e5b
d0a7f4b3
08922cb0
ba1d0c4a
89f61730
f04edfc5
e669b92d
7b1e624a
911cf51c
b07f1152
57cd9a3c
49302305
ccc4f954
be2877a6
fcf5674d
6f33bb12
f186b84c
d8b4c7df
db908790
7f10bba1
def9d8f9
9c758dbe
1ac52b6e
7e13d734
5767c59b
84d8967c
b9272ae8
67613c82
d68ba12f
384c74aa
8ae8fa5c
d3a8c551
99d06960
97ab0541
68f1d94b
5bc09239
b7115bda
796ed7da
9f929638
233a3e58
fa6ca52f
f870e9ad
91204b0a
858a5a23
cf280da6
fc5946a9
91a70eec
2fded37f
22b2aeb5
9f15b579
10957cfe
49506436
9b049240
080b77d1
3e0dff9e
84db215a
c807575a
cb89c564
f39a181f
4f69efd9
79bde062
bfb930d1
ddc463a7
f4b8525c
ec16f8ef
19f81f8a
0f7e041a
068bd871
34f8e4cf
1cacc568
dd7ff292
f9040af9
1824f610
7c8b0a7e
32720784
df22504d
e37aec35
46ff162b
16e16d52
4c3160bb
62013c1c
64ed6a66
735e5203
0a049645
9954534a
8165faf7
44e201a7
a4f3ec6d
2c158204
d52454da
bb08f6f6
63dd5677
b20d82a1
ec30e2ed
e736e018
973d0d8b
eccdd794
b3fe783a
bb37df95
bd4f23a9
ef135121
e979d998
a9b80d54
16668705
af21f3a5
b672c440
37f10554
f6eaf5ad
35cea004
bc0ba801
37847d43
0854baf2
987ab0e0
4a7c7ef7
4523c087
a52816a8
1100466a
9b2ea8a7
71419207
fca28df1
dd123d68
c5ba907d
accbdcfc
8440bc54
a828e879
07fdcabe
d1038253
048b426b
3e446693
c7b9ece6
c5e74f3e
9fe222ac
ea79cdc5
d14650b1
2c5e0655
17e89a35
25d6fd19
e16b8b9b
31b631b9
989dcb69
cfe2c1df
26072ba5
40df65e0
06ebdcd2
a589b514
e2316807
a25c1fbd
00ecd778
b96c6a83
29eccbfd
97f29213
ad952b34
a96002a7
cb31e380
1699a4a1
81a26db9
e8a0fff7
d4a459e5
cff95646
f32414f7
0b282df4
239cd1bf
73f7cd80
e6b54232
1e97f643
041c7330
0e30fcea
5ff69ada
253b42b2
14262772
4eab3108
472f7eb1
97fe1e79
3c67113a
01c9a929
9ee43332
561563d4
3538c965
2096cd0f
633d0a88
dff85ae6
518d1e69
9d2ea94d
b09e82bd
8e38e551
de42c213
409ce964
8fa5fb85
010fdb77
7c600ff5
2ce8e843
91dfed20
d6b7828b
8bf643ab
609cab8b
1aecc210
b08020c9
a10c99a8
e93f581a
dda04312
ffe43da9
d9921188
0a6dbf98
68a3ef68
1336dd63
2a97b974
c6a6dcb9
123bb5de
4577ec92
662a3c56
2fd50968
3ecd2af5
4e81cc74
17a3c193
aba10de3
0ef40c79
4f90c11c
df55b6e3
1da9c347
a3421fad
5b6434dd
e095df7e
6c11afab
222ea986
0c2abef0
6b173cd2
7cb28f7f
86154c01
3a418a2c
9d178878
05e01a9f
2cb727be
70025214
ce2bf707
0f81ebab
51cd749d
118f7904
3013372f
590161ec
c98318d8
f1bb2272
df3e43a7
f92986da
b7aa7516
7dabcd18
a81a6569
805f3b92
7d0fd543
c174fb69
37dde2a5
9fe12544
3cb1c116
f4ccfdeb
9ed88639
52092cf0
c1b89fab
4b24fa01
8a9a9c65
bc0478b8
58b686f4
bf27da06
fb6218a5
7be96db6
ecd4a354
86e02c96
2f2111b8
d3de39ee
f69255a4
6f0d6553
dcb98efd
81e70f54
8cf3a90f
7e219ccc
82b5c52d
783d7e3b
7d4ed290
5f02ea67
5b871726
b1a7a4fc
5a943519
869540b7
ede9691a
0aa3fd0d
0304544b
e6b58569
2628c79e
245025b7
3b03b100
ed720842
93bff527
6188c854
161ec951
c8a19ec1
5ba5aec8
9f62533b
242dac8f
1ef7927d
4fcb58af
7d8dddff
09fb8539
ad391cda
f4c7cc64
2c332f23
d0177528
b5630224
a6a18ecf
ebd6bf35
19016c94
0fa7d66f
814fb4ef
94898f04
986cfac5
bc26bd8f
9c378c09
8f700a8b
6793eab1
50864dc8
65c9e6fe
31a803ef
2d83173c
7fcae28d
392a1582
9fd93d78
044f9209
8f10a99b
f754f2aa
bf486b77
7eeaa584
888d1fa6
9879b8a4
f0832bad
9f888b2e
a20f431e
d022e778
53792cb2
a3e825eb
3fcfe860
e8a033ef
21614c4d
ceff0a4c
b26eb6ce
8a42e69c
b25e3b15
a975064e
a391efc8
05269602
eff0c19d
5e12ec28
6416e620
9030258c
71eae252
5156cad0
d5e6cc5c
864b6518
9bbece63
610e13d9
b77d30de
74612048
3251676c
a53cbb18
f27214b7
79f61b2d
53c2d7af
7720f133
0d9e3124
997fbc22
3bca8f31
1fdbd965
70333208
7cc25234
d2e4fed8
66fd7ffe
870c533f
f2cf171a
4cdc82a7
976f0cbf
b2289735
3a5ab89d
9cf61d37
5de53300
26171791
be8dc0e4
9e86a386
33886af0
d49d7a03
d4d37f77
8b4a9046
ef9c250b
b5eb1379
bc7251ef
3f022447
72e9ac3b
76be920e
48418a3f
eb447494
c2f5b014
1c04a65e
0ee4d859
6229bd05
096fc688
49fa5e86
c0b241e8
97fd0633
677d8cc4
ece9db41
6124761d
97636efc
354d956a
6cd93b59
f709e373
2fd8d4c8
421af313
8e9024f2
eb371808
23028c88
89fda049
431f2136
a21e34e2
8f59baf5
ea87dbdc
e2b8e4a8
dcc707d9
21102e64
d4c90eaf
fc57e3c3
9c0525f5
625d8bd7
46e00ea7
245083f7
72b7482a
e9c6ff3f
e9b531fd
00469ddb
81db316d
f7a151b6
bff0f3cb
9ac36934
953e5058
6ce8e9aa
30518792
a22d5269
2dd12e02
f196daae
f1784b41
853e6891
31117673
23ada9d1
8388c4e9
690bb81a
c1c72c21
507fbce0
fd7f707f
67e46f34
574fb504
93a9cac2
6395507a
29512169
7c75671b
7658fb11
349fab2b
7b5c2a2e
dfdf5297
73432257
42849af6
6ef1d737
76dffdf8
bee6e097
a7e35c3c
efa36b48
45adec3c
1faa3d7f
a8326625
6c5e9ee9
96cdf30f
50a1c7a6
3777ea1f
3bcec418
f9ffa9ec
0e4cdb3f
1629761f
e69c2014
5e03b1ce
015e9701
9152649d
daa95696
af89e5a1
825a4089
62a23e70
778f6e87
cf33be87
4d163f20
1a2a0ee3
5d58a51b
70cd5d0b
1715e87b
dbf86252
b69950f2
24369c92
501cbd66
5a396ba7
1c6c90b3
b68de9cd
d14593c9
2d53f99f
5e884202
6e25f050
0584fd2e
26eff921
686db68f
7789e5da
77e314a3
e46cc3b4
8e780fb1
2e0fa5bb
0eed11fb
b641bf5b
4435a900
53efdbe4
b9b1a4ab
168e406a
fe13abb7
acfb9344
43a92fff
0565963e
98e3f64f
73a80507
9eb48f10
34a1cf63
7d8e42db
764049cc
17029578
52bbdf15
a0d3a574
bde94d2e
d199d6a8
020887ca
1e3f549f
2d4e908f
e611683a
9a5ae8be
0e5de190
2a5f6317
ea82b27a
c6c9476f
def8a6c7
ce11e938
b549d5bc
dbb39fbc
bdce7b1c
463736c0
c9c95ce6
7121a331
ba15c58b
5d2de119
caedb064
860fc521
fd9effd2
ef4f862b
9e9c36fa
bd140637
76bae8ed
e08cd5ac
0d019207
d3b4d1fa
18fd4035
27d79e37
e590237c
eae5ec71
7a89681d
c4be6672
973f0e17
b9129e8a
4490b378
31914f4d
f917c929
0debd309
5308946d
06956cd0
4b8f4388
4ac74e01
d85e1641
1ae648c3
fedbdc1f
a4356c97
c07d36f6
f5d62c4f
dcab0563
a94863c4
fbc22e2c
c1e8d02f
65151e4a
1916e1cf
b66ffa95
192394b9
5f71d917
7f0471d7
d54d1962
c912d5f7
7b4a7256
ea6da19a
4cd5b481
82e73db4
6ad3bda9
e2875884
a1026f69
bef009fa
c7c67973
3dbc58c4
67d8239f
a958add6
59c9015d
e5e074ab
59733522
6c27f795
4ab39bb8
59599809
d0640b7a
f0e3eb8d
e41fcc2d
8bf7bb5b
034a0d2a
88a61a71
63a83c1a
e7d0f1ab
c8ca9405
095d0659
929da394
9fa67504
59616534
13506f47
e6d8e640
9d2cde2d
cb6723e7
673452c2
6be4f629
df84a606
3078d3a6
7ba71bd4
3fa94f8d
52c17af2
98ac7798
9521b246
70dcf3c7
67bc0f8a
23395bd1
012d54b2
56c7dd82
bc110499
3ba0021d
bd2f6fbc
10a2006d
e9675ac3
2a8d0a71
b21aca31
1d5aa0c6
be8c1a61
abb283fc
cbd158e5
91740e60
f607219f
e83e6bae
142d4278
57036f61
2ed6a7e5
5a94172a
3c3cca36
fc358cfa
e3560465
3e21515a
32dd159d
22b618d5
9f3b4f11
b1cd1a19
5d96f667
c6c8fb1e
71bdd6e3
3b1c5bbd
f15c94d5
1568ed4c
178996cf
09438cda
801f304f
667338af
a9b9c983
2548827e
a991b393
196cab8b
7426bac9
18fe9949
75315cca
f355542b
23ca395d
2a6dfef0
e5b3fa15
3eaa2b01
f11f20d3
7bcae6c7
abe1b1bc
d4ba7ff4
fb860d18
63946167
fb1610b1
06ce0177
df5e0d16
4e57c94d
8b453c74
6e428277
fa0ce8cc
1401ecf9
f3d5d6af
69b33b3b
8fc80f09
1d770fbf
bbb91898
7debda6b
40363277
b7431ea0
25630857
e0ddeb23
e9b637be
97a76867
1b9afcab
cd7d4a42
b87e734b
581b68ed
38f339bb
dc426e3f
09e59ac4
11cfb4e3
a312f7e5
ab8283df
c44cad13
829326c2
25555e3f
80bda1c1
7004f939
7e5e3f5d
476e927d
53564311
c90dc099
1c3bd36d
21e39957
f5401fb5
7c7af211
a7d5cef9
a75fc3bd
c0fd6b77
f56bd80e
b9e0255a
b36904aa
891db8f7
6fd2cd95
4b8f20c4
a0700a86
f4a88cda
d2819814
d86e4db8
09f94ca3
802bbd48
b4179aad
aa6e28d6
9c80600b
6c47fa6c
e869bede
a740f907
c2f09a96
131e7513
e18022a1
08ef296f
3eadebee
dcfa93e5
633507de
f912bd97
fa1c81c4
63ac8ea9
ae552bb0
c7fcdc3a
7460c416
bd6c13be
864e02e6
e3db2563
d7efccb3
02f28e13
96ae84cc
cffe7d81
1e312b9b
63faaa0d
a6b3638f
2dec39f0
58350fda
5ad9d1c9
16f34638
6c87cb51
c5f21e62
813a7bb6
4781cfa5
0fc8ce4e
70829d95
26ee48e0
f905b6ec
07728260
4a7aad30
cdb93835
fc2ddc5a
67ae1561
292c024a
99574f2c
2a4bec3e
664b7063
9fd72cc0
6bb0bcfb
4d76d338
71686e63
9d8697b1
43b80947
ade40b5e
4fab37ca
a942f567
37566380
c2affb18
5680e323
427eb585
c2682244
1dec383d
a82a18e1
4a86fe01
5ed1888d
6f02a780
90807b84
95861ba8
c709464a
300554ba
37959f59
c6666f0e
fe628c28
c99f07e6
157a570f
79b21af7
c8255362
1f4bff9a
3e3fd7b2
5c6dfb75
ef2da4d9
7346e536
f8eab02d
b70b1772
863a05e8
153ea485
7a8199df
4718e69a
83173aec
bbe95107
4ffb0c6c
9e9fab75
05dd366d
c51ce9b9
d060b95b
00b5a270
243a3365
70b82c2f
260cebf3
06574740
123cfe16
89f44eac
43c1e860
2d1de6c7
2c22aaa9
9931b3db
ccd92da8
0fc8f6c4
df77dd3a
53204a86
9508bb7b
03b715d8
1429c8f1
d42b3201
8c97cb5d
5b54893b
2fa0ea1f
53ad872a
defaf507
cc72997e
aca48207
619469d4
572f1611
7ae2c523
d0a66a72
e083fc79
e0bf6098
1010a82d
ebe2ce11
a392e646
9cffbd2a
52abaf7c
c73d5ef5
1d7b941d
a3b59b2c
f68418a6
6ea79a79
e044c3d0
50a670e8
f12d3c28
a58ca34b
03479918
eef77ec0
9a3eb880
16b56d1a
567c10b0
1d0cdcfd
48f52275
20ce2730
b923a1eb
6a2d6cb2
e9f3cd1b
7719a42a
ed383c63
ea79ba57
c142c99a
20440d98
b9352dbf
3da5ad96
5b77d6db
949b6eef
c703aec7
2561eae1
6b643abd
86f32eef
08cb3a3b
dd2d9bc5
2338e91a
dc1c6f3b
8ba8662f
83511ccf
f032ccbc
954d7c13
ee5f8e35
6f01e354
b18bc1e4
c5ce5147
72369a31
2df07852
d65349c1
a731f4b6
e87c9da5
d9a48f2d
62b06cb0
048e483d
09e447aa
e172b1f1
cd1558f1
70efc516
1bd2105e
685c9e47
e0db9314
d3917484
ffc27b92
c791fb92
6f5dc386
bc5a1c5a
1e9222d9
08600cdf
7abde622
fdf669a3
d4af258d
a6914233
e671413a
bb24f010
31d331ed
47c4967b
f9f275a4
2155606f
3ad832e2
c5782d08
1f1ec240
90e53132
0d2deaf6
b42185a8
93c491a8
baf1f31d
9b72aece
616cee4b
0284141e
4adf3501
d5b04f92
c26d6a0f
108637f6
5a8131a2
3d9611c6
4b69b46a
87ce6d0a
227cc4dd
14ce3e92
4af92ea1
2107bcc4
e72b01e8
9cdefba5
ae35ec97
b441c21a
c053b645
de0ffd35
e126be05
9c353803
ccaed264
3893fa5c
a4152665
5580d529
eade3b8d
72756916
8caaf3cc
04046be1
750437c6
f4d7ee23
20b73865
b869166d
c5d5ffd7
81dad954
bc00d0ab
db794c2b
6800fbca
d6859588
edf7367f
2d2750f4
3cf0226c
33ac9c9b
db098814
2c223bcb
10bb1b54
02f99b45
2f2d6161
56b70876
31fdff02
113bbcdd
30556f4c
7b0592a2
93b4698e
61cf6149
8908364c
90cd221c
c1d94e9c
a64d86f3
ef71916f
37775da3
d290066f
b9534846
9067fa78
16608137
e278beb0
f44343fe
217100cd
e6cdde1b
fc226b45
4b6fea60
5119511a
bf280e9a
65a8518d
f6e6a08a
ce0924ef
2cc1996d
c7edd8a9
9fead3b4
2c4347d0
f4bf5408
91e7f2e2
94cda248
57170bb5
4c13415b
50df563d
438c234b
5b487566
e4737fa0
58b18094
e849d310
72ad4261
583c92d4
537bbddd
8422f59f
1939ef86
c1a0b696
ce6ec1e0
83f2861a
cc7d48cd
3493392b
7c876e33
ba6d652e
d627b885
afb8bec5
60d3bb3b
ee921c88
73719468
8531bc53
2896a342
49ded618
7ae75b35
aa1fabfe
163f2e53
08183cd6
720b64d2
d47e3bad
ad2f8963
d53c4b27
f135af9e
9294651b
64cf3199
be0a5d08
96b4c489
dbc3da6c
304b8577
987c12ff
a9dd55c9
04f72e73
1d2c7315
8c646849
a2890fe0
050a5573
00bbbf9a
d59927ac
71e42bd3
00b7233e
ed0d23cf
56638b42
485aa489
30306c27
5d7141bf
9d40d426
68c2f68c
ccb27b53
7596b747
6923eed5
aa73c33f
e5e36098
d36f009a
94b054c6
9a19eab1
841297d8
ffbe132c
c22460c7
dd509421
d8bb9ee2
d7b7d153
011375d4
0fa34dc4
b4967a45
d70b4702
059f8bb8
008031d5
bb687030
6a32c75d
b6743dc5
5ecd0830
6c3975b6
dcc94111
bd0f2a0b
0633564a
ec14bbc1
473074d2
4a5fe117
ddc94985
7b5721b6
ce807303
45f1ba03
800e991b
08889a3a
d58142ee
08da8d83
18f63157
7a4eed47
86e952e9
81586360
dec82cb9
0836bce9
f28c38fe
50cf3c58
1ee3e8fe
f06decf5
815e58c4
0011de28
2a386a8f
27c579eb
8712fc57
af4a0c41
a9385456
cd5b2b4b
577e9465
eb649010
ee63caca
9d8f7d03
ddd24e9c
b834d4a4
c41cf7cb
629e3980
ca9b99a4
2527c630
4dc6eecc
30e79d9d
05521fe8
a114f4e9
297ef499
bcf4e006
59909ee7
eb6fb72b
30880677
44b2ca5a
464fb830
1687e69a
9ac9a259
9b755c0a
10609a1e
3154c558
99846526
41a30bcd
df835270
07ffda55
e4542e12
724ad3fb
727709e6
290dfa0f
796aab6f
de7cadf3
bc8bb6f5
2da15bd6
e6f79f2e
aa9a433f
89ead7ba
e41a5f2d
ec9eb988
6607e142
5ecca7ee
8bc4f5d0
ceb517d1
51aac256
b31a93f4
b1a28676
d4a17033
4145717a
31dfb0a3
df74470d
0cd5d45a
d8cebb76
f8a17e8d
1064b599
1bf201c6
9f4b098c
4bfc4f08
6459c605
88ce8a72
da4dcb3e
3bf797b8
e6a93782
2fb0d892
964f0641
f29e3d9f
928ed6d2
2363f5d2
bbcc687a
e410d1c9
aaa5730e
68609800
017ed4bd
fd878359
fb939f8c
afabf010
996e5cc5
927ed81d
b956d400
7bf29ff6
636f0cfc
8135e0f3
25ba271d
b8a2f866
76407b36
8eb39a15
d27d3e07
cadc18ea
137e4105
2a869881
d42666b9
aa5a1352
d9fb9a88
466c12dc
14777fc5
ad9c3ec4
21be4408
bacbb9b6
f5a789f9
4cd57940
1aeea4e8
a3073fa7
237fdfcd
81a2d552
0a9dda9f
d7d1c2aa
31a2c614
aedd8337
3325b2f7
06a9f6b7
7b9e8900
49af7377
850e3c74
010d6b9a
1e25ba2f
fb4174d7
acc2af7e
4118ff39
f9e92aa8
a0bb55b5
c57f3164
9fc86024
adeac2e7
dec63336
15b6aa73
b4b427cf
477c7d96
44d00f83
51de2b86
7e27cec7
b45bc5f5
07ba47f3
2fdf53af
520c2af6
beee4b36
86cd34c2
0603a5a3
f0d28f46
2ebc263c
3e19eff0
f04f6e5c
1ac567a0
64443475
da024c95
3317dec3
8d2b5744
24e4ff39
c4479c53
38ed6ad7
bb2ff289
64fa1ac4
ac179230
ccd70164
260e49b5
26eae2d2
e0ffbae5
1c37c4a9
be942360
7efb99af
4f2472aa
19b51fdf
f4acacc9
bced611e
79bd687b
779cf5df
050c53c1
2fdef2e7
253fc8e9
6d5b9837
0b424893
444afb09
6646f3da
87944dbd
e09bb42a
265a1b2b
2ed5729c
32712a86
c4bba961
420cea3e
9ab0d1c5
faf44700
5ec6881e
897fd7ed
6883f2f2
8208353b
105aa7d4
cc32fe11
ca3a3c0d
6fa8aa0e
d912a103
95af16c4
6f6dffb1
11e7b22d
98ab209c
29081372
bddc75f6
e6dd86cb
1199f72a
029e8f72
7209c184
bfa707eb
91389fee
f09f852a
3d83a4f1
9e0c1a01
d5d72690
036e6da9
8b5be05d
8039125b
6d362959
bcbbf5d6
2d801a10
30d65e3c
752a57d2
444a0710
6983495b
14d47482
906a02fd
85e92360
c11fad25
6c783eb7
6a3e902e
a68db280
d749806e
e5d7da1d
eae8b6f0
80062ccd
93514b9c
e5a8e2c2
a9383197
6e8ba406
6427de84
5ad91b2a
ce50a936
ffb90402
74e3ff9a
cd2c205b
8834105f
b39d8278
d6ffc887
08355aa1
cd054466
9e3a9e13
50e52b58
f6340bfd
993e04de
2d4732dd
2e11e42d
c89f6ff9
ca530352
1ce39ad9
82e8ff98
2733a7f0
ea6a05b6
3f54b0da
ce071d01
8903ae45
172e7e03
26638bf9
b7a8f02f
396137a0
2793508f
1cbdccfd
c2da0bd0
d9b526ac
ad320e62
203e64eb
2677c9f3
d2a16a91
30435ad3
4c328758
4086445d
b24d6414
3f0aba2e
4c78978a
0072833e
899f7bd4
5981ac14
9a8ed316
965c4d55
b6b16042
9eca1495
e99860a8
d0d4b605
dcbb0329
78303130
68ba890b
b6d7a618
0a7a2439
0e950407
c2d78422
63bffd53
10374ebf
0d149005
1d69c5e4
7c4598cc
b9c62a31
524595a3
eb22a222
414e23dd
07406db7
a7165224
a118c0bd
0026e2cc
87e9fd0f
a39032d9
38aaedbf
5224732a
15243181
637be39b
facbbac7
a90c74a4
67fe9b91
7573e724
bb7365ab
db33ebe9
9767a95c
b23d22e9
ec88535f
2569c058
1317e6ec
12b3db2d
78666183
f8279293
ca3df924
ab8d7546
b5904d1c
9f0841bc
815a60df
4766908c
78fe30ba
c6ad4499
2fe03ab2
66cf1676
e8c8c6e5
e70f0572
19f72c05
d6b63da7
f10ad753
ea3d0587
76a6f513
944b4984
c60a382e
1bb367af
4179a6d1
fb69c396
7847826c
c3c5feb8
5eb8bbe8
bc7202b0
cad803c5
563db5cb
2725db9d
b7c5412f
5ad9e2b6
d57dbb6a
d10aaad3
0017c6ea
236e42bd
98368b73
849f7973
e78ec9af
67121b14
11967b0c
8ee59f5a
f2b23281
46d6c0bb
0977a07b
41af39e9
52b7ee9d
e1ff31a1
097cc668
92b897ae
01124d62
0dbfc6cb
c6bc5080
c432fc31
eadade7c
66dc364c
d25d6eeb
e5da6d55
7cafe8fd
f585534e
870ba486
3895184f
40682856
ee91b01b
5aaf75c9
5c577f7c
14c50c5d
444e8618
3e99d3e8
07120b77
67f62074
79a89f57
2fb4d58a
4088a581
d571e236
a80f8990
944a7764
9fa951e3
87bcc8e9
7e510a2c
0b5ad141
402f6611
770e2c87
a721a4bb
284bc837
cf870a24
fbe85cb2
e5843235
a3235473
82ad449d
93adf0bf
8061c549
0df15884
b90c2df1
3d36e777
17cc128e
6bffee15
ea828666
142c762c
25eef9a4
0dfa34ac
875a0159
3117c97d
ab04ed56
a6f1385e
d7c24629
4f9100c2
69487d11
735e86f7
28e822ff
830f96a3
08c9d641
ee9c4ecf
a435550e
ed76f955
6567426f
61a3ca23
635c5e5e
686fda45
d89afb36
aa15f170
aebae7bf
e6545e71
51dbe2ec
8fa0d4d4
868f3d6c
25fb8369
d4f91e49
578ff6e3
c73ade22
e4bae7ab
3ee48223
c60fd506
800c6f5c
6d2d3ce0
515c26c5
4c34cc85
f382b3cc
aab2f804
37f7978e
c12c8528
4292fda7
9b22b125
4e21e9ae
959d1a13
ca04401d
60a51931
3fedf4e4
7ae5b542
496bbb62
9b77f78a
031334c8
7a4e5929
a4fe2fa9
a82c2fc2
99287260
da8b7da0
a42c5ce5
e2ea2c19
bb322394
118b0106
9140c6fc
bf9a9d4e
8a95ca7c
5eff23b7
6eac7de5
3dd81f32
f5336b9a
80a4e7d2
0522d0dd
5759cc2d
eaa034f9
a7d75bb3
0b058d9a
4d826089
843a4e72
5cbd5229
5e19fb1b
9baf7406
25f9a88a
0c60fce8
0c790d25
57bc85c6
3ab2a4e2
7e7ec5ae
c6be82a1
de294d5e
154f7972
2da0ab59
39b8aed3
01b82c16
9603ee33
a5e399fd
76fb4304
cc555a81
7a4f98b1
0ec4cd85
6044ecef
f12dabc7
c9834e27
d92f5c1e
10bec9ec
a7908bc9
4c4c0506
6764fd27
f2326dc6
a81ac3da
ec8bf45f
50413435
ca55e3ed
cb3442dc
9e9c3542
97005b4b
4bdcbfce
98456bcc
3c9df4d7
c017524f
c5a26cbc
92c8a5e4
1f1d93d6
6b1dfcfa
1e6f8ccc
8ad9c2c3
ff34c98b
36b50793
276a80aa
1f9d0654
a3022fff
cfe8fdc7
b45e0686
4c25fe21
274d6cef
96e16200
f4f7a938
8a11770c
b48d3101
9ead8393
c1845733
ed86b338
2aec034e
1afc3ff7
e7f3de1d
3d911139
047ec01e
8be71bc9
cc5dc083
20e9f2c8
8d890dbb
d33e618a
fad4ef0a
5b143eb6
fc91bae6
ae0624da
23a3b411
539b46e5
a5eaa54f
de2fd090
4e0c170a
a9a25b57
604003ba
e167017a
254443dd
bb3856f1
a68aa506
69766052
93024cec
1bdc57ca
96ffdd5f
e8965b7e
e5d75d26
0c283995
ef40684a
3168b237
bc0471ca
afbd614b
30c00ac0
1a4d6037
194674a5
b3b56ffd
1908ca4e
3359aa26
bcfcb285
e8f9a3f4
5c18906d
5f894589
1d34be94
9bf819ff
e5fe2684
c8075ea5
d9a02026
dbd09c32
28f20e3d
d9190c34
6f1e4969
4449efb8
982fac9b
03959917
a2de991b
75fef900
e6a7dbb8
3f5335ee
423f63d7
551131ee
cba5b1ce
a2eccd53
fe6cd566
bef2d4de
895b487f
864c79e4
dfdb3454
7d4a10f2
55444405
6920acbb
a839c71f
e338bdc3
dbb93eef
13ee6a37
0ef92ab7
5cf5d2c8
c47cb0d4
4a81af4a
65ff9b1e
a3e7495c
9f9a30cc
421dc465
ce3c0883
3d6c77b7
0672206c
beb4b266
3f001066
d20c6e4c
64aae86b
698485de
ae918400
0df91aee
0cc1f6f3
9a925a11
e3583272
0814235c
ec488210
a81cd21b
3df88feb
75737edf
469a1afe
1a8443b8
f49fbdf0
d570ddd6
c4717c6e
8f5fcf85
b3a00ed0
0a6c5a5c
481c37ba
5cacab50
e0d5ccc2
fb23cc9a
6f5a75fb
f1d85bc0
f4f4d64d
d2af553f
1903c4ce
345d613d
eb90e355
70a54cbc
16a8251d
28271d47
8ebb2a72
763bc437
3e622057
fe7e1115
0b73f62c
bdf9c8f0
949a8010
35ce7db1
48eef143
045bd158
28119643
8088b020
129f22f6
093b3aab
1405c5fd
e3909ead
7edbfed4
f5f1e5a2
4cbf6812
f014ea6f
5921605c
0c0cc451
cd815c3a
14c46a0f
fb4120df
bac446ba
ec2159c7
cf7ce948
ea216805
77c27e70
5886e304
ef7d19a4
eed82a3c
38d832fd
8c551985
a6140bab
4de97c3e
67c1c4f1
06e1ed30
ebb63aa4
45595001
9c101817
aadc235b
9b8f30f1
89619ff0
8bb9b88a
5b488bdf
f18617bf
1575553d
51e0e2d1
c3788769
b9fb2cc5
5580cf9d
1d1a4297
efcebd56
3e4b6234
20851d5c
cf8231ec
d6444cfd
97d00513
8431b9ae
2d0130d5
e8c7a439
3668f63e
99306da9
ca1d03bf
0835bc7d
037c5010
df9bee0d
614735cb
2f4a9584
438612f0
d48a0685
b3c83313
fb6227b4
dd853070
d0cbd121
b75b243a
c8ad0509
74d12ed9
f11b9b2e
a39a1121
db39d894
7ad1f26a
e12cdc95
f5ec3945
756fb963
df11cad4
0d20d8b2
984c5814
ea2a7521
b12ad833
66a06e1b
360de294
0ebf7606
f76617fb
1235b2f5
8852c414
6dea66d0
82812eb6
e17cb613
9e6f62d5
452095c4
fb27adbb
703099da
ca6ea280
905db529
6af71973
d484028b
fc8b5a27
ff2086e2
428967fb
be7b8847
f785757f
36692546
22975ab2
2770034d
02e3b8ad
c125ff0c
07492b0c
206119ef
36120222
da747448
61af76fb
334dc6a5
46e505b8
583df3ad
20b250a3
136ade63
706b8094
04edeec8
c0ca08f2
b2f737bc
202cf1e9
e8dce08f
09278b13
527f1090
0bdaaf5b
8c4b18e5
35083bb0
7d7e10a3
d46bfd5c
158c4e6a
1b53d63a
fb787206
95f463b7
e7f29db9
b33ffda3
a95ab6d9
b4c2fa1b
71c14dac
85526c1b
fa4a0efe
858a6ade
9673bd6f
f5a7ca82
e6dd2cd7
5aef2fe6
8569e8f8
c00ed755
c1d7b4e6
e3d85651
dd7693b0
bc475933
3b0adbfc
75263d12
c8174ec5
10354f66
74fd9037
da9f4182
249d8aa4
1cf6072f
fe212c28
0b0fe14f
58d297f7
8e1a38a7
20fd6347
79ae7213
e9810460
b048a1c0
22ac2913
e3821216
ea5d76a7
85ac0f46
95bdba9d
4f963f26
65be00c5
42fd11bc
cce2f6d9
d2d7a3d6
039ad42f
65e84787
427d1584
a0620bfc
e70e611f
e4cf3a7a
fb94e215
7e15349e
7e4e006a
bffa13c0
e204033e
c3c3bd07
a87ac560
11d6d0e4
4fdda83c
d0c6cc06
6c5a4ec0
3d310c3f
d6bfc05e
f671eeb9
76c00929
2cde2ca4
3f1276f3
78b07ba7
d3878afa
7f8d40cf
bc06d1f7
2b34a0c7
399012cb
830fd59b
fb5784fc
9950816e
04c6301a
fb4905f4
4aa64d38
05650d2b
ff2d630c
6a676507
173ec772
5706c337
ab382163
ee8875f0
49aab4e5
5fe517cb
5ab13221
40e4dd6e
e59650ae
94684754
e95ace45
0be10254
4bd5fe3a
e55c1991
6326196f
68984db6
ed60640b
6858f9aa
af06642b
a8c1d56c
0ac80a13
ae25712e
0f4bcfff
125963b1
ef7ce9a6
11577e63
0b8068df
c70d365b
dd434817
d890fd3d
17a0b22c
6821a0bf
6649f4c6
c4cf3a87
147665ab
70fb63ad
6ab69314
953ba9c1
003a6531
9c72b456
3f7d2782
daf70680
dabcb307
f9699719
c1a0ece7
b2b7abf1
ba6cd605
b1669964
8c5a4ed0
d1b369d5
aa669130
325e9a71
dadb3651
9a2f22ef
2ad34203
4b89e8f2
adcfef8d
24a6d7c1
df45fd3e
1503267e
2ca8f8c0
56884a4a
b44b017e
f5f994ca
83ae4c6e
89ec3d2c
4e34d6be
0d3b9002
092f4d4b
38d0035c
851eaa8a
24ab429b
8cb437a7
c831ace2
f2112350
6b8f9801
eea19f9a
e510f822
e3721ff1
cf068bb8
70d8bfe7
22c72075
50e89967
6431df2e
a86a3560
cf868d45
3b3815d2
0249b8d9
c8499c8f
0ce3f475
1d76f993
06b7ee33
8366c203
fb1e74a0
31963051
3f6661e5
72bc0792
dfd859a7
87fcf6c2
6bdff21e
0c4ea288
00bd60c1
c7eb4085
f1c1fedf
91160c63
b9da8e7f
4e1cba58
ccd0e715
b3e64dda
b9fa1b75
34ce39f4
36085543
0d3f5eb0
e9fcfcef
3c0929dc
da6a523d
f5cad8d6
629ac546
b0df4cd1
463f274f
e9bb345b
a5af16aa
716edf1c
2bac0909
a93b3669
9d19c483
fc6e048c
078b25e8
64fe80c0
6bb2551f
58cce594
6e6b1f6a
cef3fed0
52490061
5516dc04
c1d2b563
4a03cbef
01571b40
41ae9a64
68ea0291
533f6611
ab9a05a7
05dbc5a5
b930d9f3
eb378bd4
3f902cec
47416ff4
b3870bdd
d4ea2efa
8b18cac8
6a719a41
b17fb601
c562c029
77f89c39
6badb115
b4d95007
e160f2b8
6e2395a0
0d4654ce
0a3d88e6
5a549d52
dd0485f0
32478001
18a01b0b
de640dce
2cfa87e0
c5f9e8f5
f315b540
76eed4d4
5e54a405
4bff419f
e51debdd
b82bb516
aa30fcca
2488fe24
28bfb790
10eb6db3
8dcc89ef
3e99d0c3
a7b64951
ad9e6c19
4aeaea28
d22c2b0d
bf05cb15
5e97a1b5
b0bebcbe
d3719b9b
def13516
9ee7e8ac
22617974
b60d975b
39864f63
9af10194
9603b71e
b71942e5
08a37e3b
8cba5484
88d01637
13169ae0
7c56d1b2
9d3c645e
a61befb0
9b244ced
506ffba3
cf82eab9
7417a76e
ff7f5b02
0e79a1b6
b7a483de
152635cf
40fa93fc
f24acc9e
bace6509
a811fb5a
ce92689f
48eb8d9d
07995888
c58da391
15a4235b
f6be6a1d
5a741425
0aba6640
4504b471
096d33b1
ad9026e5
c99f76e5
8b3d2fda
fae30173
d0231a31
ce0a33a9
743aecbe
f2bda7ba
7c763da5
f7938055
66077023
2cd8d92d
0ecdbafd
9fb6eb9c
e92f3ab6
5a871294
617d145c
61e079e4
7819cf9e
08d2e80d
2f1a58a3
24cf5c40
5a04fd5e
fbe1faba
52a0d520
0a27297c
4ef65751
334745c3
a52fa0e3
092d2950
e11940c9
8805bfa7
6b1bb550
49338154
6bc8fc8c
aac3f41b
79e64dfb
d3fb6625
512fc520
eebc3386
d3a57499
d4b3003f
c8c3c981
85de8061
162d0555
dc4f2ca9
7e5407dc
ca100f8c
d86ca387
70480363
3105fbe0
e097de1d
41d8df69
d2186029
539390e6
6887e0f9
f3ac4f7c
bb05fd02
5d71e04f
4fc51bd0
e2288faf
914200a3
1a27a69a
46977b54
dd8ef6c0
73768edf
be847fd7
0d9a0cef
b8529f54
d9a31ada
cf489125
7a631276
ec98b861
382f82ff
cad6556e
fc5e655d
0f87ef65
2b160919
8a0330ff
29c9da8e
4fa674ed
51d574d1
5b2b12d2
aa089ea6
ac398536
fcb17ee3
5991909c
7ed5f984
2578430a
93816cba
5ff942a6
fb596d7f
36c286f9
7a42a05f
cb274f80
6e031ec0
ec421eb0
df70cdca
09862127
46af4710
8600c3bd
3d93acae
12007383
d2bca49d
bdb9c88a
c0b71122
7f552c9a
1ce93098
971072ee
84b1bcf9
6059d98c
c9bb70f6
899ed58f
3a429ca2
51173ab9
f5171938
4ea73d37
3e0d0108
e45ff2cf
71297e7f
5d7e84b5
36c1baad
4244d166
7dd7e65a
ed82f39e
d1f30d81
3ffc27bf
5f62392b
978bb4bb
d52add49
6ac98b7d
6b3a53e7
d014e7ff
7948e0f9
d4aa8530
83dbe15a
cc684b88
967d4186
53050fac
597fde44
9141c572
83b04994
ed615a23
1980e90a
55a3e839
97147cea
4ec17fb9
fefde727
13c4d0fb
d0fbcb95
32de7445
62abf971
d171d570
1e67dfb5
89200449
f43af751
600f5ddb
7f150fdf
9e862a2c
8cf1ef49
9c15c35f
4a3d2147
d531427c
5abe359e
e5bea24e
9fd583ba
69a1686b
70e0478c
ded63693
10b9ccb6
0f7c29be
ab271b53
8546784b
19df5189
32fa3148
898bdc64
b4ca3cfe
c5a6772c
361ffe3b
6081d3d4
6d7eecbb
cbebcf9a
5ff8a5c0
90f489ce
3e260586
ecdcba02
d1731257
51da264f
c314440c
5343fb3f
3ce01692
574e2076
075b1970
8d5fa702
4ae4c873
c6c194cb
f5d5a0a5
eec6d6fe
cab0203f
f38c22d7
39c79efe
5c66c327
0b79dfce
e12aa92c
ef2ca2c8
cf3fb6de
58da5c62
7b607fb7
48a7c746
70521900
2511c595
a2fde857
1db0fa6a
ab48e1f2
e6ca5f7e
b2e6359a
41cb39f7
e8662c31
a6cdf68c
eeb824c1
dd0e9bb3
02700695
69c6ab16
f7dd6e27
a2278ef3
4b145241
bf9b8d6b
1cd5ec41
ac77b2df
0673f55d
81e38976
a585ba6d
1d6ca708
36f27038
225811ae
5c7b2ee3
debb102d
17f86f7b
b0b85721
af94dfbb
4e757e9a
02502ff5
476af17f
31f3ea31
5ac1443f
a1aa629e
eeda838b
bad8853a
97ef914e
f738ce79
59b71727
6e9a2cfd
604139dc
e720d9ed
9142312a
22f8ecdd
165c9b3f
8c671de7
3548e160
055ef931
76f6c14e
529a8fa7
8f861b07
1abbbbc1
b00d1951
781677ed
45c06a62
73079d5d
f607feb6
28a4bea6
1a559972
3159b72a
64487c3a
548f622c
ad91243d
c89bd506
4449dd87
0695b996
3c7a9b27
aa1e31db
7832bcab
19606fc7
cfb9ebf3
081f6830
3212b463
dc124f67
609e0748
e6734176
120f47c7
3f859ab2
f0308aa4
fb5e2822
a6690d79
1e367596
693bb0a0
5e147ae8
0036d1c5
3afbd69e
6ea384dd
ea0b72f2
8c4089ac
4100f58f
f38aba5f
632f1c95
8b523433
3ab5d67f
e3fdbcde
1889835e
e51baa63
a521a886
5f716679
d0ce9c59
7cb7fc49
e40fb2ef
dda59b4d
cefadfc4
ed0c4646
f182097e
eecc2b1b
e2b3c9e6
5d879997
50b1a90d
45ea6f1c
0e794be5
6ab1bba6
f6a05a10
f15649f8
3e22799b
ca83f34e
a81024d3
1754ffc3
c39ca34d
12d46386
40a118df
089e9d6e
3e43f9e1
50a43325
7e801d7a
4bfcaace
5a7b0549
4c82f8cd
7a762201
b3e3f9c4
f8eff36f
eea9557a
fb3f1678
7eb44c0f
260ad2dd
091934a7
32d1328b
8fb0091b
0491b776
1bf4e3f7
eb3461af
2f146460
13c77747
6db2f664
0dbf8d7e
6a79c9d2
06fd04e1
8090a56f
8c6a4cfd
53e0c795
a990b90f
4c6c22ec
406bd1be
6739e900
420837ff
f2af6e14
77f1f5c5
01fd0416
a007ca72
2e74f88f
ba0a7bea
9d61fd8a
b21dc501
e6580cff
a12b3260
cb8b9e36
06fcb02a
20b549d8
8cb7d180
2d247fa9
24381e68
bd294d97
717350cd
0e414b30
290280a6
33b4c008
25d078b4
38c7f272
0f076aab
fa27d424
b5d93066
2e76cf9f
90187ab2
bff47d56
1d38b326
d7ba0517
35d11ee0
3bfdc694
17b12a25
3a6b6023
b79302d7
ec440098
cf64feef
9e5ccf26
5f165c67
fea54d9d
4f723bfe
7b4c3e19
4165493e
20828b4a
ff4a1f78
ce98b31c
d96e178c
7b289442
74c860e2
9c358b6d
bda744f4
b768d303
eb5a2207
c548909e
127ecb46
72c2b0ea
ff0606b2
5ca86d9f
8e04407a
489021e2
0a9f4ceb
8ecc3104
3218313d
a2281e94
fd66a355
499ca5ad
ed445d9e
80696dfb
15b95f04
c0fb3d70
03fd0b17
a61f1674
cd90b188
942b22a3
3e1dc709
ee441d6c
62d811c7
4ba10e56
e5739cb3
3fcf2128
403427ab
0a86dd57
469ca553
c5d0eef0
da2bdc9b
244eebc7
0bd9f2d3
0b513849
adb03db9
fc614a5d
c767fd91
81f581da
c164d6cb
4ae640fb
d26088ef
08e5fcd6
902858d2
918912c4
39a9753e
349457c1
b0a50d38
03caa6b6
69f774bd
469ebe0c
eaa8bb51
ea79ea24
266a5a41
4719695a
93921677
e37feb2b
17610559
d85c5fe5
70796146
3728a0d7
5d2962bf
0233ebe3
554cf9b1
350a5b5d
18d1817a
08cbdca1
88480bf4
5853c438
894e3c5e
a2942139
242718d5
4e461a6b
6d907cbc
7c286bec
d9cf9eab
aa4d57fc
7f0d5666
f7188908
b448d522
c90d5d1a
6d69a403
866a9d69
170a7fb9
33e8bfe7
ede13d8e
66ece1b8
cc4a3a6e
56d77748
0e7d8af0
7f81580e
42f84689
13928f1a
bdd505ac
bc651c08
00926d35
b0bde937
21a5cedb
3a976d27
7b8b7e79
9c7c62f1
ac37cae8
939f321a
15ec181f
583f9ddc
6d063c32
e176d59f
d2fd67cf
143e0a44
5ec7d442
0193b9ad
7677476c
beabc6f3
4bf5b80e
ee9016cc
cb268d25
73381f78
511a452f
8240ae3b
b163ebcd
1599d4ea
787f7bb3
c7680da9
a67484e3
7e4041b0
457742cc
351a5bae
40782b64
b9076b74
9fe12b2d
9063b77d
ea3e0dc1
bafb0498
e75ea9c4
048a864a
63a574a9
1eb97fdd
496f28b8
eed94860
fa20fa2d
2002ebca
dc38bfab
55d5715b
5c7b9cf2
e05f5514
45ef5cc0
47ae8f61
697511ba
3d1fbfcc
975ecf5f
391696fe
cf41957c
2fbd8b5d
2e3a952a
39a63f64
8591f6f0
d05f8f19
41fa2198
39d6e8d0
318fae4c
42269f2a
ad70ddd6
70c567d3
1429eef1
fe8e5743
930102a8
51be219f
7f9d516c
d4d3329c
346d88b7
c52c1923
fe51cbc9
0b10ad12
e9bf170c
f44e6596
7754104d
33a2a2f7
c8df2ce1
6aa474ce
1a99391e
26b916bb
a7011545
2d83c4a1
6df969a7
6b2238c3
33670629
29391aaa
49247678
fcd6eed8
c63edef0
89b7cbf4
76c0c140
f1e8e1b6
1d271055
b2f62a41
234c01c4
8429f84b
13d663b3
7462bb00
c12ebead
a655e093
49bd2338
f8048594
ad2c97d7
486ca365
aa27577c
e473bdaa
78c02e47
2e37959d
d59ff2a6
9935b72d
025015ee
23f0986a
353e7f46
1f6bdbcc
1d6ca1b7
bb6f4411
79d570f1
277c7124
71662737
711cf1ec
10d484f6
118767e5
941bd65d
e82aefc1
9a93b325
b1d4d493
aa61a287
26dca69d
90e9a567
24de341f
1d107105
94aac5fa
ba6d5024
aec7db74
c7bce755
52484e2d
a5202a29
b3a1eb9d
828ca8c8
b032797b
802645cd
8a14915d
872b3557
3b97a006
19cf1d73
32124f55
0708345f
c56a8bbb
4c74c5ae
113fc791
a5d3fd71
cedf2ff1
91ae1052
f17220e7
001f7d80
5f69d228
ebf3f5ce
b0553847
663c3658
2323b344
b5169ab0
feefa70d
4029262f
04767422
856a0990
77a3a13e
f2263a1d
6e08c945
da780c12
1a693cdc
841dc435
539be98a
aba1f541
ccc65d6c
2b7bc63e
45740e59
45ee0dfd
00299455
c207c43a
ac0ee878
c13f1e27
2e6a08b9
543fd21e
ee78aab6
be63984b
c5440313
c11f8731
41ec88f7
03e914ae
a786e1b8
52585cba
2161bb7e
0f50e86d
de53bb7a
7b2ec432
e8281ba1
1c6d7b5b
fa71de84
192dd088
02aa1a38
aecaa9e1
8247eea0
d931dbe4
a32e65ed
da9012dd
7090090d
66c2e111
a45946aa
83fc10f1
e922ce08
74ff7b16
9ca125b4
1680bf81
6d57e7bf
fe78a23e
544a2cf6
e9e8d90c
fb7823c6
902ddb5c
f1d65ed8
429e419f
a513235d
ef6a8b5e
b83aeb73
819ce6fc
16341ded
c7f8e284
c848d736
a3a4b780
bfbc2177
607b6a4c
b997af61
70c34a26
b4f36267
78c6a5f5
e2f36f12
85fc8841
91333953
3fe0c8e4
b0a9480a
ff01c838
ca0d78ab
2cb255a4
d9ff3e52
f47ec3d9
6e991f9a
2938f114
b0071e83
0f733fa2
862a96fa
3a1cddf2
e4987533
72538e0a
ea676842
866cb099
87b12a0c
2b868fb8
d8b966f7
1c1cc086
270234be
5f3c5703
a1b7e24b
97ed9985
cf740f32
593fa911
8833167d
4f2e5512
206607a7
e7267535
97cfb2bf
ccdc8c81
5571db83
8962a114
19d15295
da6ebf39
b142d249
72bb9b6b
da96b944
e4aac85a
f948c443
1512ce59
5d6ff5bd
5c09729f
ebd824c7
5c6ea436
5f3d168a
aecc11d7
ddf88809
adfbff0e
d8738739
18d7aa94
d438f2fb
754344cc
8122e72d
cd42f02b
34058c1c
516de252
6fb84d6d
7a41a9a2
a3234124
639daef9
7e0ad747
c53a31fe
2f85665e
80f49b4d
aa23a30e
4927ab55
92bc28f6
fda1ce66
5e6e1ac3
2edbbe76
e8342900
1259a17e
fb07edae
1b60cae9
68a18a62
290e140c
3e8439c8
cba4a3ce
15eb989f
00932ad7
5e86cc92
98dfda2e
1c688017
469842c4
8f3ee704
d272940c
f0c7be51
6b35674c
19e52183
1a38b156
d2f94f12
a2f4bcbe
d66bccbc
e38fabff
b0fab43e
769a4dc5
b68c0b43
bcdf59bb
837278e5
5395740f
0ac0e529
0e0ef978
53278230
358e2683
e92a8d92
ab492ac6
f1009122
acea2df2
71d02fd6
947c88aa
9064a3e0
fe3167c1
b6015f48
11de8e58
4c1b7d90
059fa54f
6c16eb37
e8b43454
e71f706b
2451e5c5
76c5018f
48417bc9
9f15798f
89fb752b
8b0e2b25
7c9f7eba
8d75055a
0f1dde8c
e29c2502
8ec0ceb1
c1fbc608
527fb53f
c6d1b137
5c944be9
a2f137b3
88c136e8
d88f24d6
bdfbecb4
bbc13243
23985151
d3c1afce
ef689552
773ba476
c8771671
c86dad3b
3f735433
c5e846cc
8a7447c4
c4576541
e4f42a5d
e8fa2013
15278a56
1734dea4
5b62b8d5
a2aafdca
567ad578
4f006d96
8b6e6a2f
4c97f1fb
eca95550
fa6e4404
f3bf6de7
89b48d3c
450e6b3e
6f191a1b
c032659c
83517d60
454bd372
2fdbb1fa
2164eacb
45a9d81b
d3c3aee6
e6d92acc
72f1f908
c2e114dc
c51af3ca
5f4e6d7e
16d6545f
6396bfae
510c2a18
522f8c61
2a8b5ef1
a3cc8c6f
755aa288
8e4b28df
29631cea
a0ad3fb4
c5d3b364
f7e7799a
92e76656
50345d57
0ba81952
b4153be9
d2d35763
6ff92c20
4750ea65
a7ec4cc9
b1baefe4
a439d3b2
11768319
1d3e56c7
61499d0c
2df1553d
a7e46437
5f791a09
0dc24c63
ee32f676
29f86616
798307e7
1f477e16
4e30b3c2
f8c24705
947cb37f
f24d0019
fbe516e1
488fa311
6ab46625
9921ff4a
83e8a001
f7ab9094
9daadc6d
0d3d074d
0ec4663e
47b5c7ef
1fc369bd
40b20e8c
835b8653
73d8627d
bcaf5791
9d79dd26
6a0c395e
c87aebec
a1379e5c
52fbcdf8
1dceb22b
2388ec56
0e2c152e
f9bab68f
fea80fee
22538f6a
1bdcec45
29e356b4
697d5f78
4d3d3dc4
3e715f59
42a02f26
2d4b8ec4
61ed01fd
15ad2e95
c28efbf2
dc44b02b
ac799bdc
762cc5a5
237f1eae
7b5e0d24
ddf7ef59
c6b26171
c76d8be6
2c260137
4c5775ac
4ac31fd7
70272042
55fe0a8f
0999ed08
c597d6d0
8988080b
e679fe04
6c4976a8
97acd478
32d9887c
098c02c7
e6406d39
c838fe8d
caa5aa73
c091cc34
80d02753
f50ddf96
0f41f0f1
8de7783d
38f594ea
e86457e9
276d7204
11031205
0d1e202d
fb2ec7c6
d11b4476
1fbce7d3
3b774525
98f326a4
1d3c27d9
f590ff9c
7b2f0168
83a93283
ad8358ae
860b0bae
f1efe29a
b4756ae9
282ee268
7d234938
19e041bb
7531e913
436d1ad4
fd29c3cc
9c930b2d
5751c0e6
de641628
d7422fa3
86b4aa2e
f1428ba1
ed273f5b
9e1c31e0
d5bf855f
ee3b89ba
ffb25e7c
e1156f89
35d9653d
3ad83e56
655f5704
64ec67e1
cfd58563
cd5fa012
1c46f3c8
c6f48c84
134e8e78
a6aa31f5
3653db8f
0464d707
ed2fbd5a
2508af76
cb8b4905
f103f79c
43230caa
3b98cb86
777f8760
0966ca8d
e46812d1
6317827b
8587a5e5
f0f15f85
9a54785f
c199c8ea
63996281
bd81b597
38144c9b
35b97544
38b27387
c984244a
68d1ca46
c42627c6
0a96c45a
e1a3295e
f406b383
6f3b571e
2920d6dc
71f637b2
dfe5b197
3be84cc3
0d91445e
75204a2c
903cd73c
035d8363
e22bf947
e1e9ba82
096259f5
c7a9d033
3470a93c
9c42bf71
c2c2b8c7
9bf4d0d6
5eeed560
78d13059
64d0c1b6
b526b51e
c7213a92
91cd34c2
c5bd98b4
0f78192d
afd80ebf
ef8cf509
b21b1f93
3c79bbad
cb21ef73
428b529e
c9f5d478
de7bb777
eef77693
1a1fddb7
b821dafd
65bfd4a9
46e951b9
d9f05078
e26d5eb0
e773f4ba
17e8b88d
a46d0419
d4f1e388
a47cd011
c86c447f
c6252f9d
22b07145
70e0f014
5c1fe983
a36bd512
90eb84d2
c5107255
e1ef252d
d91fcbb8
b52dc843
5862d634
8bb8c422
ede34e18
75ff56b9
d5fdc1d3
b5451899
ad0f9b7c
1faa3c7b
7e31a077
8add0abe
0cec811b
c593f8c8
305b4bf8
ecaee304
b4f981d3
1b11031a
fcacd0ae
d9d0d8b5
cd202288
ff0722cb
9cb91b55
0079ed90
eb564596
b667f417
e4e0c87c
5a5069ef
d0617617
f7286175
1bd839a1
adb63282
eb123db6
ce694259
30a66c3c
c8b8915c
06887165
0e87c4dd
8612d390
de4ec49e
8ebfcd04
ae7549da
70a764b4
7a66ed6f
a28e3d2d
0b584a13
73b793a5
5033d685
a42d90bc
ae3e29df
883599f0
93ef2559
b405f41d
0caec9cc
57b714fd
58895bc5
db303afc
986eff0c
32691d83
11544da2
f15ad21e
5da7cdf7
92088e48
6741ec42
9e8bff18
c55b1ed2
057f5fc3
c56283fe
c910b544
b03cae08
c8a1b01c
06651ace
55470f23
7139263a
471d746d
4ba1321b
dd2a31d9
e37a0c9f
e42697e1
b24f5f5a
f8163419
f717d30a
e30361f7
c6dde0ac
049595be
0f822420
e3af2eb3
27463c94
0f24dffa
081b0f20
2b816b06
44af17ea
4461cde4
06819e60
48034f34
23f71ab1
460a974a
65ba37c0
9e8a2eab
58f71f5b
ab6a4564
6a9b753e
821a76ad
1a5b7e4a
5379da96
2c160223
fb5ea29b
4dec2100
a44e6c8a
c95a5ffe
0c0e699b
9549db47
b7cedd2e
2e45b664
fcd02627
12f4b05b
eb5699dd
706f0daa
6b2cdec1
94c34f50
237f3083
e21655e9
1a130534
896370d3
ccc083d2
18dc944c
6397832f
f9b411be
be31a6ea
eeb1e296
97b95345
3c7abd23
56b0a99d
1f5c3b08
c6b5612a
77aa6a9a
8ff25239
7d9f6fe3
e4b167cc
e3d25e78
e3e87cae
aff202d1
7a44558f
c4ee09b5
01a614d9
71ea6908
1409a47f
4ca9d7bf
22f5423f
2e884d0e
805019cd
e85084c4
2f1f0e21
b522d94a
e4745e57
4c0d79e5
3aa9f118
1cf7b738
ab0b4c64
161f20c3
c6ef88f0
c2ddedf6
8d5e22b8
d89b8d00
2c847ac5
ea45fd5f
ac36bbd8
be753019
c406397a
ccff6a36
5b75c204
cbf1448b
55326237
24c08520
2cddb76a
eea17640
56908575
12cc40a7
6d8f9b83
bd1b0580
5dcc3621
9f30d859
8d4b45ff
5e1fb7be
722ad306
11be1662
68cb218d
1023da1a
55035bc1
7a8e8ed5
e636e2ba
c281247a
b3dfef38
e26736a2
7d5945ee
8be887b6
8e617533
03604266
ea021cfa
8f5e26f4
813193d7
f8e4c2ac
470fd575
1af67751
ce51c958
ee76156d
4660df75
bd70f1f5
2797fffc
c75f39b9
8a8321f6
0280b5e7
3d01c6a6
2e71a719
a785d0d8
386f1f85
029f7a1c
b71c1d88
bc7d85ec
0f23fe31
673c3c3b
84040c28
7251bfbf
8a294d4d
94194140
d1d0b44c
be6481a1
9a528af5
c34c55d9
ef4f5798
4b295d8b
17fc6bb2
f4cb5730
a002377b
812ebb60
844ea06d
76bf7864
656d0cdc
82495295
0ac20f6c
ecf5fb94
8870ee89
3d2a0068
65fc4754
964dc74b
ef9dee78
0b5cc6b2
525fc54e
dbe62cbd
e38aa296
e5549d3a
b10e9655
855d0520
76f2539a
4dc3e72d
15071964
8c2bb6d9
55de0253
b4c99679
eaf4b749
cb8d5a8d
e8c21da0
412da8c9
7f3bbfd2
390dfa6d
81816fb4
fd15d168
3349a961
f4f92361
4642c9cd
d82421e1
4c16ffce
0041fa5b
1750ddc8
ac126d53
2794d3bc
30726287
e7688b8d
d16bba68
f81678b7
2e0876e0
1a44ceeb
5baeded8
035e8ce9
3846bf8a
d53c55be
f7585f42
e16ead41
50ee2ed4
60b2d2ee
1fc0251d
02bf2512
a1dcc36e
d269f5dd
7639f028
0032be92
f1041019
72199c05
b885f525
79e8489e
ad02b0c1
e71c4513
c0d41377
8b8cef5b
0f647c92
5e2b88c6
2c39e3fd
a62bf8db
13d639db
1e2a81b7
a48a98c6
cd951468
e03f6585
7530d76c
ec41652a
b2fd8d4b
4999e09d
2cb8ff31
0268ed73
7331f368
fae73049
ed7e2449
9be58b63
505b34ef
578ca4c9
93ac03f0
0e9b7ff2
0dc9b234
176e12df
300936b9
a316d1d1
9ab5a586
7a1960ac
cef540f8
5e63461e
8c756225
c10bf98c
3d7e370d
bf82b869
7b0c7618
38e5f8b3
ae1a1e90
91e471c1
e762711c
0486aee4
f7767f0b
341b79ba
f00175a6
394f79d7
4ad719f3
67c1253c
05809f11
cad73137
17fcd33c
e2595732
c687a777
2046b6a8
9c6add8d
335ea4cf
21e9d656
8261d918
7c8a2481
342a88d2
da892f62
edf7f018
7862026c
ea6ed504
9ff606e6
bae234ce
f403e70c
adb11375
47d4b9a4
dec5297d
e7fd6894
fe451bfc
96f6fd15
12e5ddf9
e7ec91a5
0d2f712a
bf02c294
83d3e177
acb6ef8e
0331b86a
c3839203
fd3a8d16
4bd3db26
4a910721
bf5be629
17e03ab1
8030f95d
52230e6c
1317adf3
42ece347
4964a33f
80c631b0
e2f5cfe1
49204058
6ddbd2cc
629190f6
8cac8bf3
5c8e3529
e2ccf865
b98ab6a7
987bfd9a
cde90c81
58b07b7a
217da47e
d94d650a
275d8a6d
df4aff91
431507d4
633613eb
ee0ea006
f06fdeb2
f57331f4
9c4326a2
9358b144
aa1e2e3c
afc44bb8
e143a8f5
99fc25d5
31ef81c9
4cb750f5
25f195eb
60527033
ea4155ca
61d132e1
9173927d
283f4f8e
99406775
10a5235a
936240bf
0f72a41d
6bc19496
1815ca61
0ca08684
90e0cf84
a48c391a
7b4c193f
878c05b3
39766e7c
891f88d7
8144a9c0
6c4c7511
a2d755bf
f67bc169
8089fb90
7c60729d
2c8618d4
62b01517
05f3e131
3fde09ea
6166e9d5
e56660ea
5b846993
2928999d
be04b556
e47a23aa
86eb2067
a128c1f2
dbccfe1a
7f2c45d1
df63482a
0dc9d4c9
d33b3d0d
865cbde3
50f0adb2
7149cf47
788dd691
704a6156
2b0ed528
d931d175
a172e584
3a6e2d19
346db22c
ced729e4
8fc3f241
88b9a67c
b0de4c25
c13df434
a994846b
4f7558b0
ba7d6396
fe82e317
faacac4c
5f764cb1
1ad75f91
4a5c5bab
dc5a8ea3
0221f57e
86a95493
03f0540e
57f0dcb9
d8d1518a
b8687dd2
2392b72d
b673187a
424d183a
70771284
3e8e98de
c00eed2e
d5f05f8a
6a489153
a727ea60
1129c9b6
41d4dbd7
c13fcf64
e12686a6
2ffff434
bba24631
5d8468d1
f11b03f8
f5e67806
899574df
6d30ac1f
69e000dd
3050d1ca
08c95169
4deda122
64e85b60
7443912d
5dc79183
f4e5deee
f873190a
a6ad75b1
d2a8c4b1
62e7ba12
dda5df40
90ab7a1b
fad26838
8793ebfd
1be971a8
3ebeac69
bcae94c3
286fc98c
b4aa09fe
f93328b1
31499622
f268786d
6e9982ab
b67b4eba
5252cc04
e7b2e451
95386d26
e6e78705
17929f10
90acf6ea
b0e63506
2dac66ee
406eb6db
311b041e
11a8f34a
65e554ac
84542e08
510560ad
2896e876
fbdf91a5
11dfeeee
64a01bef
3afb339a
6ca9988b
e715eed5
722f0b13
a3527493
8c75991d
7504c154
c0f0dd53
4d4a07ce
b26af9fd
6a01beed
af195d0d
3b9bda49
4d51c969
bbc76373
101ff173
6f2d4164
da749e5c
f86b9965
ca7ae1a4
eab3db49
8a99b35b
3ab41489
e6b168f2
ba85e33e
b2e18423
6e19d3f6
11c1cc7c
6bca3f8a
87b423b6
3d89c22d
0b2a9606
893f177f
974834a2
73b39ae2
de5c546b
7076faf2
fe975f6f
79faac44
2b008a3a
53e39c87
489d9de3
1a0aeda4
f921f31f
68841acd
08a2a02f
e7ff9259
781f30d0
96e432e8
1f45d372
e62aafef
0bdc6e49
1fde15bf
05dc9a1b
d71837ec
d13f770d
c56da288
b099a8ed
5a65a159
bed84d5c
1d74f6de
f4a030ee
0805b63d
171de7a0
dd28caf5
5d7b68ce
b518d291
0f366548
19508dab
b29fe339
f8f82e6c
127d7b26
dc4604b9
5de6806a
84fce90d
fe696f28
3b026570
783f222e
35b80133
29b95978
8b07730a
4c63e75c
c446d5d0
b937d2de
1f702cdb
f74619db
e03553b2
7ed55744
190b6147
acea804f
4d610002
d7d1100e
d5468c5e
3fbfad09
be4286ee
dd1892d9
93885d14
79cb5212
646a0a40
eb1e0b30
ebcfb3e4
6f2b8caa
bb0b7d41
21eb417f
81c693f6
fc4fe8aa
52e68d8a
9432e1a0
d0c035cc
fad0c282
31cb56eb
b75bcf69
44104aa6
e7218def
377f9c41
d2fa00b1
c6e046bf
47b19a75
867ce85b
1ff579c9
ba472409
7329826d
4b2e3458
a7f5f46b
0c993485
0eb0a210
fcdfba51
36f9133e
225c66c9
290c4673
666d4d96
a603bb89
7aed387a
010a7d4d
3ab916a8
eab7f910
efd57342
f28f8f0e
bf6f5125
a8257324
c08c38fa
c326b60e
3fbd355d
e94f2596
40e6f93a
de772d5e
a2b1f5fb
2a5c7cf4
1d5e2c61
48192f45
5a38e39d
9eefde05
c83e0701
625477d6
db4a1a68
c4220b75
35e1db55
1524fe5e
74e92487
625da6ea
6f783fe9
9f34fd8d
104749b3
73302899
eb4e0d31
eb90ef1f
58d0f9ff
05f1a781
cdf51438
cf309a57
03c15c59
4c99aae3
06cea68c
e982c46c
af7cdded
aa45bbc0
0550b22d
b460d4bf
1b91d9fa
89568114
98977285
5a19ac80
dedb4e2b
2a40662b
731e2336
03248446
c55971da
bcd6e665
766044de
24ad72df
89c4acc3
c27b4e83
844b66fb
38db42f9
7559a6cb
6dbb1692
f634984d
b62b4339
e74a52b0
6a13a680
8fbc3d8f
dba35d99
3bbe6c64
b64fe218
f902e0ef
192171d7
14718f3d
37d329bd
c39aa689
42feecdd
105fcdee
6c75613e
b2b7ce2b
c10ff61d
ed02d676
60920f13
a0ff0afc
4da38185
26718728
e5be0dad
867a7b18
1ecf954f
461c181f
44f11bf0
9bac1b9d
8177215d
9d45b3a1
367e84c9
f1b9f9a7
441c2aaf
d58a074c
fc53b8cd
cca7aa81
94d4a110
fd0bfdd0
ecacc39f
f416fa02
dfe2b497
0f31c254
01b6d71d
b00fc877
83d3773b
122c7985
1a3becc1
0072ed1c
fa8b348d
69936b63
c106d649
9d9c52a7
8a63a17e
d4ae83b9
f6775f14
68d5b39b
b4a5ffb0
6bc49577
5ae67f95
f0e1c3b8
e74a46db
0b7a637e
43a5e67d
f7f921e0
a2688d9d
de86e79d
5279cc9a
6500d2bd
6748869b
3eda065c
908f90c4
b2362339
41709f22
9e98f05e
6ca1b291
74057d77
70b9f1b2
0d7ec06c
3a130306
fd6e830c
a96bf386
4491deb8
88a8e172
c320039a
ccde9c0f
ba6076b2
84e50de4
7963791d
faff82f3
336a5569
22f58f64
2a12a2ca
5dca92e2
b6910eab
2e2a68d1
27881ee2
47a4e303
4ba1204b
2a3f54ad
d322d4a9
aa0b861f
bb949580
fc686c59
ba5234e5
06b1ea30
345edc66
ffb5af9b
ae4fa2a3
6f261ee6
3a8a26c6
7510c1f4
c58bf37a
9c060bb9
3fd98908
d45b8e2a
210c2a63
8d9e99b9
165f271b
0db86d39
c3f49a26
98954ac0
281cb28c
ed4d342e
835acea6
4d949b0b
fa8fb762
1b11728a
7e99a51a
f14b2db5
d8a86551
d0bafd54
9a0ef4d5
d457d6c6
0852a5d0
18f229d4
c5d2df43
15383086
e29c5bd6
25c5bfbb
54d2a70c
b32ccb08
27acd9aa
e3c7850b
5991f6a9
100a8385
bf96683a
4c469523
fd746f52
fc6db625
fd9c2029
626e7fff
74a01a6b
a813704a
ffedce33
f277985f
72991d77
8b5f62be
7f1e139a
d403209a
c8745039
f6dde365
bdb2f44b
728252e6
72b6803f
47b3d70c
3e8c54bd
bbc67204
955c93f4
9079b158
9f557f0f
7490a4e3
8f34b6bc
2fa5770b
3a03b27c
636370b5
f07cb70f
56cb9d4b
e61bb25c
e32e5b06
4c3bb36b
21f39b91
f512b304
3e9f3fef
9c4b5338
bbf2b006
7326b050
8a505e64
7b18cb17
992c591f
6f033786
a29b6f6f
2dcdfead
8cfd3b11
49bec97a
b2185553
2d7ef75b
ded48499
7a920b5a
f4f4cd68
e86553c6
ca59697e
31895a36
10381f4c
9c260fa2
bb537dd1
6016dc0d
b6e7aef9
ea757853
1e3133f7
d4ae917f
6bb0d1a9
bababa98
df59cb02
a9cfa2bb
3b28fb04
2a1e1692
5befafcd
eff9bd1d
e71d0f24
960966c5
d35b7598
83283f73
7397e457
e965d16b
1953846f
0a9605dd
76772a0e
78f20b20
251c6a25
2c6bb3d5
8133b551
b492dbfe
7aca48cd
96dbbd66
adc937c6
de71bee5
46551aa9
9949201e
39045674
492795cc
7e9d7799
265ed944
4456e406
baf1c52e
3bebaa3b
684abc91
8f7cf1be
4ce8bf23
2ac0f616
f0748245
dc69c879
4f698d45
b16b1218
c84dff35
7782d9f6
9a43bcdf
3e8fe01f
bd629265
0433f0c3
4eab83bf
87cf87c6
d8f64d22
d7184112
d4917bd8
d6d4f12a
fa9c34f8
ca912703
fbe78e94
3a6a12ae
5fc210d5
a23983c9
455dde61
02662afb
39d98d22
f92fc441
6707c5c5
5ffa6519
8f1c23aa
ea26140c
134764fa
ba5ef4d0
3a095233
0c697061
20940e9f
8325adbc
eaa8dd88
b4c07fc6
37928b74
1fc4f1b9
2c07de1f
ed27994c
4058d94c
09fd9388
22032aca
7593a7fd
743178e4
bac0945e
54300857
4c906e17
9c18c568
95dec48c
93af7aaf
d0467908
96424ad6
b456cb55
71e98e1e
7e212012
f837d27b
71e4025a
4ca7f11c
e3717b94
384a7429
49d04551
a7060b25
75d9d9c1
da907ea2
21dfbb9b
21c04c5f
75a60b0b
65f3f7d7
d452fd3f
e0445b5d
f6529e57
2ee4b66c
6aeb7fd6
1788ef5e
712817c6
00d476f8
2db021f4
2ef11309
aedf770e
fca829ea
8afe89dc
b63dea26
896b58e7
c11eb03a
29f3da31
b57a6cc7
7cfd2303
29f28e23
8498ff02
d6b843e3
3056d5cd
c1b69459
8c17ead9
b2a0376d
ac539de7
e81f95c2
ac0a549c
e07c3507
27a09ed9
77d8c050
fc26f377
b64183b4
e709040d
f5c0e8fb
61cbeb7e
af265dab
269c0099
1ceafb85
abb0ed98
81c1cb20
4716a27e
db640af4
7af2029c
0d258b67
f950c552
f664ac50
1a185d67
c0ea62be
2c8128ce
cb8f8409
3d08c36d
93a8de1d
3d564123
53d81772
69ea268a
2c814720
cfa9b0df
f117b2c9
c2540d9d
65e23c1d
8c0be2ed
9db912c1
da803a2b
84810aff
58b5d0af
5a315fdb
93a72edc
aed16ca8
71e9a962
fa8d24f8
ff612745
2791d8ae
8e3da7c6
76a96950
2cf9b959
902a1287
459a73f4
12233424
ac702348
ca7c27d5
0089e043
887d5b7e
2828eb04
9ddf0c73
690fc0a2
5acd9c0b
e13d10bf
7618f7f0
ffe4a8b0
d570c5c9
f72a9a58
333e010e
07977ac0
7a947105
a1632a79
8f9873e0
92cf9015
707a18ed
59d9fdb5
8a66dfa3
2f724068
912f1def
e178ce74
b803e0e1
62d68249
58b16f92
4e4ad263
5ff1cb26
bcca7733
dd6ac792
3fcfe2c3
97470c26
b5d64cce
233139c2
702eb7e2
c758e3bc
c08cfd11
a4eb9822
ae5c074f
e4de4d2c
ed2447fd
b1d00988
527d03c4
4b0c900c
4f133f78
af61fa22
947fafa3
fe02971c
88d7886f
d62a1805
84ed681b
44f262e6
c53b162d
d71e56bd
7e31c0d2
d241dbf9
03e8505e
6c630b20
076fc841
175f393e
b63b7024
7661ae06
1acc4501
7a0e5b93
ee2965fc
8f0193ea
58ee34e2
0d49ee4b
07a7bff5
bc01516f
43bbacdd
70ea40ad
62d7e8ca
b0f26546
cafe5040
0c8008c6
afea13f6
78f7eda2
08165d9e
a35a20af
714c1d77
ed0c391e
fd6c8ab1
3ff7c339
a40e50bf
e75f2972
e566bbc9
4749573e
8f99b32b
2b0e21f5
7abafe3e
8fcbf475
5039bbfb
082f62de
93c26d57
2d502de7
1f6bac59
8285965f
a29b78c4
be756af2
d2e4b8f0
0d97b8d6
2776dee7
607f5695
48aa7afe
1e9b22c5
a58c8fcc
691d5f50
40ef9a81
8de7a46a
2b0ab586
723f2a07
2bf22680
21e769a9
57199cf9
bbbffbd0
48274a78
33d404db
46afc729
6e715f7f
3b028cde
4884a8f9
52678b35
da9e0c2f
e73effc4
9f6a4d83
073d52fe
2b395b22
0bd619be
2b0bc860
ca1c25f6
bc3c5088
bc7096aa
1604c078
15e5a80c
5059744c
a37a3f32
13fd9516
6f879945
16d9b400
2e958f83
e82ca7f2
e65d39dd
f8fa94b3
4d27b89d
b346a313
a1bba99d
0824baeb
e7b99a5e
9644761f
a7206dfd
c1395e8c
822e050d
7428325c
4da61bdd
1cf4fe2d
53b6d473
34bf3d57
98241f59
abb75320
00cd621d
5a8eb433
a569d8e0
dbd49700
ad3e347e
21373f83
5608f906
7ca6a933
d2f4b5d8
8b4c7213
4f31cf6f
820d0204
f086aa24
6a45594f
acd8bf9c
bfc1d6e2
4418c2bd
93f9f5b5
155b49a7
62d93c5c
dbb6801a
1478152a
8d4b22c4
2f78b200
a1a6b489
880d39ad
77ca7da4
9c178d3f
fceec22f
64326de4
016a21a2
d9e4acb9
286fb92d
ea9d3d8e
6031e721
0c1243c7
50d008e9
2d42738c
f1681a77
fc13a48d
c25e67ad
fd3777d4
d9f403b9
6606cd0e
cde0e7de
1e653931
d06fc196
1115f88b
ebe28357
677280ea
8368b662
54cdae99
102fc1a0
013b5ca6
f33719c5
b2ed678c
86f957e0
b66989e4
9043042e
96f542b0
e600d28b
d7776042
795c1367
24d0247f
0b4a2234
2427e577
05f903db
ba5107b6
8738ba8c
c3b0bf23
66cd9ea6
d963ac67
71103ab1
99e3c524
be7ed35b
589f95ce
2ce9ec0b
239d906b
affaa0b9
eed8ed63
3c281979
417c78f5
9c943d2c
fce73ab1
146c5a6e
c6233506
7963aa40
0390d1a0
4af7c537
8d27bbc3
50ba750e
6f0f30d7
bb8fb429
15e6cb12
f89c3d51
c3be4253
69d050c4
5e01a5f1
4b8a94b8
79792a27
c0b99c99
25ca3095
a14f2e7a
f3fdef71
fa491f9a
6ec38d4b
d23f644b
8d862efe
e97440dd
5df554a1
3938d76b
3b0a1a86
521b27b6
a6b5a23a
2405438e
dddfad99
c310b5be
08ad62f5
4c17dcd8
c3f508c1
c4eb2365
3c392347
2e0632f1
60d529c6
cd05eb42
1a1029dc
18d7a2a9
0ee7f292
9d1a675d
8d6d5e33
b4de0a7c
b0d3dd49
2dfe521f
e0320676
60b26a06
77b574bd
cb5d56e4
a8337f5b
be3bf662
d5cb54da
81276fc6
3f092f26
81db3971
8a77d2f1
adbdf648
06f9e67b
30461069
e41a7b6e
65241d4a
d27f1dcc
9360d159
2cfcd714
e6dbe004
6efdcc33
9b343c90
02187740
3e2a804e
e4dd21e5
86a1069b
b1afe9c3
c2cd9b26
eb3e414b
2c786bcd
2693a2ca
7363b415
a27a32a5
8aa4fe2d
d6499ed7
42e80095
8618ec8f
d95b8b60
dc6ed491
1c4fd437
28a4de9b
dc36c7e2
51898ad0
85ffac16
252ee34b
b49fb7cb
eea37651
792cfa40
6fb69f8b
94f88456
ffba7ded
887bb9d4
2361f23b
69a52ddb
9039cade
b1b1e402
895876f0
5e68eb7c
29151774
5b4b2285
1c704287
eb149167
cfc2b0f1
5bbbe3ca
d0057691
ec98835f
daa1f9bf
9f47cb72
18280af6
fc3f1ee9
15cad375
430c0755
77eca1a0
4e848c7c
98bd1924
2c1047f1
76198e79
fc390b95
d44a2924
13b0a987
2a308a53
862f7632
070fd9e0
b440f654
3667b093
a7230f2b
005ddd16
6a16fb73
0b191c98
344450ff
93509fce
df5f3d74
9df1cfd6
2904c7b0
76f55869
85383fa9
b1513de1
8abec984
71a60b54
81cd770e
159d3ad6
16f8b6c0
50114f92
040e489d
7b23e67c
3380b02c
713f7615
1d395953
c406c0f3
1ec69700
7772b67b
0f7e4dd7
8934fa96
388d27a2
78eae1cb
fe1df2d9
4dd89663
79852051
11640691
7da4f93a
9f8966ae
1d6d26e9
1cf84905
c23c32e7
17636ce5
55539f68
aee6d4ec
5cc56186
df45b286
cd8657fd
dad1bdc5
3b5813bf
8bcc75cc
21d23506
34d9f60f
75197ab5
23d99bd2
9635ff2c
ba2cd654
bfd6b55a
c296695e
3c357022
f775a9ec
080ac49a
8502f6a5
3bde205f
237953ce
35bb519b
d5c823c6
d27e5e9a
546c606a
45401614
4464dd07
9669f497
07edc125
884aac91
30f2c19b
64f11f44
491cf883
ec801af6
44a07ece
2cdd1e4d
53654f3b
6f20b484
cc2830bd
728dc8a5
0f5cb39d
384e3bc8
a95cc6b1
d33aa2c3
bfd8c0fe
25e112e2
96c19623
9e6f8a09
b9c42deb
bc5fc0ea
7375bd91
00c1a402
35320f24
3af2271a
a446eccf
cffa0e09
558258b1
327a7cba
98749dc0
3f90ef3f
f13c4ffe
c633518f
79ed2fe8
b41fb230
ce25236b
6293b9e9
c1f088cf
937c0a1c
567a639a
e4b08174
68fadb4c
9a32e477
bd393e06
1ed4f359
bc63104a
664f03f5
56c60214
240ba937
2a966f0b
206fe6db
a1722231
1408b802
104082ac
8a92664f
4050ae52
1073051b
78e97bcb
0e116164
7d64aef9
d269b0ee
5c4a3fc7
437c04d2
69146740
c673f98e
f5643849
67136666
258df3aa
2ac3b5f3
1721458d
2fa7f366
428c9deb
d48570f4
a1c7147a
79fd36bb
deda4dca
01d011fa
51d4a13d
a8905a9a
e9785d86
a845f967
0581b535
8adf58f8
a48e3a08
e6ea49d2
490d78a8
43f2f026
96f09f11
fc50bd3e
d84663c7
d09c601e
8366edca
59c10e8e
0b285570
4bbb426d
8ea32b5a
0563c3b1
67fd7201
2c40900d
9ac8bd79
127328f7
7ce2a3f9
f2da6171
e2bdfbaa
e071f07d
3817bfa9
9836230f
b8ad2eb0
41ca6abb
bd46a0e0
5b6abb3d
5a25bf34
396fc214
1fd10e9f
ffb00e27
06666e3a
fd7e12aa
5854885e
1a2c4831
f93fd36e
8f8c5b0a
7de0cd69
6de185e5
9b9e6007
db87dc78
979a1f8d
3ea7e5e9
0d60254f
9b1973fe
1053c5c3
ae31d9d8
addaa92e
4668b954
82df3ccd
a5d79df3
c6e124fc
229e4bb6
af15f27f
9554be03
a817ad36
06d3e5ad
c241eb23
c0936179
3ec7aa50
3441f563
03129cb8
d90e18be
1cec5803
34f6ec60
6bd6f743
98753e3a
02d144c2
1fa98b13
ffc6f0a7
f634c709
bd16bb49
3dcc4d3c
294ee90a
73a11e80
f1e05a8d
4e9831a8
f184d148
1bfb734b
b5381335
6a279927
243c7e4e
2ab78a13
19dacfc4
3f9db140
2b65b81d
dfebb6d4
962b5c4a
60848b9a
63e9dbe4
aae0baa3
a991891a
d1808fc6
7289ff72
fd796d4b
4bd0fadc
92e74362
950b3b24
c00d1ae7
102ef64a
443166d3
103bef90
b27791f5
0a98da41
3944fc4d
cf78f061
1ebadfac
95f641cf
cc35f72e
0d087d98
b58cd838
4f526aea
c20b09a8
1eae297e
5881e7bd
9d988e8a
2f28ae81
2917ae2e
0824ffe6
dd29e39e
c3617b25
89edd774
bd1ae03c
951802df
c0578497
928b7b38
53457d93
7f0f227c
dbe09b3b
197c523d
0be64a6d
64b81784
576c4031
8736adfb
1bff8c9f
cba49c45
9e8079e4
e279b3dc
fbe7db1b
16d70263
581c8ecb
cccb497d
8d62cda9
14a1d530
37980063
d70f2a6a
8e6a289b
be34e3c4
74879c0e
1d4cc77a
3fcf4ca3
a151044d
bcf9de51
87de8c0f
70b441c1
b80f65f8
ecca967f
759d3f74
f9439ef5
ceb3160a
f6fcb701
b2e94e83
44eb4154
bde2d8f3
9e4c89f3
e9ee1ae4
545aa8aa
785bb422
65ba9a7c
3b0c83f8
d81f6e8b
a5aba455
6477cf54
a9822840
b0767fca
68ba3adb
f30cd11d
9e374763
4dc61b22
e1ee4c14
84e81023
68056f4a
e8deb729
358c85bb
36da4fbd
a4c23bdc
5e1ed348
4929bb75
6ea49dcc
7cae7756
43771d60
e0d437f5
de622306
c4372623
1302367c
70a287da
5d91d29a
62d5a1c4
67133162
351799d9
e7030925
1e2cc1de
03831d8e
f796498c
4c94fa4b
176bef3b
ae7e184d
a5d640d4
5a8b9344
d366d478
d323779b
c0dc67ef
de86617c
e82d524e
e528b118
8d3059d2
dc6e95c7
86166afa
8261452f
cc67b080
1174b82e
e07aee8a
beb89e3d
a755119e
12d41aa1
9e855e37
f19335eb
2b8cdfb4
c3c6a38b
ef7bb918
b8a5c07b
0c0e4510
418acbf7
e3466bb6
f0dbe7ab
2cf8cc89
d0bb333c
66ee6fd9
2b266579
37803d4f
18521ecd
5cacfa3b
05607b70
4356baa1
4658a55f
91af0169
346c76f6
c3d1aee1
b7fd9346
60f95b90
f95cdee1
6ab1e809
8a103aae
8619d0af
ffcc9c5f
6e95ba32
4ae74544
93c6bb3b
2b1f0882
710a3a4e
b02474b2
f1770260
29c16a16
8e4d83f3
052bd730
dc4da412
71456adc
f4f539f1
c250a6e1
79b67ab7
30beeb1b
56cf7ae5
8114e1ff
7aa7ff7a
ee4926b0
216489de
d6678ffc
65b86809
0457fe33
cc96bec2
ade42ea9
9a03795e
933b05a5
f07899d6
b1c338ff
f9a9c6b4
34d97739
b9a88a99
010a015e
2ee1ce94
30881dd0
f7268925
28f872bf
e445461f
fb46ce70
7a2a70cf
e9b64177
4a54b037
fff84367
116c5224
cfde02d3
13343f76
feb43c22
27e5b891
3266ea00
6fa4383d
2ded3ad0
520a0a1f
eafd1861
216964b4
933d5d0d
c2202ad7
d8b82a04
d24f190e
3e40a7e1
8076eb20
4dd5102f
42b81a4a
45034c17
033b49d1
f2d868c3
37ec75af
c9ba340d
9d2c867e
51232771
4f45f6af
1e47f883
7beda380
9a81d157
e39d7b07
58b23c2a
5cab7be5
91b30c38
0b856edd
242b225b
20415daa
5dbd2bd3
c166401f
7429ce04
efc587ba
1f79e780
e323eb0e
7413ef55
1888eb4d
0ea28c13
8ba78a95
a1be2435
5015bb5f
981692bd
18e96b6d
8c7f4ae6
36503d5d
e8418145
4973bb34
42e03ce5
6391dca3
f6911f62
462d4907
1c06dc43
ea177fab
cdfe96cb
af68e7fe
78dc8459
5a35b091
ffe55133
f85f5ed2
1570b3f3
6e4b4587
c09be82d
f71c5709
916919c1
929a6249
5b810815
730dd0af
29640929
ee62b0ca
b446604a
61726475
ec93b269
2cd7e574
13cd8715
ebf0112a
068463cb
6e47efc4
b33f9cb0
7f6037e3
ebee5ff5
0daa8ce3
e8079310
29b3b82b
8a627263
05049ccf
79ead541
04ce5314
77e7cf75
0485a0ed
0df5d49e
7a563140
a808e4c2
9769effe
726e420a
40ba652d
edc5b15e
86b5d8e8
a6f0bd3a
03fa1cd8
75d265c5
63442213
e9b5959d
9b638161
b0640fb5
0deca607
9cb141f2
d845b829
84add3c9
e0d2a98e
6c21ea41
34ce273c
22d8ade2
0450558c
e43a69ea
132ed70a
8107f593
51e0997a
1ba1a8e9
0e123483
9d588d88
efb9aa29
be9c2ba2
7196a27a
d172b670
bfbfff89
2eb7715d
ed5e4c0c
5d5d5208
4789bd80
eba6cbc1
8cce6134
0ec96f3f
3f0b3fb7
4ab0e974
b9b2b325
0b11ec9e
c053b2e8
e28c9f96
064b1ffe
b12c0b6b
af4f2554
0f64299c
0289abcf
dc6d01d9
0e483511
9d5a4f94
4f0195c3
85439eae
edce4cf7
7c3b013e
6da551cd
0b078d01
ae0afa2f
52af646d
62c75943
daecf8cc
7292492b
7c74b6b3
5b4d67d8
be90d03e
3aec5a94
b1c8b1d5
43326c6e
cb5af33c
d93f6c44
fec28221
2e633aa7
db26377b
743f093e
92b04785
4e27e6b2
a405cea4
c11fa15c
9ecf7608
6da49333
eb9289bf
5892ea3f
b58d7090
38d2b746
9b163441
fa6c2576
d4d621c4
33bd32f9
d5562fe2
984525ac
575bf621
5e8c3764
0ceb5108
c9e2f865
692bb8a1
127d37bc
b85b92ca
3b40ef8a
a041cdef
c66f8bdb
6a02534d
5f671755
44a25e6f
c22145fb
63ca52ca
a8a0ed07
24abf869
e52dc045
02e1a8ac
8a7d51f8
8c1bae76
c64d5888
5d9a3333
8cc72922
80cb0d0b
23e947b0
2f2c5715
77a7c432
2731b2f3
0607664a
a5480791
d79b9487
c1c4eb12
651ffc1b
57dd83ae
39027bfd
28615c1d
9805780f
b4d47946
65e7a395
ab9147f9
d46fdaa9
19646918
70118092
cece31a3
b2e2ae60
3f5691f0
81ffc2f3
d790b15a
b874e87e
8b6dcc19
11d0f52a
eb87b458
7df32337
678847fa
020b2b62
872ec511
3b5c2914
01977724
f7b66ef1
4e595589
46a33616
f132c35b
30875b21
482146a7
fe8451bc
39f1597e
77a7816f
8e382d26
689a0d4c
5f32dc3e
fa91f8b3
33d0fa05
d5c92d77
ab94972f
091ca706
94954ef0
a0e49acb
2ed87ce3
7a8ec118
36742a6f
babdca92
a5c79c5a
7300f4b0
eee79361
74f5fe86
620f1a6f
0178ae5c
d239b106
2459968d
1fe71f20
822892ab
19588e83
367e20c3
6434a35e
1f89a7c7
c0c93177
1cf8c00f
d9ad50b4
21c0005c
5c92358d
49adcf06
377bc5e8
0157faff
1c2835b5
d934b69b
42c471c2
d9523473
21b06a0b
65715712
f95d973f
2c18e70c
9839d539
e65f8149
d1efa90a
c34fb53f
ad5f9670
46c03fc3
afbfd0ba
d2e2920f
8959da3d
3da5de56
1125e0cc
271bb5b8
4ceafc76
21faab5a
41420f57
54855a4a
a4719fff
cae1ed0f
e41d7c3d
6d8731da
9ec4ef7e
55006d4a
2ac87596
fd82316c
2399defb
fb454ebc
dc08cdfd
f8e5c149
4f2e5232
60089244
b2b57de1
fc7a351e
9500c62e
2bd43f6d
c55626a9
54e01c12
baf0aaf9
e8ac8f58
c36baba9
5f94174e
b841fdde
be71806a
e3416d23
4c599e64
ef8506e8
e3c0a343
26b8fdd9
6b82aacf
99023f21
382a2aad
eb4df85b
db5c33c7
c01e1022
6825e6e7
2cf2e543
dfcc07cf
9b469aa3
816b4cb9
c1c9e8e8
c521ae13
e4870d4a
344597f5
8a7e00cc
fbe97cd0
a57bf26a
5caf8670
cf184fef
5c4bee26
4c6e89c5
ecbaf4c8
29fa9009
0ca413d9
81931060
1e1c09de
a0978f79
b88a3f4b
b30645a6
d7718d58
81eff385
73b6e486
954d11e1
2b4d55c1
424bfda8
317e46f5
2590a76c
ef8b14d1
a39fc0ae
ff3e3d88
a34c44f5
4beb2772
3a986cc6
071752ca
86f49002
89dcdc75
9541e89c
38a0079e
09b1b5eb
2bc1f2fa
65a183b1
37d57f54
9e1bd94a
61f0c428
5b002553
8d936fb7
56d3f91f
15bfc677
e69702a7
b3ad168f
6466fd94
5eb579c5
e5c8ff08
bf6ba062
6ca23283
a67f56b5
ac8d8aa9
a1c5f080
279f878e
ec6d5479
edb868bd
20238e9e
8b2b5bb1
44a9b468
7ab9e691
023f2d6c
77d14a78
d7cbfe52
5cfa6b9d
0667535b
c2d9fcd4
6d10fc5b
c8d6691e
88cccd2f
175ba036
bd2908f4
c765a4e3
5d70a102
66298dd8
cfae68f7
d5bd4c49
16188bc2
af1df4eb
446592e9
93e09297
87f47203
2df660a8
891e26d3
611f2ad8
b23ad1fc
4633a9a0
74598e9b
f3e3730a
8ea5ae1d
5d9babca
95ee4950
8f3ec867
11745b96
6ffb9383
11a19386
8853b1c6
c42e123e
01c31d85
577ec167
94f9aeb5
e774d349
2b346b34
f69ef6cc
416c3b90
4b487fcc
f548049b
3579b63d
7843f920
46646d49
fcc90f43
beafd87b
79d3477c
3e49975d
237eeaac
23a06c1d
73d0124e
a2676126
2f819e3f
5f9ee32d
15759655
9faf00ff
6e9ccb8a
123ef1d6
ba70c7a4
8795720f
11c1a850
b64e4692
b6935f0a
c1c44891
a0046622
24cef283
cedbad34
e3a4c875
a0fe4606
c0a452ec
cbffc5ca
7dfab1f2
5ec19d28
898bf0e7
7297f666
a01c963e
35c48612
2d2b94ac
35d742dc
83e8d1bb
cd051c51
b711f3e2
585d1803
06c63014
ba1882a8
3dd09208
11949091
4dba5c6d
c8e8d385
e2132bd0
e666ef9e
0e2fa5a8
07cb5474
ee93e8dc
bcd2c774
a0e1d1a0
16d1aea1
26b0fee5
23dd0b51
7cdd9094
3195cd16
d72930bc
56f68279
1dda0096
31b82b7d
d2fd5d2d
7c8f5714
3028fc7e
01839a9e
b56f757c
efcf6d41
79e8cde4
8bb11aa1
7c6dce64
d1a8863e
24bed866
5b9cc2e0
e30af2d9
0867e703
6196d6f8
2f606199
a23db435
ba36de1e
cce95649
4d8c41fa
4f8c5dbb
adc63c98
b4241f5d
5b345b19
018651be
bb4a38b4
4d29eabf
01e6561b
b67a9631
ba2717d9
168e1309
759c164d
fb83b098
7586c670
3a93785c
a7126415
935161dd
f387342f
5cf641a8
3a0b5e8e
054c13e9
9cd404fd
0de2efa0
8dcd4f72
0c55169b
8cd4f412
77cea589
32c6dbd8
80cb3e2f
1cc9a309
5edd8e82
25cdb870
c43d0182
5fe81571
b433538e
35815de5
69fc7ea6
9d50132b
762f0b2f
2e1168f3
47042657
c361b240
09ed1bd4
f6cc6bd0
60aacfd8
ed21182e
3cd08847
ae92d2f2
3ed91008
1937c458
a60eaa49
c72fe424
f9684850
1122190c
ecbdc982
426d263c
14f1e113
4a42c7ed
77a77ec0
b4c86b13
17bbfdaa
28323183
adb05113
eae4a256
bbb37589
8bcf947d
a668f648
b815596c
4e2b246f
ddd5981b
03c7ba87
f588896e
4a1da2c2
425f68eb
19de2ae2
d1467336
7be7aa2c
70ccc1df
77af79d7
421e974c
b3483425
c16b239f
e617de6d
c1fabfb8
5215d685
7bca5ccf
91cc3774
9d64d7af
8b3f2207
d2811314
ebc71380
f84e01e0
070f777f
fe3a7a44
f45b1845
c6b3d80e
35766bd1
3dc7d1f8
a9c4bc11
d84208f3
0bd63ed9
a7dc739d
b937eb5e
b7e708da
5815dd2a
ca1cfaf4
a675b598
1242d4ee
130a7add
656bd9ff
7b7b0db7
437d0381
99db67b3
1488be3e
41e113e7
93bf190a
418af665
e52268a5
d1ae45d1
25684141
5213e61a
6c95d145
defdee11
dae57aba
8b6a8707
67363024
a2f95885
717cbca9
f8903f97
a71fe817
c5c8ec25
2c60cf0d
75c59818
8d56a1d1
ecb1cdcc
995b9bce
e0dc5374
cc2bd7a5
ff8d64f2
f672f23f
9d587f69
56ff3858
e6dbe5b3
9f7a9bca
014a3d6a
7a4780c6
9bb87793
47f66799
381de8f0
bef3a2ae
0ef57e30
4c695f00
a0d337c6
fc313355
9b6d39aa
be5a85e0
c7bcb666
fc8ab981
a7a6a310
41bb6e6e
a3f63173
ab0c5b43
710214e1
9a3c407d
78198cbd
3c69911c
673ba7ca
069f6c3d
dc7cfbe5
f18961b9
27df7929
7db9237a
78be9933
32ee3258
8b1f8416
2083d8d5
90ed4183
df2891dc
6b536c08
9720ce97
fe343176
a8fb7061
5de32b7c
1258bf75
ae73419c
55baed5c
4b1bfe3e
0e1ad0e6
77fe7c0a
5a9a17fb
9b79af29
f3941774
a4546b0e
669a8f21
ad5f148b
f613f8bb
c4df7421
f8839d23
0e7922f9
e20a1bdf
da0ee106
ff2db84d
750cff5d
8d2f7a78
7fa42b89
ba3ab0bd
db014d24
ab34f58b
bd1272d1
50406d6d
2a0ce96a
5a31d3e4
7df66515
ea342735
60b7e47c
65330ec9
0a4c21ec
683c0867
86406783
36f50f53
b54ac38b
c0b90329
55b50c14
7dc98ba8
17c77fff
d394520b
35089afb
3ee7f13b
4aa278a3
f0a52cf4
3aa5d2b0
e09c65ea
f04203e0
d5e3dea4
9f3684fc
2e932d1d
7e723986
ffcc7d9c
e73bda1f
3f7b0108
919a7a3d
f1901963
047930f1
d59c6fe6
e5b4a6ae
459dff8a
12be3073
4a0a3924
9aba41b9
29703ec4
fd614527
174ae0ac
e4fee6b2
7cb549ec
67df90ba
c086de2f
259ae1f3
a2a4601a
a935bfde
a16653c6
dbce06ac
f11cff09
02a0bb1e
b6abe244
153e0375
a5d17a1b
b8539d92
37531bf4
754df8bb
bb5576d9
b8f43d66
5ce375cc
957cf2a8
a4534348
f552ae58
213b5a04
5f4525c1
487ffa7b
411efd12
abff3893
a6147c84
72c17cec
1ea0686a
5305f0ca
1807e19c
c64d6155
b4924998
3182d79a
63366070
e006993c
e73ced56
220abe8d
d8fca1ea
04f6d86a
799022c0
8bd4f306
4f094079
51e62625
2702ba92
7ec98515
35f9fd70
e9da5568
4f53a1f2
f7062791
b5b6004d
826c8491
cba5459c
7764d327
8fc3d52b
5c1dd459
6af64540
dc798f83
e5953110
e554b71f
8480e468
21bcc65a
c0049143
29ef7fbc
8119dbec
0f691c4c
d4a9a84f
b8eaf9ed
dbeb6515
60f51ec0
01392721
5b4b0564
485377a1
426aa872
cd836c13
20e1eb80
9b123a5c
1cfad86f
50ec7f0c
d67224ad
f3921a31
8ac81f3c
d09f4df7
87732e59
682af26b
b6d886ac
95b39fb5
0afe4583
6358a394
70d6369e
ed768d5f
2ae0e15f
4b52e6f1
219ba904
9862f5ca
7a347047
8e8b533b
d7b0346d
17dcf2dc
59afeafc
d777f6c3
62c79551
5eebaed6
9b2d3b4e
c1f6b06a
bb0ab82b
1111f996
92ae314e
add961c6
0c218d97
48763d5d
e35e6aa3
8af2ce7d
1c4e069c
d28bd120
2cf2c56a
4ff4a2d0
582c2396
476e2a9a
5f28f09e
28997a00
5bcbc433
33647718
5c2f40bd
f68a0b23
970b82db
c89fb807
40df88fe
489a78a8
7c6cea7a
71ec76bc
a8afe011
b22a867c
f90de6b4
7f92b885
446e2760
3f51e289
e8527837
2eb4d551
a4f26208
47f452f4
353f1e91
fe16c29c
6d6b40b2
e3fd648b
1e19dbbf
1c059ac8
ff7b6cc9
fc6e409f
9945bac3
9a5046e8
9f6498c7
f1a11a27
28fa73a1
7ad6b7f3
e283f900
580bd258
e77dfc9a
ccb5882c
0a29f57f
483e2498
3ba0a265
a8279988
f2064770
d883d84a
c93ab700
30025b10
1d168d92
82ddaea8
30c7ed73
8bbf74dd
783a2abd
d73ac30e
bf42d0e1
74163bdc
bfcf1aa2
38ae57ae
2a4b5bc2
2b5bb5d1
a01be8d5
a84e6424
0a5efc2f
1016b6eb
1ea600fb
98f09ada
b5f1b97d
74de0f74
1562854b
18c3f5f6
1266c9c8
8bc9116c
ca7e45e2
b3820d4e
ab0d932a
2ed5e03c
fee37801
2147b943
a551dfd6
0ca59536
778ac8c4
23e1fccb
c500009e
f07fb9d8
87e961c3
5bfaa004
1a89f193
a5f37963
d5d84fc0
dd01a578
fe938936
ec796e10
2147f869
12b11db2
3e1cfe0d
bdb185b7
189a976a
601e83a5
451bc822
ab794261
ffc75eef
0e83530f
5b514d16
5876cc17
a57dc626
a7d4d852
0c832a95
0305d38d
3d6feab4
bfc120f7
f9f40f53
2f77f59f
1dc698c5
d7a5b2af
c6bd4ab8
54b39908
cf738d45
214f5c9e
d071ac4a
f877634a
3a60b596
1da4d8d5
1188459c
449bfddb
d492630b
91b2d251
5e2e13b2
13c4fd6e
75d9e540
357eaa47
12634425
5e7a4d49
03b36fab
22c6db35
f45c3b08
24d7e27a
60cb9cef
f052f84f
3c8f6c27
68dfae20
a590e519
fe1b6ea6
99c67147
8731ec0c
e2dcd758
8935ed2d
bad8f2e6
025b9e2c
8f512528
9a403872
9dc8b0b3
60d703e7
2eab46b1
08f3dcab
11463de8
49d6b121
b23e1fc1
e778ebc8
1855ff0f
b3631bd6
18de993e
10ca890b
de29cbdc
6e646c71
e3dda8a6
d0a8cd52
ee8f6e54
73269fe7
afc69fb3
23afb9c0
9a52569d
3de08424
c37ffa1e
a4bb5204
4af71a6c
e5bc253b
0cd9db3b
92104f2a
b773551a
1ddffa36
62cc0d32
76891096
6427849f
41abe38a
854c7ae8
075f29ac
2a34c952
6f1c223d
bd790ab4
482ca07c
ff429f97
17854b8e
7a8dab7c
d0398d74
82082bad
bf82bf50
480fa9f7
f77f51b3
699bdb0d
617a861f
7d9d079f
4c98fc0f
cad2613f
5374261b
9177d201
648ddca0
976e7111
0f650bdd
587ec91d
d6d866e3
eaf72802
93d3ee0f
064839f5
6d279183
3c534e10
6c8b6e57
2a717ffe
03db13ed
7d12cea9
fcd17775
bda4de05
d58b79b8
00907708
9a275979
6e585c78
32c84ecd
4979fc86
d4cc248c
7503f4b1
471d4cf5
4de99fa7
5448b8ac
7904f435
cefd1536
d71da137
643d0a1b
d24fac55
5e40686c
e05cefba
be73e718
378fda27
a4ec4bb2
da95e9ac
ae5c2be6
36cd36fe
396abcda
f2bde9ca
ab2d90e7
05203f77
5601c81c
86f34602
0ce7a407
92cc2dc1
b7c9dd0c
903d15bd
5faea3ce
fcf6c453
7e3f2661
4f2f9f5d
3c0d5af9
860f99eb
1b7a6adb
d31e16ed
55d40cc0
a8efdb13
e3248340
e1a38355
797e46ee
8c8b1414
817231fa
91e5bf6d
e0acf9c0
61154820
08f1390c
2f6fb97f
fbd7c3b5
612f8339
4fdfc51d
45c57631
2b14c756
523e66de
37deb4d6
04ecdfe0
5ad07bc4
41715d95
5f1f8269
075a7132
e2f2be92
3c31e70e
6d917233
2b82c871
1001e404
e0265bff
82ba72b3
4920dbcb
78faf825
3c2a03ee
9ec77acb
8e2b5b64
2991f0e3
d4887f20
b8160544
1254efa9
ecaf7389
56064f77
aaffbdb3
79f0cbb6
6d34c8cd
350c0165
6ad6c313
dfc8b661
d68d7068
78662569
4dcb7dd5
9e21aa06
6ee289a6
13fc9732
3c27d8bb
eb2863be
69045fb1
e9447da6
26ead0d0
0b4eb8e8
8929302e
1e70b99a
9b6ac60e
22ee92e9
e8c163c0
7d0de684
0accc2cb
bf682c0d
a24cd11e
761ed0c6
4761e3ad
c3b2c272
843292ad
06ae3d5f
86f97bfb
fd29408b
1d10b686
e9a0d383
7af41243
b6a1942b
9616b53d
03ff9435
c048a0a5
990cc170
9ab3ee91
1fea28a0
8dc50701
16acbe36
0936254a
6cf5fb47
1fc9d41b
71213a89
98a096bc
135cf733
93516952
e3eb3ae5
01fd0fbb
99926e8d
dc498753
8c828629
6865bb83
9bdb7c21
c3ddf896
ec07bf28
7d27c00f
fe7a3065
e0c257e5
39b8e9b9
a2f4a1a8
de30c416
42531b20
64745074
b4b6a565
ff94e0f9
71c25ac7
c935ec45
b00747a3
8ff397c3
3a265d05
12da88a0
13f4f632
e08f3de6
c20705ac
b83d631f
4217fe78
4cd87194
f067698f
991f5d87
835d4d6e
3d2e52cd
a2966067
aa080810
52b1259e
2bc011b7
759aa32e
8541db0e
f146236b
a1e7bd42
77772f1a
1a8caa39
d1b300fb
2dc993d1
adebf040
85cb9c52
8821a4b8
7a55d398
e17e58a3
1cd54961
034960b5
6594834d
e1fd788f
d6383924
a49750af
b3172251
435e946b
44c6e652
6c00276a
e703b0ab
81b53a5c
e1698b26
1e6720a7
6ef53351
f765ad53
411ec533
6eb60ff6
a559b0af
80a222c2
2658a75f
8e640fb3
ffda2634
5a200e14
2977b39d
b98bf364
8a25891d
95b1a44f
59efa541
4f724ced
7386e790
55a9fb35
effc089d
2aed017d
a1b15cfa
804cdd20
8a7e75c0
4dc4b839
5fbea828
9faa1b80
c88436d3
9f1b0b3b
ecbdce4e
cb50fc62
eb6a9c52
69f34759
690f0399
3f12238c
ba199c1e
45b818b1
21515696
6bbb261f
a0c304e2
22deef78
d69cd698
62283e14
098a87bb
6583e03e
ed642a95
f9f3b02c
1a7cef48
cc60050e
e82d4c2f
280ed19d
c2d3aba3
b477c584
868a269f
0a48ae2b
3ca1a3db
510957a1
41629652
d6de766c
8a228493
e0d7fbec
419089a7
ac978c00
64b1b77e
9245ee56
7b9c3a29
42398e18
76d9fa27
3e611fe5
99d48445
f3129853
083764d4
ad93ca80
44319367
13633ebc
ba09d5c1
a69c3e34
acb1be6a
996a25b9
f6070ecb
16143950
a20f1f7f
782fee2d
1b0850ac
029f3ca5
9ca383f5
81ae8e91
8f5ad844
ee1990fc
313d553d
430f0d70
ec5c6ca0
9ecbe6b2
5513eaf1
81a1a5d0
96b4e4ca
66ba3625
05eba4df
8b05c959
e744456a
082cf7eb
2fe56532
d55d6868
7294c26a
c08b01a9
8f1c1b05
9fb53c4f
fd1e5ff4
50a7b52d
ba89f619
6a12feb7
cabc2e6c
045cf43c
1f5334d2
4861a2f6
7c4c136e
9b89fda9
bfa8ebb4
f0f7692d
f79c9c63
6244fba8
198fe9af
453a7414
4a00b9fb
1b1da561
af5bbac6
c291bde0
6c92ac75
2d9e21ba
37ef7c4e
6c28d87c
c8a366e0
d4a6d4c8
8583bb36
14915386
0fa9bb27
d08b5a05
f62f2bc9
2f52d000
33471480
4d625f87
bd45f844
c2813f4a
d7c23708
e4082567
227d9b67
3923068e
a211c76b
2c3fa9f5
05f868f4
d6c6bb1f
8fba1478
b223287c
59342e91
3afda69e
522a0f21
b7a075c4
e661ea67
d9b483df
f209534b
f49e043a
091ee216
3afb6724
bccba3c9
ce93ff79
06c3cce6
4f8eab31
48410429
1745509b
df646ae5
6df71eb7
42c54022
9635e6c7
df4ef66b
0f572824
a3bf304a
eb553c77
91bb02cb
e1143a9b
4a21e283
d219f0d4
e132dd94
4f24e826
458295bb
20c9a314
f026704d
05a76710
711d734b
8ed2197b
63dd1b5f
98ec3b51
72344227
420283ec
8e6488ef
97020789
b865daf7
a5a4f499
78b79aeb
d9529180
bc42e8f4
a9995a09
98663ff8
75984658
6f78e54b
2066e71f
4d861bec
2c56b2d6
f4146b19
88ce6e83
7c4831b8
919e95ee
66113540
43ef02da
6556e1ea
21347a7a
5796f3ab
504001bc
8532ef88
ecaf07f6
ca66c08f
a4b8f5fc
29142aba
a7699069
fd2abf96
32ebcf42
6dc4e9a3
56312d44
4f71199a
b4f6662e
5c6e9d25
83906f5b
129edb74
9f590b06
f7d95b8e
e3f80193
d6759d0f
061ee36e
b875d50e
70929a1a
8c9372c9
7378646f
ef4942b5
83cf1ed2
283bd471
1e7499e4
e6186794
f4dbb390
44da5b4c
c4b650ca
991a165b
f60456ff
cb003099
3c9597a5
9df4c295
aeef1fea
72e0a248
e512f626
b354197a
85a64f51
a36f0d6e
921c21a1
37527317
e5be61ce
2dc0d421
9637e83d
c1ffb30f
3cb85662
c5865364
8266d389
5b915b3a
5bee41ec
f26e0463
88d1ced0
deb96d30
6059f974
072f8425
6c98a1a8
42ccd70e
3ca1d343
277c0847
dffee9a8
103a6013
c0aa4481
82708037
8e8f77e1
9a3e476d
dce80532
376d30f1
a479b7d1
f3b377d1
01674823
bcd59597
a28be887
14c3d11c
5e830aef
01e024e7
f91df073
d7c6e7df
1a21d36f
46bb6a89
27ed6577
5d52671b
1915d951
06ffc7c3
ce00e85f
87ec3b00
a72710ee
b7c9cd90
bb207f56
03f8d2b5
9c1e4fd8
1cf20f3e
845a8277
bdbd9fae
61e4d95b
14fba369
c8cea1a8
e39c2bfb
a6d2ee00
636adc38
2447e6ee
0932f8b8
9e66e5e4
9d3170f8
3dec08f2
19f3677f
63c48387
3a292859
194acffa
dc37f59a
c9fe69ae
c109a931
9b46d5e4
63fe7bc0
497a2825
ad111c22
d3ef0b9e
5bcf5f1f
8e8b9ea4
db179869
b0b25966
61dbe9f7
7e9b9732
14efeefe
10140a88
0fabb296
bd82ee65
29098e4b
ca7aec2e
a2997798
190756c9
dfa7789e
472c32ef
3a4ad8b2
08ec51ab
d239c561
7f21413a
fab459fe
31ae7c68
deb4979c
a6763557
7b1c5aec
520ff561
0e2c5aa1
aeaf5a6c
1082ba75
bb56b984
97308aac
1d708545
d9a96241
a74ec18c
6ad1a778
be17ae88
fef7c81b
5d64445d
7c018857
61398a9d
8a458bfd
7ca8c088
2073c487
68e2613d
16bfccb0
5b980d76
95c7d728
268c0a87
b84bb67c
39f8366e
fb2ecffe
447f89f1
82f220ff
7bc498ff
e9fa9fc5
88318c4c
b499e73b
019be87b
68413f19
9aabfe42
f426d66c
79a461ec
69d9c451
52e18d85
50bfd304
0386846a
a52eca94
7509c278
5d6204e9
5f4db2fd
6f6fff3f
58dfd33b
4c8db97f
7c7aa0af
3c69a45f
dd6f8c3e
269b07b9
23c97fd0
bed633de
0eb8fc8c
e12c6882
0701abdb
b640c0bb
ed27af02
6411ff5e
de6a16e4
2449795f
84275a3f
23d56d5b
9a46ffb8
2ffce33a
25512fbe
bc6f8bcb
20d5428b
6051b353
e5edf168
f2f112a1
edc54e65
ce2036b6
89f74a26
1e9ab4aa
50a3022f
fdeb96fa
8a3550c8
763d8c1a
995d6ab9
fbce10b6
14f29c85
c2650c9f
58c748b3
ddac1b39
07ef7bb4
4f91737f
2df247a7
d341c141
0e94f011
df861647
fd938ba5
6c27778b
3db3fe83
c8a573cf
d44db98e
e7c45e2d
960b8ec7
d1b546c5
5353709a
6543d5ce
dcaaa28e
22e8670a
806d362a
7d5f465b
f1525b84
8f16416b
4019413e
0ec6d9e7
86dc4d4f
ee91e1b2
77cc10ef
b0e6950c
c2079456
b5607967
9ee79c1b
11258d02
2a325f75
1306782f
c6437d69
49b02480
863f788c
0cd2bea5
3db7abec
ff6812b9
3d22ee53
38e1370f
e1ca5570
37a96145
a39859bf
c6098b41
5c859426
3d35920e
01aea089
93fc3cf1
afa70db5
83f5d14c
e083fdbc
533698d0
6498267d
baa63809
3054407a
8dafa24d
312b79c8
c2420676
99eea4bc
3cddb69b
e796dd0a
0c6b436d
cdd54452
a0225e07
b45163f0
9618ee4c
4abc832a
b655de7b
0e3eea55
726d32ae
14e9472c
e5b2365a
b6de73bb
8bceb6dc
967bb805
37800a27
b7e3c72f
82c03bd7
e1778b2f
fd7e0397
f49f5fa0
dc6fbc85
d5975685
94b37c35
6e5e3707
fc0a2113
a578f814
01e584f4
3ccd5316
53c31399
a1e087e5
692b575f
1e07e61c
44bc347c
50b0e136
6b02bc29
6360dd04
f1ade316
dbeed6a5
c16d3136
274c8dfe
3a3375f3
aaa22ec0
485af89b
30f6ef50
f3bbf40d
551e6986
6b454b06
6df4e931
af28eecc
4eb9e55b
7e99a97e
5b5c33d9
c7d2fe74
a86a3046
7d884ff1
b80a3276
9c4beb0f
7d71b9cc
2f486bb0
a7055ad8
1a75bec0
e25c2381
1f25e103
c8de6e11
08963f8b
72ae8d9b
c940b041
5a24e5c2
91e5d406
feeab987
8c00f58d
8f33c1ce
f55a60bd
a27df7a0
546e6056
4bf5b0bb
f96e64a0
50f1ff30
9c1d5240
2ff70d5e
f6034f53
c6aba0bf
37f13947
cc068a99
45a30b7a
af8ac42e
0075f2da
3d5f71ec
f4781deb
dc79ec02
17674115
6eb21159
b62c8074
e0c5ef1e
3a5f205f
e76a73df
5604e753
9ba54ec0
0aa2c047
2830256a
327f9e13
95e1847b
de660b5b
df385d4d
e7ff3eed
06288a59
e4b078c2
898a6e26
1c70c2c1
72e0a321
df0956f4
0300270e
b1322962
b40678b8
830b25e6
88feefad
c3d60d81
5285a115
6b337355
68a594b6
32852962
4bd53a97
9ca313dd
cbbc270e
86051c5a
aeb8fb5f
bd7a2473
fa120fea
e81a6c7c
ba45e826
479792af
bdcff6d8
f8605e99
1e1c9e18
9058133d
f7747d88
b672777d
066fe6b9
77020a0f
59bbfdd2
14a616b9
902039df
4ad9dba5
c61c325f
0331e1ab
c8dcf6c1
b5d21c58
811aea80
acde98ae
36dca3bd
e8e4f32c
11223c11
fcb58173
842b319d
e07a6b1b
d63203db
165b1b1e
2251bf51
532205b3
d84623d9
285cba2b
38a557b2
0dd1eb22
0359e4ce
1d4a12e3
36aab1ba
7572ea44
14638fed
f2a4646e
de5a3381
a082c70d
a9bbdf86
3fc97190
574cf367
570a2adf
2f38860f
3881467d
18cb3389
38bc43f1
1ff5c255
2a7ce2e2
ab35d78d
5c2dd045
673ab09d
eeb92326
07a2c223
581688da
b5fd9343
53fea84d
ed6ae7f2
1a089a28
e60e4d27
640bada0
89c7386e
7d422d9e
282bddd1
eb988bbf
aab0f119
ef7cdd01
c904325a
02814aac
0f010fff
a38a49e9
1a7f4488
3c18eb42
4c68930b
0aca6298
e97c7a34
aeac54bb
6a2dd910
c8ed7a00
ff7d9bd7
2c80d595
d3255eb2
3e69dd17
3913cd2a
966810a9
da6a7fba
8091bf43
68ee383a
cf74acaf
2fbd794c
6dd398a1
5d78a488
41f271a2
1b434839
7b8f6501
7a1db2b3
227a9686
2765a175
f1cff368
b18ab547
d5c38818
fc162b1a
25a10844
dd35c99c
187a813d
e29803b3
072980b4
8f0535c2
37cc8a8c
a2d9c5d8
c5abf4d3
816f6c72
106fc4ce
989c4e8c
d92641e4
66e059d1
9b667ad9
53389691
1ed588bc
8a5e32ee
6cc14b9a
3d12de22
285e9a2c
936abdba
0222971b
cc318ed8
80cae49a
3671151b
250b573c
54a1d2b0
63f51266
da5b2cd4
32225ca6
5b67ae0c
a0b24abb
30374fb7
161bf17d
7e0b551f
3eb1f147
c7323155
55337c96
787a4f10
97fbd224
fb1949a0
5fd59b73
c45d88df
9ace70b4
6cebfc43
bd6576fa
5c83f944
6159d389
770478f5
afb5e4ec
6de9b9bb
50b81939
ab1c3cee
94b78d92
3e4d3d6d
3cc37a10
bacfad85
7b027336
8762e54f
84c4fd64
864008c1
b341f5e7
fd6eae47
5a3c1184
6203c86b
7790733b
3e5aa3a1
076aaa6c
4ad5f975
94b004ed
4919cb0e
b3029928
8cf77000
b26fb583
9b97add8
ff310f54
1539d979
0e8261b4
672abd57
e958a7e3
62dc2e4c
523e8d59
0b478688
3e1cd6de
5d3cc0af
1d5d9304
9195b33e
6d5297e3
ddb73e07
d82a7f5f
373082c9
febe7f59
39cd4ba3
4fa8b71d
a4f885c0
a87bdcc5
6ba2bd6a
bf302570
e42dbf25
3ca9e40f
d2558fb6
4f1c5874
4505c797
20371c98
ce458462
86de7416
e0a326b3
90d02303
16a6a2d2
682bf5b9
b1b6f32b
44173fdf
486d3366
ed37073d
53dab685
792bc8af
c82fff2e
5f448e00
497deae7
12cc3fdc
e33e87cb
864222ab
e7366e01
4f87fbea
c8551df4
67c25845
f10ae355
8b678a72
69a301bd
00c83456
4387407c
92adab66
e83cc365
af4b24c5
62ab794c
86acef4a
4899b21f
24a81df5
3478116f
101451ab
ad248c2c
a378dd0d
fe8d20c3
a6f70d86
3753a9af
d5220beb
0709dd2a
3dfc20ca
eb703ecd
1ecfdd36
95a12340
b9aec222
13fc6e0e
1f7d60f7
d7313df0
48f492bd
6f81d3a9
2dff1107
4c922342
837759e5
d5cf5537
4229762e
cc488b37
2939db03
0e9908a5
b15f5933
d62cdf11
ef8441b9
eacf54ac
beb0b718
5a0f12c3
b8e2ac34
6eb2683a
cfae5a5f
f5097635
e8ea11a8
3fa9c987
5fffd9ec
91781e4e
3ed8c0b5
53ef4850
fad28a42
8a225239
302301db
56b95a95
c0ffead2
abd8933e
254606b6
cd2d93ba
82158810
4e09d723
84b5240a
2e2ca9b7
52a45acd
9c7b48f6
7ae6a2b7
a2ea963a
df2831a8
1c083178
44be9335
cfd329fb
16801620
b2f9d8b5
ecf8c80c
6ffd616b
7f65da22
54e69087
739f6773
6caef017
677d2dee
3200a3d0
2b9d85c1
3bcd79b1
e7570099
018b0576
a61a1dce
7e883b30
01e39dbf
f85ddbf6
b6324ece
7bd5f7a0
22703e1a
643b9c4a
2d510228
b50af71c
33b22e76
d89f9797
40b05bdc
236d61f2
aab86572
23f9bb4b
bc80db75
d80b30d5
b1786220
341ed490
0675adae
c1542950
1dc52b49
841bd23f
d47f381a
b7b8179c
64be2d3a
49113d94
39f8ee65
deac692a
3be8716c
f603612e
5d35720f
f4fb49d8
824286c5
332ab417
2ebd5b98
44598962
9fec4b2a
d8f11880
1f4d1eb0
903cfbf3
e18030da
66b67c70
5b8440de
aeef262a
bf265a02
2a27a481
03745af8
d2b83fcc
aec6bb0e
65d3f57c
f4524622
7ef60d6d
da35fd52
4366d88d
31d8c7a8
f9613a5c
862f33d4
b882a0d1
b2e1266c
fdb79116
849459a6
b8015913
546f5ef7
f46f8c60
65ed1ee5
a9f0d052
6dc8be8a
db82173c
581ecff7
c5f8aae7
deed1bf3
1bcb35f9
0ab84d14
0e120300
2dde361b
bd61237e
2fed85ad
fdc5e4fd
5f3398bf
b208e23a
4c25fe4d
c70cd923
efcf1b3c
46ede924
63ef5a12
af84d907
afe064d5
f11fad3a
6bba9a2a
1ecdcdad
f4dc4abf
a14ddedb
86bbc77e
4f9a04ea
804dde2e
7459a17b
1f28f015
6dda41e7
0e597229
e902e1ba
49d3326f
0159ce1a
4f4b45e9
67eceffa
6e4dd888
54f2ed05
0f24b7e7
36957d0a
e55ddc74
4952ffba
e794f001
23983e2a
f9f960c8
f526e3c0
d076778c
02623e0d
09de660a
d6d47e1c
a18cd02b
d5eab415
8b42c8d4
86d97f25
c68fb322
b7720cad
941c5821
28169cd0
d045ca5a
4c760cbb
329f7204
139f1e5d
7e4c9a7a
2ca9dde0
92544d71
0ea19bdd
4f36cbb6
6fbb0324
50c3bb59
dde32dfd
7763c750
6e0890e8
1e7a51ba
8ca10194
2ae15077
de70268d
34809df5
df542367
de7b0e6b
eccdb9b2
54eca881
32a3be37
e7593347
cbeaa2b4
e462650e
04efb351
dab21c14
0de12836
c3e05223
0b1c21eb
4ed48207
bc655155
f60a71a2
9f66cf35
31d0accb
8537331a
aa3f2395
12ad98c2
ac70ca16
3e4b3944
5bfc68b4
78ebd308
eb51741d
79997f16
364a031a
fa11b3a4
06d00bd0
beabc8a9
03f6426c
45b259c3
1f6fd91a
de99ac84
8845e737
d48f1155
933de3af
03918392
ee9330cf
392bcb72
826fab2f
6cc14fe7
ed46d681
93f0d531
b14814b7
f7adf922
9f14b1c7
29cf41c0
c4dfcc5e
716e9930
a3cd4bfa
73660f11
f5ba6886
4872011b
eb00d8b4
0c330ea0
dc4e49db
d566edd3
22fc08fd
dcbfc697
7a6e0a0f
444ab35b
4451e653
e6cf2e0b
af6d1f1a
3bd57f7e
9333727a
223177cf
70d8a798
d2d7d9e2
007088b7
f10ea1ce
edc49bcb
92db57b7
9921e447
9e639f71
113a796a
52cabf90
71479db9
363fe62b
9342462c
9e37196e
b7d54b41
9bf77b8e
d17b739e
6b4308b8
296fa6a6
ce30f831
1145e22f
328f8d48
8ee97f44
3ca78492
9ed99252
edc5f797
c2aa6adb
2b98ac70
5056300d
399f2907
53a77ca7
f28f1bce
15a128fd
6268b512
04d492a7
de004667
bfd9284c
2ff41fa9
b5d94192
ccda39d9
b59935c5
baa07960
4f41b3d5
d3be9cef
3c6f954b
25f8c8e8
bbb0730a
53bff7a3
87022c8a
082cdd1c
0993b028
9023df7e
d15db529
8db8a839
1502001e
caf61a02
cc411625
7799e68c
b639a6ed
2a8ed5a9
fa77dabd
fc95b068
248acdff
17c20927
ab40f179
45efa254
327a1bd0
f7b87bd0
54c2aa75
2498f434
1e1a605b
4559b0c4
9a0771a5
1d170cb8
9943bee2
947af10b
08fde027
1c103589
fe60b097
593b9c1a
e03c969a
9aa55bb9
688fb47c
cff204c0
3ff77e71
e40a5c89
67038cf8
6e87ce1d
6d520bd0
6d5d996f
b7366e4d
5cdfba97
b5810fe9
5aad0e7c
b4fd802f
e1eb6d40
ca7581de
e9e3713d
aa55ae2e
32776856
4b3641cc
48e3c923
04df4863
b470cc67
5ac12167
c9ee15aa
c2e60e69
b658d8de
af2bf19c
d9607c88
b48018a3
8307c087
3962d1d1
318919c7
ae2c0f22
df8a8745
d6c753a4
6f208b79
48fc1963
64553381
25679a06
42958654
a51bc194
6438a1a9
10c6433c
8e5ecd1c
75fa0177
c893b937
50a36885
343f4431
3b3c0d86
3db8090e
710dfee0
0a12fa1b
de3cc4e3
073ae4b2
d1400132
536f58b2
177b153c
63ef9f76
1379bb5b
9283b239
4025b985
b0a7a677
78606dac
2bca7421
097cd36a
f02d07cb
9ee9bd1f
40034d86
7ea0a634
2730bf6f
d5092aa0
06b89664
32ed2630
0bde03cd
509cc7b7
6ba9867b
6945ef9b
c371295c
add2070b
76de0006
ff12d0aa
4768b11d
99529417
4c3ab38b
9666fe35
9cb78b98
1a8f7385
a90d5ef2
3226ca95
1eccb890
54c717f7
7699ad74
0dca0113
7c49d216
3133f7a9
322772a7
22c5db3e
144e6b54
ecb29f9f
ac26e404
6a4e5a9e
83ee28bb
49fc8726
d9a9997a
66989a28
7babd863
fd755507
e334e5df
3b564b8d
ef3747a9
9dc2e655
86cbc600
1bbb5b06
6a11064f
c7ffbbff
487f9585
3b22e268
999f7b5e
1cb7fdf8
ef5cbc83
097c0c8f
0494a16b
b236333e
55dd2d6b
ec589bd8
2d945606
e6dfca2c
ff5a1642
88bc3452
862c4041
2cb7d5ac
b05e39dc
4863342d
809d6b00
59c4db04
9d86a1bc
d9db789e
f9b6e72d
69524ef9
6744f3b7
5d42f216
e07244e0
bf509c1e
660524c6
2a8fcbae
72d9cfd4
310a8aef
38c2c05c
e8fe2b4e
03cf0292
449f0fa9
4fa0dd0e
c3d6d704
99cff7c9
a9827f88
2efd8f20
df5367b5
030c31b9
e6a57c1b
66254f58
e4c2b36b
82293836
0243f657
96895b1f
5df351f7
097903cd
05f308db
5a3fbe6b
1ceb7ff8
9df1e9db
441106dc
d7b30c4e
19e390b8
4623f3a7
44901a5a
726f3576
d2d477dc
f4d50933
d6ca5ffe
23e5e55e
9a958c21
01dbce4d
800c514e
daed301e
789cacf4
4b557dce
6978d61e
19442c18
c13814ba
4382d6d8
948927f7
5b147d34
e853256d
9b7dbf4e
16cb51d0
86eda6c5
8427ca07
0abcc69d
083b9779
4081fab1
58f6069c
7ad5631a
f77ef0e5
155b99b1
629877e5
6c716f91
612ef8fb
d2fd641b
bfd9ddb4
a8ea24b7
d74b7890
413170ca
482aa61e
8ad15b24
d414028b
b28efa3e
0cbd7009
6d41b2b1
7158d22d
452d4a2a
4b593d14
a0cf3d6e
9b19a58a
34fa1534
fe2603d0
acb47159
7ce8180a
7ef1a0f3
82f850f8
01c80959
5caca332
2aab510d
05c865d7
8b82a113
ecfa6cd5
712f811c
2e939c6f
9a5df701
4e9b3f36
4faadd3f
d293a879
ed413295
1a0a8470
f36a411a
71132f67
22bd3da1
44694df2
13cc579e
65349fb1
a3d70e76
d5acd787
2d541bdf
4f2f3d09
8c8d0175
e23e9f5b
c0a98e4e
d7cf6951
0e934ee0
3dae9405
75fd1557
e697490c
e43a2ae1
b8cb3c38
9b1c10f0
c432176f
7db5338c
263fcc3c
658b72fc
127d1b6b
dba9cd62
1af78178
d660178b
773e0336
f106fe24
437c5cdd
54bb6cdb
25185de1
256270e9
2766df3a
d56304c2
b7dbf5f6
b85f4368
65a8801a
8649c861
130eeb7b
85e26379
2485b9ae
7d61650b
5e244383
c7da3228
9b1153a6
372df023
6acb2089
c41b5557
a3155afc
f01c2b13
44b1728e
aefda5e5
627febc8
ea1dee85
cdb8c019
511cec5d
3e3a6a1d
ccf5924f
a9906d66
030e84bc
f745935d
df57093f
8282d319
b4e8733f
19b58eaf
8f04b4ed
74107b84
5b07d8c7
d70e2461
76136774
580b5149
de265a94
033b9525
57004f64
51cdd020
5e0d44da
ddfc5c58
2a438105
ec6c2fea
bbc548f2
cab4d2ca
7d98e3a7
a3e57736
e18518d9
dcf3e7d2
16b1102a
c8aedfa1
7fe268c7
68ad5efc
046d239e
584f5989
92d92525
ba9475f8
2e868b6d
0207f9b3
af5e029a
d1d1cfa7
a445440d
208fb17a
40f859d4
e1b57ca9
11d1c20d
aa1f4138
d13a0349
0593033d
931aa6bd
3fbdf1bf
2ea4c8bf
2d5d88c0
10f36a9f
39144316
46074d5d
99b09933
1fad9c17
fd0fcb3d
7bd58be5
9b008f04
c0845f8f
72337eca
a039860b
88dd4dae
90923df3
2c5b3a82
9bc6e13e
ffd570e8
e5bd51ca
3072ab28
f00f6868
6ac6bf76
68cc51e3
d4a3aaee
af343858
3d3d20e0
7362466b
0fa4454a
31d6069e
7b4b3030
e9f6aeda
b5e7fe2b
0d0dc8cb
44143e26
a330e0d2
9166eaa7
30c0075b
341fd8c8
982e4ff3
40b93908
0f897778
fd2427b7
c6d54933
8f5a8eb5
76f89b75
ff7b7b76
34e376be
ef501def
08051f33
73e87094
83bb2f10
d0a93274
5cea8b17
ae9fb5e4
02767866
8cff9689
10f23744
dd483f82
eb42c847
1081626e
499aa921
fd1635c8
8ef3d88e
585d353c
b19801aa
9a091c64
26a9d31c
8b09da16
73c74aff
2c8efac6
0916dca9
74810407
218cc3e7
3ca4ae82
b532e247
328407f9
609ebc0e
76d1be5e
35742654
ef25b176
55164cc1
0e6faeb6
2a65ba60
f9c35eb4
55f45e0e
58ab948c
39a21194
16c9f551
e17c45ae
2ed3fdee
825ccb33
e6932b6b
6fbb8cb2
249ef738
eb836309
728213f3
980d7940
43cd37f9
ca145224
97a53b12
d7e1b343
e43e7afd
fc779803
3f89a467
c2af3db6
e4cda3c7
e87c23a7
8a79fa62
ee6d4818
c9225869
27ebebfc
b4724e49
13c0dfe6
ae1067b6
0c1e517e
1afee387
1accfd0d
c6b50ef7
3b08aff2
e2c47cf6
1db1dfec
98044188
5330a518
6733168c
c07d6f45
9c295c4a
e4fe9701
ad2e1a29
12d42dce
49cbedf8
bc3caea5
f341a65e
14aa3758
d166e922
1422edde
a9670d21
35d37465
f7f6e21f
8a095c6d
829bc771
1a5a692c
b09d96d8
ab632615
566d9484
d86c1986
e12e7ae5
33f4b177
8fddbdec
1e3dca0c
1fdc3d6e
ed24faa8
5e0d1f4b
31de2f6b
89fe0e85
f6ce724d
2e11ae50
d2914f92
f0014919
78ab7d73
57bbc2c9
d32f9506
211c79f7
4bbc4287
6cef6691
8657ae43
6badc703
08d34cad
b990c57d
012c215e
dd5f638f
c690da07
8aeb41b5
10e0484f
b77cb4d8
4abe12a7
009893eb
19efb975
7b8ec84f
ab8aa76d
bafa4de4
03049fbc
7528c82f
db1ca315
7731c7d2
fc6a53a8
38dcf3f1
d2cb3eae
d21c50ef
097799b2
62ebc070
e95a26d9
965e4773
8d77d09e
0b1a1646
f64e4cb8
d27d86b1
3387e106
ebfe7ba6
22159dc0
dfd2c517
3d183005
57aa2473
0fa98c74
347b0235
97af8305
2034f8b7
829f1ae7
8783a410
213839c3
bb2bd87f
81444eca
641cacd6
316d3a4f
313fc284
0c8c5bac
b0b01825
dad1d82a
aaa9c2fc
5bee9c33
c0bc5ec7
50d3d4cc
a16c2384
e083e95a
ae7d2f6d
26172477
d35e24a9
fcaf9123
9f421543
18020665
77645b2a
e53e12ef
e92132ea
9464808b
f022f3b8
7a689a00
c1ee75cd
b5be56e4
0a0d2ed4
d4459178
94bbad37
82f5f4f3
566feddc
f4cb69e1
77f9b410
e412fba6
bcd2aaa1
605d56a9
927be7ee
82a4bba0
fbab94e8
8f524aea
ab43ec97
b2750147
75380ae9
fb709020
c32982a5
c92a521e
a2d2145c
7ad415bb
0151df15
732f9f74
79b0615a
22bb7c04
002f850b
c8629f94
9e27e0b0
dc2d7826
1426d487
1a864ff4
cf4cd94e
c3c16876
3ca8c472
f57fc7a2
21cfee98
4f6fb517
bc4ce1d7
c0ead0be
d1dad525
f7b61607
33b12b05
2fd4c157
e86973ae
01fdf506
9fdd51c1
d7b0a5e2
914f84ba
24f03ca3
b12d5067
2f02cee6
1d6379a7
f91f6637
3744909c
d469f249
66f206c3
95ae4e56
0ee614ff
f09bbff9
35af9827
207149a6
1b369bef
185f7be1
e4597b54
f6753ca7
68e08724
6f694c3e
cf22bba4
0c11de78
aba0d575
03cee350
4cf7b1c5
c101cace
1ccf3507
24471b14
a6c301da
945d6e44
4684e1ef
84688d54
f2b81722
e1a20658
e0af434f
9d34488c
64077445
739f095c
a78ed4f8
d7298cca
02f17bbd
7a2c66d1
3ab7f68e
02867879
03792944
936abde3
e976fb96
daaa2d71
978ca894
16912bf0
27b3c58f
c2d93d4c
939272de
18c25f77
0229f8af
840286cb
198085b5
34f35a00
b122ac49
83c1c16d
c7f6be2f
054a8251
b1efe901
dd7e5bf5
70b5e1d4
0a263eea
2013af1d
38c9ed77
05ca22c9
21b0cf5d
cdf9c376
39e0e618
79a692db
138b7e15
cf47b059
a92ddfd8
52b8c695
89196c6a
febeb51e
38583bfb
e04ee739
9f56e328
346f2102
c3b36127
a2a6f2f8
aa9d4628
e0886e7b
143919e5
fde714fb
b194c04a
c78d24d1
240da347
a57f869b
14ab0c00
e154acc6
3a651aff
ff191b51
05b61239
80342474
430893b9
c6629cc1
a6268efd
2d99f2ab
595a636f
04ea7e4f
b2c3197e
d1b30e18
c1cbfed5
1cc20057
02c583a1
c1f18b12
f2f678a9
0bdc3339
4516c498
67ab779f
fa1ffb35
fdb41f53
6e66c318
0a4d921f
50c3f7c3
7bb5fe3b
b4fa3e88
7d85b8d2
1a12ab59
83035299
bee57a33
ffaee262
70623583
3c31b5c6
40de7b48
9936b661
91e85480
68a339ba
f4a7dce5
fbdf8db5
faec34ac
f5bd4c1b
d571ba21
ff38fd64
2ec74e9b
4c1f5615
7f6b9d93
1ffe9688
3696ebb9
fd1101b4
0dc5b00f
a9c6af32
355741a5
cbc090cd
0afe02e2
34853cb9
89ff76bc
c5a464ab
a4af8437
3280a0ca
263a8b54
2a2045aa
b6f30627
efd3035f
d7f4d41c
71de7ce5
3b86f245
0d30c343
dc5474df
1970f498
7a64d49b
d83702b1
87bf2f54
94fc4d33
7711369e
cd048de4
68e689e9
21ebf5ed
869c8cd5
0a470335
07bc2247
8fbfe394
8eaf0d16
af5a2d89
f3c8d9e6
f73af99f
14f92522
d5343d10
e5dd7fd1
9831fdac
c69a4cde
613e2826
d1a90e7f
826b8e68
98c39358
e6de83e3
496948e9
3a914d08
49f56b8c
94ea39c9
c5407b4e
7353b26f
0c28f42d
cbfc4a56
60a04fac
033be3bc
5e27a1d8
03f2f5e3
900f5cc2
31f8adb3
675c1a6e
d9d1c85b
5509a6dc
5f81921f
14506eb5
66d55061
4bb1ba00
d29d4ca5
9f2feb09
d92cada1
f8d90647
15a1818e
aac7f01b
5e85a553
61530412
548e6619
f6a05bc0
30d2c8db
133f75f1
524c8951
96627e27
78680be4
808e3b67
4861c6dd
c5e5a5b7
4ca695d8
5a20faab
f8eb626f
92e46bee
a88d84a8
d6a535a0
b641d568
375c5793
8ad774a2
e1e25d97
61c3a5b0
c5c09b2f
63b9410a
47f66989
288db1b0
a810532b
8e3431f7
e242c1e1
fef30196
543fc8f0
3123d3e5
bd683b84
432cbea4
7b855808
046594ef
5198a12f
f1774b7b
3879c134
02a9959c
96cca42e
a95f31b6
adaf9c53
fc50df84
a1ca24c9
8fa72a6d
9b64ae4c
c6ef5621
9e2cd213
c05af793
5985527c
14f74bb8
1145d696
efa9768d
7455b91e
46835595
c42b84c2
9402315b
211649f8
4681f8bd
10affb5a
a8dc5726
fb1eec60
fe62c469
c34db47e
d61e8203
a5c83bcf
7f3195e7
fe7e3e5f
21762c13
e7734944
f4a1b721
ffbed33f
ccc762ce
700afbba
caa36db5
c6a74bf9
3def3723
1ef54163
a9645802
2386ebde
8361efca
dbbc9cb5
b66f7fdc
eb06f059
a7728b92
380e501c
db63a0e7
7183482d
21004864
22d1f992
3bc0fb9d
e73cb843
87f3944e
32802b12
e3dfca2a
63acd6cf
5fd33607
b9e13e56
4796f40f
298de784
35994880
4c3dd191
5bd729f7
7cb11d43
d2f5daae
2cdb59b4
8c6f74ed
5648a74d
10b7bfa6
9cd68b02
263c1374
94002b84
c7dea778
843483e1
c341ec78
41052a6e
6c073102
75c359b5
af9c3288
07fc4eb1
51cb21ab
636d4a11
2a3b3590
92154ce8
af4c8f72
d566e9c8
a02cc185
112eaa30
b8e73d0c
7241b5b7
a9bed3dd
68eada63
bf90dc1a
355b0a59
d7b15447
eac7f88f
b30c8c02
eca651a9
af7262f0
b1219bbb
b90877b3
778f6863
a7f903ec
adbbbf46
0cb87238
fe19b7e2
7e0ee4d6
170c66d0
c4df6d76
cde87b33
63373060
af6972e1
eb534a58
fccbee22
7d088df8
336adf39
c4b379a8
71e57729
82ad4b35
f35ee0d5
f75fb49d
5a4ca821
1c8b0a33
a3e8fe9b
c9d6c099
371652bf
3674443e
6ae092b3
6a3409bc
e73e388b
20be2661
1719017d
d7b7854e
7774f60b
187b8673
cbfe0562
9f1d04f4
59f94daf
9269b197
dc64b7bc
a010c5f4
3320cdcb
f6723384
6f15190a
190030dd
b72dead8
bffbe5ae
38b215b3
c1f02877
2e02a982
e2cbd6cf
3319fb10
ef4b1039
44310ac4
4dc0e791
7457f3b3
fffa8f4c
b59aa4e0
045919e7
6742faf2
0e109587
85f5bea7
c6ce8f02
eadc2c98
e0a23a4a
63312adf
cf95744c
465809b9
df53b324
275dbbba
a30af1fa
cc2ed47d
abb0415f
d32478ef
4187c062
3388d484
bc74fb17
3989d2fc
39d44b1d
5104d302
e3916990
b2293f3d
3b337e07
82799c5c
776e6188
5f68de04
fd2b6f99
cebfe3a7
c1388465
a5dd89ff
e734005c
24ce9b60
abc784cf
e5ceadf9
36ae6741
76de3f25
d2ea85cf
9b6df205
74c96e18
7317105a
57674257
79d69ae4
bb08f188
b953d330
f8af460f
49d8c0e6
fdcc8c3f
5f369abe
4ddc5b29
3c81f7df
5818118e
a65e27f0
5ef34839
2351d127
55089736
c27ba6de
891a6aae
aa5d7f19
dc07f08c
83907c13
fa30240c
29face6d
198f874f
12945046
3268b71b
b4b4302c
eeff21d4
bbd31780
994708b4
bc0b0cdc
ce66c701
fbf1a888
ad2ceb6b
b71e2c61
1e7b1ed0
9e9870dd
c4f28e56
f46523f4
7490c930
4fd40bea
6abe44c7
befba68e
ef2f0d59
d266a76f
1b1dce22
518d3590
f90f0583
9cadbeb4
9b280c93
a9004db5
24cbd95b
4c48a28a
cf38b3bf
88e1780d
8fe76095
dcc0649b
13bb833a
30928a91
62d8ce7b
14b40c27
df37cb4a
61ad1d02
5158c0f1
6d8a8ea3
dcb43efc
7c6ec57a
1737fff4
1e0046b8
15d294e1
efc3f3a2
cc30a134
68a8750c
1a32629c
fddddedd
0ddd834e
54cfa068
45258737
d75c66ee
0462e176
a112c34e
eaa19e07
f0599275
d7929fa1
c78f70fe
7b4ae571
dd8fee0c
fda17836
5061b7c6
ea65ba67
86befba3
2cad64ae
0a5d6dff
d1639649
ac3c6ff8
766a63ef
8d1a0cf8
e3a17df9
e5c18f7f
93ee2cc7
65d5bb26
4f469a95
15530ecb
d2e5c2b9
1b354264
9512c396
ce059fcc
6dfe2e43
60d962fa
8459b69c
9e86b07b
ab167a86
97fa188f
645608ec
3eb42103
9ffec892
0cd9a758
4c380378
7683bc59
1656e65f
f73dea91
42ad39af
bfd7c498
be079dba
814bb54c
31a0ded1
259506c5
ebc138f0
746045c3
482326c8
3fe0e002
549b7fa4
9b8c3080
66a736b3
c5b855e4
1ab9227e
5e02210f
b06f1ca9
ca7b1215
e6b7cc85
4f6f43b0
023557f5
ed5bfe55
d237f175
d1890585
5d91540c
0acd2fba
ca77e8e9
739da31b
834c4d24
6d656673
77d997c7
65bbc795
1ac166de
b712426b
b75ff645
8c555002
eb47cadf
3403bbbd
2881b492
687f88fb
7e1ec054
b0f26873
692fc590
e451c634
167e16ea
fe12fb3e
6783999d
0e0a2a39
42b355ac
54c2adde
850833fc
3855d08c
eeb82c47
a606add2
0fca2d65
6dd136d0
9a76ab06
d6bea7d4
66285bb5
f7d4c2d8
a9196177
e5bb11e0
01105c35
aea0f4d1
25e3445b
0417e1db
9cfae109
6883ed70
4cfa390d
c6ff15bd
935950ee
35673962
a62e9e74
0533eee4
8f2d748c
9ec0392d
7123c117
d63fc224
badbe7fd
ec6a817b
2395c365
3ff86b7d
4e10cd25
8eab8ce3
bcf3f4fe
8a9240d2
cd0491bd
920be901
d2410279
1988392c
810cb072
324907a0
07efc6c9
8792ab24
1404cc51
adb143ea
52f7edaf
1a7673e4
11656795
0403c8f7
9d0bb0f6
ea0b282e
0f39fe31
6cd0fec6
5330fa28
44f7a8cf
5a24debc
5d014609
4fbf589b
003c96ad
c1657c5d
33308764
84f386d5
da715bea
378ceb62
7969c6f8
4cbe9050
de1fc083
01a38651
4f89abd5
1120fa41
03058054
6ee9a819
8bd68ea0
b223ae1b
7ff89241
2981415f
bc3d86e7
8603d3ad
89e076c9
123d1d91
de32421c
0ef4d1a9
d223db91
3c98fead
1d30f241
09b619f1
4a1d7796
b2f72248
1f23aac3
f761672b
b80138eb
25db5d1a
a738b770
6f13d368
ce5e7d1c
f4407524
44110b4c
ee022b3b
836f5604
fc5d74eb
86e39870
0f7a3a04
4e57e1a4
d435cde0
c0fa3370
54418616
1ab9ad0b
f867ffc2
bc7e1c20
935b3466
6ee68339
137fa177
f0643c5e
4b123516
0972c70d
f8914e8c
2b0fe60e
eba299c1
b31b7c38
449d28ee
7b7fa818
849b38f1
0d6e8738
149c6db0
cae15da8
309c3f19
093407cd
58d5d655
3d70827d
4ae7a4f0
62f03d10
3a66f2d5
c08d35f1
f04ddf0c
fe5fe1f1
aa990f04
45a48c02
e5180794
f587f86d
834cd020
42acd66e
6f68c2d8
9cda8306
e40b42ac
ac59e70f
212b1afe
d6aafe8e
663263b5
ca7edc55
9a138dee
8887f02b
a83a6152
3b16f274
59d96904
0d77c362
b628929e
36d5ad8c
9bfcf331
9e80f526
39ea157b
2c55b2f4
97409be4
128a280d
25a6b1d4
62e83fb5
9553d261
f4e8567e
0cff02f2
428e26a0
006a6698
fa7ebddc
cb6013b6
dbbef875
6c3a162b
8b0eb307
c3aa844e
83d726ff
1d9c1e2f
8602f681
d9849675
9bbc7d19
a3a6bbc8
5502104d
97e6346d
48e585b2
918e29b5
3163baa8
ffa5e700
a74c7cb2
cec7bea4
b4d3b5c8
ab363be7
686a4f6b
6481d472
47947feb
14328635
f3318f04
39a08b0f
8962d8a8
15ca10d8
ca626cf1
b6bfdb50
1705cbd9
093ec433
8ddbf9b8
dfef728e
f0132a29
20890dcc
cee675b6
9278ab73
f7c91963
ec372e9a
fee7d6b5
034a6d9a
0a5a7487
95dfb0d6
3249edba
2966f411
38db5ef0
031d4c25
4894f024
1c0a70c8
56793920
615c5c64
971a2d32
12d53b2d
4541c502
2286bd5b
3061e480
41b714ca
a69aa81a
b3c4156e
ee365c81
f3ec9073
7869abc7
d72e0f29
d189d0ec
2e4f9f7d
d9800e4a
571ac974
1078326b
c5a9c58d
8a7ab1fb
ceb53620
6ec4affd
dc107336
e48573e1
a08eed0b
622a1b5d
012e9993
2a5c8375
f569d17b
cc9f91fe
6dd056c9
442ca889
4d6b9d64
0d628ac0
01297049
afbfea63
a194240f
4655fc09
87561428
62741c18
19df2712
a2419169
bf5764f9
c50fc2b5
4a7a77b0
70ff843b
e874b814
9d8e5299
6f94f0c5
1d611b49
e9655462
91d4c9c3
05bead27
2ebe6d53
4d9eea8b
3f40c7cc
3367dbd4
0a071e29
1b6c42d9
2ad01b71
b0f36ad3
314596ab
be23fcfa
64ed0c76
577277f4
80a6fbda
e8d66b30
6ef24d19
c18382bb
b36379e2
4006b719
0b674e21
d3bbd082
2f5ed3a3
38e65a9f
7fc0ceb7
ca4574b6
0bc50c05
070495c1
f119624d
17519382
e57d9f1c
db01fe10
019c3ddc
257e4973
abc951de
eec6ea89
dca63014
8fdb7e60
d8ffa8fa
c6d78aa2
bb0d9d90
7bd1a946
18f96c7a
6962c058
7d4a19bf
bd9edfc7
0bda4e4c
b87e6905
e38e2bc8
cc150219
98a530fd
95605ac9
94e9acd8
d47b5e96
9fd2f022
67245a63
e25d9644
a67b953a
0d6e4ee7
232db518
1442d172
ff6a1973
874ee61d
0dab7a99
1841d173
e21a3873
a5b6269e
506ee2ef
c7336031
9a5ebb81
cb03a4f8
1cf80db9
448da452
a57d2194
44dae954
be244630
0591f044
9435906d
c28b4ac5
6bc78d75
2ef21ba4
f4adeb93
51ddf9f6
e1bc5f9b
73237d2a
b6a19c7d
073e1b7a
567900fb
29cd5506
04969763
aa123410
aa65725f
d9159994
59ad36bb
d78b41e1
d04b7a83
02e113bb
bea5a927
52784c5a
fc40d22e
72c670b9
05e33606
f4524f04
195bd68e
ada402f9
7a064fee
a931a937
4c35c7fa
6cb585fb
84e825bd
caa81ab4
714a1d06
33787c02
a0d4b0e4
7d8fbbd9
022c146b
f6fd7cec
f26bb21f
fd66a677
fd7c2cff
c9a44dc1
c07b6cdd
3555556b
f573ac7b
e209c83d
6b2c267d
bf1f3edc
0416116d
76399b8c
fa458cf6
3050a73d
aab998e4
5765c39f
57b23aae
21b5b3c5
0cc12c2a
22f5ee0f
a2359bda
a3682180
5bec2c15
1b81801e
29c3faef
e2a2abeb
e630b6b7
c02d5b1c
c54afe79
843a5dca
58d1fdef
ea3b540f
d6924d2f
0317ae07
cf6228b0
2647925c
e05347a9
6166c7cd
6115bdc0
8f62e4b7
f696a83f
02f435f3
fa8e3bb3
beec329d
23c1e5ac
6fdfcd7b
43d83ecc
3d2c2603
efd15ad2
c873524a
314a039d
565a1d89
33cb761e
67fed45a
996765b6
a0312328
90f2b151
0b3b1b95
caa6fc86
f8bb9770
309ebfae
ab379347
72233ae7
9e4e0ad8
ee3794c5
ff2e7a4a
0e75f938
3665ed76
fe73dd8e
371b4b9f
36b3bb3b
88fb1035
5c1d40d5
1c6fe5b3
92128b71
ecb1d78b
57461cf5
8697e9fa
280d2e35
e5b81695
2cf98f9f
bfc29b40
63bf75e0
efa3528b
a196cd86
39113b7c
a58c2fa2
dfb2f816
4a89e1a6
6efc0b86
80302320
eefb08f2
80873f01
84b0a6cf
b6a69f65
b25173b5
f016588f
2eddb8ae
23b32737
ca860850
6ae17619
26cbceb0
b573e2c4
880da4ba
1de476c8
b1d681fa
059bb247
fb1c866b
3fca0107
c23ca817
95314790
4b54d65e
aa1c91d9
0839ba2a
0d1ee071
9d8b1bf2
a7a40f31
c40f7e35
c743716a
44432efa
7c84e949
80410ce6
85401298
e007666c
05f5ad64
4f300b66
3f153731
f0827a3a
ee0a8b68
1ba820dc
888f4002
83661d5d
fccd0b2e
a5ff779f
655f9d22
1feb9aa4
c4e273c8
5a0f8f6b
ce402d8d
c0a99fdb
1f332374
4eb1cf42
0bb2e5ad
3b753641
57d8cfac
209f82c0
65191345
cd98b263
9b3d78fe
97a0e856
a22aadd7
c42a0027
47c91e74
01f702e3
e9d61529
9c17a883
91ea3560
3e8dce3a
b48b8d05
a22625bc
da568ee6
16fccde8
dec9811e
0f1af4f3
06d1b808
49479c17
a16560a0
c12be8a3
d0b3113b
3c43f451
074fba63
d8cff711
474a6d77
1a52a06d
eebc1bb5
9fb4fdac
f18d8cfe
e2803805
89577d07
3f194b9d
1e987a3f
d37463ca
7b019a21
08966893
5210cd83
00470b46
26e15a53
33a5f7d7
752f2e9f
cdb15127
eb8ba707
c48da413
8345b1c9
02ad638c
42daad81
4deae462
ec3ebfa1
a8de0157
1c62306b
c0d508d4
aac7f9b2
4309d2b8
b2a5cc56
ee70cbe8
d5310fa8
baaaca05
83899784
3dc8201d
f64adf26
63289715
0df53fb7
c937266d
c19be71f
79eccb36
eb4a9dd3
4fabed9a
48e5683c
732d0213
520cfccc
337c473f
5be34415
eb089787
9ca93813
f01b6763
620417fd
54bcaa80
6902e6c0
f0df0437
ad138363
dc4c63da
d8b7f7bf
db3027b8
0dc81361
823d7986
0fbd009f
8a263319
77847c54
3e115704
f0a057d8
20f3bb04
fe2ef8b3
5e28666d
71f5d39d
2758fe06
a7271e68
0e21a855
31115afc
29fe5b82
dd65b0ae
cb2feb01
f68211b2
d09a7db0
48b5cfe0
11f990d9
a1bbac4e
66bb9c97
9a192b53
ab7ef1cf
c3b7d50d
08ba87e0
d5b29373
5e2fd384
0a32748f
a0672ddb
499e47ff
b62fbed1
4a9355da
6b4f98da
097e714e
748ed0be
2f5b13d4
96329d77
500aef4c
ea64a7d0
beaa1b9a
63d37b75
ade3b57a
d113109b
edbbb43d
50497cb9
066d3543
f44dd849
ee123d6a
647cbcce
b148ba8b
44057258
7107d325
576c532f
f001144f
b1f92318
dd24ef1a
4755f07e
244cd018
4f407c66
dfcfa05e
c85c313e
8da36c2e
103e158c
49a95518
d50b9929
8b92e35c
64f78f35
c36fdbe2
ac890c97
18641920
95807a06
1a829bc8
365525e9
06c4c1d2
ac84d2dc
0b16fed1
5df332fd
7058c72e
f4cf7b32
81be885d
e28ca708
c4858e5b
020ad952
5118e942
2af68b10
cd3d1cf5
113c23a4
b6b0da8c
dce573b8
5d68aeec
9829d412
895ee67b
612bf33d
646303c0
131f6793
e1b705e3
d431f2a3
e3ea6454
a1d22773
c08e2d50
33edb19f
49d19609
97a0dc92
4326803c
2ba58261
4f917980
817ce8f4
b8c1143c
6ddea281
d403f2eb
6e50fa5b
7d7d252a
76cc6046
435b92c0
d6e5e864
1905dc73
7ee7d46e
779a4122
eb0010f7
7ca7c371
17f67f41
b27598a8
121ad979
3b428d3c
65eb67f9
4c2534fb
7d01e0eb
4b134bce
6c10905d
1c99bc31
e3b19a50
27fe19f1
d25049b7
cc9a02b0
7a57d4e1
4fa10b34
fd4b5669
ed6c0541
df894d7d
125bc57d
bb567d87
34eafb51
bec1a8b8
9e0d8d2f
9e19690c
ab1f3c19
a182e856
79f51145
bc16d24c
bba1ebfc
4906a902
fa1bc872
44d4ddb9
acd0c85a
3040bd34
0020fba1
7b9136c6
6139fc8d
ec47c328
c63b609e
2bc27787
4d518477
f0e14301
4b1afdbf
7446574c
cf202847
29e55719
7b749519
372916e6
14253360
982837cf
103ce841
6a3829f7
e0bfcc14
dab0ed7f
051bbe23
5e2e2bd5
67ac8a06
2cfa9754
fb293e38
45739dc7
d56a5e2d
d64a4fb9
a8cdbddd
2b2b6a09
60a65b54
a78557ef
14e4e009
e1cde267
3feec05c
0a5211fc
05cd79d4
84c1a95c
6ccf6cb9
6f6aed32
75aa7864
1658a367
0576a3cb
41519727
1d230912
28e132f1
40da071e
2d16bf53
3ba495f3
5d0fa7ce
3179ca15
b3b8e4a1
7b57eca9
62c4c466
fe42fa9a
13624604
20654f49
8c1b145a
a7833f44
d6f8dbe4
ae0b0259
624b4b57
3f869d69
2fc7c444
97869495
f2dbbc09
c85fbf89
07d60a34
73c254b8
6e1c4590
c8c492d3
00118f11
b8cb1398
ba084f4f
eb774339
81dfb710
bd7c8b1e
1be672de
2666f74f
376ec811
755d003d
38d0a8e6
952d4bf7
df55a6ba
f4144b7d
261dcd5a
198b4317
c5865e46
10eff83d
19c92e12
27ade3a7
55c3881c
de44a19b
2c7fd462
d0cb1f24
1d2d6165
f9733bde
0ad01058
67f6ceba
d378e50c
c2127e59
5acbca69
b6ebb608
2b59a96d
46c4c3ec
4773a109
62a8660b
c58a286d
95244fcc
4a1ec155
3500ea11
1f88439c
80ac3620
cd76a86c
c75f4b03
1dc74090
4bfaf9c0
c342e561
0d850267
9f3d595b
c3a2155f
aa8906bb
1db8b2ca
e57af2f3
c478b55d
da374c2b
344be2be
03a8b8af
f657766a
b48a9117
30f754dd
c41abb83
6a244ada
35a4de08
840c3671
e3514f66
a8734561
fa038821
12107bc8
09b1859b
8e0b3bc8
9b181cfb
1e701826
c84e3a34
a9ad04cf
096cee1f
6e158ae7
6dd200ba
c5ac8323
71dc3efa
c81ecc40
c5d32885
b82a5eb9
ae335e35
b40ad92e
fa3df661
3265bd91
f1789f92
143cdd6f
28c292fa
662fe463
b77d2822
2e98e3d4
3b9f5533
7b3e943e
bcb8bb96
3d2a1fbe
fc49f244
52d47d5f
8f9609e5
69952d41
502a97cd
607c1771
76f42ff3
4a26f234
f301f09d
1fbd3927
4ed43fab
0a013935
a79be1d7
320d7d5c
65994d37
2b499f62
9884dbe4
32908d46
ac82ab99
58b6167d
aae54871
c5c03fc3
8ddb3636
0656524a
839ecf17
4a507062
63a86766
07dca89c
639d1e22
b6246a78
376ee1ff
0982be34
78437ea3
91e73083
7511264d
6ab8d03f
02f5e04a
2af21e07
a1ed3541
1fc4df3a
aeb67d42
28c51555
27ea3f87
27f6608b
bed4c2bd
92eebc21
e4348c79
4ff650c0
68558862
950a917e
f4717bc4
d3cab14a
5bbdc304
dd1c765d
010f3597
26eaac90
6c33acbb
d20219ab
f23b8aba
ba6a2ce5
55b497f0
6e046146
45af0094
1f6df57c
ab079b8d
8817b76c
fa83b7d3
530af635
65d90281
c77b40c0
3c3649f6
1769e1eb
cb36816a
db11ff52
44aff4a3
7d7d3199
7c70c34b
cbf6bd0b
a965237e
61ce6b13
9593d7d6
46daeba3
0fce12dc
d7458d03
69adb894
c9ee9f35
a962c27d
fccc9c9c
986fc94f
eb1494d6
98566748
cfbc5cdf
7f76214e
b967fa25
88b67c52
3bb54795
d9acf698
a136aed5
a8b45ab7
f89cd058
0778ce85
e4a18625
2280cc54
8f6c123f
87407945
65cdf762
153ad3c6
76c89f72
2c5d77f2
5c070d95
7b6b907f
4d663660
05ae37d6
daf93afd
3b7c8d4c
fa5b4ca7
56ca5603
be15ce60
f116e2be
4c42f252
84e560ff
b1145250
3ddfdb55
ae03dc17
d59a1c96
7bfd5d12
000f4505
f88e6815
75cc047b
c3f8e75b
33d72c85
9cf954e0
5fd4505a
b1857c84
b3bc42d6
606fa1ad
cb42e732
472d0777
3de36efb
0d857c30
db9b58d6
af1d836d
e36f52a0
670b0b03
22bbc567
d9458773
527a9a75
77c0f126
5bb74da5
bffedb7b
b5c69dac
4b40761f
f1ea45d4
3a8f4ae3
490a6c2e
1eab21c6
e7e9eecc
7a4c897f
9530dc7e
cb909a6c
250b5ab1
45bcd6ae
fea2b9e1
90ac539f
99973088
aa0ae4fa
efafecc0
5e36d595
cd409180
5089ea00
25c6a5f2
0cf26d0f
5fdd4e52
dd38c375
ce6b951a
7c136fef
b0cb5fa4
47762d9b
ce5ffdeb
3ce7875f
efca4a0e
75cd42ef
74754286
3ce3afe2
cf5307fe
ac040314
ed8f09bc
12bb3249
1c4f9e1f
01abcb10
63976325
f7e8ecbd
060d7511
ac272b74
9e37cd26
782bef36
c9952d9c
171090af
9ce73495
65a5b91f
ec266f6b
6b4ded82
72e3b1ef
e4984d65
b2ddac78
ce4a2a33
168b2270
d93975fb
f04c61ec
0fe78c47
9a4f9c14
9f8cab02
9af8297e
51979e3c
830ce6b1
9b31603d
5f6686fd
08b65d9a
dbe68293
a26f4965
91ed765c
68a1bd88
67861b1d
323a37c8
5e2adba1
4df0de85
9697cd3d
4cfc8e2d
fda5573b
5fb61848
f4c13623
a058b47a
c12ca0fa
c83df026
03a9722f
826adde1
13fbc288
1bc3b2fc
ce3f4c88
67664ce9
9c4276ef
db0e8728
5e5ae37a
272c0c05
d510fc1d
6c8364be
83394986
1c9a0d7c
fc90cbe9
a0c1e42b
873798aa
577450d0
54c3cf68
243e4298
74294096
53799741
bbeef9bb
af264cca
09993400
5b9700e8
301b991a
3eb8065b
633aa675
74939c97
c4058a5b
12f1a467
442dd547
843dd4b0
8b45b1ed
5500a3fc
ebce86f1
8660a418
c8f7d98b
007d0968
66688ecb
ec601cd5
774463ef
9ba4760c
0f5486f1
9d4c5fa5
6d3b3455
8b1e6a23
3b89c8d1
5c8210ed
5ad56c14
3a1944c2
a4d833d7
65b072aa
16280132
98f2a23e
d9fe8dcb
d53d9a55
69e139ad
b68833df
59525508
7ad98185
97b09eec
6113e642
aee567f0
cfd6d713
336a8d11
1bf92ac9
0968a1a8
6476b2f4
42181d11
58408961
e9ce4471
886c06b0
d973d8b9
01ee0a3d
b966cac2
0362f63b
cf57c726
dd1e94bb
69f5822d
877f0c1a
68cf80c9
64c56e68
b96d23ad
018ad725
c49caa99
a41e9695
f176943d
e502c19b
ef38d465
555826e5
03b4d5c7
259b4c48
c37d057f
2fac391a
d73ef5b2
4d14ef7f
5c6b8f4b
4507ca70
405336dd
0421e992
523ff65b
cd22a840
c8083ddb
586552dc
91aa072b
913d2a23
0161bf75
7f6190b1
d5dca958
84b6d820
1e6b174c
e5628809
0ccb37fc
a19806c0
e4e7f803
9c8a0593
27becd52
599b35e8
6e9aba30
a5d38ba0
b72b98ba
72b727cf
91ca741b
22d6bd4f
f3aa6eaf
d8a021a0
eacbc2cf
26181f47
742dbc23
cfd30f4b
739a3eb0
ca5f43a6
6efab5b5
4df53e34
d0c39cde
4ba29a19
8224f310
731b4125
f94ca66a
ab289846
33cd7181
057e098b
935b7b4b
3f4a61dc
6a4290f0
000f82e1
f1ef18ce
d9e82249
d083808b
3e0f7390
07b722a2
f6a06074
38fafa6a
27d1d59f
765bc031
1bca9b4f
c95e161c
f37ba725
f72fb751
c6ea2088
f316a1c5
10fed204
f651bd95
8c43e72c
646fa9c6
3faf0f3e
b677382c
2e366a59
e3799b69
0a8811be
145393d0
01cb0c4d
8cddce22
0a2cff3c
302c4ad5
d3725110
7c976ad9
4ccbf13f
c0a9cddf
e84ad0ad
4d60ed5f
61f70c44
d8a651ed
7b097a3d
ec0cc8e3
1ce3b9c9
e49748fb
8174d441
df407923
3a2e7dc2
c8c13a53
6f2e71ab
1ef6dec1
a0d703e5
01c1b2e1
ad4d7ae1
9845c503
97e5ff42
99229df3
07b0a420
965b8bf2
5bf5fbf4
aa661d5e
b16642f3
23a048ee
3397f86d
7ee4d0dc
60083c17
6525cf70
87c75ccb
ec3ad4c7
09be1fea
e0559658
769c1aa3
c3a31d95
4ce79458
11089d38
0440df6a
d96e967f
41070d13
6dfeefe9
c02cea78
2d887c6f
3941728a
17260690
2f94c29b
771e3ca1
006b20f3
bbf1d4ed
670e2ca2
cd7b9472
ba6fde56
dcc96bc7
2cd642cb
caec5bdc
1280d1cd
af0377ae
b59d23c9
93ab4228
52d42df8
bc0537c7
79ac3f1b
b969c7dd
7085ea2d
74c5245a
26412381
878baef1
8d70873f
08d7ed66
f33bd74d
3f01f14f
f720e5f7
7055ffc5
011478fd
2c1328ac
08c9a350
6d6e665f
653523bd
4670c753
264eec4e
4769b87d
35465d8e
eeafd953
3da19d79
290ae89d
72b2f95f
cd058200
9dd62970
7dbbdf02
0330143d
8bbe3b32
a7365721
e203cf79
f2d70ffc
a61d16c6
de5389ea
3770f508
3f0db77d
c157fd98
7f8e7128
7aed35b8
87ef42e9
e381e24c
2d14b6a0
4dd950e5
3273d5af
5e6d33bf
3cdc6b3d
00ba0d73
9646f45d
62b6bf5b
c4c84d55
3c35f316
63f1748f
b798d8e2
0fcf6d58
034a715d
2b6aea30
9da5da21
6b26fc29
d540677f
7eb87b7c
964cb1ec
ce1f122b
1da8238f
2e7eaede
169d0a2b
6fae5693
92937f81
52061399
a0773cdc
7cbcfa56
44b7d746
bc4be04f
fa8c3f23
ee3d9939
1a0d3227
d33739d6
209e9873
c4c975eb
93a38292
39edf424
7226a969
deb6a50e
22e57f9c
a510d37e
3135c0a8
171e668c
6070be2b
a3b136bb
68014c9d
1a9acafb
a5973769
5bb63522
461c2e29
aa070adb
eb2c5565
f372735f
c4621dc6
33d7d744
2833c68f
9faea5e3
25a2aa80
0ad7f434
7b875026
a52e3a54
ac16160c
d4622d61
0108647c
6e301aa9
63e15c68
f8f640ef
8c653ea3
cf5932b7
85b7c604
43027b27
43f7afba
38ebd3d3
33d94c4b
4ec43df9
e5b738ba
246a0f35
c34aea5f
4cfee895
a48c2031
b59eaa06
388be70c
1d50e5ee
ff311a2e
3a6dbd76
3fd5ce27
deedc793
106965fe
f097a631
63e89692
f507ab3b
3600e49f
55958cea
f81995e4
a8ac09bf
2ac4adcd
9557fc7a
870f23ca
d217cb1f
f88f8e1a
407f15e7
a6dc0f89
d14b8742
1cae2cad
1167dda7
74c51619
c44e2c40
1ef19ab2
320f00a9
38095aeb
cfe3d684
91d2898e
77c07511
4d2ec3da
f440e95d
2c4c545c
385b6ec6
2e81bed3
ce078258
500090a6
d54edc13
205550cb
91168d6c
e49d39e0
ea46229f
ec34c29f
21a4964a
5cfb5e10
aefb5291
244be770
71251563
5f93c6c6
f55677fb
24121ca2
15137dae
767451d3
9edadf6e
de136217
ad1d41a9
b4b645ea
3a2b8572
449feacd
31e9eef4
40faf182
30d67024
8fe280d8
63a11c14
e6196219
9c9947e5
cd2c9946
da1b1c08
67118fd3
679a1dc0
1210502a
0d8c826f
0c90bccf
809af65a
273aad8b
fabcaa58
ea06d46e
63f606c7
04fc83eb
387a52e6
8f1e9227
9a9d08a3
a3ef2699
84603b63
510e9fb8
f97e6b74
aaff4172
60a2587a
d2d22539
bea6d29e
3728d676
b0bc416b
518bd47e
3c239870
940f58d6
723c4e03
d95908cf
e91a4fb8
8da1df2c
5063129b
04fdc60c
d8d9304d
dedbe0ab
c85a6bef
f6b13e0d
8e5dcf8f
d5ac015f
a76c0b19
3a2c93a7
00ffc158
e47cf28f
f9d7d5a0
a3c5b5ed
afe8a291
44e81b5f
c7208057
10deff4e
f48c6b17
4a9f73cb
4c529c93
1028eb29
614e22bd
57d05904
26b471db
6ad0bc5f
15b14cf7
b28e8de9
80d26ffe
fcbe1ec4
06f449d9
ad0319ba
e66097d1
da7564e1
f5f56a17
aceda77b
da0dccf7
5ade1615
b4a3ca4c
7dc322ba
82dd5b67
969f84ea
9e4dcbf3
22f91e0c
01385654
0ccfe39f
4b1e9eab
8cb49d8a
5d9bd0f8
56f47cfb
eaac0578
042808ca
9361efcd
169fe7c5
cfe9227c
bb93445f
35f2db8a
db0583a0
70608d09
0a22098b
5019a242
af227e2b
59438852
5e332eb3
4e758318
2014e612
de4eaf3c
3627ce1d
af190887
3099306c
99f8e104
dfa4d14c
8244553d
53328ae6
6c2db720
d442cbcb
0a548805
dcbdc06d
6fdb3e3e
7e7bb499
4a28b9d2
48b591ae
5a684add
ec4f67f6
8729277f
567374db
b58f10ca
b468078f
54429194
43bbeaaa
a13fd6c0
a546b527
06779800
a8593166
8ed4c9b0
b8ace80f
63432f65
ad53d861
e49cf6b2
5aec1819
3f88275b
c9467e18
5f14f265
67b137b9
0ece6441
728f5aa5
7e3f5e0a
62a06e5a
a201a06e
883a95d8
43eba3d8
574eeba4
7cd31c9b
663511c9
793c9875
0866ebc2
17cc1dcd
84858945
17bd70f0
ebf35cf9
1359c54f
45925112
0a12d845
94674fe0
11f80e88
db19c563
a6700ebb
2c887511
c93de54a
530392b2
f409292f
cffb40ba
9fa00828
744b823e
da8378e8
534fef17
74745ba9
794dce4f
81213684
7993c2ac
91951649
573f255b
34105334
b30e08c9
6e3fadb4
1ceb6763
05134e4d
5fb060b6
12a162b8
ba8bbc35
ff1b3825
5733ebd7
99ea04a8
860673b7
24f104d7
f199504f
94c07355
02938e12
1df19c49
91a80e9f
4c55fe42
bc6ee8b8
53b63179
f6053277
1dd6977d
34576c47
f33ae79b
90cf3d66
776ca7d1
a05f346a
bfc2e754
a40f72e6
44bf4dd5
8cfb5ba5
1b4c6e98
c58e236b
6920d41f
0d603bd1
75457cc9
e51eabea
f3c6b1ba
c0c2cbd4
cc2833f9
346fa3d8
900ea414
77abb56e
93c23d9d
cf5a2371
59b6087a
6502045e
cf74a9be
a6ec3811
64c822e3
807b5e8f
74fa3208
2868770e
e686102a
38f8720e
bc6ffdc5
a92d2c64
f482912b
fd5a1882
27196ddd
ededb180
3e7bc67d
269a7ff2
ec6e8941
2693894e
4efa51f7
8225a3d8
1e5ab9da
467abbe8
266563c0
67418984
4809b568
4a0d4a39
8901ad18
e8e57de0
79110156
0f999ca8
153c3d3f
d5c836d8
2b8606d1
8938a418
bd3f7d1a
0becdea6
af6095a5
77ec9bde
26f462c1
0ea872bc
b0a5139a
e6274e03
15d844a0
86ab932a
b6bee8e5
aeefa303
55a02ca6
72167d7f
6150167d
dc16c835
2363ecb5
65bc539c
bbd28ef9
69cab42a
abad7db5
2752c8ba
7dba038f
557dab87
9c71e7d5
c8d6012b
f6ae08a7
7d7770ce
eb747eb6
c234e2c8
65f7c1cc
fbb7690b
ac7bce0c
1767b0ed
b6128e2d
ec3da012
c640e729
fb8735a2
9334c695
940d97c5
febcbc92
3d75bbcb
8b10aba6
3565436e
ccc606ed
04748a8c
e2a3ebce
163daa32
ea6704c5
ca16f84e
b66f128e
40db9b07
6e6be8e5
efe9b4f2
74d3711f
0d009ff0
88a4ee5f
f5a2d81c
eabad946
5e1e2c3e
f4631a71
9f36b842
01a07c20
5d4da49a
86422294
7835bc4f
1136adb6
24d9ac19
451f5dcb
d9d47fbb
6e798360
67494ed0
05adbb59
03fc4ecf
80493e39
2a5531d9
4ddb93e8
11d334e6
1bd0159b
b2ea0bfd
a71687b6
9c4d6ed8
615c759a
c816eb0f
4fd53168
87c713bd
92ba01d9
2d297833
589adbae
9095c4bf
ae30e46d
7fa0128a
2fe0ce88
f1f93d10
8f48306c
3c9a3705
db61a1d4
3572f4dc
77606f63
da5256a9
782e7889
c222139c
6f5531d7
318f476a
74ac2e60
86d45b10
29369679
dfb1047d
20e70046
03e32a78
54399b9c
d864df8f
b6f78bbb
d50a5f8c
e380d9e9
9c586c98
97a9a79e
6ef1f13c
07e790fd
aa7f92aa
35ecc86b
d6bf70e6
e29838b3
5bea36eb
cfce1a18
eb4bf727
3555f3de
82a02532
e43b5d9e
fd3114d0
7eff86fc
42274214
8c49c268
9ff238a0
6aff4b3e
1647afcc
eec74d93
66289fb7
6d4d12b7
09d84606
57ee3e0f
7ba6ba13
1c060a16
4b429f3b
fbc8ac5c
31ea2227
1130e62c
0e7307ca
41c0b384
32de47d5
f8e42518
6295681f
5f65d5ca
523b061b
de27d683
a4000ffb
aef20ed1
32c7bc4b
7ca8172c
488b7be9
80a4fba9
5b2a202c
0ce52960
3151ed07
88b63a16
fbbb8be5
35a997b3
5517475c
22febaad
3ef2fdf4
db00bc24
7eec7c7c
10e7e3ab
03f5e634
9354fa6c
043df528
da1ef38d
3ef7524f
e0b478ec
29cf2b47
a99f7155
7e49ec52
b367f9c1
80b2a6a0
28eb9e92
b4f5b8b5
cf67354e
4fafa3aa
2433a8be
0e5fd879
77df864f
4ccf16a6
65ee1a67
a8731f69
9c849f04
14d5611e
cef3088c
c9c371b4
b4149b8d
cc4d94fa
e5ef7fd0
161cacdb
23eb0528
5e703ced
1c3fc091
55122571
231a189b
6461b1c4
0541d073
367c20e1
fd1295f3
bd2e20f6
6a626aa0
97e6a1ff
3795c165
8b06f7a6
c9388718
e520f176
202377fe
c6b94a61
3aeac8c9
6bbae9ae
345ebeef
2ab803fc
42fb6ea5
2036dad4
5b8fc6fd
2f30a8b2
a1234388
627ef664
fd7ad30b
302d38ea
6c4b4709
37f31c1b
35cd7a84
989044e1
aeae9f29
af5f320d
f0429a97
50e2c248
131f1c54
93d00e41
06b4ac5a
20f68046
4d3ce86d
11beede7
43c27620
3ac8a906
c8c48dec
9f82abdd
872b274c
18a79361
febac097
bdd47906
f71be789
7efaa3c3
a4feef3e
6f19e021
d1598308
1d3de0b6
1124882a
a7e8142c
94b19e7f
c543b251
d3744fa4
02b5de10
d5bf4cfb
4ecd04e1
25d1d1ee
74b0c56b
ec8bd99f
a5f07ef8
934f0930
21a86b4c
3d087f94
cfe6b9c7
52454598
7fcef7ce
1f2d4c02
e12c2fd3
165b15cf
aee3b4fb
5dd2219b
f388236c
19833e48
b938a5a1
6de75196
745631ca
241f35a6
9ffefbd9
3dae58ef
c904a556
890db718
d9369e4a
2130835b
bb4b8de6
90972a3a
041f006f
a0e155e9
acf7014f
7f0c4d14
025c51f8
294de4d7
7ff24fbb
319dc8a1
d71c6af5
5fe7221a
385d3c08
b21570c4
4b8aa47c
8d5826e2
f584babd
fe9456a7
91c7be4c
4885ca9a
e8093efa
27767d70
2afcd574
f6c209de
06891304
0f8ff938
0085c493
8e56dd7a
74928a2c
093b41b5
53e762b7
140aeb1b
941d3dac
549564dc
89a1141c
72d2da4a
525ef815
5e86a30c
b0853253
7a8a5380
6d97cde8
ef3030e8
b77815ad
9cbc6936
ed5a6003
32e5babe
f29f647e
56d58051
2fd7c5fd
f16462f6
8e171299
480a84fe
412eb668
1434a69c
00b70816
643d18db
dcc16579
2c5e116b
793edc22
0da4cd5d
c95348b2
0c6767c1
cda98aa5
7dfdc043
c821e68a
08196d30
cacba9e9
3e7d9ecd
703f49ca
16759cec
8d2c956a
42698c25
ce3a28b3
c3076d31
32014b1c
84dcb852
4fe6079a
85eb3044
8e1f082d
b2a4b449
0c0ae986
a19cb98b
02d33a41
d6ee8cfe
e1f6c4d8
5b303f6b
c1988112
36e71148
1cc6be31
0c23b7fc
5dc11970
6339c69d
41491970
12c2eeff
701da1e8
4502446f
7f5342ee
e567ea0f
c032bc76
26cec5a9
e3bd4d7c
e6454c96
052589d3
3a92aa50
6df6a201
1ffaa36c
5b8a08ee
7ed247d7
1de9720f
70903ea3
4bc06337
b6f6755a
5b0dad1f
3753f0b8
b4653823
37bebf6a
71d07db0
3fa0e0cc
a1eb17d0
f40213a5
eaf597e1
b98fa0b7
178734e0
d7908c5f
f5ab3e27
de1d9ad3
353431e6
26cecdad
147c206e
92e4414b
395dfef9
ee4a9a66
8183397c
2821862a
c50a3f42
85d5f28e
6fdcafaa
92ca52b2
afa0d1aa
0c1ec5d4
5a10456b
7ffc23c3
cc15f7f7
2cac2fd5
d6318295
3c08b1a4
12b48f2f
8d387a96
5b749b7b
7124248c
b1be2f5f
dc84d70b
19e7f7a4
fc1ea787
965d8561
b9ce8625
519e5728
59e8a7f7
54f4658b
92ee402c
626d3c1d
65d9d942
448d1575
a79542a8
11a4ec6a
238c5fab
4bdfc4ba
578adb86
0190d2ef
7e152363
fe181ea8
b1220886
f26f08fa
28d0a969
43b6cd89
78b061ad
b1dad1f1
e54e3fb0
23a66102
13aea36c
9ba33ee6
d215181a
f53c9449
42b38891
a6a170eb
c90b2e3f
46664b22
31af46a6
9ed82ee5
2825f26e
9d13c963
b618fc58
e60f57c7
ddc99db9
20e2440b
bdbc71cf
6c39f572
17e426a6
4765acc0
4a678c7d
fe2a22d5
49734da2
a42c7403
8a810059
594e6139
ae7ca836
794888ca
7dcbfb5b
bb5a3706
022c4a5c
f5df3c02
bf9da40c
a5633785
7634956f
b3b43021
e68b8344
0fcadb07
897a3e19
316f622e
eee6c7bb
e21db165
d7656b1b
7dc3391b
98cd0dfe
77ce13ce
5c94b364
2f90594c
b9d7b829
189d545b
902df062
f9f1afe4
9faf12ee
5598c362
5786801c
6412b762
07ed7e28
ddb625e0
22eb3ebe
7bac64c2
8745d97a
7ecd049b
89502930
10f27837
160c2d13
7fdb87e6
4458b52a
7cb4b719
9d415020
c8394820
a3a98960
fb1ab744
ad84906e
e0937066
647f4606
12e4ace9
95e32c89
3ed8a410
37f8d9f5
30e5b2df
cfa017a2
63387f56
9fd9c656
86d7cd32
908790d2
af18be0f
56dc87ce
d111c50f
b2adb812
63d7a317
4ecff61b
85d71114
aaf6b2c1
f346ce32
97b941f7
903e918b
a7fdc154
3a8ab97c
8a46f4c7
9bc480bc
0740f9c7
7d3e7833
3b6c50ba
1d227787
0b9c550e
80eba1a1
277cf4d9
e67336ed
f62ef65f
61efebb5
0ae61a41
04eb8851
c5eb9e84
58523396
e9ac97d9
8ab21cbc
c2a6f093
34b36139
fecd8e5a
1c023106
e743d0c8
e66242d8
00369972
33a2a679
b98984f0
b097d0a5
997e1fda
c085f035
dca35c10
308e0c31
6be71ee1
6131efd3
57941b22
dc20f549
7cae0c8a
aa72b12c
045cbff9
86ab83d5
e5fe7238
23499d97
1019e3b0
7c34c59f
40ece743
c2c882dc
6491cacd
de97d7ef
3aedfcfb
c467a13c
c8492453
23a00745
ed91251c
3cbe7f0b
32d116c6
c756d3fd
8b05cdbc
4ba5e47a
e3b53268
50180653
f2f4fe86
4e5de684
963b5194
d078d061
778bf165
54548e4b
4fdea2fe
98ba6e77
2ad1ead8
fb47c926
7a082b6c
3d61442d
603fb7ba
c48abac2
d1d63acd
2e48dde2
cbde73cd
c0a8706b
e2a22fd3
91fd68c6
cea624e7
d02934cd
a17a9b50
32b9cf35
ba2b8817
cacf76bb
eb56e398
bf5551b6
f0e92949
fc6c8a70
c26f7b8c
fd20a151
6f6f39b8
fedfc964
2d4fe3a7
37fe2b2a
c4cb15f1
9aeb33ca
f8cf477b
aa23793b
af65921f
209bdc01
d03cde4e
917f17b3
2058cc9b
2a3b2546
62513fa1
1c9b23b6
bd485f14
ae94f2f4
179de441
d6cae57b
a08a58b3
7f8faa7d
8dc3d696
e93edfb6
7e93a5cf
8b40411a
a7d3407e
a28e21d9
4aa5a0f1
fe34f5cc
094ab4a0
aa88d59c
6e6ca036
0f939dbd
04954cf2
88e16a2e
41ff0627
cadbd26d
76db5520
4e3ca1c6
bf03ab38
c74990b0
7be47ca3
bdacb05c
7ed51ab5
a599056a
b29d6b7f
4cc997c1
35301292
d07b6a63
c7c631aa
79bb6699
b97b3a3f
4a9cdb03
ccf94e06
e80a432e
6fca957c
e6febec4
a3b574c1
f30dfd4c
3e39a39e
c5389290
c40fb392
7c6570f2
98e1da5b
50b28716
5544e045
da551dfd
33b67f15
6e5f456f
da3dff73
095bdeac
d19a0b14
e41891b3
98a06657
bb7e06e0
cb2bfb0f
bfe37fa0
315c5e02
9efca103
1832ddb4
f7a486e9
0a6dd5b9
09089889
e243d263
293a68b8
18d02850
93bedb77
4a988396
448a8b93
a18478c2
d339a70a
f4d46201
313205c0
cef403d9
740c8af8
9ee873db
c2f41c99
54341fa3
334abbf9
f857e13f
a77ee6c5
3551ff45
734b8bf5
b86565f0
fdc167c3
7e61203b
6df524dc
1edc3c9f
a21721db
fccc2ca3
c80fb37d
0ab52d07
1641b9a3
2312200f
e00ccce3
065e835d
c9cefc74
6d6039fc
a1e903ac
a6907381
d3261d6b
5b4bd325
8aae2bff
649edb4f
64e1828d
4cae3432
29687296
a171f3ec
ea6820e5
a94d6685
4944dce1
44fa7a65
25626433
13166c7e
97c93ff5
0ce53684
04b44e81
d0ef0f95
7e9611fa
ebe12230
c921230d
bc60abcc
b84fd577
dd50dafb
10e8fc90
2c7598f9
7f8efed7
f2e0c91c
02a3db04
0d09a068
965743ee
8ddbc106
14d2e469
40ec1a2b
fe919f20
66e56bf1
36d8766c
113c8b12
b9f52c18
e31247c2
b92d684a
839c783b
05d18a69
2a160c72
5951097e
4c8a0f3a
51165d15
08b699ee
9b6d6d5e
328284bc
99d0f349
92f54e20
796eaebd
d3c021f9
3cf9a28a
d76af79e
aba3e990
e4e31d96
df9ac24f
f8531581
3060160f
5c89d637
0daca77c
aee146b2
0f83116d
61d7bd7d
6dc46cd8
417a1c95
27400d5f
9404ea19
2521c612
7632fd16
9f6c06e4
03653edd
e565135d
5f923b82
1ca86455
06c71ccf
888ca1ff
93b9c647
0741d356
8cfebd3f
42f2d084
b65f9d88
8fb9fe17
d49a1c9e
49e11f31
62d6fc9f
d173ab4b
9bb593f3
e45b4ac7
af3cdff7
7a193bc2
8165558a
1ab3a9b4
d0e47796
13324725
4d013698
82f15dd6
f53bafc6
f26eceb8
33841629
b8455c4f
c205aa04
66d91db6
923d8fe3
29dfad34
f95521b7
a014bc33
79164cf4
7b5096a5
c9f9586e
d4458bee
221d3833
2495d2a6
495c1e02
bef2870b
9fba9b29
7418e15f
5c782037
a360362d
0fda7243
f51c59f5
d8be0169
19bb5dec
8e0653df
68adec54
7b987b2f
bed4a05f
c0d42948
13f0b7bf
4143fc75
b0e205db
c0773a1b
ca5e72e7
35cda603
a5e1a2cc
bb49cd0d
536998d6
213a22d5
17a27a67
548e9edb
500a1c66
39873e72
3c7189e7
5107d721
98a5e22a
b03e11d8
b0632bfc
daed6847
f25da95c
2de5de8a
0692449d
901a8c4f
9341269c
e8cba919
ecdd43cc
75b52caa
71f1712e
be24f8fd
216d59e3
7485a33c
e77a31d9
3d8148f7
5779bc30
e6bea883
a49c2b07
18950adf
d0a9d484
2aa2dead
84cd663a
f17aa56c
64277482
bd41d1dc
d9e988d2
9ec22c38
5118d51f
7d046b95
1c4a7169
084551c6
2af56f46
d50b6d4a
98236263
7de3662a
98bddefa
3c470bb9
95d1ff56
07c112a2
5b552b97
1f285293
df27c1e1
a922af8a
4fca7649
9f91e100
c60384c7
945cad6f
4bc06f08
3a0f789b
5ea30578
c4312766
6a8e4b95
1ec1856e
49fb0aef
75d37fc4
b5ff379d
4bf7d834
fb06b55e
a3219d01
3278f658
31eeb327
07ad4a11
08aceb41
47828677
88a424f8
621772d9
6a310faa
f7d57e90
d01672c2
8677c1ed
96606688
00c93022
1c598473
304e8027
fd05708f
eef562bc
7fd66ad8
7d5f92eb
19b56457
c9a854d6
280b21f4
e4b29935
80bc6df7
858db926
6eb655ad
72781a78
800c1751
cd961460
33147f92
3fbbfc1f
77a5e2fb
94f63f9a
b406b849
54758e98
88f644af
d3cebe4b
a78f7bc8
fdc7bf5f
7bd40b0d
d827c46f
63cab0d4
e7b15413
a669c916
2ecd4f92
c6ae2be5
5f3c19e7
0a375129
fcbf6cda
68a2d1a9
35422f7d
f99cab57
42451fb9
0c8841d3
a70e94de
82f21859
bb1a5f07
cd3b3326
d8fbcb01
41eed753
392fc589
5c2efd66
488a20bb
46400cdf
c3507de0
a3caa110
9d814f09
a05f1b73
9f583b89
5311d66c
56446a0f
be86cee5
b05caee5
8508abdd
ed39b877
cca1d25c
5b0b040c
a61084c0
7f4f6ed1
cd7cfaba
9ddab89d
a729c6dc
cca2840a
f29809a1
bfa97cdc
cb5aebb0
4e247240
a70cfe80
06747c85
3c9312be
f32ce09e
bc72ebb6
75a90319
968b98b8
490f3630
f14ef6a8
9377552e
c3125edb
36860241
670a0ba2
c19e589b
2f04210d
34ed6502
b72fef9c
155a19b8
43db9d62
2b5bffac
fd159958
568d5e1a
70b39c5d
b433683e
9163a2f4
6f308f6b
aa460c9d
e6239252
3b3bb081
d3602572
8636ae38
5bb7aa07
aee4125d
0123deda
285413b7
733d337c
efd6be53
cca14549
680125c3
d89ac07e
9d930ab0
a79d9057
529fe09c
cdd68042
13d8c582
b5762d4e
b85b2975
6c5d862d
8d648f5a
08f10c0d
266e3b1e
d9bc2788
1ae1347b
9fbfa406
eecf3bc6
9ae7373e
4a6b37c3
6ac7a896
be10780b
284f8ff8
f331d57a
50dfdc19
3f709609
7098fc04
b798e87f
c37fc140
ca1d4c2d
a07d6d95
3b2f7662
6ea9b9ec
4817f90c
6aec9bb9
91cb895c
815dfbe3
faab0120
4c552b06
39de92d7
28e9d131
53407ee2
4b9fde3f
4433bf18
6c410477
02088871
58cbf8e5
39080c90
6b7057e9
5d4b6f11
dff8245e
e4a9d267
3fa14f83
096fc684
88f6f14a
0f136682
af8c88b6
1697fb6c
2026cb4b
37943343
c1b5b33e
4d1096d0
bc2e0a05
914b1afa
950e36f6
ba0e8f24
c7eebed8
48617ed8
b7a91859
91ce25f2
be2ba1b6
3854dbce
ecc899b2
6a1a5fe9
3de81236
b5a66325
5223ac96
a04aacca
2bdc4381
36369356
b26de5e2
6f468e24
7f6a7521
0a5a6d76
f1893d9f
8c192f10
62c15d49
d32ac269
4318f686
30593ef0
d6c8af7b
62f8b6b3
30ce542d
2d591168
999e8eb4
75bce06c
1a357e1e
7856ea19
5c7c71b3
cb0f42a9
0a7e7f2d
914f584f
fbe272ba
faaf63b9
7cf86f8a
780015cb
15f40b0e
2485b45f
e363c724
9e89f9a3
3dbba7b5
37fc1976
bbd0198d
fdfb62f9
4dbc55c9
7a718ac1
534517a7
c5181ae0
085107de
f6a13820
401cee08
cf0f226c
f64c134e
bba33cb8
35a859f5
58c65297
98bd40a9
4373d0a2
39dae521
25038f7e
fd68e213
dbc17fb9
e75e4d9b
1b6ab5a3
6e4f654d
63133c05
09c56bf7
5bb65bb6
74c724c6
467bccbf
07745f4b
4a78d4bd
65491ce7
0c1d9222
25b2089c
6776e434
c0d2b09c
59fa1feb
764973a7
006484cf
cc735151
44c54985
b36f3019
c2214713
cbe94038
666aa090
4820c0ce
172d4dde
607c65a1
7215c75e
673be70b
8d2b8ac9
738a7777
5a4b5d47
4690bdfa
84966d56
c0d944ea
8364ff89
ec0308e5
18e3d27f
2ef5a70a
fc5afa2a
b593f25a
c48baa5d
23a4aae7
568390e8
67dee513
1b1e7424
c42d15c0
46c32324
9a97c132
f523ecd9
272a0e03
2ee46ad4
81bae98a
81d9cc3d
42a9f4db
6fcba709
d6f9f403
3f492201
f7b67e66
30a4af30
c6fd1b19
10da83ea
509879d1
7af319a4
05ec9314
6e4d4116
7f334633
0ba5728b
fc961faa
f69a741a
fb1b2428
93fdf482
086e2fba
30ed4429
3e64901c
778d372f
4634f8dc
6673fe56
3f3eca2d
b97756a1
dcb09094
a7bec620
27f09f79
3b33fc1a
4f19e0a6
e348913b
4dd07790
de811748
bcd4921c
f5356008
7e546de4
bda3a2cd
921fa2fc
65e7b440
e9ecf53e
60b55f36
4611a4a0
22e54cbb
913b80b9
9f56fede
59153315
fdf54c1b
ccf7b7a0
e0078b52
58ee083e
ce5488a5
7eb6655f
f21ed835
d1da2cac
0395973e
198c2dd4
504890d0
a6bb0ca5
aacf8f01
16c379c0
95b4d2b1
bead2aee
66ac009b
7876c0b9
89cffa6a
d434969f
ff003f95
4c3c7e55
655ca0ef
9406b4b8
54e27ec4
fb086ed1
8ab8abfa
290aa242
d274a938
3859fcc4
1c88e92b
73f342e2
c482b013
19181afa
c5858c33
300fa939
67d22966
65122fa5
158f75bd
2808cd17
f68471e3
9fe01920
4575685e
87c07960
3f8be027
39da92da
fba2bcc9
8f8916c1
e15599c3
e6de3fc5
5e12806d
062cb33f
34fa86c3
100e0102
7b07e6f9
f2f5df51
9f73a039
f1925c17
150a8c6c
acbc78ad
4479a611
f1db3862
93ecf0a2
29b1242f
6950fbca
614ff755
260f8b14
330b121b
044a5cdb
233bb3d9
cf16b35e
51c9cbca
63253235
3e919875
34cbca10
6d140534
96891189
bece8f36
05fa9915
7816d281
59db2ef2
b12786cb
1869dad3
e1da7a06
761e4acb
1e1d649d
f33ea9f1
3ddd863b
4e45e38b
e0b024cd
b0c19b62
029c1f46
1ed087e4
92836ed0
56d65286
4dd42b65
2cf15c32
b29ee881
f760301f
f1e59254
19e14bb3
b9287d20
09c17644
621fc81d
d19bed73
dfd17bb5
1218c3f5
a4bbdfa4
ef321721
db720e28
5f9d79e3
d72fa11a
3286bfb3
685e4646
822bbd12
895525c4
b82f7400
64ba67a5
dcc20496
3b21dd10
2e6bbb19
1d5200a8
37d5879a
acc17acb
c04e0bac
7fea35de
7c09f821
84633932
0c46adc6
3e9de1e9
3f16101c
72dcb2f6
98c2b761
c64fc09f
6b7d424f
13341229
0b7029a3
5041e0cd
e1ba10af
dd277be2
f1791cd7
5904de65
6d9ea957
133a4848
20f47d9c
9b79da17
a629c5a0
fa129bad
dc5eb934
8b3cb600
2e0b8a2b
8330a087
5b50ddc2
e3a46430
7feee1af
f56042ed
bb531844
63ddac3c
fc75dd76
2ca039d0
b1294f60
5460096e
58eb1ae5
c097d9af
7c4ab421
c8ff9721
f07aca7b
c0f0fca5
73db0c5b
2e1811b9
3eafde37
7979a414
0fae2058
a3c68279
8ac5b685
b1842e25
15d21879
8d5817d2
742ad182
3f4bf21f
133ce80b
5dd89318
af5e6f36
79c8f238
885ccd8a
131ae372
15068b80
f150f535
75404162
424e93a1
8301ddb8
7a2f3ae9
56b9e978
64e4f37e
4dd74338
df3bca5e
7165120e
82397874
f0bf5226
14794be3
1b81e389
4963a750
af332785
6ed2cddf
68ca82d4
f45cd668
d9112b3b
867b09cd
43eab341
37c27d51
4e894965
9d27e5b5
9cf1ff8b
4e1af5d2
614217a5
39394e4c
1193c5c3
82ebdf1d
3f4f637d
bb6c4708
73b0b202
464ecf6a
171421af
4e0d3001
e249d472
0075abc3
f55fa4f7
e2373fcd
d5c3e495
a14015c9
d9df6f6c
7fbdabff
46710ce4
b9008487
0878d792
32cb96ac
db40ceed
8b409b8d
f0a42a8c
1cc1fcc8
f87bfde7
ee1a0bd5
8f9f67d4
222faa7f
ecec88eb
dd773edf
ee5ccb21
a30f6e6c
968783d2
dafef435
0d3d4e15
ea1aacfd
f07d1dde
113590e1
6dbe2f9c
c507d59d
c3309155
806aef4f
243c8fb5
f44ed996
dc023748
98f9f7c4
281a55ef
3701cf85
cc236991
9bdfff73
696685a6
cac0fe99
8ddb36c0
8d904358
2c8b1fe2
25cd3320
0c818e65
d8a548b1
f7d64cfb
8e4e579a
c1c27f72
c3527f14
9878a056
bba458c0
a2ffa335
c1f4cfce
569da9af
a49f240d
72d8ec26
ec149106
8106aba9
3644ed04
dcf4f101
a9e62a1e
c24c59ab
50cb4b6e
f18c3869
5aa3a752
65a83089
55ecff65
07adf61d
b34fd503
23c1620e
8fada854
a2bf5a30
fdbd75fd
597bccae
ccce5dd7
85218564
049911b6
c0aa5165
423f993c
03a0b15b
55fa3e98
49321761
ac0bf163
28aa0adb
270b7363
38981c5d
c21d86a6
f6ba53fe
6ed4c46e
b1c6d6d0
76185f3f
b083de22
2dfd9a24
eae44bfd
b72609e0
8092979a
69ce0686
653ee099
a68f22cc
593a90ce
f2b67929
9a29389c
0d75c538
6251b7ad
9acf5950
0bad3b51
fab22a09
6ffd6fe3
5984fcc8
015a171a
3c8f0b43
06017e5d
f6ff8ba6
2813ae6a
25618565
9723574d
12b8797c
6145c1d6
72373a83
ecfda325
502e5086
c8aba322
ef5f4f99
7d946830
1554abdd
e19cb766
349a70f8
b178e387
fcabd98b
3cad067d
2053a589
1bdb5760
afdc0ce4
544c7747
97be00c3
79786b4c
8d093c0b
8e0dea25
c7e35703
3f398621
baa8745d
d39320ec
3abe0ab7
da386702
7cb02e72
8ff21761
86b5602a
59f76578
aab76ae5
ff96aee1
dd0acd86
9b30cd22
ace199e1
a4d8e900
cd60cf24
3e31f161
a2b611d9
31f573da
a525fb1e
59b9d23e
7ec23193
9e0a0e15
9414a33c
1e2b1153
2519e71f
0125120c
1f697802
ed8d0684
ec3ac329
ffb928f0
87542768
042acbfc
10fa1478
6696e3da
584533b2
74e27fff
11bfcacd
9f953639
3a27738c
ac247a68
f91b4beb
06383a2a
d508d655
999a4818
b41f1fdd
27d92a71
d77534ef
a4ce5ac2
a1f20c87
5358cce2
84810741
ad9364d2
1f36e5d6
11f41263
88b14af1
dc6c67fa
a85aa75a
4b913791
01fcf99d
83a1d500
00f0723c
24e3667c
d1dbec03
04e1ac21
9e2b90bf
0ae08ff2
dd7d5ca9
3c3b5baf
644221a6
d29dec10
1c6de5ca
e6bd6daa
0ac7e047
9301bfc7
9801bcc2
f1f529c2
2560ee66
8004d3d4
5ec96aee
f17bb7ff
8ee61894
aac0bc4e
6bbbe5b6
99e3bd5d
c15e95e4
7454b869
4cdb00d0
1fbf9b76
23a30b0e
b851a740
0b9543b0
8e5b104a
9523f4f8
125c45e8
c0503321
84f2d07d
e8845288
a638fd76
54093adf
4510ddbd
cafcc77b
5ec5f5a1
9587a0c2
5799389f
b2f272c0
e0ebf6fd
6093e788
4103173a
120418ec
264df895
c47fed5a
c68cf76a
32739ad1
f931bc62
3adb3438
afc2cf38
f53801a2
0823ccd8
6bcd1c9c
d3515df7
a6cae3bd
f34f7c9e
a07715ca
dded0d4f
ce6699a3
3c3d29bf
5fe7f6ce
41888ea4
4ae0861b
ca5b8c9f
56378939
d4544107
6e5a14af
9cdede00
017ace87
c7428d45
11b2dfeb
4fcd4604
c3922bf1
344fc822
26809fad
fb28ddc4
b325a30b
dc998c61
adcce9e4
75d1a3b4
4d1697b5
f71af683
133fdbaf
d2928fe7
56382515
1fae216b
5eb13723
a84746dd
f041d81b
52a7513d
05ccda96
ff4ee48c
dc41db50
4e04ce18
9798f585
31affc6c
c7e7568e
8dea37ab
ec41bdcb
6a5c3fba
d140ce64
e211c165
dc811d88
d62ed089
00cb6019
744ed14e
b7f4bfb4
fa252574
be1eed62
6ae3223a
4d5074e3
8a22ef0f
77b2ebbe
639c0c74
f04236bc
28edf590
ccad3240
ac81132a
78531bad
85ed0999
8fb14b19
aab7c7ec
29ee47a2
20589aaa
88a91812
c9889987
e108481f
eb998973
816f09be
d3d93224
503f0f60
fa28b26c
54d14297
d5e31da4
ad9176dd
74b30bd0
aa8fdac8
e063abf3
7054094c
f2dcc5b3
3ee1842f
50dbe8d7
36f868b7
7d22bb33
ee09019c
91e662ec
372643cc
d1784c29
b008e409
5c8b1945
0bfa29da
198aedb2
edfb4713
51917cb6
913976ec
cdaff039
17c62e35
ee21b779
918f88e7
eded574a
f1d00015
5a8d92fc
d46b988e
51b1df90
87711ef0
e7669fe1
5e8790e8
ec9bf49c
d7bfa8bd
8d889fa9
53b33452
e175814a
de5786db
ea27c7de
2d530ee5
3e580136
2e5b2c7b
00da7160
a0049d1e
5e5c333f
0a0f167a
408b8a98
0c1e1ee1
1c5d203d
423f6422
7b7a03df
ba21fc73
cf6ccd87
c4791330
93c89e17
6ec70ab7
81214da8
b05a6ff6
c1db3fa2
cd18d06d
ed07ce89
016c8fde
4436a9e4
4f04cedc
b0650577
22a33d84
2168bebc
7e03f159
a2b08d8b
73960d32
46e0b116
0184a710
b147798c
45bec546
a686c97e
cb04a4aa
715cebf5
34ea80fe
201777be
ee9ce580
99da9adb
1ca44974
93e28cd7
af6d9fe9
500af241
71dd4cfd
407b217c
bd87a39e
dbead0a2
b6d2f348
b5cecfb9
e714aaaf
88bab2cf
d006b327
cc365027
4fb290d4
daf3c4df
401891d1
57eabf62
72e38db1
2510502b
1925936c
f6f1695b
bda83d4d
0fc3a578
5fd586ec
bb904472
bd840735
3ec33173
6933d72b
f474950d
234b0c58
48fb9b0e
c77f79a6
7a339d32
7dd2cefa
49c04f60
97ad1e29
615c8896
dec58d90
d1e3fbfc
5430e2e6
c7734938
9f79bcca
77171af0
f3c2d3ca
a82ced59
78aaf189
2cce2f6a
05749fde
554c07e7
c9a0fd75
ce627d0b
e83cfeea
95310026
8b87cbb1
0b7a7bf0
d7a56e41
97f9cd43
f49f57ae
757d9170
39e9e558
2a584201
c662c62e
27a9faef
0946b9c3
d1ca6954
bcb7796d
6b2bced0
4870697c
7f261a09
6f346912
c575a4ce
99734107
510084fd
174c073d
0af12ee4
4a7ab877
afdd5aef
69206b40
65dbef6d
97e5492c
b53a7a41
7dbc8139
e18b5fd3
a0a81ea4
7e0bed68
0b25eaee
178c53f5
c7ecf3c0
e1e30ae3
39268b1b
9bd13aca
df93688a
ebc47d20
321f36bb
721ae376
7149814e
1ebc98b6
9d3df34f
bb2be5a3
241f7c9b
dcd8fb3f
1f9af726
e61106d1
58f128d2
a3ce12cf
391932ea
cddf89a6
80e34195
a40e96f7
72f2929f
95f7b1ee
7cb1c948
cfcf180a
31d72144
fc7bfbd0
4e36de53
f6b7193e
6c1b7fa4
c44e4f38
fc31738c
f8d1496e
39bc45da
1ed829c8
4d5bbb07
c5d1a41c
08e069f8
a66c3fce
aecf2dfe
96865373
d82277ae
2d637df0
944f725f
5ba9e1a7
9eb1c6e2
931ccdbd
2ceebc62
10cdff99
80276ff9
2165690f
2bda04d2
1062e851
c267e2de
ac28253f
d7d5a493
2cb431da
53306875
ed1f5e62
4fe3729c
34c2bbcc
8205798b
44263810
a4ca25fb
d7f1059a
3d800e31
0e8c52a4
52091023
eca88561
519225d4
f6829c7d
7b13c0dd
4447e023
324de2b3
47227d60
188c1bea
f3ec4e6f
85e39d48
3d97b6fd
236efd25
97121d2b
5d0ce008
7329b704
61ffbaff
26ff7911
cf1e4884
62bc5f3e
4a3a6182
bfc67267
0b0234b5
40bd0fa6
c8d0b811
ca7ac640
6ab4a625
99f6f769
5f7e68bd
0ac42374
5d71018d
da311182
a8de370e
f1900ab8
84e0d8f1
ec971ea4
ed9d5812
fce1aaff
04025c18
77a07fce
9db0452a
1759a188
293f435c
d381ca26
a3820d56
8f2373e7
57da154e
091dc874
192d42aa
56970fd4
ddeb4f99
9fd7201b
bd3ea0be
f8c6e209
ca775462
4aff6e5f
59b1b720
bc17b0be
fac762ff
872eb06b
65743e4c
8464e056
8cf5a0cd
d5a12b81
a7a6ca73
e2256389
90a6beb9
e886e8a3
4d47e822
47337b9b
98aa19f1
f0f82d92
6bd7a512
6edbed8a
31a3383a
6d80b3bc
2f82084a
582e8e45
66aa3419
11cc2f54
bd8e61cd
f97f0534
17d1f198
10227486
d61998cd
745c394b
b24c1797
f55c3111
546c60b3
9fd9364b
7f62b4f8
47d4c3e0
c8a67635
55bd3f8b
ecc701ca
53ddc94d
dee42475
bf7c24fa
edaa23c9
e7cb7365
2988db96
ba71a577
b646a331
1a7ff2a2
f0087dd9
7963d175
df892138
b9d9ee4d
4c70a6e3
082ec84f
d8d9e2f8
9b7798b1
56025f31
255d4016
58cac1da
f0bc2bf8
4aa90c1a
98413c51
478ffda9
e6bce9cf
e8801bd0
8fa9afb7
ceda974a
89c5b2b2
cb9bf213
e2ff1f46
982f99e5
4fd4145f
e1f656ca
a162e2d2
1fac15fa
445f1086
dc54db80
22d39549
05d146ed
8feeadcc
f724736f
f88b87ed
5d4bb966
1a761e74
dd5a9a5f
a520d446
16b83677
b3747ed5
0137e365
3c19699f
a85c591a
b219cd78
cabebb8e
52a1b101
e16212ee
34bd4730
ae7772d2
fb7d6421
afa07699
2e8fbe6b
4d634243
48180219
f0e3cea1
a6a8ef9b
e384ec25
6138b7a9
a1d05664
5e57b95b
65022dad
2a7deed8
24409bd1
d3693f53
692324dd
141634ae
ff3efd86
68aa3476
c3f90aad
7f1b3b82
2bb018b2
e6bbd416
c80986dd
e24d854b
a99b5fa5
bbb2b2e7
252c9fab
3ec3fe69
f6014e0f
c36d34fa
db0d2256
0e153390
b38f31df
2c8d4dea
2f8853e8
c60ebfda
201542b8
62e58121
8c83fcc9
107b7dbf
d4a82ea2
1d19fe4c
7af2da20
d5fb2ada
a1136f23
a3521508
7dc02b60
4d1701c5
c92b1e0a
e6634679
13ccbccb
12966499
2640b7f0
f9e47634
338e8890
789a11d2
cf356e02
a95f387c
b6d26e9d
c2968c73
54233827
d5593c8d
ef3b35a0
f8bfa5e0
fba04944
7d8df55c
c99b695b
a2492327
fae22cd5
3ad2d303
e9fbf843
5ba1904f
5defbc30
31df7b77
993968a4
c0d9db30
f87095d6
8df17305
d9c19208
275da586
dc3d5ffb
3b9c8081
7822b8f2
202ea7e5
41b71cc6
fc0cee4b
78a233da
866d86a7
0281667e
eecfd771
44d20899
83b838e7
f6349842
ff73a0f6
bfaf54d1
ea31baf5
6b9a0473
0939ed61
a6cc3de4
318df367
e3003dc0
5e097aa2
ba08a822
53172860
50767413
8d4abf8c
6fa3c76f
840b6c3a
fd5033d2
7c363ef3
9875a1bd
27ad3ae2
9caa6b95
80bb3d01
160aeb6a
5f3a483d
7294b79d
fdd75524
dff64267
0f17b0d3
59d744ed
4162515d
ede9eb8a
9caa36fb
019c01ae
e1cd9f2d
f7d61335
49672bee
86757ef6
5c3f5060
16e0fbc8
68bd662b
c2079843
89634ae3
bbafddc1
f0c5f60a
35a17cad
920bc28c
33dcd20a
041a4223
4d31c0bc
c6f3480f
48ec284b
ca82e4b2
5b17d9e1
ef529beb
89299dbb
d03f0488
9e069dd9
1338c598
e94049d4
2c7a8e38
7042ef83
d7f52c17
c480f216
2f79c910
cb2b1882
d35277c9
d9a52d1f
7e68a629
cf9f23a4
e83e2cc7
258b943f
63f15dae
1383bc6a
4e4e722b
8c9afa76
5637e602
e8129d33
243c101b
9582a8c5
204d42b8
f12f7c05
038c47f8
275279ff
69e793f1
624c6af8
ffbc3bf7
3c7215ab
e92d86d5
6b0d0b72
f8a56272
2d1417e5
9f339364
c12c2008
a68113ca
5c7ff36a
a4fb89ef
bcaabba9
07f032bb
80fca04b
7628be4c
965ea048
671efec5
fd6ff4f8
b78b9a93
d32d3562
2d6e27d3
7067a41b
8ed91bd5
3dfcd3ab
9727bfa7
4e90ef49
ea574928
d0b49416
245695ff
34f1d2da
4c233710
b2435c7f
54a35aed
5dfb475c
a6dc431e
ddbf757f
e00d655f
f159a483
f5ef6ad7
7aea7dab
192e702d
d1534815
59acde7a
1dd04bbd
197f6938
a3ca78cc
60f3b244
4e26196d
9669ac2a
f5096798
20e54dcf
75dcbf64
6b3d3a10
374b9972
cf60356e
2a60bb9c
2e1f6d42
6ad792d1
0b5735f3
28c63be8
004ebe6f
3bf225ca
8a18a8a1
21fffd70
eaaefcc2
b1e2f62a
22f5ac54
90843b0d
dd844554
e9b8271d
4951d3d9
80aa0611
857244df
a23ec91f
c6456367
b40eb506
12925534
3400ab0e
0a3394af
a6cf56d0
67f46c2c
fe68214f
0d62262b
951f756b
0ac3eef8
4d02150e
f9448c9a
d6b702bd
2bba3d97
d09a983f
c32c49ba
10d58df8
20ac4b78
6c3ed6fb
cf64772c
eeb59c18
34956e85
2d0166d0
5f8b4366
cf868a65
2bd027f3
d64c1002
fe097fee
468491ce
0107241d
883f473a
e1bbc7d1
116666a8
d475330c
93a8c594
4bac39bb
79861f59
12478be7
30ed1e2e
cb4b439e
691d420e
425783a5
21f3701c
c0699aff
52336702
ece0fc67
10163ec1
d774a17b
f45ae94e
554bedde
02293c16
a8fab897
99e9b616
d754d2b6
23e43c37
365e62f5
56789e18
3ba53fcb
9a6e2874
d20493da
16ae3b90
72b88ef0
a801f9de
217e7a5b
5db53ba3
22bddd68
2fdb0dd9
368055f7
2aed8291
e4303fa1
f28e419b
b32a3a96
934197c4
c852c255
598651a2
5d13c55d
e2084bd2
727165b0
d796c68f
c85f84b4
d521f07d
4751ecab
5c83ce34
09da6f63
c036086b
516b25a4
d335013b
99b35c42
4782ce8a
453bf38d
8930ba29
678e425a
73ebe354
36dc1be9
7cc60b66
6794ee8b
7e852218
fd2b81e0
901c39be
d3aaee4a
4dbf355a
6b8f314b
36955ae5
399bc34f
7810f2cb
48b09fb8
4c3e5765
9932b8a1
a2b216f3
5c494408
cb315d7b
0fd8c218
11276080
52f2bd02
3159318d
bbd5206c
664d5185
28a89f40
376c6d4d
a9ac4397
07449675
e1ef6c00
d6ba014d
c24f72d4
2a3b0c56
3dcb63c3
aabca1cf
a462ee0b
d03b2ee7
b0892b6c
ce59b10f
c41375a4
9e7bb2e2
54498340
bf8fa9cc
c1f985b0
708b4fd4
b37140c0
35ead3c5
1f3fa691
ac2217ce
ec754082
fc1f8c4b
b6ef9b61
fb9f3298
8b85f8b9
daeefb01
7558caab
8dec6b12
5c631925
09a960e0
eb824c37
9a538e81
14248ad0
13d936db
ba935163
970f5721
320c4eb6
c1a91a4a
5862b32e
9118ea39
96a77f0e
09833126
cdbe0b13
b70282c5
d49a9687
6cb72c4b
509d7aa9
82372c61
54f3085f
e26eafbf
2063265c
a0abe16f
b54bf654
02df13d3
315104b8
2f0c1f59
d739087b
e3178f49
d9322fe9
a24752af
06c69c57
c61103d9
4e83c2dc
0ade567b
ddaceae5
8a35fac8
41870ba5
71fcc344
c5e2cd01
0ce251fb
2ecd9e98
0abcccdf
ef14b020
3dae3230
716b605d
4c60869e
f631ec9d
f5985a1b
d2653433
b576d881
b1edb61e
95c27818
d727637f
9e698744
49a3042c
4466a606
5e6d9c15
c8025562
fbecbb08
fcfec0f1
396966f8
8a8da3cb
d9b0b79d
8b1e8325
405a62ab
20ca20b5
8e23907e
68438027
cd5b4c79
7b67dfad
3269c448
443c0ba2
e87a3a72
72813f58
429333e3
5ab00225
b928c619
65f84c07
d9b0c769
c2f18a90
f26075fe
1e4fbded
3485c337
1306b8ba
ea40ae9a
5871c039
418462f7
57e04b0c
e2364062
cbc150a7
2250ab04
cb441670
e9a22490
7599daf4
771cf90a
b37f83ae
2276b099
2ab52cdc
fd7bfe2d
760c95e4
47637dc3
1a158c51
026f08e0
84a0d439
63c727bb
dd684713
f52f4900
b078ca62
dbadd57a
fa5712ea
8a705c8f
2bbc4f1a
4746d2c2
3e4e3ddf
64d38b3a
cc108a56
9071e52b
15fe94a5
3e008022
3a1a3aa0
b2d97f1f
9b0b0bb6
c0c0a04b
eeb45a12
a37be3b1
7edebb7f
5f8dfffa
f621d59f
97dbc021
084ed4a8
60ca8362
359c9ca3
9c591e80
c6f22134
59b31a07
62fa1b3a
42824b29
09d25ad6
3a32b76a
ccda8f57
ed4ca3a2
f648c9d4
5751f4bf
475659a1
bae20e7e
0a8f8881
8f725d78
53973639
8e7a9360
abe77181
f96d55c1
6cdff98e
ac3b2370
df086b9b
203a104f
5bb5486c
bf082ade
d84f330b
6a56ed31
fb444339
5131b701
73911ea5
57f94e85
034447f2
18f4f491
433b2abd
7cc1af34
404f40e7
4f55e610
3857944c
632d18ba
e4486369
40144f75
1b7e8c42
ba3f3b3c
d2ac0c39
e8297615
6a490c07
e6cb6489
5f15a4db
bf200dca
cc98b3f1
721bae8b
a785b538
5b64f44c
ca080c7f
04e2d67e
525503c4
f16005b5
6a9912ce
78ca019f
08924a84
d6c0eda3
10074ce0
d1dad900
e882e5ce
f7da9d62
bd02971a
2449eac4
099b7da7
07ee5363
9e473021
2410b08f
dddee02a
8d5b971d
65054201
30310ce9
8c84b468
6847c976
f1846693
47757ca8
69c92190
4595a75b
5c9f238a
5f5375c7
45d11967
37c2b95b
faeb1dbb
e14f4e11
f3d0eba0
d09651da
98737d3e
3430bbd9
d235f4a6
23eaa62a
b6c76d74
776bb5df
f980ec7c
ddf804b7
f5180d37
315b8508
c07ef896
ec5f8de1
c757fc86
094785da
8b54918c
6c865f59
90f2812b
6ee8b25c
c3d8b835
80f245c0
185f2316
1f6a45e1
761c2f8b
fb8ff4c0
cc563dc0
94b11726
e8eb5420
4e8cd4d9
2e135a98
2f7d3ba3
8b5e96a4
8fc38884
91543df7
60dddeaa
47e2a0e4
5838364a
f95dbdeb
2a60fc1d
b399d1cf
d09cb9d5
642a4eae
c68ac528
5955cf9d
e0e240fe
02f1d29c
a9ac1727
60b31739
6a86f366
ee7e470b
1731a920
234aff46
b0efb630
47003c11
cde6b357
cf0742b7
37038fb8
4ea310fb
444d24cc
5bb95099
e164734f
7943f545
893e5578
e2423838
e3c4d0fd
5b885546
ba30cabb
c6414154
53583c06
b27f606a
debe8e36
fbbb90b3
9c9af0ae
b1730bda
4db14761
49ae28ed
415cca9d
7d3c1c53
9e6f095a
7d6704c2
bfdbc5d2
1c996ac6
b8d4b668
8fc0ca23
7145af69
2c2dd5e3
bc19c0ab
33b8a8de
5610f5bf
e3e2346b
5528a805
4fd88d8e
c3abbcdf
e4251dac
2c1fcdec
26c541fd
d23e8ac8
b26cf4f8
c18cdd12
57feecaa
7f2d2350
6ccc2f8c
0073e051
899ce8e4
41c12278
e5f85bc0
6d95bee0
f2eaa627
bb81df85
fe103d8e
0afcdae9
97966522
47bce399
9d2096de
dfbfeb8e
600c89ad
14a9aca4
a780805d
0d6f98d1
55b380dc
ea949463
519bb5c4
bc947b94
056efc5f
8a3e4d84
d66a7fd2
6f87026b
8f12ba00
8fd347a9
07f5c076
61949e14
c19eb11b
b27d8a32
48564718
dd4e513d
e87064ce
3a2c14b9
091270c1
15ef9ed1
39ca520e
8e06ecdd
48d7f0f5
3c234b85
b5c863b8
176ababc
6eab8d07
4e3fd6c1
ae359538
d8ce2817
78010209
aa73568f
45b57d10
a59d84fb
b9219fa2
437807b3
e6259b14
d5ac6629
46aa6843
d1b2421d
7176fe74
159f6ae3
be2f64c7
e77bb188
c0dfd875
011694e0
2fbe37a8
e4b9ec5d
c5af9a8f
fa593a93
d771a3dd
dda6d6a1
f99ea69b
78fa6054
caa1004e
8dc45f2c
8443df8e
10e19c95
076d7170
cea7ff78
e270a454
12e3e0b7
10316492
2b040d51
a9db64e2
075c4497
46e1c15b
83e9573c
80c038da
d8898b37
720fe68a
bb5784a5
a259aad9
98852b7c
f2ac7f06
744585f4
04eab0f0
036885e9
ae3d62eb
ad7d58af
48f262fa
174d223e
ea87ecde
858f1f2f
15947a3f
7fbddd63
e269b94a
ef0717be
759d8da8
d905a0b9
c3c6dabe
17b68197
c9e126b8
37e4d2e5
0a296e4a
24fa34e3
de105a89
f04415d9
d12c6127
2b48eb07
dbbd7122
cd11e9f3
08bc4844
08e8599f
75cf237a
f619e52a
4f3b4849
cfc7d1ba
e601a79a
47d0dae8
9328ba8a
77033bbf
ca91a13c
7bc52feb
fbca98b6
2310849b
d785bf43
feddd9d2
db2a4952
de74dd17
22ff5ed2
5c7a4302
fbce0129
a86200cb
c77e5fb0
970c02c0
0cbd8350
3f74e1ba
513784a4
e6f97c67
ac6ef315
792c10d3
c315ffcb
b055aa7e
6c3054c4
ffa11340
21466ba4
a8926a9a
34c89b35
3d7651ee
6ef72cfd
90515c3e
cc164d77
4f9e6d4f
31f8bcce
cae62749
b958be00
9d72d957
ad074fc1
9bc3984d
26bb8433
4804a8f4
31bab7be
d3100ab0
1abd924e
63c764ac
6acc51c2
2668949d
09d406d5
b387f0b7
bde05e20
fc60c97b
5843b5b2
0ac85aca
5621ebcc
279a2d51
6bf1cd4f
d6355c63
3efd7954
890a2b4d
5b175e4a
ebb0344d
869d69b9
4487616f
ff89615a
54980f17
0003a062
f6092c97
134a436d
469459e4
b54debe1
1b6b198a
8f1937b5
d9c0ee50
b0ca359c
7daea319
db1ac9ac
94b271df
8574e39f
fca4fe03
d53e885d
be55e607
7a4170f6
af23245a
665f5e6c
3527ad35
ed795339
84a60d35
c8e80e66
787d079a
18147e1b
abb369e1
7c9b1969
c4c9a2da
c2c47628
778043a6
3358486f
7e1a5634
75075e77
4f0a49f4
d760b7a6
dc38d2a4
3e73c2d9
dc421b95
f57db59d
18623821
bf1d7a74
634d26d1
1803049f
6fcb35e1
7df76e31
3c458173
cdbed2b2
63d2a9b9
6b127376
fef7f293
ce47f370
7059abec
4d6d8b2e
cd0cea14
6be82244
7e20ff8f
6b6cf293
8d0b5465
31fba039
b2b905ed
d99da540
d12834d0
2f59f536
1540d46e
4c841ac5
353eadb5
3c1b0cc4
9f891d57
5a35a31a
35644d3e
dbdb3fc6
61cc8ed2
b6cb1be1
c0a7eefc
575b8126
70670d1a
8a876751
5a22de2c
24ea8be1
ab29aa0b
64d760d7
0d452b19
cfffbbbb
ed0ad549
9bc28a51
0198dcaa
d9ab4457
42d5ac05
615d6047
864c326c
752c8228
24aa6034
0148fd6b
af7e428a
94c2b708
73b9e0a2
9eca195f
8d1206bc
06f5fe5f
d7467746
a9c97671
03afbe3c
23f60987
e3966877
f65f28bf
f07989ee
5b780dcf
c9f375b0
e9a01907
52f41f89
7d028350
6cd52bfb
12016cfa
bf3bc5b2
8f967c02
b782be46
92d53469
1d13514a
8b1beafd
9ac7e666
2cc3f4d6
6af6c8d3
8dcfe8f9
f35f2507
672a88f4
afd70ba3
c2f588c5
f5cb03db
7fe8380a
46efd996
6096be3c
8eca75fe
affef5ee
ee725c50
9ef23597
4b63f9e5
f5ec1acb
85d536ca
202fc112
9cd53143
1f4f3631
cbeedd35
e7e07c31
b477020e
bccfe717
f6633274
7dd759f3
c386ecfa
cb5bf3da
1d33c30d
99c0fec2
79a850a1
72fcca3d
9956e409
9fcec4e5
0acaab75
86b7e491
d1b7697d
976b216f
7ceaa193
dc68323c
36c78092
ee7a0a5d
0b79de14
c76b7e35
796cff9e
f2f4fd78
0f2af8bf
cee21392
8fd296ef
ac6e3514
f26c57a2
2572170e
0298a06d
f363cd0d
e6aedb8f
5d0ccccf
0c7d52ed
cc78e871
cb90a3e0
1db8c6f9
e0b2aa11
85a10f1d
693ae4fd
67e4bdac
aed3d7f2
c4021d76
c8bc1313
67e0ad54
b4ee9c31
657a88c6
488ef6cc
11c1da3a
566ce019
c2b08f51
c7e11f0f
1f86d54d
fadfb02a
1ab9e0f7
1adab210
0dd3f105
53aa951c
9f8103db
e067180a
5dad0932
23db6133
f00d6ea4
4baa4473
05d21c62
cf9f0708
dbd96d57
a23df9cb
92fa4666
6e9fbb61
015d4ea5
58bf6dea
3e73ceb4
34d47c9c
a1a2d51c
e7e50989
376b620d
66f075d7
6cd71332
5922243b
4a828b79
5e7af749
bb27cd5b
442515b1
040a4fde
b78ebb85
2da2d2fc
8bbc757e
10a1d956
df0b829c
939f8fcd
01bb8889
467d30c6
1bf0ea0d
e84d51eb
dd107479
dda58022
916c2820
44d06a1c
02d6dd2e
0bf22777
e75cffa6
a61beaee
c4bef32e
657e3580
d36e007c
38a41e25
8c6187c6
e7a8fac1
4f5a3a40
d297cd37
146def45
0eb679bc
3b8a49f8
400bbb7e
2bd2774c
5d7c478d
38fcfda6
429f3518
0772f904
89b7e6b9
b72d9c65
2fbe9a86
ad018f9b
d3a2c38c
04a8a8a8
b7c0c1f3
7481120b
0b3176c7
42cdf587
19007281
8a0d4660
5a15beec
8265ce22
a065c612
0d1c60d7
c64d3e04
4411f6c7
ddd46edc
c1364e81
72485fc8
d76b6519
d794d75c
4700d150
e79f0fe2
229ff7fa
778bb99f
5e37f347
dafa941c
0faf0215
c9fbee34
fed7fd29
67f4cfc9
18f122a9
76938a69
8266f3f9
354ec6a3
dfb886f4
062bb303
a0a58078
b8c32618
a34849fb
daaedc1f
a20eff1e
8ee357af
c9193e99
33644f3d
2ce24d99
cb25c58c
9c9d72b5
c3ddd6e8
df13062d
dde5b668
32c9050c
97d9b6a6
e6f4a270
a2d34f16
5001a3f3
76ee2ff8
ce68c0c9
ed01781f
ae20e06d
6a6871c5
2fbc521a
6a22710e
942b6156
c481cfc1
e4ef7540
bad424fe
31165844
27daab99
17d78396
9df567c9
132b1f73
f4e68978
6e8501e1
cb46e620
9761ac06
d58a1f42
6f469241
67fd2cc3
163bfafa
ecc43e51
f1754578
780f2857
38c289ef
989cb6c0
5081ba0f
ea5174a9
ecc498bb
1002c04a
3c087276
ddcb64f8
96545aff
54679007
a01b4b1c
4bc32789
36e8866d
bd88679d
e08f1d21
08323ff4
fab59a7e
53087011
60a104f3
5bf05c57
782401ea
0cc0f40d
37d42876
4b9c7dad
3a6e31ef
ddc43d2c
f74309d3
65867e40
301fdcc7
4e4039e0
e9b64bd1
a8df6c30
0071c018
d4e75af8
bc23f9cd
5c0fd45a
4efd2fbd
27b981ca
1b906d91
fba2d259
ca57b665
dde04d1d
dbba584b
bb399444
d0da6ec7
99bd3f8c
c9e5a777
09f899c8
57fa25e0
4c5aab34
30994331
efc09e7b
099a0c53
92eaefa8
29493e22
d2497092
3de37827
938c2c00
4ac70809
92605632
88390deb
73f6d7d8
0c63040d
6410e670
7d2d7b7a
7fda7dc1
13547067
bddb4d63
8d1345a3
a73cfcb5
d869b7c6
b055fceb
8c23815a
51766486
ee8b55e6
5f1c54f1
b642d50b
177c704d
15815f35
49c2fbaf
8ce224a2
9646293b
72934ada
3cd093cc
d3a802d1
aecddbc0
1d7d2d74
357a5f09
c3691672
150c97c7
6b31a384
1b970df8
b705fa10
dbd819a2
0473f042
b3be903e
84e21b4b
c237dbbb
10372def
ced191a8
ca3341de
6919f207
49427fd9
e6161c09
f89ec579
4e5ed3b1
ebc40825
9d023416
f1250a26
5d6edce3
c1eb3ce6
17af71ab
a7983663
886f22ed
a92107cf
fd505387
cee9ceb5
f4d33a10
9d5b7ee3
36c1ad14
c3ce3774
0b2cf079
47eae1f2
8f6c248e
fb7a10c5
215b13be
d969cee6
55544aa0
3b493796
15c3d427
7f916f38
a7fb37ab
a925de78
589546e8
ac86f200
26a4a53d
e718b2ec
5c46d1cd
1cf4bd43
2a753bc4
fdcf55f3
f3f1e199
573b6843
2e4c8d85
8ae259a6
bd26eae7
0d0e7160
86c8b2ce
fbdc4b72
c17b7c0b
3e8c9e3f
af00c142
e4747429
3a00ba12
655705ff
e679994c
da65da75
989c7cca
9cb78d30
37a584b2
9ee29beb
19680796
214e9514
e1ee0349
426d4d12
427b91db
3d355b09
1923fe6f
b75c8cd4
2b1951c8
2c0daa42
7a50656d
b7603155
3711ac04
30304e17
fe6d3577
a533f0d1
a0203e9e
3c80fb50
9574e95b
2a344164
f2918298
3f0afe8b
0ca6a344
b970b301
678ee345
0b5d324d
0fd6dc8b
ba281aa3
81fe78af
1ff24ae3
96d5de72
a30b5dab
159fed90
63c32b98
d5b210d6
4cd8e83c
e1161c0a
d5bb616b
a65e5a86
07bbac6d
a4e46fb4
162eb129
5aed120a
10c9c56b
e94a1f45
aeb5fb67
63ce4f00
423d966a
2b458f1c
87cf8a24
63a422fc
73d7dbaa
46052cb5
0e95e439
16a7e275
17516c5b
5120b212
c4020115
03f3081e
414d70d3
9a442d9d
9bcd4d3c
64272974
0ea5bc10
c3b87095
4587d935
ab8bf387
5fd3f4f8
e504ab91
f1b76d9d
65cfab90
2e2de43b
5418ab03
98a8867c
f4c10576
aac75dea
a0e75b6e
c1db38b7
5e3779ed
799e5940
3e11813e
b0121eb3
e77672d5
ffb7b6db
8c2d5626
5176dc2e
bda2867f
2b871df0
9f07d7fe
b957237f
589e15bb
207eb431
0408bb5a
360b545d
abcfd2ed
2525483f
498274c7
059bf7f5
f64192ae
ba90eff5
094e39a5
4228c4c2
040d1dbf
e4dfd6bf
bcca21ce
d06ea927
5618d44b
ca317624
083ffc4b
e6ad22b9
634661ab
9be9df76
4ab2442c
329e34a9
ad972b72
6c671b33
4d287910
0cf9fb10
0cced543
9fa9af24
b8adfd68
c85ec700
db9d6def
ad6af1c7
da9bc661
386d4738
8ad6f7ce
c23f63be
7c2b1f81
5b9b68ca
24a659fd
c14c0970
b0338dbc
772212b7
55d92813
0fa76cb5
dfd7ab82
a87897a2
9666689e
bead4dc0
3442f74a
cb231a0c
06ade46b
53dd2336
ffe0351c
bc516c1d
fa5ca085
ccda5441
0c06d3f5
c3f908cb
1ffb215e
411c15d1
f1bb22ac
5e19b623
bf4a23f8
6bd8d04d
dc733a73
d68afe32
3d6b0e2c
30becbfb
e0ee1b0b
886c50d9
40dd4b49
dde05c03
3e91bb44
4506c570
524dffd6
2d8b7d04
dbc09980
9f3e13ad
2b3dea0e
5d64a3fc
20c4a959
80fb806c
7326dcb9
c6f0d763
7a91b8d0
28a4a343
19e6d09e
6da644e2
59ee32a5
cb6c3e10
07bde25d
4890e874
7b8db971
6c510a68
91e52915
4ccaba52
fcedeba7
1c4ab89c
a08d147b
77aca187
cd1c5dac
fc838101
40e31b76
ed22636c
5d7bb603
a064a4d1
8069fba8
02b314f3
3efc889b
4e7e7a48
21d5962c
971c0a63
8ae00e7a
60cd818c
e4a6fb30
5153b52a
b20b8e41
66826b7d
ae356e71
d48970a7
3853fc29
593861ef
1369386b
28d08e74
30e1487b
f86c3fbd
8b08230a
8d3f9edb
7b672d47
13475084
fd1d5814
d73307c0
8a6d725a
959a7d3f
84d3478d
1742159b
af4c88e3
3d491c8b
4ebac78c
339592c0
01816c50
36e68a09
783992d1
ad71f2ff
df4fb1b9
1bfad0a0
3520a0f2
77143b7b
6f5b67e8
02b04f7b
b1df3f21
c1183046
fe082939
203b93b6
637d4202
98cc9e1a
6d4b84a0
bfd2424d
818d41fb
0d8a643a
1ea8bf52
50af5c4e
2d8a49b9
e86bc3aa
19891f26
b8089680
e093715c
a334aff9
6ae17bed
032173f1
2120fe1e
00100fce
cf56c69d
731402ba
e3e582a8
912190f5
e8142be3
b4e8b843
adae56a1
ddcb2a5b
cd57ce79
94c54313
5d0673ca
fdab0007
0720b0f3
84ae472d
7087c024
0682f155
e7a78d15
75741825
0f28bcb0
cac9398a
b414678c
82919258
e300c388
f9fd5870
dad6823a
0bb850f3
cc45b643
272e5cde
71429716
7c7573d0
1f1bb7e5
8ecfec16
f0ea0e90
13fa7028
fc80575e
eea049c9
b1df8c07
bb1a5440
5dcc4c36
377a8551
c151418e
f7330ca2
e40d4639
ce150c36
379a2ad3
ad4c0959
4dd82fba
57f35bb5
2287a769
3dc73df6
ba3647b6
37fa23f4
b75c3794
8d126e8a
c817f74b
4117b039
036ba7a4
6b44a056
f7b6f42d
d386ae1f
85da0c94
9dd5c3a5
9501a150
bb623d3f
c3e1a4b5
4e585650
d737f668
96f80b8d
5dc0ca8b
e7196f0b
a26fa2e7
b1144603
69e11647
180ec694
4f0765cd
9d9996a5
990c6573
ae42e9d1
4cf55c03
6c56f56f
a49ec71c
326f22cb
20a2bbff
aa09dcb2
cb004359
b73a90c4
00d3adc8
81e4931b
e7bc870c
5385fb75
2e9e4a56
7e11ff86
165be992
723456dc
a9600611
5d0060e7
e497a70d
8d7532ab
22b8c55a
d4daf751
4507d1cc
7c4a36e2
8bfe0b1d
e745cb1f
d7684489
2c842436
8cb2adc0
146649f2
9066ea9b
eae478bc
be21ebb9
0739a938
2dcecbac
16b80f31
5885b2d6
45b7a49e
b6fc8bb9
26e6b033
d6c81d9c
020a1808
53e1df47
cb8b5274
e3acccb7
fb461fb8
ea0cd380
6933b76a
421ad338
1257f93e
6db0d7a1
f28553db
ea5ea6df
fab401e4
f0dd2148
b2c9a02e
58a0ed91
5bd32435
32bdb7f4
0a938663
8068d903
50dde6ad
cfcdd1c6
5582bd98
74a29d0d
9817c647
f2043168
b675cb08
9649d773
b2077b92
420a8087
8e71c144
5bc7855e
d9889443
135caf8f
3e109cce
bacfc2a5
aed5d43b
663fa17b
b821e25d
e6a3b44b
0b2c3731
6f15df95
818ed26f
8a06ff5a
f764522d
29d40d09
e4aa7721
05feb349
004637e8
c20a18d9
f023e401
f6757e97
6f97ce5e
38073c55
cee8ef88
d58dbcc6
40884676
ca210bd5
caa5d34e
94815686
7a96b5ac
e33cd7a2
2bd32c55
b051ed3e
6dccbf61
55e4b2b6
168344c6
309041a6
5e264f6d
e943983e
89771ae2
481ec398
03923bb9
122fe591
8a8e5047
7e7961a1
843fc7bf
6dd7ea71
d74e9ec5
bada5c52
7bb5ff7b
2758104e
04038b03
fe41da52
09b7f8fc
80709f4b
aca2eeca
9e826d08
8f2b8b60
b8b1304a
185388d2
3fe0dbf0
b28ead0c
7ae00c09
b71cac26
f2f8a59a
d6d2e973
cb5bd3f4
f598bf82
20c7151c
c198c5a5
2e772814
f196cd9e
015a12c9
b2365b1d
42190816
93a81be1
217903df
7617bef2
c4fde755
1a7de2b3
2b1d2426
42434ff7
38be7cee
a3898939
b039407f
d9ad9a42
8d45a4fc
731e8c00
1432466a
257320c2
ae253527
f0561a24
bf29c1f1
50afcbd1
978c8313
01c56dda
99d940df
fa5352c3
34ab0dc0
62ba7958
1f14e59c
9e364118
59d31ef6
174d2c70
0004fb52
8a64d7dd
cf093a30
39d4fb40
e8ac97a0
7363fd36
8e3e0f9d
5da7e8bd
bcb0d866
471fc16d
9749eeb1
7f98c7c0
63436bc6
8733bf6b
ef6818de
25d2aeeb
bf90e8fe
e0a4accc
616e9973
a327d5e9
16db058d
f5a4c217
41926a50
f8dad6a5
8be371cc
78401b82
a65f9108
c1e079f7
5c693f3a
5cf13942
6cc140e9
fbb88919
351ec643
f60e4d96
011ca9bf
50021d79
7cbf64e4
a437d1ff
c2658fea
d2846521
271c9f59
3595bd84
296409a4
9b0f1ea0
849579c6
5fe903fa
55f58d30
a9a6e167
a40f169e
6ac08cb7
4f117a2a
34ee7d9a
48e2f175
507ecb02
b67d4723
4cf36992
b0f2f5f3
d9487a28
d14baae7
b0697383
36981945
da6a9702
f329dead
3cf7de69
1dd0ef74
03cd47f3
c4883dae
8487e580
a9eef7ea
73b16ce0
38b58aa9
62db9919
c7e5616d
fed7291c
64c9d0f9
746a89b5
18ba0b45
9bcb361a
eebf05eb
9ae4d00e
87955b65
5f2e3337
83ee6d2a
9338e565
727e9924
e7ae6e0b
4c9e3dc6
a331a01d
82e28bda
b487dbb0
a88506d2
019c7c78
aad5e1e3
ed5dc6b5
d1a3586d
ffff0c26
24662dd9
d06b6755
d0f4508d
e55a92a9
899a1142
3f5fd349
4184834b
c9471c0f
fd9f74de
2071600e
2c021047
f2cbffe2
d20b6cf2
d1ac1817
846d1246
755ecb53
8c763262
577b636b
f8e67a7b
6cf36bc3
9382fb3a
ec5ed83b
9de97802
2bf91052
0c149ea1
bda6ed8a
db1f251c
1e67c7b8
28b50570
ca71853a
420a3278
9414ae97
3817f140
6340a100
e56c86b2
fbcb3cc7
a8aed809
c7db6c85
8a030bd3
cf8fe384
fdcaa799
8cf23c66
206f7284
b0b7b3dd
566554e4
7de4e1f3
8b0519b9
8ab323a1
d7bf6de5
bb6c0fef
cd95eb7d
7d171c99
33976414
d0236aa1
b5a0cc26
d4b85137
bfe3b091
a2954711
8bcf27bc
b581b219
a66fbd1a
3ed622f7
b838847e
81b6464d
8c890a7b
60d018ca
45dcbb31
14e75b0a
06d8f92e
eba53198
b28eea88
53aa8f5b
4ab987b5
851888c6
4fbf45e0
c677e0b7
4e6cd058
095d0d7d
a2afc61f
81c41b98
b85ab965
f82f5cba
d1fe241b
fa5a07f5
27c946d9
f97936c8
439410ed
3e82cf49
cf308ede
c127a0e7
fa05168a
528020c4
37bf732d
0d8ee441
0031caca
2ba0293f
b2c101ff
e7eac858
bf11addb
fe4c5f64
a0260f68
569c43b8
89ec0d91
00b4fa44
2db71073
33cdfdd3
2de12ced
f4e71b7b
aeda5d2d
d237b85c
0e068213
d5abf142
59393d14
4e80c427
2d89d68d
7a75a0b8
d64842ea
12a8df9b
05b96013
7bbadddf
a1ead7a8
a9bf7a30
bc8c8c14
0a608799
51635dd6
600b5e5c
ffa0d9c4
10cc69f8
c0f6e106
438a8cbd
eb6398b8
4d172846
7923002a
00e7b99d
33c362a4
ed0f22c5
56e3c980
a8a09041
8dae8ce0
9b41eaa6
7baed9cd
5d5eb5c2
216e873e
ec04f066
482892bb
dc155fa2
4b2ca8d6
d92a8df4
c20f0e36
7482d1bf
39e049e5
10d0c7c8
21487213
5b4305fd
265401ce
73198090
ec9e77dc
6e8b6055
6bc7866b
2f838fef
6cf7101d
c00016de
0adddeed
54a1d44f
f9bfd3d8
424c5d92
caf276b6
39b2c9ca
304ff867
1da7cbe2
4a88d38a
4258d446
d820bdef
57fa010c
ebfd7611
fa2d8472
0e9052c5
8658d083
7b43d462
779bc21a
82fe444e
73e18609
207f3a28
2b0c2c41
c1f764b1
ddb78b5a
abccd527
0c6eaf13
1fb57103
e063e25f
e9f0d850
3d1066e3
9610805d
5057b6b8
be9b4756
e49e127d
f72fe7a6
6b8d5220
84dc1759
ff7cee89
e08622fb
41426669
fc7cc935
f986ba65
23a4e32f
ca99628a
99460ded
fe89d261
0ceeb943
15bc0fe8
bd3be27c
d0569250
8ac4a234
95cddbac
6ab18b0f
15ca024a
a588e6c7
ecf266d9
467f8817
6020923f
0e34f1b5
4e7b4d8b
abcfa401
8e06f363
85e27f1a
97ef3ab5
94b86e59
0a53f7ee
a01da480
fa1e2a9b
291de6ab
ec99e006
0c698afd
2ec844e6
b0f81e1e
3ad0cde4
683ab923
9370aebe
bd344fab
5988a946
1c171c97
8c5f69b0
c4826618
e0fea3a5
14221310
619bdb45
220b79f9
dcb9e429
95d0da9b
ec2afbb3
8b388240
f6d78770
1a7f47a9
79a22eb8
254c8f0b
56dc03e9
55173710
9a63555b
f57dc00f
897961c3
0584e057
07b8a8b3
b3fb45dc
ccc54652
abeb6f1a
dc227210
f46f9da0
4376a750
95e64e67
804ea6c2
bc332517
7b84c261
01565980
deef72a6
b9d4bdb9
6c753941
82207876
da1a1455
867d558c
ad5dd553
ce6e41ec
7b3610de
f4b70c79
25e4bcda
9a05f6e1
6493d712
e8197063
38963900
c2b4c5c1
c72b344f
443d2e68
c8fc0a49
f7e9878f
04bd245d
d5313007
e61a71d1
ab2eeeb6
52813c20
01c92b47
bd3c2504
cfdac956
3e00b75b
1c171c26
09628132
29af6e5a
873779fd
7e5a43ca
ec827c10
00ee9e7c
dd2513ed
02fd0237
dfb70edb
bbc7ff53
65e4b245
53c4aa87
5795d7b9
8f30418f
6e815371
b0aaecbb
bad81ac2
45df42dc
89afafcc
ecf5cce0
3ccc71bd
b6a98214
f7775300
b3cfdb89
baf42db1
a0ec40f0
ee4fd26d
9ebee78d
3f5db4dd
c00d17dc
7dda2b94
b3f88459
81e37857
ff4df419
a7e8eb9a
91801795
0472a77e
e92f0594
12a15a1f
b11f7a4f
5704d991
8816ceb7
e8fad3ff
6acf3ef2
14980ddd
dff9f41a
5e006ca7
c950ed36
70910d0f
8d9f6076
74f5e793
6bb0b3b6
a437ddad
013b31ab
f7e2250a
99c729ce
330879b8
fa0e0eb0
03d06b65
1f6ddcbf
fea68277
6f0105fa
52f0711d
87da2ab8
3726a06f
b1ba04c9
2fd86ece
71ed5361
a508b62e
5b2d5d28
f199da33
e015ee3d
bf0cef9c
327a8608
37549929
09a65b8c
06e405b4
6b3dc75a
cc0fad93
23b0bf96
38336a50
6c57f0d6
05b44c92
ca5b29b1
7cd862e5
1093653d
430c13cd
09be87d4
a2add9bc
0278a11c
58150b2a
17b135b4
4eaa77f7
3339d225
5c596dde
ab759ffd
b1ddd86c
d743f23f
bed56eb2
483eba25
792e0be2
bae4d71e
cde0f0f3
12c2b44f
017bf8ee
ee67100e
bb715229
233213d4
2c501191
2ef54685
54b69650
29768745
6d8fe87e
bc468440
731be9dd
db107bf8
bbd8d9d0
dc257d51
737d9831
603a13d5
35f85b44
ed1b0f99
b18c1355
a848044f
1d8159a4
89edc1d9
070d4661
9c830627
3f0e0ade
a0fdea10
b2d4b7e3
b752d06b
5eb0c7b9
4f9ba7e0
6a352bb7
180c6177
ea4286f8
c896b941
05ddab7a
12ece91a
5c817b60
cbd1cdec
33189b4b
d7236450
bfa92dc8
f6e82c18
99b3f862
2ce844ae
f843c153
c486bed1
23a4b037
fbdb4139
863fd2b6
23b37d91
1f892645
064e1d00
c8017fac
260cc7a1
dc4bb345
2b53f344
0cef99fc
1cafa99c
055ec473
9451d847
7f040875
12dc38ec
56d34131
9800584c
e2206175
767cd637
b058052b
4e62ea91
e5bdf790
65f3275e
a22cad32
9bb3d583
bea9c6c5
ebbd6de7
7d96b2bf
966072b6
17621dff
2f7cdf8b
c0d3ec97
47f1b49b
5c4079c9
d8f94420
70723e7f
9aafd3e8
fbebb78e
eb62b7f5
acfcdd5c
aa4462db
fea9e949
4481f65b
a298c2a6
4e700541
b5ace640
ead12311
a3691b9b
2bf8b7e5
575feea8
d3e2f89f
a7e83a48
fe9af6a3
3f74f8eb
8476039e
e90709ae
c17001f9
1dd94e55
604a59c9
86d0cc04
79c4a2e9
28461e61
82dc431a
5390705a
b740ef50
27cab295
3fb88f7e
e9f7bea3
9afcf20a
c563d253
79fc1b58
7e94a53c
ce6ae7f8
1f4c8d19
c407cb2d
eb6e5136
7f33e413
b80308a4
edbb3a92
ba553dcc
45840919
49254b8a
1939f1af
b17056a8
aea5b77f
d53c078f
148f3d88
ea265662
e6a5181a
7c2bf924
8a881bf7
d1fdb3f5
734910ac
34e16c85
4675617a
27721f34
6646bdd0
ff30f454
010d359e
808b2b87
396e2eaf
dab96fe0
29c46d71
8a250594
4981fbfd
bc1f0fbb
ea02dd71
6f4ee210
30108197
29d09a1d
570bcece
ce0e66a8
92684913
e390a64a
6e21c16b
df3d18d5
9a132b7d
fba3a9ad
38d65e1d
92e36cbb
9197d891
cbc15f56
fdfccb81
f1b18751
e1d603e7
493a4e0d
3a6602e6
5b334286
226082e5
57c361f9
29485c2d
67b3bdbf
1b865c3c
8a395bf6
b724f5b5
815aa132
59d23e9f
44b970d2
f584a541
e83dfa7e
a07b3ccc
990c54c0
153f6862
e9ff9ea2
9a2aecaa
83c48767
b1d4db58
ba486b7c
8f7348f8
bf86ca6d
d1b830cc
2cccc787
b1ca7244
2e2dd1ed
236f5242
bbd05025
283a1fc1
faba06ca
2a52c029
b54dce96
42822678
b2b23caf
d6eb5892
6a625506
34834f5d
6fe37272
2862be57
0e61bd1d
29fd87f5
3bce043e
1731c783
f8005783
4a25473b
4dc0ca8d
f0f2b8ff
0fe0d4fe
b6409af1
db9e54ad
04ef44ee
1cdc8ae5
7c07b290
a80fc0a6
bfccaa43
85661989
df5ae2bc
32e668f6
d901bcef
4dc75931
88856886
19a3828b
9c9be170
9ce27978
d352616c
297fc9c0
f9933d20
ab685fdc
61d2458e
11cef213
a654c6a2
50d914a3
84c4367c
83e75b1f
6c6ee926
801c15df
2e49f3f1
6f4c7bed
f60ed0ca
78f82ed6
7f06b3b1
58333427
b3985e58
f079ba4e
45096004
ee7a22cc
4116c0cf
3b427003
de72ba35
a899156e
0c273775
0bedd281
58348943
ef5f7c63
981c656e
2455b997
90d00bd6
30f7e6b6
bfdbff10
215c4540
71952d57
7578aa63
5f14f3c5
42db4f30
9dac2de5
08939c6d
aa29ff9f
a6a9b511
f4b14f01
f6d13535
633540ed
141b259b
0b1591ad
05cabd8b
51aa326a
de82cf63
ead27e98
7ec14189
ba442d47
c9225543
067ddcdb
9a1da35c
28fe1ef0
db0b7922
b76cceb7
39e7815a
b1dfb0a9
569289c1
5c1c38c1
82b268f6
372e064b
170b7eb3
23940429
e53b910e
a7047956
6777d31c
c3ed9d98
72865d9d
c0fb6782
347e9469
2f60da9f
4d005799
a96e887f
7a84ea94
555b3494
200b8f0c
9f8e0388
2421328a
cfc53048
a72bd983
f72a39cc
2a983c59
c45306e8
40a8f8c7
feb721a5
2f3c828c
5f062d25
26f46da4
ca8ad1a8
7adc8c22
6eb63c78
05f642b3
711a0532
5107bd5a
6082a833
5def7673
6cf6915c
2016b174
04a2132f
9a0c208b
6e55b55a
790f3454
a18de010
5c080bf7
6f9ee8d7
6131f5d7
8936d01d
24eeb6d0
77ec21a2
f2bffd55
9a5b9d79
8a02ec5c
fb7fef0b
69ce1165
b5a0e42f
c0e7b988
9e2ae0dc
e3a21d24
71e75447
618c88cc
0752e547
007243e2
c880e38f
9d22ffc9
3c8167f9
988136dc
2267131f
5e343d00
e3e14f28
8d352129
1d59cec3
577603ad
855bee51
ec5a4f33
6b2463fd
f9f9d82f
7907f4f4
cd7ff384
eaa76c50
fe260313
2f93778a
50883415
4a9b177a
25cf86f2
4fe5ce09
12442996
0168cbaf
ce2e22c7
f79e6bda
f7b2034a
c4d6c630
01a16c10
f50a272c
029a9302
76f49a13
42ed9817
cfe3308f
1409004b
af3649fc
5739908f
ef4eb588
8d225ad8
265e2939
6a743282
b79ff4f9
f3318437
17be9c47
5f67389d
86b13088
f305a75d
b936fa8c
06de50f8
3897ff4e
eeef8529
b0d36f55
7efbd0af
70d7c99e
70011a41
0fbb768d
0968f75c
548e7970
3f999349
9facc86d
fc0d1897
e7155b5b
4ced0c0a
f6fb86a2
1366fb53
fb4859c5
b150d28f
c5e6bc43
3eeaf193
f33454bc
ab232113
7cf7797f
f984ffb7
4718cc9e
f2dd922a
d7ab860b
1beffdbd
5ebf3b17
dd20ec3c
75c90369
ff9d353f
466f14cd
2b0fdc15
d0cc57ab
3c69fecf
f3c6fc89
082820c3
3dd2cfbe
169f57a8
1431339b
28b81fc7
36262eea
261b9bdf
f2a48e18
700dbea2
7f782d9c
6aa6bccc
7d525b3d
349b44df
eb2d52d0
f20ed0ec
f488947f
fe6be8b0
4badaa44
d6b57e48
970b7066
7a00c1c5
23b34fbd
5c2108ca
1e63e1ed
e4b559ce
4bac89fe
b5e4249a
e21976dd
40fc79d6
c0cc77fd
dad7f7cd
7cc1ebc1
3c2251ce
8fcae1c1
0f4819bf
2abece91
59e7acdd
f6a58e21
7a47125c
4f927716
f077210d
2298b5ae
abcb6256
e4ae5741
2aba8eb6
46342334
3395deaf
be8911cd
17d2247c
0bff1aeb
c095b9d2
46ef3ded
ed75e55b
4b85a441
0dce5b48
2d346fbc
1ded39df
03fdacbf
c3c65b83
571f7cc2
c7eae70e
a5a17a0f
8d800aca
79d41fca
251a02ad
f58a5e1d
a1cef8ce
f5d2fb5e
bbc90ce5
184d57c4
e9ba7fc1
4a6fe8db
82d681fd
38f7dcaf
82276dda
3d482fef
54204371
53e1c23e
adc3f75f
cb6e053d
f044f91f
bfb039dd
11e87dc8
c4ff9ce3
18324cb2
0406b215
2f031c5d
2aa9a5e1
0e750d5e
f1db38f7
150e443b
a4c9a608
867f6938
959f52e9
9a1f79ed
ed7abb14
ef4e3c53
ecf2a905
4b4185ce
0c059d82
151fbe00
5943bcd7
b4bb087f
d172bb4d
b65f296e
e314f46d
eb87341c
f05b51a9
6d6a52ad
38a7f570
00b98f1b
440bfb7c
76c64d0d
f50ebcf7
b6484d2a
a8de568e
0ee92c9f
42a83926
e1d2e3eb
6f2f9012
01a3f8cd
87a063ab
735567fe
146db281
a1b57d84
66229ec3
bc9f6e11
839fe253
10e523b3
8f6c0493
7fed4516
aea08129
eb2a4dab
b1b99a4d
54201e40
3a905827
f29e8938
08df79fe
2cb759d5
d95969b5
16ff9299
f9fe82ed
11d2b1f1
e09f6b6a
f6b1d04b
bde72a76
e1dd36a9
d773325a
3859c816
c755e89c
adec1ec9
c3ca2743
102462fb
4c7691d0
139b55ac
d77dadbf
b0e3c082
9b045c61
be1bd1dd
c7d8a3dd
de458948
9a476b82
7a8c851d
d483ef49
1f7c28a1
b059f720
10f2fcbd
00d7c798
ddd2456f
47cf667a
e35393d6
e4eb6a49
4dd7e1f2
5dec3ecf
5f82517d
d70fbb81
6e6221dc
6a5835ec
5cee62af
95f7d6b0
86d64219
bff1e255
0d63792e
eb3cd74b
382b735f
3e627c48
1c6a9a32
4238ded1
6c0fc179
8f33c789
e1723f6e
3e260a4e
cc09fd43
e930e961
2ff5ff6e
f14f04fe
c5080e22
e698f33c
1bd5bde5
7b1a87e9
c7b11745
52b372b3
e295c773
ff3d3cfa
80174f8c
15ebe2bb
9f2bb1a1
7ca3709c
20b4e7e8
58fc7b30
93441ceb
a2628141
0efd9bef
932c58b8
a6aa54ed
c5998062
bb54d3b9
b47314d2
c2b77db8
405ccac3
036dea1c
7ebafecc
2dfed067
35e966e8
807c8642
8a052773
e605de63
4dab4a17
561ff64a
e75de63e
9153090a
5ea0208a
380bfa80
687f98ae
8e426e27
51401113
713bf9a1
ffa4c1dd
cd6f13c6
4df49460
95895ee1
b2fe39fb
eb24e3e0
4dbc1f5e
51cd6f7f
1696b4c0
731f8c07
bb8df062
b985d45c
605fd031
13793db2
678f54f9
abc5779e
40f9a7ab
ae942180
78df9e44
c15995da
ba391cfd
7f5b9462
85fa7265
6df38650
5f224f3c
42f40b4b
60bd25cd
d832005c
51de1a06
b238edae
22d5b89f
4c7c1955
c0b06d6f
f0fa7125
2abae5ed
6bd3eb4f
67ac1f22
1da3d2c2
2c43f9d8
95b32bdb
2feb4bbf
5aee35bd
344ce890
465396f9
46847eb4
cfde4664
3dc8e911
251cb0c3
de45c6be
500ef411
767a7351
20591a77
1d9927fd
29fff85a
a7dcb195
c5169b8b
523a5d30
80dd607d
0618df7e
923ab67a
471b18be
bc607d69
fabe43fb
5587ae9a
1f155947
54e2a14e
a7f820ac
1ceb886d
47146dfa
cba1b855
6ea27c73
7fcac321
7f803089
76ad94fb
7afb4d95
6d806963
c9a1e73d
e88f1cf7
810a2359
e92da842
e6f05315
694bab8c
3feae2a5
fcd50f24
ac9c75a3
911cac16
6b287687
07badb33
1bc135c6
0a85c52a
9e873971
cc4f68ea
a1ffe4fd
4bd13de5
4dd8e006
514d484b
68633947
28e83e20
b3db737f
0da9ec14
b96c0faa
1b8bd086
9f1795a7
01249bbd
53cb3b1b
df5cd67c
05716b87
84bd553a
de490b54
1b79af84
3c10cfc3
21f16c36
67ca11b3
d9031196
5935abdb
37c139ab
601cc5bc
d5e7aa7e
fcaf1ce3
a423515e
4b9df568
5fce173a
e09bc386
ff21f58b
506f168d
aae15af1
a95a6fa7
ef78e74a
be8d39f2
518cc1f1
42457ee8
781485fc
d3af4cd6
2075bbce
af05f8f8
1eaef950
6775aeb8
5bc0585a
34d58508
aad32c44
a7a0ad97
8d2b8943
463d446d
3ec991c6
97fa9803
f713c97a
d0364ec7
5da7ade8
2d6e9b09
19e21351
3cd9c2a7
515e2bc6
d4e21917
b9402306
d2de1d91
e211c9d5
7da60bfb
9ae47e70
b6b149e7
cab4c346
13812c5d
81f39a04
a3b4f457
606b9577
ef906f5f
34adc3d4
8db2310c
a050119a
bcf1213d
46f05977
595e355b
beb978f8
c8be8906
bfda4915
677759f9
c48acebf
c1c21af0
5cd228e6
90f06eab
cd523b6f
34c97afc
84333567
ac98ad5e
2a5a09a0
5c7b5cb5
31999bc3
67564d5c
9547c224
264548e7
83069c3e
03d0e09c
916e14d6
39e06143
b6cdbc59
e8e9d5d5
2059db49
b8f7d6f5
fca703a1
0d9cbc65
1e828945
80a335a3
cd971d2e
01969e3b
37604e73
774b39ca
0b3ed619
93788ec5
251b2975
9e71f983
3aa79139
24b02b65
928ed381
53d5a9f1
0f91d12b
877687eb
f0354c9b
a37be45e
2223bb22
ab41bcdf
5bdcb68d
6e19d64a
f8688b01
29030bf6
1c0377ec
c0653d0d
4781e66c
f52e83ab
681f5f4c
9a6f2d2f
d0b20ca7
0bba7321
9625e662
90a518b4
4dd567bf
15983d78
1076b0e1
a05c865c
7fb11fd1
f6e9032b
2dd0cc12
0df9d2b5
9a4f285e
0cf70d46
f146a8e2
d9d8aa97
f93a42cb
069d5992
2469f4bd
7da861fd
bbe0f135
9f3a0bbe
b81cd113
4147e643
8047be18
07c6a5d3
515b9f71
28a75f50
06855f14
4988979e
8e183a4a
b3a46af1
42d33038
992a8d47
03d2de5f
67015c64
218bb1bc
fe4f0bd2
50914369
f3062899
43a77d16
a208697f
6f722bb4
4004fa7e
ba4f5a1e
dc7ffaa9
0ec467ec
1004637f
6dd4204d
865c427f
25bb1652
1399feb9
97ec35af
ee5dbc82
01e67b57
edfd9b92
e7be4226
2a936c52
4c165c58
9697fba1
b87e3ce3
a6a6f8d1
79eb961e
480b37e8
86202d8c
e0a554dd
a4d802ff
2e875f35
6b7efa32
aeb4d21d
a2fb1619
80e08f64
016fb523
4c5e0918
b747dad6
d8f830b0
faff441b
b0d64b0c
965225d1
95ddcd89
8474ce77
9aa3a448
699391d7
7a3b5d42
25aa3d64
9b49af04
ea749cb6
32e5b4cc
dc264948
220af772
8598c742
a3fdc202
7e8f27f1
6eecf1c4
7d239e0f
32ce4ff5
02b2c460
ff98a0ba
b1c7d4bd
6de1e612
8d9d8c58
624e23c2
f95d5e81
454093b9
5604aeab
abb4cb6a
8ed18a3f
44476a90
d3576b2d
3255c5e5
fd985047
380340a0
a66b41ae
489b3196
93dd86f4
af5d0228
28a3b4a5
9ea28b68
39f9a99d
826bd2fb
713bc71a
5e81dce8
48285828
c90215f7
33485759
76fd53a5
c868b621
a33d5966
2fe1eb24
8aae55c6
896f6f18
09efb1a9
452faa10
9fe39489
8be3102b
d3ae8a6d
9928abf0
7a1ee043
5e89ed06
2f434347
15e2fe43
363d5461
45e2dfb2
0ac8ba56
cc6248b3
a5675d05
91505c38
086c5ed2
4eb7496a
daa184d3
3d5f23e2
423f2154
42c45ea5
a08e1576
23749aae
fd973102
c8adccf0
4c76d726
b1a44c19
8a7300e6
70215483
7f748e5c
b38e3110
27c86266
32333a99
8d897b02
4b89a7fa
a83c8cb1
c62d705b
0b73b426
87f5b09b
5d2e3088
54b02514
6d4a2bae
c03d183a
4fd046a0
eda18f65
e9f9c3b9
a758a4d6
5bfb0442
6ca14fe0
f9fc7381
0fe5477f
1303e880
ebed7906
f8291026
7c1841e8
42762e1e
85cd210f
efc34e0c
0b1fa15c
0abb9a48
a0235de9
bcfc1908
2dffffc8
e17b0656
6f206481
5946f858
db6f9a1e
b2585f53
6becbff3
dc888736
22a99a44
4bc30b73
4ee29392
06abf226
e2b1a14e
ffdf194d
890f3534
794e1a62
18ac4d8b
245b54ac
18d15908
6538162f
7a724ded
6d271e03
b1061308
f40a5a86
292db34c
aea36bb8
358b9843
bb0a8f35
20a0d360
8d0f9ad2
90d38a97
8e3244c3
8edec283
ab550592
d8cf350f
639a3a84
8a91fcf6
dd9d99fd
46966496
91b0e016
2852dff4
799fdb32
17c2fa63
ee859ce0
62fc1fc7
652dbdf7
dc9e3ba1
97db6815
30abd4ce
845b7186
18252883
e04e2b61
0324a7e4
49ad2ec4
fadc10c9
551cf18b
4dbea0a8
f9c1237f
eafd06d6
29613e9d
20c0eea8
931436b1
9064d0fc
c7d5588f
f8ebafd4
927a5060
f54f1bbe
6bb7e054
d156f88b
836e6401
249527c2
c16af133
eadc9df0
d683ecaa
16706cfc
5f2ccc56
c0a07832
04c3f163
e5c4d997
fbea5f7f
ca1d2b44
33abaf68
c5c581a5
2b5d17e2
b6fbf68f
1d7efd83
beaece26
ceb3626c
3b7b0e03
9dd9baf6
6057dd5d
8ce05494
14add05f
cdb19bc9
a43ec362
867f8d64
a3b6aba6
4d711ab8
291ebbc2
0a37405f
4a071586
d075d587
877dd5eb
3b237a19
3ca01624
9b31800f
469c4f5e
610a2421
9f9f358e
b8755e6e
440a0714
03e47b38
bea9116e
e227629f
818b613f
c10d4f00
4437457e
887cdc92
281d0b78
aa057786
17688ea6
2bcfaf68
c555d912
82b0909b
a640e757
68a224e0
ba17fdcb
d07b70e0
d8cc1a60
22450a0a
041a2330
e1289cfa
8cb7e0a5
5948a83d
ac7fd59b
3baed36a
494b6c30
34c9cd79
85f75f56
4ec78cbb
754bddfd
394ed004
651452ea
e5dc03c9
475878df
0eaaabcd
351942ff
ad586b9a
5689b826
eea57327
99e92d2c
562717ed
88523b8a
603e6ca0
ee9e4f6c
c1679348
cfdf22ef
9afb5bb9
fb6a7238
82a9801f
db83c196
f2df3611
93bda6db
783ee33b
0ee70e54
fbb8992d
18cc747d
805f186b
3f5e4063
ca96b1b2
519a8d3f
9611d159
79d8d22e
a3e845c0
22bdb3c0
e224e63a
70273e47
4ee679ca
d2ebb3d3
7e71444b
dc713e85
bd4475ce
593ec8eb
cb9086ce
9ce9a3e3
5a24b8c9
b27c2767
05de8799
8c5c79a7
f5e96b8c
e5bbbb73
dc7211c9
8249914e
7f499c31
cc9be604
3b8d1d4a
1a604134
1ae13c3d
1faef41c
51dbdfc4
5a58ea11
a593c908
cb522fb5
51d8644f
5764f7f5
eb3968ad
c978e56e
489c80d2
35df1b11
2ce5b0ef
759eaf4b
1b40dfda
5a503641
6d35f062
588510eb
09561527
a498c35a
3f6be096
eeb65160
b4ae824f
32e7513b
e5a95424
7f3daace
a98f3ad3
e0264f7c
13bc867d
b1bbde38
f4c7e502
07592f95
00dab96c
ea141104
727a00f8
f080e35c
688cb7c3
9d4413aa
9390e366
3058fb44
d991ba5f
64562cfb
d9652262
851c5396
99ccae19
b25176ef
ed31cf12
f878def0
c4d54e88
19bdcf9c
1fa76b1a
de6b3d94
59d446b5
f1df8b79
c8e5592e
61cc71fd
f05aa0d6
aaa23630
5c38d2e0
e236018c
64224bc5
192aed40
44972364
6ffae864
bd898176
f66dcf74
3da0e6a5
fc5d6f15
4a163b05
b2ff8ae4
cf721ff8
50e0d293
7df27e0e
357f47d1
f641b1ad
6e5f3b1c
95daec1c
1c13e851
a72c27f7
4e62e5b1
a48c5541
d7ab464d
14b4a655
5f519ca7
ce60e9fc
be5ac445
ab4d357e
5f92f062
f2439328
1a154aa4
5578204a
2087b1fa
20f123bf
1a01f89f
108f6e15
cffaf43c
351ff112
bd2b5d25
dc497a8c
767b1b16
6c258653
c58e3d0e
c90e81df
23f0f090
b7ba4c00
d53c5910
78f6d3ae
137ae86e
ce9eaae3
a21431ac
ca3d6015
ddcaa10a
0fc513a4
7cdbd105
51efa0e0
824ac1b9
6c45cf14
f4745141
357fc522
52386cb5
98a15b32
b5360109
0d387089
8f406c18
fc958b69
b97b3a4f
d1c7e5b6
5e5efab6
0f5ba9ba
3ee8831f
4ac773b4
e1aa3eb7
39a1ab8c
c3aace24
4fa1512a
77ca1843
cff30e54
7709bb1b
decf5766
9c93a4d8
8e553a5c
2a1190c7
0cd9e57d
4f623065
7877464e
7ef3c298
4d3a4091
99633075
63ae4599
2886e65a
c967eb2e
ba666ebf
0a832cd4
4671ffc5
41aaf52d
6fd378f3
713dbd6d
03739122
768da160
03726fc1
9ee5ca39
cebd6c23
5fcdb4e4
a5066666
67c3a685
a4af448e
e24f0b1d
f6cd7939
f7916271
3f209725
2b4ebd9e
4c3ab2d2
94451ea9
0d68bb6f
317d7fc0
48335d2f
28c6b5b1
3310cae2
a5c67f5e
bad0d445
2a4abb88
c264cbc2
16ef85fb
006d6463
fbecc435
5fd5e4b7
a7d5df3e
75f8bbea
f8c3f9cf
62d202ff
006c91c9
534245d0
7f8a1c9c
a0dbeef0
c226dc83
8224625f
07223360
30af8c8a
5d30d5f3
4aa87a0a
9e67ecb1
dc7eb32c
ce90f3f3
db61a0bd
d1351184
80f85c88
aea35e81
457f3b25
4dec87c7
303c7eb2
787f2980
00897e9a
03b0de6f
a35b3cd6
ed510fb2
fd850de7
da0942ef
13bb0106
a7b54fb7
f5b19c7d
5781db8a
d229bcee
80132b76
c8f9d397
d2a39c40
e85013e7
357a685f
0d82e412
a63ce6bf
4b6c0560
56b1eefd
588141e5
16300261
a4f0aa50
e86e62bc
4433b5ed
61b80d8f
f1b4aefe
a8ac836d
db860d0b
a2e56500
18d73c75
1f176489
d215ed1f
337ef5fe
e3ea8a8f
3a32b27d
c8d96a97
a8cba78c
3924ecd5
c111e00c
eecc5a1b
f9df0ca9
69fb8972
20cc1ca1
021974c2
7c357dd0
93ce620e
33accf83
88b2c1bc
69f5cf5b
0ef261d0
5633e06d
7f6e6a68
be5be1e9
4914e394
22205d15
f722b5b9
fedd31d2
9f7ca54c
eb0dac0a
7a429323
dcab8dd8
369016a6
ff241c5d
a0f342f5
838870ff
7eeec281
a21c7e7d
fd2c5913
4d1a6501
62e4c6f9
7a277401
4d00b0d5
279d58c9
510510c9
a4f93e89
27843842
b0f66445
d3b86176
31a9f92f
58ecaeab
4f438eaa
9dc6770d
c259ee1b
da7e6150
bd8cce0e
dec5042e
62ffc8a2
c24d9ff1
a965082d
7a6c4dbc
4f45bd06
265175c8
16d3cd8f
f42ad497
d113eb0c
17fed2b3
c72fd715
6b510b63
3e3751ae
ef3eb623
53a94380
01c20832
370aa352
cc1f48bf
de83c07b
eddfdd65
797de57f
1ba9fb80
1faaa138
68d0a448
91ddc083
d24dcccc
93ae18a7
117577f1
3c04b040
7328fe54
84a94f0f
774fdf4f
25f0912e
afa3f01f
b3042065
3542abdf
7c940eb8
6c9b8d33
86825003
a609baa0
b948f03b
f77ffc01
e649cd75
b6d27aec
1d618f33
23a989ff
ba35563b
400ad7a6
15e2f3f8
921bbcaa
f3aa901d
cdf25ac8
e2dd4f04
2e4a9e3a
1f5a723b
922669a1
75bfd80f
3cb9bd24
c5a16ac9
1cd56b9f
863f5627
90b1b655
348f096b
8ae3e78a
ec7b561c
ee5b5ecd
641a54fe
5a13b0bc
4596bdb3
058c7c39
5b0595af
3764148e
11c1eba6
be891c56
073d3ec6
1717f26c
37d13cc6
dfe44e2a
15db40e3
c2c1cf50
aa73ccea
90aa1b73
9cbf262e
40579242
8beb8dfe
635d8bea
f9f0580b
2839ff21
52af587e
cf914ddb
4c73daec
9288d84c
50017f9b
f6093a8f
b7ec98c9
70e111e4
8e45afda
f5f400b8
06a94ec0
dfb09673
d8a76d4d
242314d8
f4c5858a
3b1233b8
594cfbdf
4807fc10
4b6657ba
af68088b
ab259864
f0acb9de
2bced716
41e8696c
40e02de9
b5543d18
1c1cf2ee
7bc2d911
14461a4e
12c6f3cd
6e6693a8
2238719c
1a970dc0
4546b3f8
d5f09f59
61338c59
1cbb0dce
7763c375
0fd45408
9a9bc4e2
91afb77d
5ace4414
7ddf0874
ef60d9af
d1c51ab2
5102d997
1d325f3b
ffcb160b
4ad205dc
59fe9da8
e3c7374e
be96ef68
f9ed96f2
e52a86a0
898255c6
de5a1daf
ec9d320a
c757eb55
2d7018a3
d99151b1
da894b8b
079c3c04
4828bd56
cc6d5cea
1a65cdf1
689eeda9
e1d2102d
a483236a
7159cf1e
abb43230
997060e2
4907189e
9abcac5f
8f70b6a2
8462eb75
455e3806
8e8d7423
2c554979
d655be4e
a758bc5e
994f7cdd
447f8cb1
8e75b424
dd8b07cc
e0b8f368
e8949cde
ddd739a2
31cefe61
ab525c52
7423cc45
b9faf7b5
12151acb
b1d206c0
ce544c40
c3eb6b3b
2914f7ec
8cb33f1c
59c1624d
73376d6d
f68970c6
c209a274
932be865
073ef694
8bb48678
26f71f3d
d6342169
4886b62d
62e5b8fd
f5950b2e
9adc342c
b0ec50d6
cda3e5b8
29e4f4e4
1500fce3
0ceecf2c
7c996750
108556d7
3e3ca3a5
6b772d34
ba3e6a90
57b3087d
9510d339
4379943f
f9f2d393
86d97670
a11317ca
b3c9917d
fa063620
1e42a9c0
e8720b03
ea3dcfe8
f2de9c20
ef61efa9
1d9e4b97
1529ac8a
52a69936
488821de
1fe45e3e
7dfa1dc8
2dd882f3
29a9dd22
1ab21282
6be2500e
6d80d69a
f1916832
9a5ed98a
162f1e53
a283ff92
7e2c8012
54ecd966
b08f061e
faae057d
65502fb8
736020df
43c7f8a9
53881e9f
01d9d885
fc4b93a1
838fc974
87e67c9e
4bb7dde0
fdda2cbf
a7369640
f47881ed
f6a1dae7
d109b0be
658d6b76
803990a7
4d1dd29f
10cc08be
7abebc3c
46010b6e
fc4c3a21
167fcd7a
98ecb619
6b2a181a
16ab487b
bb244ff2
01968d03
329db99e
1e5883c1
146e7c29
d2b2f45c
c804cba3
26860b5b
a6d56dd6
fd78373a
58f86b1b
3e0095e0
2e4ddd79
ab74d66e
7f89134e
336f598c
a9dffa07
87ccc943
61e4c974
6a8184d1
591bbe28
0ebf38c9
a1a769bc
bdd75dde
a8805b8c
e07a8cdd
5180a4e3
eda321d6
7ebd861f
3c5668f0
ee56a8d1
d6149bfb
b0dbca2b
c4c8ca78
d48508ac
cc217623
81317453
89e38e05
a49f0d81
4540c92f
f09fcee0
9c3ba631
854a4663
d8aff5ed
50bf6ce5
c308bf1f
87826de8
6b16c943
fcf0676d
609bd23d
63c4417e
a1e3e7a1
0d7b967e
768ea4b0
86099cfb
1eca3604
9f589f79
24a79e82
261af482
7cbf428c
cbf73721
b5685de0
a94f3dae
be6c8eca
94bab57a
6a4026b7
5d58c08f
bcc8f001
ee144844
62904f2e
49645d35
b31a2ee9
ee1c5d49
5cd8b6a3
97744ae6
849bc784
aac2fa7c
09cc30db
dce9a32f
eb068917
d7683213
7881c606
953d1865
8564f215
d2c4a4e4
534f95eb
51b2b562
2fd49749
c20e56f7
3c09518a
a0e4729c
479f10c1
02f17301
1d8fe998
b376c126
b90324cb
b7254284
68f69d9d
6955541b
5923cec3
55adf127
29facb54
ebf04ab7
d6d3af99
df952fe8
3aa530de
7fb9dc5b
5e61b764
687c51a9
b6ba3de0
486a16c5
aa210a0f
e735199d
56d777cf
31b9f512
98681201
ba2e2691
2755b428
67f0efc8
c0a2e162
7b042788
ad0ae1a6
2278d159
db821ca2
a3680b8d
e413a454
2dfe07f3
2d0676f2
3bb338d7
49266eb1
4c6dca30
cd5fa591
cb7911af
205f764f
1c0be66a
32ad63be
7d2df5d4
89261f7c
ca0c6b61
1ae3e08f
3efbc6d2
809ae868
5942d669
b0221740
4d1d7069
dec63147
9bebb834
2d3b5fda
2b8a2c90
815346c5
5aff729a
e30359c5
bdaf975b
6e989701
c7e4ae15
f0340e13
0764ee85
17f9fdaa
74bf163a
37268fe2
bb4c8ae5
87003020
b6c37ca5
c88f882a
155c2023
914e4f8f
9e7c7f32
c8616cac
54a1a8cc
9b07900c
a07eaa54
780558f6
0c7ec746
ede3b8f9
0a62e0eb
45c8c3f7
88e8c148
4fcf635f
6d085fa0
14f59417
0d9001b7
405a9d80
4c9c929b
0a841e69
b046f2fc
ec44f03b
f5577f1c
47f10210
66199b56
904973b8
0bbe82a1
484bd5ab
06f21e04
fcdd2298
66990bd1
a25c7025
a27c66c3
ee24ee5a
d95cd7e2
a8dbe193
8598e3d1
cd473ce9
663893bc
b51f6bd3
cdab3c6e
7eb3dc07
596ac6a6
59b92ae1
48c63c84
0fc860d0
97481233
44fe53aa
cb80b86f
7635cd5e
2cf6ea54
ac251eb7
d2b750f1
1962db21
08b2b3c8
8f349c07
aa162001
4a6fbe39
857b65cb
5a656de2
40e4dd14
dd814389
c300c693
0b8e00b9
842d2d22
62f10892
8e96e495
cb3541ed
efb6a278
5db1131a
f4fdb675
81943040
5363fe8a
c6cc4b22
b4ca37a9
19834387
08ebd6bb
7358fb0e
fb581c44
69723313
7bb32ad0
f8800194
0027c105
59116927
1982797b
4949fa7b
6b3f4b94
531c849f
bd8da073
254e4191
72123860
02f584ff
12e8bb51
eb847bd4
114c1976
8bc0bf04
362e98e0
da6e693b
7a0c6194
d2d5f5ea
d954932b
42252c91
55a26674
c4f8fdfb
c62b8e6d
ff2bf79a
d324f013
5ec75b64
743af409
dfe83895
365667c8
694116dc
903a64a8
92faccdd
ac61aade
6c12ddc4
c1e4c3e2
1060f5f9
1da9a961
f7f9a2b7
24fd39b6
34bdca99
28223214
957bfa8f
526d9633
83137293
609bdaf6
0a73443c
d2612da8
8a79cf2a
b6ab419a
d288803e
c9e826e7
5097556f
12770917
5cf314b2
7cbab1ed
1a719809
36651927
60ae5779
c75f29af
449854bd
69851b02
5a597b10
f93c4ba4
85b496c1
26b4229a
fb6c327e
fe34ed93
c1a9f659
8e42c8c6
d493b14d
112672ad
d325c10d
dda7acc2
4e0514db
ceb6fda7
100c3b90
e639d6e0
43216fb6
dc8e5f80
49bffbe0
5924bb42
808090a8
f9eae9be
3a7fdf34
eee5c079
b8e0c0f1
f61f0ba7
af999f7e
c466aab9
f0f4ca51
7a4bf5bf
9b12527e
478dd946
4baf0994
d7621312
a6220af8
829cc24f
f7919696
9ac30df2
df055bf3
0c3766ad
73abf5c4
d6cf0c78
79aecf85
89d8e1e4
50f2f6bb
f9ee089a
06c35e24
45a5d973
a96e17e2
d9ec0725
59b42805
0b7a3e47
27452869
243fd822
9e71fc52
af9b4dcf
4cab5879
111a11b7
3c36d60b
8cf1e806
0830f967
48727cec
7630a838
271a57de
9acf15ff
ec733243
6526e452
8b75ad1d
66c244ec
769e3a51
c33cc397
f3202e5e
8824fac8
f9a0bd30
0ce40bac
47122055
5baa4470
87bf46af
9c5688b7
19165636
18554c1d
33d69307
225965ed
73788329
d5c0c48c
fc7dca88
f7f783a9
cb7df812
6c4f8a90
3a14e70d
52e77b6f
6583377e
352c1359
7ea57040
cf76c783
5e6b4eeb
4cd953c0
15bc5b55
9de63741
9eeaefa5
7e1fe403
cf6aa60e
aa31d841
afffa568
09097f19
d9f6491b
a012f109
45d0aa2d
8d5ed082
05ec3aed
d3b6c823
040a5e50
e739424d
ae6a3b84
45fa4ba6
81e5ca38
47724fb1
0b459b0e
112d7152
cb12c5db
6c8ff130
d11bfd58
a2d665f4
fcbc0a0a
fe2ff124
2129438c
b2b109e3
fc03caef
fc3560d0
53ea4c73
57cad4dd
edf0b31c
3586ac17
434c8576
bd153a2f
e8aeea84
1145b8b2
68bd8a16
6ce921e2
392f96c7
70368145
b44270c8
b524f0a1
c050ebc6
6ec863c9
dc4cb832
5132e5f7
192317bf
a11a1ae3
f8262ccd
ca3c7b14
c573f1f2
5d164057
dc39100c
c0fcb0fd
26815e9f
1f8fc16c
62f594ff
90bdbe1f
7c6d67f2
76f2dc4e
767cfd1b
3f094bab
a604e1b0
2b662982
4f851abb
e17654ab
b51f8501
8ee554cf
94b9e837
58292bab
d08588e3
88839b5e
c615f76f
0b2fcdd9
d70235ae
2e50667d
f04bae8d
70e36550
1d63e0c6
9277b34a
f11ce796
0806c8a2
c7c66e50
d15980d5
1d936006
a5932432
e79d1a4f
44e9dc46
2703b925
a23486cb
5fc924b2
bf28ec29
392a6f09
581b8bd1
0c26b92b
77c58e5e
38402c75
e854e380
2371015e
4be80940
d85edafc
dd78be05
d968f180
aff3bead
a1f64ef9
5dcd1dfd
22d51843
875008d0
0a1b18a3
81e0f337
eea51a0d
1c0f50bb
b6794548
20f36ce2
ef7c16ea
11134b67
008c8bda
35e573b0
13f67126
3198b7e3
b01e1938
8b4bb989
7a9c834e
bf596834
685d67ee
a05c5ead
9cd650b7
7cee88bd
6c1210f3
f6f12b6e
776a92b8
cbb2cc6d
d454aff1
1ef82c65
245bfbc5
78fc018d
cbe6ff92
5a5ca752
3ba593c8
dea7ca03
0e764609
4446d3b6
28f3eaf3
b11524d9
e1338277
829b6126
722c5d43
36a451c5
a4a5b932
7aeb9b96
fc603a09
481207f5
ff7aa0c4
e3e784c4
81100c3f
e50b580a
67e1d324
2b6ad68b
6269ac05
b28613dd
fc5f3a61
52f5c0fd
c873e14c
faabf025
4f0810ba
f2c0ee48
b7692717
cf3d9eeb
9fa4b6a2
a49cdc86
58cb0d9f
f82a0df3
c5a5d394
06a3ac67
d73d3d55
13d14f9d
833837b5
673c6a7c
4daac0b4
bf897244
b9cd9a50
95ea1887
79b4877f
038c9b5e
256d681f
d8d45338
a6596939
e3360c66
b575865c
f60feafa
8c42ad67
41b3ddf2
2e76b541
fad997d1
90a8b77a
5410ec76
e3b6f273
3b5d9054
bd80a02f
fcbe9fb3
b8b0acdb
09826a8c
b7e6b9bd
2c66be75
7ad867cc
1db4127a
b7a85a46
f18d39e4
c174655d
2ab90525
40a4862c
c49ad43e
35b42a84
a75772a3
ee0b075c
695a4fde
181de3b1
ca21186e
d4176598
e04d035e
e7a87a79
8ff7c747
7523b833
72b6aa3f
9066879f
e5e05e7a
c9cd3da2
18181793
ee36bf67
2ff03ed3
cf8efbd0
4052f305
fc947c85
b7eb8a8b
e5003c0f
4ff6c0f3
e700c745
e8cf0136
7d3f29e9
6be8b226
4dad4618
6dda242e
b9dc82f1
bee6f390
2646ecc3
90126856
0b2db116
bf33244b
923982f5
3125f279
ea62febc
83327320
792d0dc5
236f4901
6b8edc8b
d1917d84
4357d9b6
bf803b71
6b08d9e3
31b8a3dc
c85cf15a
cab46c2e
071565ce
a7bad41d
e6ea3d93
f63e9579
b73fbd44
4b42e25a
d684351c
6f0c266e
c993eb69
f954ddb7
370377c1
ded1d7f6
7f5a2d80
306c8f5d
14a87b80
9a510d82
4f8cbf3b
192a63d8
8bae47d7
0aaec65c
bd5e0301
bf05c02e
690bc83b
9ef8a59f
2fffe22c
fc6c2ccd
59484a0b
6b103adc
49e4ccf0
3e67b983
fbec47b7
0f8396cf
eb0b23c3
ee1e798c
7b3f9114
2245d3b7
dc37a9b9
2f45c90d
13371f9c
5ce4996f
8fad78a9
0f1ba8f7
a16c3e1b
ed19185f
ddc27772
dff91e2d
1791ae31
ea794ca3
aea81ddf
fe2cd1ff
cfdad5d7
b7aec9b8
e85d5e1d
2f890ddf
7acf6d75
40fa097c
658efe19
efd012d9
59cb51dc
52e9ef03
27616996
a81b2182
abe1a645
c559a849
ca7f977c
b239bea3
84c2baa8
b0791308
81ca12c8
a90a66b7
f0a4c3b7
6cf52f08
2bd6a8a8
904fd49c
f086b918
c8c6b588
5ac2c0c0
16327b43
66ef8945
433aed30
7e90f53a
48ea739b
3fbfa938
83f4e8af
9f67d870
684d7570
e069184b
6f53f939
dd5db84a
7753c23b
14fb419d
4d85786d
f44f6d74
7e76f08b
571e37c9
1c47c020
5f029196
fec9d631
d56a71cd
bbd96396
c8140ffb
cd2dfa8e
f99ebc56
952cc2af
bde4bb83
e808c953
8735d1a7
8dfcac80
784caa6a
3e2b60cf
7b2f5d3a
8b2e5502
78bbc3d6
2b6cca4e
18125565
66a73e60
8418476e
227df70d
79d68907
81f8093c
de307c91
ec330afb
d64be7af
096a9b74
549b6862
76900991
06895ed9
9c5ea7b2
a287ea56
0db9f17c
c92ce286
885bfccb
ac9dcc62
9b50eea3
fb9c9049
145da49d
e04e24b1
98398f48
4df1bfd8
9f4edebe
d3469f46
71fc917d
04915fc9
f45362bf
96783649
3a36d279
21713cbd
8837049d
a3b5f410
6829984e
bab1f875
180ec954
1b006236
31a78bec
baa49aaa
447d246d
18861e21
8874034e
87d8b5ae
302dbe32
7a800a8b
4b2ea7c6
8b7965fd
3828bc37
31d1fb92
eb19beb9
a347e5ed
da81605a
b34efb92
f8f504d7
22aebcb6
cf7a2137
2f735ea2
476b222b
a4e45fa9
14702a0a
8283303c
7bb708df
0cd8ce64
1230ffb0
f8ee4ee8
fe3a69ec
730901d0
f4a9aa7b
05cdb998
41719ab7
e17f8573
74b79019
5920275a
fbfa3552
6d702a1f
5e626c69
d334e597
8a07cc57
09e8ea8c
449fbbed
c5c8e473
87840be8
e033a1d6
57f5cd27
ee559e78
8d5dc058
ee4a3e3d
eab8dabb
fa95df34
5e64345d
90c22256
06532765
eec28729
e867adbe
67e63c0b
7ecb69a4
4d2147ad
198e3e2b
d4315d21
eaa7343d
06186126
06286429
fe047ae3
85f726cc
87be5ba9
7b3bc17d
0ef862ac
f297052c
35087fb6
4e8d6ac9
d70bc9e0
b7a0c773
b4561ff2
23cad627
437cc054
96b3906c
209f722d
8eb20036
d859e660
f3e0e40f
76330333
48091c70
3ed71aa9
8f7901e3
5e002d51
59e91ab3
c92530da
b78ba3b3
d4f00259
4d69e2af
93ee1216
2ef5c2f2
1a5ffd6a
a9fccaaa
4fe651f2
09dc8661
beafd636
34b391d5
a1a77acb
40873d44
966b1fc0
153066ab
44efeaa4
96c9e174
2b6d54ed
324e4073
b6b1e040
8c448746
9edec08e
a13a0197
263563e6
88e227ac
b5b284ee
aa9e2b60
77cb6f49
913bfaf7
6e5bf179
3018398b
eaf5990e
81d95c82
dbda0c2b
fe26a4b0
329bf420
9c7ad3c2
e0ddda79
f363b9bf
c65e6e74
836d5920
04ac3a3a
5cd21a37
6865846d
c04375bf
593cd73b
7b6890b6
be078a0c
b04bf88a
83bd7563
e341d341
bbbb8b44
2db6ef5b
08b427d1
0309fa55
769fc63f
125fc9cc
5a791e82
ccc64416
3f29d3f3
6e2cc489
389982af
2400e62a
2f4b72f2
d7f94568
59eca923
1bee5e55
75750c4f
44fdcac1
24d56720
2417bb91
4545d360
49e3043b
ba280a10
f0562586
a5275ef0
844d830d
0639541d
4923c187
87002299
880e743f
84dfb60f
56f0d92c
a7d27118
dd301931
903d3023
218eeed1
4dac5c11
08f3ad85
7d102800
635bb421
17a3c617
3ebb8dee
549760d2
13cfd67c
eb8ba9e7
99194d20
6d434baf
c9e9e118
bbc6d2be
8c64b106
20ba956c
2adcd33d
157b2114
583ae72e
a1720f4d
32aefc52
4ecd720b
a9466f65
e455a360
2a67f700
7e9a3975
eb70671b
33ba793c
fd7dc545
3709c2bf
7d910b8b
d3a6aae7
17fb435f
63c26b57
6d5a8387
e2159aff
4b5ab353
41ddc0b0
ec6c4448
7f88f1d9
80416a88
58b4e642
b2ef55bc
71e3ff50
0be251cd
84c45a2f
10d22033
3d6529fc
5b06eff3
29657d5f
5a321e0c
451c5b3c
f7a31162
d759dbb9
7543c493
ee8a86b7
c77790a3
94afeee6
fe8382cf
b7e93d14
18516ecc
26d8f152
50ea1be7
35d3cc4c
99de8fe4
fcf51ca9
4cd477dd
f9a92973
97881a25
fd3bfd08
1805aaba
477fa045
9b8952c3
2550b76b
636f52d0
fb27e641
9f14a679
7c1d1075
b8453207
cd5068bb
f55e9418
0f3b7747
ec0f3f42
31bd99e4
06ee5444
16c564e5
17f5154a
299ef52d
b50ad625
3f39d014
a7149b2f
921aaaa9
55bbf46b
2bae383d
eca889c8
70c6f1c6
ffedcfcf
aa64ef9e
441ddc6d
fd8f4e50
349055f5
f6913e7a
19e907c8
70e001ee
d3036e44
84a9c2e9
19128fee
ddd08000
322c8565
599ce35a
0752cc0e
f4a2bfb7
05befe2c
71d61a22
f4a07cf4
97da71c5
bf159faf
5d7878ec
e4aa7eec
2e1acf76
be329227
cb0a2a43
b0d6a83e
697e7254
d87132a9
4fac9cb7
064e3998
fc79a089
0d43c31c
da622e52
540e387c
ccb2d9cc
209cbabd
56eea20f
0815f55e
ca67b3b9
5591dbd6
8432273a
31c3c72a
55c2673e
02d30f18
ee68958a
4d53c088
1747bf2c
bac48a63
442dd3b6
a65e3ebb
6a0dfd5d
1b7971de
fca7eb36
43572df3
66406917
dad39a00
ad1cff7e
3145a832
c7d67d75
77d5a9cb
4cac9f63
41070a29
6e3c50aa
b542d8e7
5372247f
32e74f5f
77c55754
27384360
99ab6858
2d1de938
1f7e16f5
ad8c1ca1
66846c3f
fb4b3ea7
db925638
2cebdc36
2cd35699
9bb8332d
0ac7ac8e
fa7a025d
3c8a37fc
aae77009
56cf45ca
4dcc7376
5b56a292
e25cdd4c
18c0bc24
f97c3a7f
fc17b74c
262c91c6
06884434
0015088e
02627deb
b760d86e
19840c40
5c140eae
736a0aca
20abd743
ef3d31e5
495a4c73
f416e95d
55c57303
7638d68e
c7f8ab51
f06480b9
25de0937
4c2a5fcf
d8274604
8d22f9c8
679c42a0
874b98dd
bca73ce6
942f76c5
95dde7a6
78862cf5
a32f7f9d
bc15fbcc
e0090a74
15cc64cf
3f75c32b
7c26f914
32b2fc21
3451f11f
03344b96
2f270eba
5b5bfca0
26feed51
9cd1bd23
4ad6b1e9
767f2104
93a7e279
3fdd6e34
8a0b9927
bfa60645
0be28d9c
9901601a
6eae4dfb
9e5efe62
08cf052b
1c180707
91566aed
164c5532
95455e7e
44e3ff92
894c248a
51f3e159
864b0f08
90e96a49
9db8fa3d
207a9838
5f0b1a9e
489a96c1
3313216d
f940599d
d2044a97
0ec65446
8cc697b8
d7f813c6
c87179c1
f39e53bd
9e5e3bc2
7ebb2fb6
4f4713af
295989fa
fdb45805
925a585e
c53d5a95
30300dc3
1cbf30fe
b30fc734
3f7cf6c6
6e3962a9
8bf52842
d1aefc82
f59dfcfa
09520d35
27e23697
1ce4b172
2a57da4e
da4d065f
5ac83114
c09a1f1a
c2520525
ca242d93
f43747dc
46d82cb0
bc6ff460
94cf4a56
8d99d0cf
41ef6627
3629748d
7c943862
030ad059
58dd029f
f52a2577
f0a657de
5ada0976
7a402ff3
ecb08cdf
8f16c202
5c7c3425
e0ff0b10
331a325f
db87e7fe
4f7ffadb
8ad390e4
f9895070
d689b651
438edf9f
081aabe1
ab61bcff
9969b68d
edf299b0
173b4909
6a95676d
811ba57a
1161c80d
da5c014d
8af0ad98
42848c32
58fb30e3
35ec39fc
a494a3b0
72c60594
5c72e10b
769c8e63
72b4b2a2
fda0b007
865b769f
fd44fb0d
b6c69065
bc83c4c9
8c646a2a
79983c84
76c1560c
091b829d
325e4f7e
ffffcff5
9e664750
3816eb63
53f3289e
bdb81c77
a2da5f28
515d5bf5
c2d4edda
439af41b
8d00ed02
dddbbb95
18d101b5
6cbe4310
36679c22
d56e487e
a1881f63
6e1b6009
f51d9cd8
44247d64
73131804
18583972
ee734f00
aad1b9e2
e8acbd1b
f767c1fa
517a5064
177350b3
083635c9
087f3a03
07efa5b0
672f048c
d87b8f46
e9549d56
4c93eb5c
e593ff6e
57ba6c40
4bd0278d
3fbecfb9
9378a1f3
d6f6bb7c
8c19a6fa
2e2e97e8
48578846
7a996e9c
0e6831a0
53f154fa
7a17c98f
702193f0
364cfba6
e0512f92
965d2f3e
9fb1bc00
af430b36
57594cb2
039be703
e917e4f4
96f02b9b
51923206
b90fc1f9
a50bb929
eb0b3e4a
ae7c594c
0d708f19
d079e4ea
a9e8062a
0eb55864
cf7e372c
0d215e5f
34b43dd6
3d8f1062
0488a7c8
e812d845
c32a5bc5
aee06d33
d3d4a954
74100ee5
712aac65
240eebd3
569fe4b3
71d89b7d
27dd256b
c47d78ef
0fff9ca9
cb34b649
d77a087b
76ea832a
cdb945f4
3605225b
0babe92d
ec9fd894
7ce291da
37dcec5c
0bcd2db9
b372e036
44bf6bdc
466c8ea1
c7a60a98
aa215204
1b754838
6122ee69
36b0cfb1
802d75ce
819f95f9
ac18b1e1
9053321d
03c0674d
a62cffbf
11fc9086
27b6a219
b0a1f2df
e9fc82b3
4c9c36a7
c515d7ad
f14c5d44
7b77d782
bf20d6b2
4478bece
2c5d7a6f
d3b40887
30d56aee
3d574ec7
e2443af0
5a796eea
de824681
ada0edeb
56af0f04
d636ac61
4f399649
8cb62206
b9bf2409
ec57940f
c9f558fd
0a08de72
df82b944
1b72c1a3
b1c2852e
f3870296
649cc607
fb687fc3
8493ab69
52ced69c
4088b2b3
7a03cfd4
ca3678aa
1c075646
aa138297
5c059a5d
994623e2
ee30661f
047ba180
6fe3791f
9914de0f
8cba8ae7
e07358e9
f2e57c1b
06350d89
2fa3e1a0
9ddb61cd
718ba998
7e666993
c4166ddf
cf0f88eb
b94f198e
0d652342
bbb28a03
b945920c
681c315d
21a2885f
f997e646
a42a28c8
86d8ae4f
0f4faa6b
28611fd1
00348cef
5167dd0d
754ce613
c128a3e3
e2106b92
3e97d1fe
31f66514
5a209cfc
58d43b0a
b481496e
c5e30a0c
85f35be5
10ccf053
1b1431c6
66d418d3
95eb3c88
d71f5aa4
59e29539
ec317ebc
2aa4221b
7248670b
c89dacc4
3243773a
deca3635
06cf0d09
e884f963
af933d38
b88fb005
c4c7eb80
b3c91b9b
f927f574
6e0d7c87
fe6651d8
62d867b2
17f0e6df
646ad416
f6cde887
491c3676
132f32e5
7921c4c0
b3a9ca89
39b68dac
9f8d53fc
ba209804
7617bc2c
4ca6bc14
1beddab6
86e9ffe4
b1e7e5e8
e993c813
279ce652
d0bec6fc
851ed41b
04a9fab3
b9df31bf
992d349e
d503babc
fe79c569
134a9684
caaf41be
d43fa4ee
1c58bab5
045720fa
7b6dd281
fac51914
11bde2eb
7cc7c6c5
71a1617e
8cbae699
959c068e
654dd2d0
731d6a2e
ce8b51e6
80fe24d9
c4c6f86a
66e99358
a921cfe8
0edf68f0
0bf624f2
64de4e2f
237d2457
16335ee2
5fba69d9
1dc5946d
32446027
a73f4656
e5582423
080c0202
e36654c4
6e666451
92f3661b
042b8030
71f1c826
454b36b7
5c32beae
9888812c
0dac76e5
b5755ed4
5afa80e7
ddcfb64f
a478e55a
ee4bd621
19a48be7
c489f490
125500c6
7bbbde62
3b0d99fb
cdfbe974
dd825f6b
9460b4a2
70cf5291
b477216a
e0ff9864
d9cf34b4
92a5b9e1
e0a14948
6f38c585
7bec1d37
b4193a29
8f00c603
569a8fae
193e8518
8bb311eb
464ec66a
f8f881e9
773eca90
f2972ad2
bd38a5b5
8cb02c2a
aba5dba9
50d1e13a
f88baddc
7225bb17
ac44a4aa
5213ca30
e0f4e30f
131e956b
3018300f
5168e821
3f3b2bbe
9e373ce3
0bb05ed6
704ea3e9
0cb69e01
ca9582fe
1a9625c6
014938de
224412e6
18935ef8
5b793049
253b3806
8e8bf105
5bd5ab63
d09c082a
fefdb3bd
f603c38d
b838b314
689bb49d
6619e4fb
76b79ca1
0810e3fc
eb3604e0
a09ce07a
6befb0f2
f62dc1d2
fbd06abc
cf9ba201
dfe7850d
ebc3d7bd
170547dc
9f0e95c7
1fb7761b
2b8ab6d3
096ab02f
b9d83f56
19ca691e
561f5951
21081a2e
a2e44cea
f71b290b
30a9a917
2ab15e4d
1e25d561
52b09500
233ee9fc
2a947248
8a1f1986
544965be
99ffcf8d
efce8252
22a91b52
0e266c8f
7fa77bc0
db75e353
85813712
a0227046
564524df
4b4c39f2
ac59b62b
a7f5d64c
1762d66e
6163594e
5418b15f
3c793481
71a31d1d
5c7433dc
c0d1fe30
b25c719b
fea08ba7
b84a75b5
3055f47d
ae35bfb0
6cf6aefe
8b57faf3
66e662ce
d6307a99
1fa43531
4248fb8b
54ff9e38
e7289ce0
200f290e
9f5a90de
234d838e
8c8a5342
79776410
536104ae
9596edfc
ad16e52d
ecba94e0
a6e1c60f
8be0e058
3ed7d9f7
dd19a9bd
2799536d
63f022d7
9b2631e2
ca7cc600
a2a09c0c
433077e6
fb5fa986
f018a834
500cb2ad
22946983
0ba18230
fc6ff761
6931c78f
b9b594e6
4f391aa6
33b182c4
d84e5f9d
8780f9c1
6030be7e
f31507d9
197b5996
e20c5b84
9cd7cd4f
b29c22dd
5a5fd3b1
9f3a2a85
91ffa3d7
cc4b7836
de22b007
4d05dff7
747cc70b
04720382
003c9322
b81deef6
d4c69761
dc4e9f3c
fe1a3217
4e6cea9d
72c399fc
2d172d83
77500c38
d5b68307
230d384e
73d439bf
c1d9d181
5e9a5725
54dac9ba
f19cc7af
e4b17fcd
f61f9de8
27e93d81
1d2c0e76
3a61a6d7
68dc4250
9c5b3ee7
bbffdc8e
7b6fb68d
827310c9
0522e3b2
512216c1
e8c55ad3
b468284d
ccd75009
0f9f9d8f
5df65f35
11cb6816
bc648bf5
9d7b7535
2e96a85e
d159caac
9c01f7b6
55b47b69
be680444
7513b106
2d5ab987
e140ddcf
9c78318f
90bea972
89b3332a
4207a08c
b04e390b
f6f4c79e
35ade3d9
1b032962
213ead21
8ed19e11
1fefdaa5
4d78516a
39fb7d3b
dff894a7
30b13334
5d0aac69
65621591
1c9e702f
d36a2327
631bdb5b
107414f6
ec6c890c
2077cbdf
d5604d17
6484c906
d067f32a
587323e3
56be97b0
685cda90
06b18894
663c8b32
9e166205
c6b6c88d
670db470
b13dbace
8f810a28
062890c8
bb2d6acc
05e67ee8
d7817e85
a063f63f
de8ef61d
a4760db1
1dbb3742
637dac2b
aa4b236e
e39e1e67
e8764648
a470a37b
1597a22f
bca4bf93
0e8c4213
431c5239
c60cb6cc
64a7ba0d
e2ad3d36
e57d7dd6
6c2bd230
ada7c058
c4cb393f
2bb1116a
269d1087
f5aebdcc
a9d4e62e
3b9a0ac1
6830d3d7
70b59fb3
e9e78c1e
a66b8032
7f5c66de
ea26e999
2ff5cc4b
2d3d1e50
9a97cab0
31488c51
8e555eca
705969af
0bbf0603
490ea3aa
e7519f67
80698e13
1a8e5dd1
8aea7be6
3b23b756
7a49233b
9992a236
cec95c6d
042798e5
8e14e6cc
16e93c12
ab153da6
d4d5659d
ee24fa9b
9e826d92
7d342236
ade0c80e
02cd7ffc
5fef6781
de6f9ccf
9a82179f
3fa888c4
98a720a3
f7c68f0b
52ad7476
f895d8fc
f430a46a
741f2432
bae1f25e
7258cbf9
afe986df
7c8e0216
081468a3
3dc8af1a
0b2fb3a1
c8d350da
a1b61259
9d217309
4dc45d32
36e8f501
918011af
be1a8bad
f72dfe66
0f4d8a4e
018bff2d
182d121c
ba4c6caf
91ca8f71
df706836
aeb3ff02
5544a0e7
78cd7055
ee9e654b
2d76bb04
24f70fd7
c7d4ad80
da613d6b
93bbe226
136ce557
7144baaa
acf745cf
99a07fa5
43d2137a
b36a3ce1
8ed53ddb
16212854
a1769617
3c1a9297
553c91c2
16f89509
19432e3d
b204bbb7
a7d1f87a
00f5f714
44ebabae
e73e27d6
1acc1055
3b216fcb
0f763745
5987ddc4
c116531b
afe439d0
ce0f1958
bc63520c
2264ea69
7d00a811
ca11c174
1c6c186c
2077e49d
10a920eb
b234c3f9
d914618a
a3fd61dc
a4f0b153
413e9d27
a516dfa9
9352b795
91aa1c8b
0227cc24
dcd973c0
48a4cfd2
dfbeb90d
ca9050ef
4488df59
ca7a64d6
95078ee4
92165b63
7c3a13bc
14aafb57
4f5c366d
2666e63e
f6536798
d0c1bf3d
8bf5c4c9
5e08887c
405d7c33
f2869619
a6b42c99
f5bc964a
ea9b614e
2e6a2b38
c49dfb63
914a88b8
ab3599b1
0f468740
44548b62
3fa7c00d
ab9fbb9b
70ea6170
4d45cd9f
79641985
dae97fb6
6b32ad94
54a66ec7
f3ef7753
5e396537
5c9775ad
34185e2f
ebb14bd5
8e53ce03
d7b9ef8d
c2c70d76
f5b4cb0a
87b8cb6b
2231a462
18b97be4
dacda41f
1b2e5bfc
a41fe06a
956ff422
98e8e482
0e9cbd9f
937d423e
f3f7c5d3
445d00e8
f4f376c2
9bf441ed
be87a864
115cae73
fd43b6e3
1c13141e
4b70ee51
59f07b74
2e117f52
c02a7d74
085ef885
ecca0934
4a7dec55
c3967c79
fadd54de
5635c639
6893e4cd
c8236212
2eccd824
b4b5dff1
04af890e
f4fd5a4a
a27b07a0
e1d9b748
fc2ec14d
5f1b65cd
edabef94
71a1e7c8
c6e66cee
ea177726
e0791f5c
259ee860
2099ae11
f4846c1a
7f02d2c3
7c9688b5
26c3cd1a
b9d64e3f
5d9cf1a1
7688c181
3e09c4f4
9b223454
96a1eefa
00c32b6a
170e2bad
4c443a31
37c843ad
196f200b
0106f8e0
c0868d48
d65fb394
049a92bf
fa5abcf7
2657c33f
0ef4427f
6445bc44
2bf0a604
a1568864
dfdf8984
77a9a0f2
8bf96200
44f8f983
cf394e77
2d4ec01c
88461670
8c3b625f
e6c191aa
a029b99e
073c299e
93a04762
aa63e13e
37378e35
0a1cf5be
4730d15c
6dc92cad
d4ba77df
5143b28c
f35a937e
a90dc46c
5d8428ce
4dc59d9d
fa6bdd22
256733e3
434c092e
5bc29dbd
0b96ef84
8cc850d0
2089dd72
78fee787
66e060e8
9b2e15b0
5f31459c
98a92aa4
d26c89a3
a510ed2e
cab96f08
32da654f
2f18c8b2
d4ff519b
3fb53b7e
7a2f22b7
97da7260
368d8f68
48a26219
99334670
6c61952e
4342cae8
feb6f001
990a3e27
2bae0c49
1fb1594c
771fb128
7c6d743d
c64cf4d8
7736e76e
df16d9f8
52adabd3
2efcc6f8
2ccb64e4
65b0ec1e
33f9e1ed
b48c47db
368a9e15
19665f15
35564674
0ec8187d
3ad51985
a130824f
772fd896
58177893
c1786cb8
63faf040
f522a856
701d8690
caa19797
5432d595
ebe70f7d
e9b1ad33
bfe8c6cc
c073973b
afd28162
c576d1a4
068e6709
46ddd16f
25206798
8c6624d8
b34c8d32
c303a37f
1a904d37
8f4c3713
6fe97950
bc14f2bf
1ac08f9b
bfb7db51
2ca44d09
2cd3cd4d
4836156a
db7d2227
461552d9
d22dab60
05012723
41af7c1a
1dd0e7a9
c7ba9f83
7884c830
33addc97
6d6e0416
e609283f
8c2b02f0
b68a5c41
e9340c2f
5ccc67bf
be80b7b1
949b40ae
8643eeb5
ed4d945a
89bcdd87
d60c0d09
076640b7
be8ed6ec
05a95e7a
98331c49
a9b4d690
dd9595f7
df4f96ff
c10ea447
e714dc2d
0120b952
99e75e83
7087d333
5ce5e009
6f5a7f6f
d2f2ffea
9ac4ac45
97ec885c
e3767443
2a3ebaed
75ddde3f
31c7536a
ce25882f
1352b28d
38cb1f57
d69bcdb0
08660fc1
98d93c37
7693986e
0d82bd70
50720a13
f45b5a32
3196daa3
afde8ec2
dd3caa5e
7286367e
7bac16c2
7c02da04
99a09c7d
ee645297
71e83582
7acbeb08
a56b9966
fc70275e
ed29db9c
6748bbed
efa1affb
fff65c56
8cba1e45
268b37d6
610a9a13
194367e1
000d4093
475bd25b
9e474d1d
5d3591a2
3530e1ae
f6b1753b
feb72ec8
d52676b4
88cb9f1f
9d5e6f9b
444e1025
8a2344f8
3429b63c
8ccf371f
7c9f3d9b
37921fcb
65e23681
1bb73278
ad170179
9a86806e
26cc72c1
a2e9d7cd
74e50b0e
bd78d82e
b91ec625
f2131656
485443a1
9fe1bb37
02d41ab2
c71c520d
cfa3b9ac
aa30ce35
98e42c05
3ee704fc
35907948
85dcad5e
e8797ed3
df7be7ea
d1d7fe8e
576f29bb
931443b6
985afb0c
f7909443
c1adc3e6
8814cf2e
7bd69194
7de99099
c64a6700
337f01d4
dd0144f7
4ca1da87
23836923
630d26e5
a23e0666
b0c5e09d
dd9920b2
8f2988af
8c1daeff
2c44d363
4a9dfc5f
326e160c
c80d9f6a
de743008
744c968e
bcaed08e
dd73b2c1
80e6e3d2
cdfa6af6
a13fee52
f71b05ff
e6b3b850
e219b182
7ec7062e
1e2fce1a
f72ba6da
95c9e5d0
b1632078
a53c005e
8a07d4b8
9b280e76
64b79526
f5e70c27
7362a6f2
f0b22897
f7048b52
ca53a313
1b3ec887
080cdb37
ba9db169
a5b22343
a233973d
1ce96af6
2751a338
a57baa2a
9d8fbf84
592cd635
3a6c47fd
689c5e2a
aad75cec
94d1ca41
be8956b2
b0ba60a1
97add5cf
ae831d95
ade61db7
c981097c
5ed9fd43
6c46990d
c62bed2d
b87e253a
94f5375b
a4b641a8
d12bb945
5c51adb0
33752610
713d2c1a
41dae394
c93f6fda
234dae79
097f4ff1
d694e289
805f8f35
053e2923
1ab6893f
cbae28a7
04569afc
3844ec7c
edeb646e
a8b6618d
839079ae
2f6f62d3
0570e8f3
d0dc5cf7
6b0dc601
1d81eb61
edcfc463
df0d3f92
c62c4342
33fd5854
eb0dd02f
b530806b
4e7070ca
aa08defb
f42177eb
97708816
2c4b971d
345d8368
801901c4
0e7d1eb5
12ef0645
a0c51b70
f00e5d76
d6f3dfc5
9888c064
9e67e189
6447cfc1
081add5f
4a49e5e1
89608d09
a92b5ebf
0d14e379
49fed5b0
2b1a04c7
22ff66a9
61d069a8
74aa436f
e518d5ff
b3bd7eff
6a460eda
d39fa5a5
e0257689
e0eeb396
f263e10d
79da4e4b
1eb058c8
63807bf3
1264acbe
a85c4b91
b08ba6e5
4ab5ba88
1891b6d2
7f305d3a
2df428ea
398d93f8
bc153967
a7da8993
f4fc2869
3cb32775
70b571e5
71d6a6de
3262e876
1f8d0352
f7305efe
55f4ac82
a5190bfb
9a7a9cf5
fe0b06da
ed80e781
822e1b2a
d0dc8258
91c96013
4b51cf0c
9cd878b4
1cdc53a1
2b3d4269
03f022d5
20e12c28
3378606a
a428bd9c
5057d471
d1760d2f
a8235e8f
acacaef5
bb52fb20
0d6eaa55
79a07335
792c36f8
3478105a
a6d95378
0ba6a982
1111505e
961419d0
f1742e98
a9e959b5
dff27293
db438066
ad227119
22ff5892
93c53194
98deabe0
c670bfc4
765b2a54
df5f3650
bcbe215d
8701d67c
e1d76d4e
1cf0a4e7
dba8ad70
fdd4c70d
86c914a3
18f5ca2e
e5f8476f
c14ce709
1b1089b0
d835b3e2
b23e3169
b8e58774
3afed438
fc3c6d12
b62a0b7a
027a2f29
0b33129b
14053287
4411cde6
85197bfb
10778f30
f58461d2
6cc3576b
ed1c50e8
b80b0403
ee3ecb34
03702d13
6c035732
2eb67c4f
43721841
31847cbd
bb8b9360
322d1825
0bfe0b48
7c0c63c3
5c072dec
2137ebd6
0494ba95
07690196
14825baa
5e1fa332
d5029ee5
8bc7cdea
d8cafbcc
9fbad61e
863a0690
f5e2dd30
c244e175
afa6575d
9468f9ed
aa75487d
557e9219
c83cbe10
6b70df97
7b9c942f
f42b0c96
d97871de
0f692f3b
db204438
891e399f
0f597626
352aaa0e
7c403cde
8e1b3378
80baf828
6aa5641f
4e5ffa2a
dba1671d
e4dfb3f9
12371499
5562a29b
7f952cc3
68dacaf0
5304ad43
b05257db
6eb8b0d4
4e76d820
0ef8a72a
f3cce7c9
3d6ad99e
36397469
a1d5f407
ece6ccc2
d4b09a4b
39455d68
02cc3c5f
d7767533
79450695
e796e224
cdd12546
9014594c
0b22e479
e60e21f9
6d4f8829
af1115be
870bda40
0c03054b
75e998be
00fdac6d
e15c77e1
927e5088
0cd52615
1bbb8f46
8fdae0f7
a80d88fe
41c47fd5
f0d4967b
0fc98a53
92778130
3ddee876
f4b2632c
ea3947b9
adf39846
f88dbc07
033c43fa
7a7adc24
da3300a3
f5aa8dbf
e8012e53
28e75bd7
1d9296f8
c86867df
63e2d902
94959bda
c7064899
fc6c26fa
d748a86f
9a2affe3
b5eac800
b9658cfa
7fca8d25
9be45abe
d672d0ec
35667d37
812441ef
9870daac
7a736021
527b3dde
03d1ca4e
e0999da2
ba04100b
f38ac24c
f6e66fce
896d8fe4
5ebc9c25
6229126c
bef44334
034e3210
41ee9626
6a1063d2
e6477b0a
e1015cf8
19ee2420
30262d96
e3a79645
a235af9b
c2b54a6c
b4f01095
6b5a1cca
71c28941
1eacc134
c2f1d204
6cdff487
a6113278
9d82ffbd
1072ea7b
da840ef4
cb583f4b
19f22928
713abb2e
d01de524
6d411394
dc82dafa
90cb54e9
ccfab461
0fd26da3
e68e24c1
10b0f42b
bd4ae478
5b304951
585e356e
a94550bc
a0a64b82
68584108
1ed55d49
ea927737
aed323a7
7a9ce1af
e218cf69
8739dfea
30d8f9c1
dde045d4
08b33e68
d9ab4514
be5039d9
e1efcd35
bfc37c1e
8b4142d5
d5922508
2d3e1d0c
700cad5a
20eb51b9
7990d3a3
0e4b4069
318a60a8
838ba9e4
d5bad721
979c600d
d133fbf6
ea4e2155
098d1dbb
4eb2e5fe
566ebd31
c0abc9e4
8c7de3d1
6ec8b5a2
e868c649
dd2c0df6
661fb67f
22ece4b9
5e1f2cb9
72405294
7ccaa550
2bb3f426
2938b825
aa55fe77
1281b444
08ea6204
40b2de37
967f68be
b7321576
1abf1d46
de26839d
b50bf41a
468c49a3
b02b0595
3f3adbfd
62a0a64b
2f7dfffc
1e1ed0d9
ba359ab2
fbea97d8
2c23b449
089044ea
9bc3bdb4
d3431467
96dc998f
02bced54
c9d06cbb
3f29f2f0
c941cf24
0f814707
468e0174
21480707
2e59fcf0
af3e289c
bfbf24af
45e4234d
38cc834d
e8fb0685
6f6567fe
91a969d9
50970352
f5c388a9
e20d3fc9
53c1b8e6
9ed7ad93
b93978b4
92fa0f22
46772a86
1dfa7d75
cfd79f11
0452e13f
e15d1378
b03dff9b
267540dd
124baed1
19c0620f
487c9756
c7b9c899
a7059723
097614bb
35bf38ed
46ab96ef
07ae0dfc
2a68c4a5
a55263dd
8200d162
e05c450a
03db0712
f6093a49
069fcbc5
1d8d63b1
b1f96911
f9298265
80bb1411
f35b5e51
b5dc398c
3f7beda2
a266061a
6e8c0421
e97bd0ef
5361b799
ffb8c565
4c42df93
2db53104
81a3236e
6dab93b3
d1c47d29
c2fe470f
46e2cf49
d130d658
e9f9c757
fc5f1092
9e41c85a
d959d105
55cc6475
78df8106
36c5c895
e7c1a21a
72f1b3f8
e141dfaa
0aa70414
6abc4b51
9fcc5c22
23437eb1
80da662f
908ed031
7b7edd09
0abdcf05
ef0065e8
8e844f78
84dce2c5
6b22abee
12b55ca3
75db3ef6
2b015c4f
be4b598b
9de8daa6
2180bd33
bfc7f6bb
d962448f
beee056e
6d917d15
2ab29585
8c5b6bee
652b7afe
aeee5376
46bb7131
48241176
db5b6290
d28cc596
0a2c8552
188716b2
66e81bc3
c6fcc9be
3992f47d
33a583a0
a994adf8
6e828fb9
9f27a51f
9eb18902
5d509a20
42a5b707
7ed61828
f1d1ef27
31be2363
8722c773
8e4cb3ff
90b93018
514d2b63
f811a23e
71480d16
8ea89010
1e8b3eba
0bfd69bf
befde82b
b98b76e0
8389ee48
6e66fe44
d5259c51
36fa2c03
26c7a395
e32bef2f
776738a0
41dda14e
258603ed
50b2d23a
33c2e5ea
a74a9cd3
e49980f5
1a60eeb7
d82a8ec6
40150d5b
e065db74
17b0919d
a95b92a1
a261dcc8
b2ead167
9b8af128
dafe8374
7ef01292
4d66728c
b6a00ba7
09c50db9
aa60d085
a869a239
4a483ec0
80301813
606a6f45
4c350607
982cb644
7f881ee9
196e3f1b
b24a6859
a39e6831
a4249dba
148c5d18
1946bc15
e8138fac
7bd116aa
3be13eed
3be2a9b4
4f59a296
88ec7a46
c69ccbcd
63c7574b
1c16f9cf
63e15d07
1dc9e8b1
f50c79a6
ee499f1a
e3ed243b
66529def
a9a1c097
305348dc
e96a2d84
c0dd4f26
7043988e
c290b5de
24ea7631
bb9b9a5a
f89dd53c
e96aea2a
880f1c79
e2b220a4
ef525e53
caa3ecce
ed90208b
c71c4dec
3bf7ea47
1e1836d9
4b8fee33
cb0a04c5
7622b78d
8f68dccb
aab4bfc7
84dc27a3
b1f3aafd
e518c82a
8670429f
2b992317
921f0e64
dde53ccd
4b58ec7c
11bbd993
d24d69b9
ef249835
73b9df1f
c12bfbd3
e726c5da
6cad816a
b75a960c
d168cc8f
305a5979
e0a7b73c
6db87ba4
a2799373
0a2c2811
ede27a33
c6efff8b
210e0f7c
b05947a8
1dfa7407
d13aa8ee
6d375c0e
9d0b86a2
86715e1d
ebe2be40
06440259
11e004d8
43c9ee72
aa1e1876
011c3a15
8f30dd52
b6d14dd1
cf621a6f
7d172a4f
7a069db2
23926d76
a0017998
54c302ba
c1a6816c
a97fcefd
1dda7baa
e23f305f
6aebe0cb
1cd9be63
197de529
248d67e0
3d4b09f4
59bc6c75
4eb4c8e4
dcc0dc4a
73458de0
7d256879
ad93cdd4
7890eab6
b8154f81
27486955
c2b9af60
56c9aa31
32d87c65
9651eef9
65128996
70bec118
ef459fc6
f80545ca
6ec211e3
5f7d7731
dd9d3345
82377b0b
e749717d
3ab25393
836bb905
511aca3f
2a4f8bde
1d149ea9
c0b534c3
d6db87fa
1d9d6a50
2f7fb7ba
7838baa3
0994c4c5
dea27824
34928beb
a2d0c526
bf553113
9276a3f9
a11e3b9d
f6d7140c
7a8c6fac
0dd45ee4
03021123
ed3d946b
a1d89bcf
a0e8364e
e8f3a4bc
61eef1e5
d621e36b
0f5faee5
c66f4822
e8d11e6a
f95bf501
42b1e333
85c3d8cb
fa9ae9dd
22d8f3c3
35b904f3
e7fb1a27
81c5ca78
1903373e
f4c67665
1b624698
d3b0f73e
3325f954
1ed67057
f609249c
ee9f3d0f
1867e347
54dedae9
6176c297
15ec7b8e
442e2547
0af490e7
bceee931
ccae1027
d5e05fbc
56316f77
96521ea9
99f04d81
2aeef14f
3a450f0e
345ac030
3b399cf2
8034799a
e3fe52d2
b545b3a1
80c5a810
8b8f3458
cd11d5c3
281cde9f
939afaba
42e4249a
46cdb85f
f82be073
fc194d99
3e9111e4
d06f72f9
aed3b68b
493cb1c0
309bdf99
09b9c08e
9c7bd19c
e1470ae6
46861fa2
ea361e8c
8b018041
86a361e7
f19c08f9
327c1d2a
348c6c5d
77e8926e
68453e0a
7a30ab65
5566e18e
41a11148
ab87374f
1d50fa5c
f535dd7a
cd40826b
1fed2c85
b3e3e88a
fd545e82
93638c4d
57a44966
a65c2a41
f7b861e5
91985635
ef5d4c95
1da15f68
a4ad7b13
9784711b
38293fbb
1218f91b
f4de1b88
1046ab78
b297322f
dfd40faf
21b0a90c
72bd7d64
fd316f16
39bce0c3
901c3170
dc600188
7c3fd71f
09ed14c3
73fe8a4b
d21c46ad
e8370b5a
aa187ab8
6924338b
b7e63567
ea04c42b
a703bdde
d8290d1b
9ef7f92f
023e4c39
6a9b276b
4e1846f1
bbabf869
33a25b6a
72e949f7
8aedbc81
3f329804
9949fa1d
897b6d1f
183cbbe9
cad32290
de214da7
dbb254ea
b3952ee7
27f2f744
0fe5c2bc
6a1055e5
02f997ea
acdbde54
dd651085
d4b2d9ff
1874aae1
fd56e88a
ce565baa
9f9d3dcc
a4ba6f24
97a075b5
b898b36f
45f0074d
d28870af
89cd81be
476b3839
72668cf2
ea4d32e6
5dbd5afe
2dead557
f7a0a9e7
bdf3dc04
24d47b35
cbe80b8b
fadb245a
08e18057
42036eef
ada16949
3ef49970
e6ca7ed3
630bca1c
f8123bec
61acf571
f7d67050
93fdd44e
726fa50e
8c187607
565be5a3
4b46b186
11c62428
4d934405
782775f8
e2a59878
34212aa1
5f45c405
806c406d
e4613610
4d692767
aed082da
70b4241d
f9e18e19
2be33b0f
b3343268
00be9fe1
15681d4a
04611fdd
eb4df24b
92e21b5b
808dba79
5c93fb0a
b4286395
6ba49f78
72e88292
56d1312f
6952a557
a490e43c
c392450f
61be8016
12fa5575
999da792
5fd8587d
e8d31264
d5fa35a9
7fdae21c
e682ac71
fd390859
5613da7b
7a57e62c
e7ead3cf
f1f7c9e8
cf7c3ec6
674484d9
1a8a3ea5
b552ea44
51ac1ccb
6d94b6eb
b7642809
610c379a
bb485a50
cea952ea
bc5ac1e9
cdc69d0b
57470820
64c3f3a2
484c75ba
69e4fba1
dfe28b6b
a7767257
3f284dea
98e94dfc
3e492c2b
467c70d9
146bcee3
e89cf465
e018d7ed
647bb5d3
569b8d38
40b651b6
8ed113b4
1bcf17c8
9fed638c
96fe2c6c
468f4523
629b73e5
ec878550
353c1eaf
1c6f7605
2011827c
531dedda
56665aa8
0a61dbb4
55cd06bd
8efbe8fd
9d931109
4db8886d
f8243bce
385d9283
7b0c7ea4
c7d58dfd
b934dde7
432bcb39
fcf85169
7f39dde9
040a32f4
8d4f1bc3
d99fae93
4105a712
9adcd7de
d5e403a2
991ed7ca
39c15f49
22813601
2d6e1650
f13714b5
3104d925
fe6bebf1
28aeb7fb
2a39a58f
04ebd399
73641da7
455ff50d
ca10e5ce
1501b6fb
29a687cf
83af8fbd
88c4c59c
56a8c30a
4f89254d
26d3d5ae
839c6245
1516d2af
12e8cb2e
6979545e
d44e2d14
c0d9844c
101b1e24
04512f59
e9bf52bc
9594efd3
45d69879
08a8e57e
01905db5
3e7ca1ea
8743a56c
ff3e9b98
01f2ea36
71980b80
232ca6bd
7b016384
2c7bc548
5f6979f2
b6d63d3b
74cef92f
92418c46
3dd47696
c1bc2cf5
58f9ec32
e0031b6c
f1f1e3f8
c6448a76
a6da2a1d
25d6be2b
400c52e3
75876176
6d105d82
36c64f43
cb0b1ee0
0a4468a6
82e20135
1933910a
d3493a6b
5c35aa7a
ddc2c248
868b1298
46b2c6e3
98106e26
a81ea32b
ba984804
c1d679b3
f869ff1d
942755a8
e549c081
cda9d85e
a8035150
d23fb805
f91fcb81
7caf5ae9
6de74a28
2544924c
bd00f1d5
6fab6aff
f9adfe64
56790d3c
f9dd68c8
c5cd25c0
1c60da32
6d14e7bd
69160655
ca3f6ce5
1e84370c
c32408a8
052f662c
7f7283d3
8129e35d
5586a4a5
8c681146
ccd336db
d66e8ed3
90e9c3e0
88cfed6a
9460fecb
2cb187d6
ebe9f214
9792e5ee
fe98fe5c
75778c9f
cba2a5e4
ce821998
a3f219e0
5fbb9b3e
77073e58
49da6333
001866d6
29f5f9ea
eb10615c
f828fd3f
e9a6568f
c2128ba0
fef0eb07
40accf1b
f2621652
8ca97669
2379a4a3
913d90ae
9524845b
dab5d8ec
3502e2d8
bffe4a4c
056056c6
f3359522
b50bf9fd
caa2cb7a
a389945a
7ad29dc0
5c094764
1811049a
f67728d2
f301a8f4
6ff94a4a
6b431030
dd5688c9
08c8de60
bff6f936
6ed8812a
fdfa9f83
4f37bc49
d5591e42
6755e0a4
9342f19c
6afdcf81
fcb2fe07
6dafdb74
e550a85d
8c24a737
0ad430e4
092ae71b
64998be6
010e3336
deabc918
b8d54e9b
e8a91180
9dfe1c4a
8dedaa3e
29a70b30
8e282dea
4bb57482
60d03226
07c25e88
c7d7d46e
f9655f14
099740c0
025545a2
60ff1c19
d91f9a54
4d0fa992
77594703
6fe68fc4
27fffd60
0ef125cf
6045d2b3
48e6956d
51f1bc85
653be300
9cb5247b
82923223
a91a39c4
6f5f4b4a
b34a6745
a43490d2
08e8f44a
d4eefbff
7947cd86
0c989343
8cbd2c2d
6606a298
8e7987f7
c5b05244
ecf57d87
9d230216
0b509d48
f84b8ad5
a125be1c
ec135f14
2588d127
a10797ef
15294c44
30dea2f1
5f8049ba
12f613e3
7eccf175
c05c2b20
4dd54d05
d09a605b
34d4f3db
4c6cc0dd
7f2b825c
4773db4f
63661133
b9a8003c
7eccf9b3
dd1c237a
d652e063
ba115824
c22db6bb
2c7a7ee9
6dc1e7f6
df887309
4d1e2d99
8cfe7e7c
3aed1f65
7070c06d
21dfb2fc
135d3bcc
e407d2a8
3a0e248a
8ac6416d
d54f05d7
7f648c53
d801584e
df51110b
95caeb37
a99bf72e
cfee9dda
4519b0fa
53d8a95d
969af17e
2689f6c3
136802f4
bb52d148
8a068728
33af8d31
ca2daa39
c6366668
26747486
3d420286
cfd63001
35385221
30ea57b3
3a526d27
8db1d98f
6e537dd2
b2e5f4d7
de0d0b6e
8b68cd12
a558eb08
97c93800
11a5fc0b
abc14960
1b835617
b6e1eb25
b5ae6cef
78c2eb58
be21d01b
cbda0405
df4af466
160fa8d2
5d12422c
96310f0d
16c6babd
a04ca989
ee80e23d
7c56cd27
01cf033a
34415aca
d24fed69
c6e3f92f
67b51f99
751d39fc
95b0b9af
41675cd8
52c56a4b
17fd14b4
765bb1db
5f66d540
bccbf993
d6495af5
63ae969a
ffd26709
17e60396
edfcad60
daee0e62
2376290f
ddfb0119
9e93f872
0ef17f4e
dbe727ce
064cbe26
d32320d5
cd59e2b5
d21f03a7
a39a389a
eebd93f6
f28188a6
a65a8253
902123c1
8041cec3
221f30b3
a14d9292
e9cbd94b
ff4c4728
177e1f1b
d188dfe7
d1b762ef
34c0d12a
bd57465a
ff1fbad3
5ecd5c48
8ee159e6
e0ec5d1e
3db574de
bb20ef49
e3d45622
b0d3e1b3
4e7c8410
08e2ce93
867dbbde
d5b5cd67
04fd05dc
9a07f661
8df34c82
079b3e3a
cdde8517
4ba1df65
5c6a76f6
05858431
7019116f
6f63bf85
0afed214
4804a99d
f2aa0075
d26d453e
54b029b6
844bdf5d
580a5529
24f64ce4
6bb2d40c
c2306fa8
4d8e7835
309ecd99
7bc5384f
bd90c468
08228063
0a5ace45
9ce6210e
042751c2
7d5db6c3
6a73062e
46fa9ef0
3ee7399d
9cd1ad30
948a77c4
e3f6691c
54d596ac
992880cb
8bf156e1
c267f98d
09440fae
cff5b729
dc194918
e0c432c0
8c95efb5
fd56e341
8e3e649d
dec303ac
b4c7900a
aaedd374
306fde29
5de9ee30
4884907e
cf22108e
0a4c3aa3
12ad3937
841eaa32
3405c18a
82f45a93
36d983ab
9b5926ef
92e99a2f
181de642
10e260c2
a540f3c7
bb058a02
d3533cd1
bbc7c952
92b9b71b
ff94cf75
3ccf8cc6
b7ccd487
fcb2048b
6fbf7ce7
ec0134a7
28779b65
d4c30c0e
22b09a65
9a29786f
f8a3e5fe
2d542974
51dff281
ddab28dd
97f5163c
78b63d9f
8bb8aa03
f5f0a2f3
0c6e9bd1
86ae9f2f
db2a762f
dc609c3d
ca38b551
cd659ff6
f5602564
19c5e318
38c8716e
32b3c04d
631f4f92
98569c63
9340be98
e3c91982
8db678f8
fbdc59c1
a6362afb
36e9c635
239b6e4d
05d9dc7e
83ed2d0b
46747666
d6b44f5a
95b0425b
2c715f6e
b658788f
3fd51531
64bba3bb
d519eed5
3992e6a9
36e4e501
fea02a1e
4fe2bf9b
70f3212e
d324cb28
4718efd1
f3f10dcd
624acce9
75aa7fb1
b77c75ca
a4fca7a3
c285a1b2
c67cfce4
6ab654f2
a176d774
bf1a9b81
8737491f
3e07d962
ec18a885
decebacd
d74a62c2
84208a03
4782265a
6512af83
b3bcd6fc
2cc23a1f
cbf45f97
512cbeb4
02c2cdbb
73c0ac48
ab955b4d
091a91a3
1109ec3e
f6561d18
e6f6533e
2c673397
20e4178e
ef20e7ab
8d5c9ca4
a7e90a3b
85de3350
3192fec6
69c16133
0ba51e2f
5c82e28a
497fe976
73eaf508
4c0abd01
559c38bf
6c5e7ab6
c983d13f
09e465dc
3fee7b51
3a5ca36d
0c053822
80a663f8
2fd2681a
de1440a6
30803d17
9bd4cc3e
45fc3168
91dc27e3
9c4335ac
c3c7e091
390f4768
56f1b0a4
a1748fb7
18465f4d
ca89a8bb
6489a4cf
87dea635
eac15c23
5038b5d6
6893c28c
d7514c91
995e4069
7257f0aa
25f59c4c
39e11d37
b3e8c3db
8267d43e
6b52b29f
9fc429cd
6e1dcbaf
cbd4f4a8
5e8231e0
03f6a346
48522491
4a8b5d0c
95859bb8
53ae46f6
8e42599a
da041207
56d5e109
69b7c2b7
d9b4c566
652f7981
c7106531
63f70cc2
c5f117b6
04941c74
f30a16a9
813a88f6
234e8fe1
0969d578
644a3c95
04c4527c
dfffda68
a7a3bf4e
0f14a848
3068850c
e1f00e04
15f122fa
4860ac58
19f14bc1
6aeeef82
e1434529
69b04017
11c8688a
1f531718
e6bcde61
1cb9607b
8e743aee
1f3ce77f
6d415956
34c39c65
a3824282
07e02c9f
97d5d899
5e5d19a8
779167b4
10d630b1
3f243aa7
5744312a
7bafc097
aac460f5
74093828
0596a429
b3aba739
08212a9d
1935c2cb
c5c07495
400e1e43
259b0ba4
eade526b
45cc0fa1
db500683
669840a9
88a4bd17
e908caed
cef05fe3
f1f4b7e5
e07702ca
28ec30af
d4a3980d
581f24e6
7eac9020
ef676406
e3b75797
5064032e
ae5747d2
d43c21d5
8060bcaf
126d3a58
b8163a3b
d3b60059
702df585
bdf006c3
b5812747
587cf2eb
3ee8e935
86747a48
de1cf53e
5ae95c4c
f621b40e
f6d3547f
a28d3df5
07d187f3
fc65e2b3
7c374f80
db711385
be978538
7d9d1fcb
f0b42ea7
f720c598
c3e69d76
73b358ea
18d26a4d
8b1c69a5
8e69594e
0002aaaf
b55d3438
c3f1bb6a
d6cd6a89
5823867f
b7d1ae3b
a83d1205
fdf27eec
b76961b7
61f25380
f65a7952
9bf10d92
e563fe43
89594da0
e2b9e409
bc8f04eb
8cf3e2e0
1abaec54
a580d0cb
12991fe8
4759dbf2
1f5a7dc2
5f259cf6
64459850
4b81d8aa
6807d4a3
1c9c47f6
d2219020
7028524e
92c6463d
b58bac95
44e34fe5
3ddaf241
a7c88c89
bf4e3867
aa4fd303
8853bb2e
1fcb4391
3a0aa675
ef76fdab
e5fdc968
2b818eb5
f22eaa7b
41ff0f44
158b4760
166e0f27
72169fee
55b2df36
28d8bd6a
ac882ddf
4c684af3
80b6ba34
becdc102
9af0dae9
600be558
eba2d3be
f96e3ce4
0eac34ef
29d4acf1
4ab2aefb
f4e61509
ab013877
f005e8bd
e4cc9c40
78ec721d
1edcaf1d
24e89069
bedc29e4
4892509b
c673730d
e7f939c3
42d45010
a4f2c047
13dac51c
46086b3e
476132bd
72a37fcb
df4588c9
9826b011
c37188a0
e2323c92
b7bbbedb
b82dc27a
a70bbc9a
ed83f4de
dd27860c
ac66188d
448748f0
465d7187
932758a2
0d87c7e4
22b82469
7b25eb5f
f2b864be
39bc9d9f
5d1cd198
f208ce4c
94c71dbf
f1e4085f
7aea7f29
db8a5700
0bf8b7b9
c8686745
a5217205
cd908b7b
afbb372b
f630d9b9
0870e06f
970f1587
717a60bc
8b032668
9e9c6609
1e3932b0
b4643b4f
53f860af
05c0153b
141b5236
b645c26d
f148d9fa
e4624b6c
ef19a567
3576e5d2
ecd8b3f8
0dae3ed9
43bb687e
47b88ea5
9c22784d
a1619cb9
1b87eec6
26e1a4d7
b7f36847
8991d521
062c52b4
dde6c3e8
e82fd672
5e3ec833
886bfa8c
df92c89f
6a9908a0
283f9d23
a4b4f90d
5f0e26bd
3033e43f
3bf0bce4
b52b5839
ad6935bc
3d8a3ccb
97f99630
dc0dde97
bef5baf2
86538571
0dd7729f
eb1e5187
bccb195f
62380750
92eb00e4
6d133aca
ba82bc10
96f56baa
97beaa83
50421930
bbf0cd02
aee4e114
0c842cf6
91d62c65
824741c8
f621bb26
6cf6e8a3
9b726a78
cf92240b
c0e6cd2f
c4de0380
9f159a99
a52e4c47
66cedd3d
2c04cc62
99215ed4
e2f009a0
38635ece
262c40d8
2d5fe4ed
35dcf7b0
a680cf49
c727ed6d
5c99d465
025a4701
36060696
1fc2e351
0118b588
c6417d64
beb7b2b1
ae7b4a41
5c617e3b
5322b846
310f52fe
edea5e3b
747c735b
da2e8b17
9796473a
1d82ca53
fcc79ce8
beadaf45
5db775b9
1b8a2002
2d92551b
84b93949
516bdd09
217c8438
07ae9c54
b010f3f6
fc31749c
b8eaa296
adf56aa8
361a0a64
e60e68f0
5646cec5
ae1a7bdb
a2c63cc7
15974a44
2ea7c001
5e9751f2
e84d8a74
cb6b5c45
7aed6a7f
f3c5baa7
674bc2b6
5f40345b
dd28467f
2121cb5a
dbfc01ef
7d49015b
58821dda
42f8f01e
2f41c7e0
68ca47c8
12a1e99e
dc5b9389
377b47a4
a6068d14
9f43305d
97c977d5
75f90705
b2d92f9c
3fbca484
634d3c0f
bda1a14c
a77f3b00
9bd1fe89
2e099299
4a124e39
993a7e48
89e0ecd2
502d9e2b
12a3e259
75b54c9f
40250649
2a8c5c14
d7b28f27
58541b12
e267c17e
53ad0e23
fc133cbf
c0c4606f
ff3fe41d
a0371c46
3bf4b577
814c7144
a99fc4cb
1e5ab9bd
ccf937e9
83c444c6
c3ce6975
244f605e
35bc2ea1
e6699dad
7e2b6b31
332e3ba0
802a2df1
d9cd40f0
5535a210
9dc3b227
49728978
6e448a4b
6d5c6c13
f48968af
20f4ca82
05bef8ea
1f86e828
8a311714
ba31080a
f0d4ec89
677053e4
b8f8231a
b47b5452
08cb3a17
428c3b3f
e1fc637d
4da005e0
e74a3208
1157a544
c403848b
75a95acd
0ba30645
6997bcab
ddc47957
70089ea9
6557cf66
7712355b
7591bd08
98a035e3
f4a2e714
e930f3f2
4b71c769
2286b6f3
c664875a
30339d1d
b8a3c6a5
020c051b
acbe685c
8ce5a8c8
f369ae12
9146c365
75b54395
5500b612
997c80cc
f4e6a893
0e30dad4
a08b984a
7e477611
280775ed
d9e37cdf
7357f99e
ac6c4efc
f77628bd
1dcd43b5
21503553
29a16d7b
c962f597
17f8884a
8746a962
c1354803
c4acf0ee
c4227020
74f3c336
e9043e59
56b87399
6fd7137b
a40d7abb
5bac0dd9
4811af7a
757dd688
a11f37fe
2a8d0c82
73ea649f
801d811a
9122c21b
8e17dbea
273522c7
a66bff6e
f39c3bb3
794b1d64
e36d2d6b
df8c2ebe
ccc3574e
acba8fd5
9bbf26f6
9d0606b4
7255c316
40177799
891bbb4d
e2b45e15
c6250d7e
e5e48082
6235b877
4c89a2ad
c6ede93a
004827b2
701d79ee
b0d6d9f0
f2bb6495
a31a6468
321bf964
616cfd0e
6b312c8f
49bba784
67d34b51
486b1888
f02384f5
90f961db
a48c44ac
60279666
58669a7d
d33e89ee
7fd5103e
9f80a058
c549472a
49dc3d54
c4311e97
8cd137e4
1d2fa692
f39689a0
30bcec6b
da6051f5
5d57bba9
ca2575d5
05aecd83
39e11f18
29333010
d45446a5
5f7dab45
8e00670e
7c4b41c3
435786e7
8e993401
3fd498c5
be28f210
854c7b0e
f0c0c647
48ab53c4
8632afd2
1d647f24
af4d88af
45347ab1
becdfcb4
daa6538a
e8f4eb62
11ed5525
59bd4583
c04ef930
24ce439c
fec6941d
de591056
648773f6
4f7eb67c
5a3b431a
99b69676
aaebb2a5
5b9ca659
af780f06
e2183a05
d6d96a76
262ec841
eccb1d6b
bca0eaa6
17f1b730
291dc035
b77850aa
8c3b2b7d
e4252d70
48695ad8
7bcaad5a
767e30af
ccf244b5
75a5f47f
6e1b92d9
d8b73d79
6cccb15a
ed23adc2
65c2308f
e3c457f8
b420f07c
ca8ec686
9632023c
d1953ff0
d8f119e6
40890265
1426f639
0f016f72
6e1da1e1
af0027d0
fd042a74
98f83257
93b8de8b
ffd5010f
4406b7c8
ca933a26
637dc66b
cba6e459
9d24ebb6
2543cb77
9d1467f1
7d9d971f
ece13efd
b19e02d1
03eb2b78
3f4dc398
927ad0ac
0ecf9e7e
27fc58d0
ed1cfe96
753cd567
c741bc81
8e95e81e
9311ad50
77b9b105
06fec88d
b02810ea
c4f05dcc
9c3790c7
10715b1d
9723e2c6
39de1f1e
6368d470
c424eeea
897d241d
f78638a7
468afead
02fa6403
e88f9014
979785a1
6ba28f97
d63695db
d77b779a
d1dbf191
ead0bd19
b6eb3143
fa268d14
fc5bc53c
9b76e27f
d2e013b9
b9c6e91c
1131c49e
a3f2656b
35f8d2d7
0047b018
4828650a
4da2fc65
cac63336
c83f1cb0
c0b039e0
6636cf25
2b4a0a9e
b34622ef
f2c50ebc
b680ac85
c3aaba97
2b6d2f18
12c73c4f
e6f300d8
e4774a3c
3dd5b194
0b818445
e66f27f3
41974fc3
1c3de00a
5a1380c0
28eb510d
9cead552
5f210490
8973b16f
cef52e07
38472ebd
98d41fbb
c6625641
87d4d7f0
32fe47b5
225c4943
6faea8ee
02e6e10f
fe64a2ab
e2638087
c0bfc6f3
48301141
2db6ba17
7c6623dd
78f1249f
5f779aec
a41927c7
9b645e3a
3c200fea
974354ae
677b4d5f
f327ab4e
a58bc549
1d9ff654
7b717db2
1be886b5
0c6f6bcd
f2aa372a
27078e4a
699a7da5
78e309f1
1c4ce7e7
7cc8f046
faff1a64
21994e32
dd40654d
e58eb197
14d7f1f9
e520faba
8ae4b4d6
7b2eb3f3
26e1b5f2
045254ca
0f59c14f
8b90f854
74aed158
6100f574
49d08df2
f392e948
c5629717
8d52cf73
b85c1a21
03409e6e
21f75986
d6bbc3d9
3f793557
29110ea5
05af84d9
557c3608
47bbb5d9
8537f8b6
aa88cf4d
0328ffbd
e48ebb73
69e3bcd7
2b8c8007
353843be
98090ede
49adf93a
69c53657
76683048
0956fc26
940e012d
4f89683f
78db07ba
1388a406
92a60b18
f4d478f6
350feeb9
1904fca4
f716c72b
8564c08c
f6a7c6d9
cb4108a1
2e8a3fdf
2de4bf3f
62bdf74d
118c8982
4d81d8bc
6c0627a0
6d7cf5ac
fa0ac40f
d8d9fdeb
6cbe21bb
8485b85d
d751cded
b9e30cc4
056d59ce
a9fe5ebc
0c03e439
a87be78f
85d1a09c
3fc55ac8
d526c946
b3bf14e3
37a0e3c3
7859d273
f74a458b
400e3ce3
f0e26109
e2519495
ff075938
5fdfa213
a99194da
fd86e5b6
1c4d5dfd
ba7de701
11aadccf
be47341e
25564d37
902dfc6f
d690f608
535c8e42
75005e47
fce1bc58
9d6e1012
0f6ff2a4
9ea40d57
745cc612
89803e31
7110918b
794f2fd6
ad36442d
9665193c
510de30b
9b854150
3ccdb7ed
f6000691
c4565601
6f6e6d31
22483d5c
80ad7527
880db45a
1aefd3f4
5ecdbbd0
5dc7221c
9169e050
478710a0
01c42cb8
69288db8
3078083f
fc761efd
be611210
756d94e3
a9bc86f5
3fce3ea1
ce0c9c0c
dd9771a7
e4bd742a
8d8cf09f
b0e79271
2256f41f
de479b9d
36f9d4c4
98f14f75
4ccc6f8b
6439ffa2
a9c31135
66a14db3
234a8602
d493dedb
0b7e6f65
4ab363c5
965755b2
3908598f
db74ee95
ed3a087b
b4ee5699
2de4b89a
98ada623
ce6a1e18
0ce4ca26
84707d52
fc222b67
5b7f4137
2fcd6372
c2e2dd06
b4fcd153
571ef5f6
36e8de65
15aa96d2
b97432e3
ab785077
3a8d7f79
59518a93
a616f094
90b4cc05
aa460d18
9ac5f8e5
afc22bc7
ac8eaddd
f0780003
796d0721
960833ad
3462fff0
4963b28e
b8c5dce7
d12dfc22
f6b13f8b
c6badad1
6ed949d2
b8bedcd7
6cc21019
af57f5e9
cd29c642
e887cd32
606b7c46
3c9d0dd2
cbffc127
35649e70
cb9de7ae
76a2e0f7
e9375171
668a6630
504c26f5
510ddbc9
8279bd04
10c3e166
01e25600
906cdc90
391312ed
e4d2b06e
77544f1f
462b180f
0307a980
f8865cb1
035f1905
9bf0ddaa
5ba36b68
1ceb3bba
9af15d20
77424f7c
b302250d
8c85fe97
89d65cb5
bcd44168
5b71b19c
87c518b0
89ca6fb5
6276af41
d55f048b
2d274ecf
fe51a7ac
5624f6bb
d9ac0920
24f6f965
b3314f37
f8eab25f
ff5cf9af
95f96f70
788b8b35
e5dc4118
a1ba4e23
9fdcb4d7
7a984ffc
50fda7c8
c842cced
bd1f8218
4a154600
2960ac0d
579073e0
6abab323
574f30dc
4e1cc4b8
8383789c
55fcbcd6
e4e06fe6
6760a0b7
bc5424b0
02e87b10
3f9a1584
7c5b42b9
c30a6b24
5c712fd0
4cad5f2a
138d0fad
e453dae0
d6c975af
ab2e9fcc
e4334f9b
b9767b79
391bb666
8479b0f2
4d49a944
5d49ed76
cc20021c
952b0c01
3005ebfe
f4300f71
0d4a8792
8a3e5f2a
22589311
7c023204
b1409989
39a05ed5
dc31693a
d4e5c51a
5414a67c
c3f7ab24
12f7b288
aaec059c
7f9c19b4
75cc9e43
41c176f8
55c45eef
05949ce8
c5d5e3d8
d76dd348
75115b68
219e8dd2
5e8651e8
f56c4cc2
e8e1f223
b865f772
15ba3ef2
eeeacb96
8f1657b5
496a0c06
f4b1c41a
dfce3e40
ac283fe5
41ac7dec
eaeb3fbf
773b6ad1
051621cd
f4000ea8
18d85d42
0591934d
32119af9
bedb3479
533e0bb6
fd025fee
53512294
a327f0d1
5e0ab72b
4f76bc3a
6aad6978
8a08206e
f26167c3
92167404
421ba67d
6a35e507
dbc53d28
a871a5b1
a71f923d
9e2fef15
c4fb0fe5
3b0c98c6
4d2242c3
a95e9cd5
fde54409
3f8a260e
64c95d9c
4ef5610a
4aba3a90
88fd7277
db0621fe
146165e9
b333a8ad
60956e4c
82da05b0
e2a3bf10
a39af2c9
fd16de5e
a2d1dcd1
c8d26a63
9b19e6e9
03dc9fee
cfb1c2ff
be41fde4
de34b50b
c5f749c2
ddf2f1c3
de1f1bd7
59a6407c
bbe9c954
7eb0c9ef
b9ce083c
fae5d703
49ecb001
8d1019fb
836f0b65
ade1ff52
54b3a024
6303671c
e59adc23
5c440a42
4c70bcce
5a426e9c
e20fcdfa
04d27f94
13618450
0bd46e98
6b9adfd1
ac4fa27c
fe6ce9a1
6f8f91f1
82a982c2
c6aa8dca
eebd30b6
f9680569
e3abf97e
9886b396
ef0e9c27
5c561ee5
dd676551
e326c190
eb74e2be
bde8404a
09a8c3ff
fb83d891
0b9d5fd1
b8d083d0
ef424fc8
0cddb64f
1e7b1c38
52592fe6
19f0073d
92fe3d96
ff8f0ff0
39bb842b
dbcfa197
b7059180
72f17a98
eba9f4c7
e12398d0
f6d0b2ca
24957ff6
a57d1462
2f71cccd
7aa3a7c1
c4156c60
28db5aa1
fca75743
4f0ef804
2565b5b5
838d1a33
208bf0bc
50ba0b8a
14fca34c
051b8e12
dccddec0
181ed704
9518c969
9b545ef9
00fd0b28
7d7547b5
65a7a72e
1104aeef
2b2df32e
63b036d4
18169b55
fd2fc461
5932b3ec
e187591b
36a490ef
15189b43
2f2a5191
57457f23
06503389
22abc7d2
0be9a42a
22c9eaec
6ebc60d7
1d09f1ab
52e4a64a
5489decf
bd0b770b
c388523d
fef55827
6c900138
b136ae86
6f1279da
fa7a0e2c
765425f3
c84ff135
0d3c85c2
c2039a80
a5ad350e
2e8ece3c
89ccb200
e113768f
0cd66228
d5d71915
680c526a
e8f0b45b
ed1293ba
1375503a
04d9e4c4
6ecb1876
331103f6
55750fa1
1f5a0469
9a58c17f
b4a8de6d
fd34febc
a0315dee
7e7d539f
4614f4f6
90968b16
c5964554
3dc3b840
d57cc1bd
0f083897
03994c4d
f23582b2
f42e1561
2e6d6993
8e4d9079
eea024f8
bdc60b98
f8283ba0
dffbd563
bebc263b
32ddb85d
b786b44f
203130ac
5feb3604
dce69de5
cbfe5996
45ee371b
ae5bbb81
8afd4859
3915d6a4
72304460
b825def2
f2d4ed10
4c56094a
373eb2c7
3daf7559
9d72a9e7
e5d4239c
1cc12655
6c71f827
393496fd
d366cb31
d6340b5d
2d1ef6e8
208feee8
99bd6a91
b8cc6044
e54a232e
a0ddf097
30b1253f
4ea942cf
1592c1bc
bba724b1
29127ca4
08ced025
3cd9891c
fd9cf1b1
96dee617
29026116
f27c9e8a
0657d3a9
06463571
8285f484
a8d103a8
9fd4c235
31a4c0cf
9441ef56
9e4a273f
a2941677
0d278e86
80f58e06
273e5255
75e79c2f
da1ad63b
61197c3b
e50ad8cf
c4f6f425
58dcd2c1
99959fbc
30a5c060
c04f4e23
1fc348d9
cf3fe4be
ad930456
1da4237f
50e990df
7fbd6055
ea314e9e
fd41ce9c
28f4b76d
74e99db3
baab50f8
6eec02fd
27c99c21
73854970
0a4ff7c1
cdc0b5fc
5b43c92c
4497c2c2
e903d330
ef8c9732
471b2b73
f6c6eb6c
aa8b5ddd
1bfa9f51
8986ff3f
3ede152d
38b51dd6
c25bcc61
5a9f995a
683caeb4
85d1252f
1de7afcc
46936ead
55f2d41a
910c47a3
df3a4afb
de8942ae
95f9ac43
bb34b9d7
3c4cb25f
610d3368
7e7ad26f
8f2a31c8
101e84d3
503d8e64
fdda3235
e2b10be6
989a9d07
b8c60308
ab45bccb
b3217e6a
bc11c29c
1aecc4c3
b7d397ce
1542d7f1
77145fc4
30f9f31d
a5f5c81d
305efe4a
37df18a0
262ea4e9
b49f849a
d4896c51
ab0a60b2
0dfb884b
59b21053
64a1302b
5a3686bb
f4d25afb
f8bd5d6e
ae503a36
ecf084c2
b3bd1e9b
3b39ea10
9436e6b9
cd9b3d04
b250f186
6f148400
af100abd
3933d729
ce5b413f
d69a6f16
033311e8
d6862047
f414ace2
13645dc3
76c92f08
18740e45
3abfd832
68b9d7c1
0edbf126
8c650c20
5a85ef13
84c1acff
27e574c2
25877103
fb84774c
7c3145c2
91059a7c
81509961
5d0cc43b
5726df22
80c8eee7
cc382a2d
296e7815
5d72ec72
26c2fd4b
be81795b
ef2c5ec8
2e1b974a
3ae6b1ed
c343a70e
85c00e60
acd0d88f
05454530
01ce9fd5
7b01009f
9b2756dd
71c497ac
24094d39
046fbb93
8ffb8200
cf6432f3
b2f1c248
1e831bbf
dcf1ee42
84d835a1
3a04feac
f20d3ed3
46c541a7
bc8bad18
bed1fea2
606a9a4f
5cd98051
9c4e70f2
d04f780b
807865a3
56f751e9
05a7b752
47a49067
3f9c97db
6bff592e
932c7158
a7c6f13c
3225e92e
5b225099
f8642859
60b53530
8b9c8fcf
06451b90
5a484322
62d3119d
c5a5badd
3be1d1a2
81ea0833
3e7878d2
3a060b7a
16322dd8
b52bb3c4
7206c22e
6b5c2e03
499f7c77
c04b296e
6a8845e4
245453a3
a0c6c48a
35e41688
d749e2dc
dd5a7d91
4f4d8a3b
8299d840
ac60fbe0
1fa9a5b2
5bb2d340
55697a4c
45c0c673
890c41f6
46f241a4
1cb6294d
15eddd2a
b09c49de
a24ef3b2
65c2fb5a
733c2963
d8d27b00
6dd4c3a5
2ad7d42c
b1582e05
c6e18a6e
cad14875
2a4e102f
9a61efd6
7b7870b4
f8d4f696
dc742321
6e2ee659
aa612efa
7dc2d99b
8fb99e20
f11dda11
a0538d46
3b326246
29300111
7084420d
c646f177
0049fa3a
4b8c94d2
ed51e190
af9861a8
38b0dd5d
321279c5
529cf5a5
d3232348
6c965f71
52c36ad7
643ea934
4c16f1bf
6d56a231
243bf8aa
8be86c43
e22b82d7
69555f54
fab9040c
463d3823
bf1118da
9fcda695
d3e1d4cc
86d8270b
6334d839
0bc262d9
5ab91bec
3d19bb18
3ff7ba94
626681e1
404dd510
d9e2c7ad
99961f21
de7945de
c891f9a6
76b5760d
4db06a55
00f82644
e03a5ed8
67763583
98b84a39
cd0eb879
62365cc5
f9050f8c
114f9089
4079c78f
82e31152
8cb2e075
2846fcdc
63153186
9d5b3f98
673c6a18
bd5b219c
b2940417
d1d01029
d86bb814
915e16da
329102da
49878d87
2d656e60
d01e25e6
e6d1745e
5267caa5
1f544fe1
421079ae
5afd9ffa
0c7f45a7
9381d5dd
cf6e52a5
77fbd5eb
0c29f3f7
e3eb1967
25479cea
c0967e58
d84e80ec
f516e023
f16b71da
f0377db5
b4b9d73b
54fa5f08
749507a1
5d0a192f
a6100652
a1f279ea
cd5d0c60
46b8520e
8ad896f9
e1ff6dc4
ae4b38f6
19348d8f
cb866ed3
7b9d8744
abab2bbf
ec4545e2
723e009a
43ca60b9
184cd60f
bca0a413
9ea6e597
e6db1d1b
2336b8bb
1e90be7c
d70f1952
11a5cbd5
aa1eaee2
bdad0131
79e955e9
ea7ae4a0
6caa0835
32f5ad00
0bd1abab
cf16f936
94faadd5
5dc9c9fa
d4860830
da2a576a
f8f25dbb
83a1ba9e
dd3ebb21
b040b0e3
8a1ae0f4
0f17c38b
4f6d070e
ee02828f
0c798660
3cd34cf6
3e163da6
95de6dc3
c6df480f
432f416f
acafdfea
e2e51668
22e4e784
76055943
8ec0c4e1
e8a1675d
3da0d5fa
a787e553
80dd0fe1
b393e524
1fe46f9c
98b95e47
87046ba4
3c4e216a
a7e0b97f
f62e88ad
b70684b6
a9653010
ce079aef
4e1dd01e
b0e24720
bdd4a233
7a604954
a6ca3dbc
7370fde1
0b84ee56
bcd33448
20bcda9a
379e6646
865308d0
178f4e78
f6c01102
eded38ee
b09461e6
ca5ff4a4
9d76cc0a
4f4180d0
80b5feb8
66ff7d0d
cc5fd94f
1c78e3a6
ad98f499
fe98a591
00ef9180
2d9a8916
7daddd9f
cee599dc
2a70455a
48b0ed6c
ecbbe7b2
8a6210b3
5e975a40
7945b69b
8350f957
85e4aae5
32dc3a4b
0d9e5717
7142b545
447ab0a3
9768b88c
51ae0aff
6f5882b4
46aeb28d
b5829bf2
35cce2b9
4f427d8f
7ffb043f
d24323a2
fb760014
1225e294
3759087b
a36888b9
a9e33d86
bb5adc21
7b764ea5
90ae4b9d
f21767be
671e2431
0fc2e292
6f4673e4
e6b4b85f
5664d0de
4e19a334
02283fa7
24bc1970
46def35d
fb403761
3ac8d4b8
660ff865
751895f2
a4751f69
00da7494
6b0c657c
b85c8da5
e9f3c80f
860b8690
bafced89
0d5d9c2c
ed58c375
be0ee058
ba22390f
aafbab42
de72efef
ae7a533c
546112ba
e49bc1f0
69bc1cab
a9e1076c
fcbeeac0
3bb67518
7158c802
8bd0869c
b87454aa
099d4e13
0a14e734
eb4afcc6
b2604f89
75584e00
596f8900
2b7a9154
1389becc
dedb1598
5bffe8ac
357f7912
029a3db1
0eb87b41
e253935a
6691ea46
9f3a33f8
b03bab57
a5f5f8fa
fc640ac7
8846f982
bb615650
c065a50f
f9025a6f
e0ab990e
af5a91c5
c5d13e85
5b8f5ff3
1308a2af
aa3344ee
a1c170dc
90308f9c
6ef99330
9ec08e75
c8aeddfd
e0b62009
9960baae
0a025582
b2d3bbbf
d2740ad5
7901163b
bc67bca5
115eed36
3a2b9570
4226f285
01a76726
5660da9c
f3d50695
d2e832f6
98c4eff5
9e19353f
4ab2bc19
6c230955
b4e29296
eb6073cf
4e7ea9df
c73f1349
14952256
e6e4ca45
d0c6cdf5
e2c00ead
3f9ccc64
74f0d6b8
4b27be64
45b10971
2838ea02
2713e2f8
a58a6e83
ed3b5ef5
6e2004e8
74edf5fd
8243a65d
adde7e3c
dc963942
8ff7fc77
cd1ec966
417e861d
9834792b
d0acc97c
51d413a1
f4f85e85
c48ccb73
219d65f5
0747764b
c6eb03e1
a823f430
8eb3c863
f0b643ce
dd0ee2c4
baa59d6d
88be5735
4e363f2a
5071ab8a
35015225
4e24a164
c431a22e
809a2211
e8a1b96e
d4178838
ae650533
d4b2b4b1
c2b3aeb2
2eeed6b9
f53bde65
30bd8368
3cfd797f
f3f3ba85
542cb12e
38bcc588
a6324118
b9e5a156
7c47df06
912a98ff
6e569b8b
0c2b7dd1
f87e7873
46f5574e
b23a0cb2
6ae3d753
151c2cdf
e9e8a2b6
5ec81ee8
3c490d62
c773a9c8
e6e5bba4
b607b88c
f6bbbcd7
e42ee529
2375675e
1d0ae6f0
dad982b0
7a85aec3
52657c69
637bd296
494512c2
0f85a9c1
a7aa3c02
62a12799
c6ca0362
9d3dd09c
71259369
b219208d
54f3587e
cb41a361
581dc650
2445843c
4d6c2b8f
30de21cf
b9038375
86dfe596
0692891a
208febb4
d8f516f1
66a88b08
ebbee96f
f13e6761
8a794818
2d442bc2
8608767d
71b4fc72
2a70e929
99519220
08e31cf9
3349e503
6f497a6b
8f53832a
e4339471
00285b98
4bc2ac89
6ab4525c
b3617e67
52ce14e7
114c30ff
39014dba
23b309ae
cf252e12
9536e4e0
6e56ba46
8893d759
d8e1768a
c471801d
f0113c14
5a5f2de3
35c3b396
ad5b4eae
b37e6f71
bba8f461
1e315148
884cc81c
2b364441
7fd3f12e
145f33d1
40a54034
9239c667
539a866c
7881038b
18401a3e
d051b0e8
b1cbbe0c
b2f78a7c
48f0cb73
4e5f00b7
2b0c5a2b
bb0df7ae
b159f1a5
046d609b
fde28e0a
a92c5e97
1ec9b998
02ba8595
71fb6454
40a6c3dc
4c61e656
7462b51c
b949deb4
9c1b361f
5a58639c
1cfe795d
1c237a07
a8ecb780
a179a21f
5b465125
67f05ffc
3a261ac0
b1d77138
10fda05f
a264830d
078d6dcc
95b47499
91abd562
b3f8fb9e
ccd000c7
3f59588c
ffb26fa0
ae966c23
ecc8d73f
c9a24c64
8fdd1013
adbc6d32
43e8cdec
3571e5ce
ec9786ae
06b985ff
8f23e4d7
993438f4
6fbfe0c2
7de1b194
257c5604
90285def
b8448480
f49b8ea8
d93253eb
fd8d6834
d0e5f3c4
6e3cb588
9580609a
d55051e1
7a1c9757
c8c56843
30e9b045
7174add5
36f6f01f
8da31914
eae082f0
463743b9
b3715f6c
924e4ac3
764a12c5
f9e8bdf0
5e5ecd74
510320eb
26f27f42
a2a2b162
e09bbb5d
acd25bb3
4c39f2ee
cfa7960c
c8b86a26
16ae96f4
0cc44772
001d5e5d
2f2532da
32797ca8
c05136bd
9bef78cb
d1148dae
d0ac0669
b66ac45e
80e9c705
ae6f5d94
322e8dce
4aeb9dce
e5255b06
a2253ba5
a3ffa74d
88904e21
0f96c54a
4706917b
c800bf96
d43e6342
fad42598
5b364954
9b134372
2705725d
caa8f341
80fbee3c
70fea37d
a02b24f0
d3ba1928
f65d3317
3bfc73ef
1ee8ecde
36fa5f3b
6cea87d3
057a1ce3
66831d76
b2407222
6bebbcc5
4aeebc9c
31f6e16c
15b3180e
af86b0dc
6799accb
8c2e7302
7d0c9b2f
611ef041
eae37d72
2ce5e20d
382159c0
46444d23
384ca55a
b95e6917
857d1bfc
05a6a2aa
4e5a8b4b
8f78c1c6
9ddc770f
869ec38a
58e682e7
5be37d46
4a32a85e
853d12a4
6d880881
dfb72db8
eb989040
bbc66ef3
db6eab80
bb0d0192
a8083293
968acbeb
9a85f28d
9aa47ec8
32b6d5c2
8f3d4d71
72d199d9
cb81f30c
76481601
f2b4c17d
262e37dd
93bf0cea
2dabe37c
6332dcad
69bf9cc0
31db31a7
ca999694
2e70e767
0baa5ee0
1a53dda1
8a7ddd92
9c0d66ac
161815d9
dc93a263
473508b4
d46362a9
bb2e9d38
c5f26117
86c16b5a
e165cb61
62c733d6
c08e25cb
ca1ce445
d43870c9
81626c7b
e38c99da
92aadfc1
6ad574b6
eb8d8b62
7d16b319
89d7aca1
1d51a90a
bf32d165
c39bd775
07c135c8
d10a4757
c9d71f84
7224b5fc
1b11f583
713a2f11
b6f73413
58c084e4
a62a91e2
ca6e942d
00ff3e05
2dbf53e5
7ef3803e
6c717aa8
76930602
bf5ceeab
9e932104
3f95d950
b7cb8bde
413bc24a
807a5307
ed799b38
410ec8b6
d6c77422
c492e371
7dd55f96
94197d4c
fc8ca063
11c3c8b5
029f2a08
3247c476
1c60ba3e
c6fa974c
efeff09d
b129df61
243dc806
7d3ae9b4
ca4bb11e
212ade24
259ae02a
4dfeb042
2d1bf69c
a70d1ab0
5cac6306
656222de
b42f7834
01891d9b
6dae7b8e
d430aeee
9a80a27a
ca908216
da8929e0
ec78a62a
fb9792b1
78abb337
cfa22d56
be40f872
51a85e1f
6cbe894d
c828f74a
11b88adb
f8f2a7d9
8e817962
5d753baf
3880d512
35575709
defea475
c3c2e857
22eae69a
5f71287d
f833fff2
db529b0b
e0631f00
4603136f
4280b19b
30ee0f21
0d734998
c620b65d
9219b469
05eedbf3
f41c39fe
202d8c36
87931030
f27d69b2
e639bd9b
0c54ba3d
35f50e2a
eff743de
2fa57cd1
9ee2ebff
3797ffa6
eb3eb0b1
42b8b668
dc8cd688
adc0d128
59b10c2b
587adf59
0f28bd7a
c75f6108
b1bbcc14
9fd68f28
c1335b91
5d37324a
03782e57
c0b9fc33
46cbcb60
dc47b8b5
6620cdd4
69bf3c1a
d79e86b5
27552a53
1e5fa9a0
1687944d
572812f0
f0211771
fb6d6f23
bef67d57
23b53f65
7ebcc052
c271b008
1a510dd1
10b0cbac
4ca15270
4c87a335
cdb7bcb3
8a2afad4
d827c4ce
00714fc0
5894d03d
52cafd16
46189bc5
7ce74255
3abd637f
6e0d5d73
6cf2f263
f2a58f67
9df35a09
a0b7d88f
5d5fc426
3630e28a
cbe6a5dd
ceccf131
7a333143
3b93c35e
a7d3b7bd
6c73be0b
33aef973
1d987de3
f2c4df67
6a699a9b
e2602ea9
5930c5a9
b116444e
f67aa22c
bbe43d99
30a7927e
8bc4a7a5
9c39c084
7a642e2a
7170f8d9
74eb85df
196b3d4c
45c320c1
f836e411
6de01c55
2c3c58b9
b24ab3fb
3f1bb8aa
064bfd15
8ecc8c94
ec75f8da
5a7dd2cf
abdb84e2
19afa62b
ede5b7f0
09ce44f7
a1216296
53cc6ea0
80e69e52
eea20eea
5d296e9c
3dc9d1bf
18c632d1
52f6e3c5
2cd0129a
bf5262f8
e9a60c76
d3c80d8a
56ebdcc9
c402fa53
a23a5406
07e9c502
533a0cc1
32d7927d
17e2651b
03f18b73
c45bd322
7a3022a4
0caf1098
08a0b95c
8766bbb3
6a082653
7718c4ff
920a4a71
643967a9
3f4b9509
215dd572
fc699b25
69de43ba
35595f71
575af9cc
76270519
14060131
966bf7fe
e7651b44
dc3f191c
9cd1d379
7f054768
edcc002e
8c8bacc1
65342a21
d9f904bd
ad87360b
f90019ca
3a2047c8
a7e22909
100852c8
53360367
03975ec3
efe4d1f7
3515f5ad
dd63f28a
ce2885b0
d8a69a93
61ad79c3
62968788
b9023e16
57a8e0af
3ff2949b
f63e5039
db60c93a
b252cb7f
6de87dfe
3ca2bb06
dff75422
6d5543c2
5dac42f2
9d5cbc5c
63cee997
ac8eb5e6
9fa1cf1e
f7cf29b9
5417aad9
01bdcef4
4816676a
116ffbb4
aec91311
d315f0c5
4c04a934
ca701e9b
07172321
0fdab598
b2d682b7
9b82c376
49bb1d89
1c469cb3
df7de23c
406b6375
fd00718d
145c13bd
c6cf5e55
4678c0ad
efd173a9
d1004839
dcbc4599
31e0d75d
c5c82e50
1ed4aded
30f93851
46dfb94c
32204568
0ee5588b
b31c3f5a
98ddbf5f
3a3339e0
b7ea3231
cf38a7a4
3f3409e6
c1cf9dd5
00d00b6b
1df64cb2
e9e9e3d9
b2d5e2df
f4ffc387
65b27324
e70d838b
74e50769
27009ad8
6c605c60
0c22a990
e2670f65
eb2164e4
35cb3ece
d567c679
e369c3ac
076927ff
352965a2
490ee5f9
43626265
7440edcf
45ac72d1
a3b096a1
f866b076
e93e50d9
92280e54
af4aa947
ec7e5de7
dd674d4b
bdb82740
687e8e39
e89af410
68a46b9e
3a84bee0
1b5e59c5
00f7249e
2a1c5e76
8ead2514
175b22cd
523bd2e1
0e100185
e09990c1
d8d4cb91
32cc2723
34b3af03
06743915
e2b7f4fa
ea3bae66
287c09d2
150097da
65b2c1a1
544cf886
f802ff00
7381fa28
f255bb10
91af7ebd
572f7f93
f36fb445
0a70c769
0a595aae
1960a2d9
4fb6d679
a80d900f
9e573dd5
d3be5f38
4858f68b
e93f4aea
7a535325
a55237fd
666a0579
5b9dd701
b3ab2f7c
3670fb72
eee68ab5
78130561
c7c83f64
e542ccf7
9e87939a
65760657
8550df60
c00c974e
30d74aac
2ab31951
d2ffa9d3
aa155f44
8174926f
a5f577df
8105f07c
1cbb3bff
be6639f8
b1693ec8
2ff3da5e
e7fd5c2a
e55737f9
c5423948
54b19a41
ab9f03b4
893f1f2e
f19e022d
45c7ffc1
3378e1ae
d2b4ed59
f5877893
ec69edc3
25f7603f
3edd95cc
4411a808
98c1cf1e
280aa88b
c7db9558
dfa3b115
acd16d8f
4ad51596
b1849e25
bbf6db9e
781e3d0d
df9d1a42
1280fe81
c505eb7d
13fa406a
2eb3a4da
e6dd7175
aa78a6f1
fa720e34
8f932fbb
26b6d6e0
1395a92d
b8352221
dcbd07a7
50ad47f5
016d4960
565b82e3
f3c08fab
fe0676d2
5ddcf3a4
3c9ef380
69919279
b9d31cdb
fa116374
d25e2b2d
f72ca62e
8db8a172
d06d83fb
59a69381
b3e6949f
1a5a71fe
058e335d
faa16e91
49542bbe
61151420
f0fc819f
a007a413
a98f534a
9e41967c
0dbeb9b7
5cae8754
0aa85229
78cf7c82
f108bfa5
369d9405
6842cae9
f089d054
1e559723
bb80dc78
cd8d2956
a12c7776
46344100
c4d6ac79
8d890f20
3e0b9339
242b65ec
6471664e
35aa7658
b2001258
a37d8af5
4e0ca0ce
4ffb4b5b
590bb7b1
77564908
569dea70
3ad56d80
337d0a10
43e54f5f
d5e0a5f7
02002cc8
93ded39e
6d7f0a4a
369c8cb9
c64f03e3
277e3bb4
741ee683
00fa89c2
e6a8995b
b400963c
4501f160
806196d0
9fc9b42d
6a99e184
f17d5746
9253669c
14a23071
5e1f139a
b6b72491
5b8a9679
5d7738e0
d3b22766
dff0716a
13ef5036
f4681734
bad529fe
d43900d0
f56061d9
3bb9e7d0
3898fd73
10a33852
d777a9f6
18cc3669
cfddef5b
14096904
f8b55c09
e1357745
36becf3d
7fd8f306
ffdd09af
6c216c3c
e190b6c9
47df52e1
3cf53574
f96005b6
5452303d
905dc70c
9e0f1f7b
1ae01bfb
dd4b56f1
fef0f4d0
9604c14a
a5d6a59a
fba4c1e0
844b8fa3
aa3ccff4
94975fb5
e08f899e
dbf2bb8d
c4217511
f4e3a633
e86c39a2
1c332d45
10350c28
be5f85a7
845bd12e
55201cfb
76633fbf
ae50cbc6
ec5d9eac
fb745127
06ae36dd
5c5c3f39
aeb0e04b
3f2b1bfe
7d8824c3
e0abc540
ff0d2630
e0590b40
965e9d31
985056f1
75d0cf99
ec508fbc
c02a9b95
45f2a7fe
4b624335
078361cc
1f72ecd1
cd906760
61f370f4
43059114
a279eace
e2dc187d
1d9903f8
52cbd1a6
7cec84ae
86d610ef
316cd3e4
c5a571b9
d7fa89ed
4f024be9
5ca5d87c
222bf927
50d8bcbd
0d08b46a
a31cffd6
0c2d1e44
26b5da14
502fb957
6b25d631
6122b132
93a82180
a1eea9d8
b081d808
237cdb07
b19b0043
d3a3b504
cd06ee1a
88c15a98
2e02f627
e2e31c56
466743d8
09ac9465
972e0871
3b70bcf6
5b7df974
f991c6d8
aaa4d6c8
59bd550d
c8f82631
3c8dcb6a
e7ba8d51
1cdcb049
69514cc7
17837aee
032f63e8
75f1173f
f877bd89
0aec1f9e
949c7d41
2098efd1
616d759f
f4d5e0c7
9063ed95
3821c314
9aef11ee
50ed290b
ad962889
a5f5e6d9
f6b3d688
041d9236
7276051c
48a3c5f2
7d12c152
0e139913
e1c1e574
e48349d6
6e9198aa
d36964de
9d539e1d
10f9bb43
b2ac06c8
f717a20d
3069a7e6
3c2e24f8
12b8e183
fdf11abb
a20e8ade
73bbfb6b
933d6ac8
f435dd4e
22353629
74f89608
f7776f5c
673833f0
f192373e
e0183f7a
14955448
e26d928b
1cbb488e
29ae0400
8600682d
2450e98e
49a0d99c
078d78f0
b88589fa
8cd0f7c5
b1a63577
8273b81b
fd0edb84
62728fc9
02e3c1ce
aec221a6
e3109f32
f997c865
cb11e9a9
0f04dce4
a919b437
6757babc
472d3d80
252a62a6
77dae0e6
1889165f
2cab0f77
6a5b6f84
00de1215
1136ada6
31862ee2
e556375d
9ff9d4e4
8a4d8ae7
8df44650
4d83a9b8
aff2d186
6fb9f5dd
31ff32e8
61f5f771
0256bae9
ed7e55b0
5c2f2ddb
5700d96b
09c38c0e
ed226368
ff4a6fa2
84c5a2e1
ace51d5f
24584c8f
9349d53d
23858a5e
ba4973e9
d32de7e1
e296761b
8995f1a4
a4ab0058
2758a0f0
496f66f5
78253217
99fae519
f0d375a3
cdfb7874
e3691667
ce6fc811
881941eb
56d8a58c
e9f0c141
69c7dfc8
0db1feec
bcb35cba
e8cf588b
fc43ff9a
87091b88
5ff0eac6
7c341094
3168dc89
8fad3298
5d54eff3
d42764f8
66bcb56e
6b489e0d
13493cb6
d6c182dc
cdedfefe
93122418
04429afc
1ce49015
9ff71839
9d89e7ff
a55eac59
c03f160f
43de628a
5a0b6103
d47a698e
79987a94
01e97ede
2db5776e
9c1a6927
999151eb
41c0103f
ad067d5e
074e0e9b
4e29c2dd
792e9720
31461f18
4a4df6e0
703aab1f
22f97bc6
5f685ee9
827d1d9b
2d821fe1
4efc0ba4
8cdb0217
bbb830dc
d8dbb30d
3ecf7d03
3208e5f5
43562540
a51c93cd
91021864
93ef760e
cca13b29
86515cdd
f1091d7a
eb492cd2
e5c1cfca
9a22e669
c9ce4c07
07953762
7d8d1187
04aba630
696fae62
67606d9a
6dfe6010
15345e54
1df52d27
bd1dca42
5fefe690
626386db
18979666
1cd49cc3
9e19186f
042d9f89
0300ec45
8c863e03
8ac43475
d85b7f78
ea4d23c0
321ce643
1305d970
48242c7a
ce109cdd
1c4d6e86
861992da
255b6045
df378f14
eaba9776
8f317628
a467a9da
a700eac3
69516399
6e3ff6d7
6b2ec7d2
c45389b1
e60fd9c4
86d1424e
b07b6a62
cf1ac2b0
805b6da9
38d98a3b
459caf5c
ff666836
ad4c7291
d7db7e20
f8827987
66b767d0
b214231a
e308e8da
b94ceded
76022872
5c2eef55
ed052843
e8d7fc6c
8cc21c13
b5f18506
b24c8de1
aeb7a3b5
a47aa4c4
4e8e425e
ce61dc87
f0633957
d57c90bf
d7baca07
05fcc858
636de70f
184b5572
7ade3ad0
8df494ae
bd603c4a
6ce534d7
f5938163
f8a5891b
9f09f185
dd39e8f5
c5b322ff
61107137
2777970e
16558bef
cb21d990
d3ee1874
14dc4d71
3772f548
751b3069
af7ad75c
7a7e1979
17f85af4
be6668ce
59f7665e
c13d66c9
a295e640
c6503671
ddd80ab0
00800aa2
c77a4c51
2c1a1db1
e29384b1
3c9348f1
4c8ffc78
291c46f8
25ceb80f
de9c5608
fc99a846
262cb810
e54dd969
e4630f95
0859eedd
3960b274
a8e71f0c
35bbb3e4
46bd42d4
3dbc77a7
f792e8b9
67f25f53
42bccd21
8f9b25f6
899a4ed6
bbc32a94
81b38112
054218b0
407fa2b6
70f0ae3b
bcf18697
33e5cb72
9517997a
cdc0a2b5
818df0a6
fbee2b8b
ed52c832
05700ab7
3256b111
27971ec5
269dcd72
3236f240
6732e570
ed676980
6d52a472
0c370733
3718c42b
02ef9cd2
0ffd0541
2df5f6f6
8914e42a
880d9320
fce1a478
839f6af3
616ea040
3064be44
6f38dafd
fe70fb51
3e7b65dd
5adbbb83
ac26ebb4
13aab042
29b9b299
fa5ebcea
32ae4305
a0096ad8
6a2acf89
73508537
262b7486
5f0e024b
df026451
74b434d1
20471296
86fb2013
d63d2418
4466c092
6cf6666e
ef3dfb70
4484b1b0
a5374ff4
41453c2a
e3722db0
da509073
057bd670
4c784f26
a8628fb3
d182c927
d8373540
05f6844c
d37df6c8
b7710086
97a6d3fc
c863262f
8bb15e69
419f2478
1a850594
7acc69a8
9ad9166f
d8ddef91
3ec537c5
ba3ba387
7f6c2e79
7f2c844d
4484ce75
a049a428
550583ca
e9c01244
46698219
6e51fdee
7d727c2c
ffac21f6
7364a072
3a09b693
4b77b83f
23f67720
7d98536b
595b14dd
1635fb1d
68c83fe0
711f9a85
2f1d0fab
f3646a4d
86072937
c0cd637c
4bda17a2
05d2a70b
932301b2
a3588387
a0096e7b
7df92428
638919a3
d6f6d411
4394a719
c928578d
19a38f62
218d11b1
43cff9fe
43a5f67f
293c077a
0408bc0d
e15a5d8e
5a01e968
b13048ca
2737b062
73f1cca4
45377479
0d20a6be
165fd40a
f9094476
5ebb4cb3
aec2c627
85743b63
bca49689
a460700d
d95c1337
9880ad17
e930f976
a2e5d612
8dfbf28c
8e24cf55
ae3d6da1
16428f38
2dcd71a2
bb261360
5bb58841
b2bb6655
c3675be5
3f1833cb
54ef8509
447e99d8
01f56267
1fca18d1
569b29a1
f5cecc34
550893b9
9b184f30
2880d009
0dc6a094
3bb96531
37ee16eb
b998abb4
2a7ad8f9
b0a1c776
089d7a5c
b573315c
fdc9ceb5
127855e8
f74ebe43
23a12476
e24d3e3a
a2ee7158
14254b95
4fbcbfe1
f0f15353
786d5cc6
ababdd62
5e012301
3aed0039
60dd87b1
f2f210fa
6e5c31d8
0a579dad
da33da41
963c6e81
3481d2ca
7e80b6fc
a4edc1a7
75c3b4d0
539cc8a1
67bd4e6b
b2e24c70
7c1aa3b8
4759dbd4
68f97433
94df8b2e
f0e2c9a2
c921c5e3
d19e3309
7d6d1946
24d6db95
1bc6cacd
16a34039
8e46f7ab
0d22dcb2
5bca58a0
4cb81b2f
f6ab2a06
5a0982e8
bb289188
bcf3beb9
84db4900
1f586663
65ae17df
60f6eaf7
9a16c28a
9cf27a80
0ae55f0d
63f95823
96f0c329
3e87d172
4f92c8b2
6b00d575
cc5ad73f
aaa92d4f
45e5dfd9
9fcdee53
0007ea3f
34424647
f2750149
f9744873
1eb4b0c3
57f93a7f
bc5a0926
a84b919c
ced035e4
c3de70fb
9a15cc7b
3de9f156
ecf45654
1945ac21
41f29cfe
ba9a6e5d
578cdb7e
1e3e7642
9f04eae9
e717f272
9e3a65e0
3555aaf1
7ec59d9c
0186488b
aff1c48c
47e4dee7
b6b386c1
94a06718
e0da71f4
5eceae1d
c5e15a75
aa3012f1
c00d4a9c
b842d42e
918f7c46
0d403d33
34343515
a6d0b346
7df25908
0518c0df
5fc51e9c
d54dae4c
43f9d4e7
095c6b74
632d0693
cba02e59
c4beb5d5
9e2a26af
92de50e0
e8cf7ba1
2d4825d6
f9abd615
83d0e16f
99424863
4054e28f
65dcb2c3
81cc6e74
c11fd21f
85747cbf
bee9b127
794ff430
eaec65a3
99d6dbdc
3c211e1a
94da3a49
d5be95e9
c3b7b03a
164738ed
cfe1abf9
59f6b16c
39e060db
e15e5494
d765a4cf
6c3db198
249d3f40
43230cb6
c8ffef3e
c2fde0f9
b9c38dbb
8ee9b78a
7cdaf317
0d3c0901
1ead9e62
eed5f394
814d3688
20ae19f5
34b37e4d
af8cf194
b9c20fbd
b3984e99
0675aaac
0c1eda81
d12e1bcd
9dc66c43
dd485401
a67ff32a
1a991eea
e2be905b
fc95b681
0e955dd2
4e422655
ec682176
3b5131f2
de74704a
6b519e77
90917cce
a58c10de
8ecede1f
967144d1
fa0ca8bc
112a9c69
3ca42aa8
c1befcba
7ca3a11c
d5ffb9cd
b03a50a7
5b87e452
3ce330a8
0073ebd5
9189ad19
59e57fc8
8fd34bdc
bb702726
df1fa308
2f6e5a00
4ebc8c9f
72236010
9d3cd309
fab0d561
feb383e2
36bb6a6b
fa0adaef
535f3403
58c26378
b34fcef5
185d866f
86f0749b
f6a0f674
3348ae49
4325a792
e01b210e
7d4ef5ce
d4dfcbf6
15e70c60
84d656fc
5f62fa1f
94d6c71f
dab7148b
84d9f560
b44718fa
a75f96d0
7797ce18
36fafdbf
4d470559
b672de15
8a8a5f83
f658f3de
d554eac8
8cb01e2f
bee8beef
04288a75
262e1161
431cbe16
44f819e2
ea25e003
deacbc62
ec3d68be
486c6b7c
7c11ad7c
a5a95547
7af84526
74ebaa41
c75e739c
18214abc
36521ce8
ffdce116
12f503f3
8c2adc28
c8eaab30
28a5e195
98efa0d0
f645c87e
447d2cb2
92ddd91d
00f38c9a
f84f07ee
6e866510
4079958e
45e21a1c
fd8ddfb8
31afa43c
65c75fbc
d94745f0
dd12bdb0
0c5ea407
08da164c
e547bd3a
e13046de
5109adfd
0092faa3
6d213793
8d66d988
d0376a31
858e595b
3f723bfa
be8a40c6
051fbd4f
819cf4fd
a1baf77a
df5e3d14
34ca90b2
98af8733
8712439e
f5b31cc2
96429609
a862f342
1e8a6c73
9b2e38d1
24f3452a
5136a3f7
d4f39d41
13c3490d
91cee239
6926af28
8f4cb0e6
3bc5cbde
9856e7de
9144333f
2a68ee62
b8465234
e99246de
297467cf
ae7a9708
17124549
e0cd7184
23e7d590
37056fc2
2ed455f4
63129000
35fa8df2
73069b73
8657e5a5
19bca7a2
64639248
e1142ae7
3ff6ef07
9d4830ee
782d5d99
28eb39dc
a63c1a6b
3e80c99a
54b2fe1c
46955bd9
b72d28e2
c3464cf5
82e4a627
563786d8
16e6236c
6a840f5b
7be5856f
4839c6c5
211f9220
bf63c0ae
5d13681d
e51c489f
3ca3bf9f
3fbb5f8b
14d514bb
75fbd71f
c62d6013
db5ff33b
560ad43d
6b68bbbe
ce08db1b
6746b5fc
73a23b06
75a154c3
2a38f6f7
125ba17f
d7c88fb8
aca98b57
b830b4ac
8a9dddd1
287b646c
07259acd
ee57c2e1
e07103ee
a658f32f
f05245eb
5824f3c4
83c05207
8e3cf7e1
f038262a
f1cfca6d
f1da07c1
9a4c36d5
df72b18c
6da65d81
781a18ea
7d9b47aa
356b0495
b22cc0a3
33cf8ae7
bdf00181
e613a241
008fcdc0
0d59b5f7
f61fa381
90668a21
ba649219
62148452
2017ecae
acaab550
9edf5357
f8b287e8
4b255b7a
e9748795
c4b5de01
9d2b2b75
40ceb4fa
a07279c1
a7089612
770c5580
66100518
1aac06c8
dc9251f0
eebe4905
f98cb28c
093f7986
c1c9680e
a9f17e91
7b6bb1e6
a021ae7c
e83ed1c8
f617b73a
0fbdd04b
1fa3521f
53b2f6b1
507c974f
cedaf596
77db22bc
79b9e270
9fa033be
f841f89b
7729e807
3e8bd58b
718d6c78
53c8833a
fddeeaa1
4a6be61d
ada1942e
c833bc26
20d82e3e
077f9ee3
051183e7
f2632867
4e683869
17f7167c
8cdba1a8
1238d634
46f78b99
bd53b3cc
09b3731d
eea27e63
a5beb6ec
f5399632
c401d5e2
fd787c54
1eed4fb9
ae23e525
705d8e71
3a0552d3
44c97f4c
71726f8e
4d2fafcd
94c4722b
d8dc41ab
608bf8f0
9bc626e4
eaf0ddd9
c1492871
3c5ddfad
eec36e4c
8506c4cc
526c39da
ec836efb
3bc8a418
a7aff971
6be22538
bf38e252
6618a655
5d38ee3b
1b63587a
3ed732c1
c82a116d
273101ab
bf8d6184
aed60fef
cac55e65
bb12c0f4
0c72e3b4
38bf58bd
cd0eb8d7
43ed4ae1
8236d05c
24463912
160228d7
d0fa893d
747afb40
fe987165
dc5c9d29
405e2211
3dcfd6d5
0256067c
f83b9a5e
7c559848
20d73f03
7df02ea9
799c79e5
e1c2e8c7
82cc4f41
49fbfa0d
4dcc67d1
d0ce6069
0f8ee708
e781c23a
59588347
e993a874
ad3df352
270d6bae
328e7295
ed4798c7
0cd25a3a
c909937f
69ab78d6
4a0690c3
c42fe743
89290626
212aac19
4d7c5f77
8d196dd7
2348e020
e5a2b568
501d67ef
c500473a
24f035b8
246132ff
1a66d99c
899e620d
a09889e9
bac80f93
5a49a4f3
6cfcfdfe
5e668738
172cef5e
d2504633
7d46da16
0fba12a0
098179ba
9355783d
96b8dece
db9ea2ec
87cba400
e0978cea
8936a7d7
9a3ebaeb
f6085eb3
5d6bf1f3
b3655242
51028ec7
58f3ded2
35ed156d
b65c4565
ca5142be
9d5455c3
cfeb0695
bdab6d51
abaa9099
3c394a4d
85c2e272
addd71a4
d1e28b40
1fe38e03
bf17df91
0d6c0a20
68b8f7ef
56d7896e
b0439e7b
bc7d8fd7
0873f453
3c815e2a
28c76525
b288ea18
e75bb134
8db10fca
67649116
490671f1
0ba26593
fb6cbe8c
3e6055ec
08c11e41
d5f151fe
bbee4682
8af441a9
4ebb013d
46be01ed
b9719ed6
1cfec4e7
f0f1f62d
47b49692
d3cf2cd3
b3f39b1a
b5525c91
d39573a5
eb06c7cc
95794ce5
99955ecf
e5cb9cea
00b2e233
63f1c258
504f9326
7fba3ba6
f3e5fe31
1a220e7f
612ab56a
09be2aa4
0629b710
b6b3c379
2f29e827
8fc051e8
f37b64e2
d78f9f1a
3fc59f1a
6c1f1ffa
a2f25a20
51acf5fa
fed62a89
ed4dfbd2
ce901390
64bfa2c7
ce3c26f8
ca6f0122
ae3c2d22
babf26fb
3e11600c
725812f0
3202a0fc
150bb694
69afc8dd
9432d7ec
ac6e8e4a
949f8714
224510fa
738d0e80
9a2be3b5
52052692
943815a4
4a469ae6
c301e02d
15cf8838
92de3653
f058e0c2
fe4beecd
40120069
42893f32
b16df8f5
d6f72627
2d517842
484a8649
1dff5448
5140740f
ec30c22a
25f84568
c4e1ac2b
fbcdcb75
106046b9
c10663e0
3e275cfd
f1f55c2c
1d479bbc
74d4927b
0917b73f
34a5a141
9aecb6b4
93f9e0f0
65ea998c
e98ccd0c
992d07e1
19a1a99e
e07b8603
e2361970
bb32dee9
098d1e08
51aa7e90
2d62cddf
da30fb8b
1a74cb38
8a3e8612
fa654cf8
a7cb983b
17731f1e
73237374
62203a68
b7dde22b
22b1cc78
ceccd485
e203f791
8873b921
3343b76c
b8035cdf
aaf531d7
c3f36c5b
80f85bc1
18c6d9ec
a0d6fcd5
dd48ccd9
e3b158bb
6012b599
2461ca74
548c245a
c9f83786
8c8f3dcc
d4fd3bb2
d1ce3e3f
87d8f0cb
266416cb
6993ae62
f1f83878
94cba659
634fbc42
014c247c
549a1e3f
7ee9946d
c18b6e69
e8d37edf
d367571a
32fecc93
a35f4fb7
ae9a38a7
b9e86523
1af00095
406e3dc8
0a478f41
43e3c0ed
a25bf4d1
15d986ee
ed5cd8cc
aed7f137
1fca8b61
15fdc864
b6be1876
b7eb9c8f
b9e34b46
ebb89ddb
461ff94a
f129e5f8
42a64faf
33f4ab61
129e5a90
d0f7e3ce
d43b42ac
5c6bbe46
eff0a151
e6132734
4a63bd34
d7900f59
0809d91d
52515617
1c9f706d
f1789c67
9ccc9cef
cca6303e
e33945ad
797a6545
90d5fa52
ce3ec482
b75f537a
571637e2
4b4779ca
150d47cf
16bbffd5
d9918746
40f38488
0ef6a237
458f8438
67a6c7ed
e331caf3
aa2a4638
9c3593fc
ec721992
8d9478f3
416fbeb6
0652c905
8b8437d9
2173ff2b
828a7417
eff902f1
80b6cc84
d4662cbe
b9f16de2
bf3d55fb
a43d3b76
3cb52c25
ee8d7a43
49f460da
ceb01f41
e446b880
aff872ce
2a572bcd
8fc1858a
01226822
092c3d97
5339e981
ce7201b6
66653588
f9af78a0
3e9fd48d
a83a7f1e
89136bcd
889bab3d
9b213d58
150e16af
d4ead853
b6b1fd6e
0a10dca7
8d02b589
a5254b05
4c7abc8f
9ce3912c
c790f6d8
7b4a1016
62d4f7c6
7514c8cc
3a4e626b
b78347b2
f10d9871
6532914c
412e8de1
d301d332
52ee2fea
815b89cf
229a9790
35301ae5
98e386ab
178e5c87
f7dd24c3
524887e7
1135d1d1
cac6fcd6
1a985123
69f9daf4
107ba615
ced7e9b5
bd761536
d8ca1519
aa6a942c
1e7a7c12
bb281c32
910ac22e
eda9201a
3b2efdf9
abd3e2d5
80690b50
069b008d
e0df5a59
1a31321c
4eac445a
41e6d4be
217136f6
6d5f8928
2e9e4621
2e251912
95ce4a94
15a6f4fe
5bd46cac
340847ac
13e5dac2
9b0e2e8f
e0747b27
59a3f439
559e1203
0b388325
f714f82a
eebc53ce
3a55ad4c
9c801479
b42c34f5
42e1b7c1
dc67afe7
483b22aa
a1d2ab0f
fae9b596
49aedb61
27eb3c62
3edaac3b
0f51d1dd
64c65ab7
dc6e0661
e2453243
bcf90538
10490483
50cea152
4fdacd73
7f63b853
4db513c9
25356cb6
7ed5bd34
e1e1cf4c
c54fb35c
77e54f62
3995622a
0bcaeed7
b9f89fd4
d0bff7b3
cefa8fc1
2f7059ed
0b89eef6
28e6fa7c
e73f8d62
2187c773
8eda6263
d163644a
2860b5ad
0e6f97b3
68e9d46f
4fa908f2
72dd02d6
8b3818e4
a5ccd60f
e4d75c39
9ca8167a
d111ef9f
a82194bd
9741e20b
b695f6f5
b3cfca6d
1f2a2137
4b90f9d0
e01394cd
6cd0b9f8
f2c129c5
48059af2
832ddb21
540c24ac
95e33a82
fc039b80
d97593b2
6df7b7ff
d2273e53
0aaf375b
54f51903
766e2bfa
db7d3203
7ba762dd
8151d038
94323fc8
3d8821e9
a2299716
fe01a03f
d4599c7f
df1aff07
1bb7d078
831d2b0f
834cac2a
41490861
cf74d391
0950e345
aa4d5d03
a62964a0
10a13f21
e91b4ab7
166842db
bcf95a56
71034db7
a1d91bd3
41787230
cee6c7f6
776dac5f
d688e695
41c94c98
7b479516
bf2a815a
af912328
5929cbe6
fe708a94
79852b26
ddc9e00e
9155cc30
500a4256
2a2a2e7a
6a92ba02
b69d9f09
842dad4a
1e0f85eb
893f5bfa
6d58fc3d
a47ec208
74cf4fc5
d9114c90
7ea347b1
eb042dcc
1526866a
379fc360
f2ea62c8
464476ed
dae596f1
e799355d
c37fc953
ad6d177c
b43f79a1
ccde779c
4311496e
79f29e06
695382ea
24c5853c
e9e12959
9b3bf24b
b2c25508
b295b4dd
60f01466
772ad1c3
db860ecb
3dd6f445
ce398011
2d8a2678
9bf505d3
49a22faf
b84261c2
e3d91e52
c1976041
c1ecb36f
85e6fd52
d13f8ea6
2cbf4bdd
915f8c4a
e6c984bf
6901dc34
d033eec2
ee0f8a4e
9615c95e
83b2c479
db112fbc
bcc1440e
06cfb605
88372757
cd3f9846
97097da6
869e8c7f
566b2b63
54931f39
f5b84f71
d53d9bf9
ff100251
b3973e4d
681b3714
1fb8dca6
0cbfac55
e7eaee06
1a99db14
c514f35f
91380415
f657499e
be6cc37e
d1ee7d50
be5fdd08
f9560266
8dedcd2d
08fe9e47
b2565525
d410db5f
e630b880
80b4abc3
1e8d405d
8a656b7f
e4dcf188
c368bc64
0809c0c5
7af360c1
c13a323d
b6966634
7248525a
787e78a6
c3319209
05276dd7
c6ada701
ba39df79
7bfb83cf
90bff10e
70e5be31
b63f7362
9a376323
dca252e3
61bc93c5
eb41de52
b08c92ea
9a202bf2
b7a0165a
ec0c0d35
cc4c8db5
6af0dd99
5969e035
5fd45608
26bad24d
418c85c6
63d40412
83e13b30
b2966415
c1c805d0
30459a47
54c83110
4285a0c8
79865361
bd42e4ec
50f24e94
3f8accba
46c037cd
44f4429e
1468f3b6
086143cc
1de223c0
da0ccc28
dc47a8d4
b86dcb68
c3544965
5bf0b977
72fdd16d
b513c180
193f2ace
9ab53c49
96f81604
1cd5eab3
3dac6af3
54cea74c
390ac991
ed2a5b62
4c12935b
300b978b
f5ea4a30
a92d597b
704428aa
31caaf4b
245437fa
3d2ff942
cca2384b
8374500d
5679624d
acbd39e8
b86d8a70
2530b929
2fef28dc
11820d95
2669f758
369eddab
1e28dde5
8bb50011
6faf08e3
034cd52b
29d88f86
3626c287
edd59d06
a001cbf3
593cb226
d0ba098d
de70883c
51645330
7a1fd6f6
8401acfb
ffb6d6a7
24f2c277
9196f985
469c9a70
c7115453
1a2fa8c2
e5889cd3
937f3521
5541b498
e1098610
d076caab
3311499a
b0e7b87d
9a8ee313
e0143f24
8651d27b
1f73f92b
c492a564
5b2b569d
118166df
052c0d8b
f9091710
cd5a6ae7
ebd34649
5e5e7005
c1e3f5dc
afefed59
d62ce75d
1ef5e805
1c449b16
4939c960
9dc2377a
cb59489a
d7ce84a2
d744e8d6
9431d736
49758706
e9e45cc2
513916c1
d3b6d523
27553fec
7b62bb6f
550b4e2e
e57e327f
fbe1c82d
1248c0fb
fb1aa31d
053f9b21
2e827014
f5c025d2
08e67ce1
a04bca00
f9acc598
da1ecda8
e8c5408b
faa33746
f54f738a
b37ddd97
01a26fd9
b37794a0
c82916ab
554aa034
d1c91499
d1ded537
fc3ba9e3
563effac
ac9db439
14a92fbc
5e6300f7
e9148d4d
c96c762d
0ff607cb
69cc6d85
143fc50c
57aaa001
c6050e39
08f9fc84
d7c69a98
3ffe20ab
081e50d9
84453b1c
06a0995e
fb5753fb
e5fd6fa6
fa142024
155e2315
950f87bf
95dfbb63
d77ef163
4ede705e
20dbb9fc
27724308
1e78d568
5d8b304c
27efb903
f3233262
135839e1
f397e8c5
d50d8bf4
9281404a
d2f9f136
a786042c
c542addf
919afef7
20f05132
1f709327
1820e4d1
15e5d046
d23ffe6c
af6f1ed9
cf0d7f88
408ac04b
4f24421e
a0c21760
7676e3fa
e6d62288
702b7d75
0c2054d4
9c355042
1bf3933e
bd0ab123
9d5c8b54
0b925294
635c9385
b843fdae
8ddf54d1
6a29d3c7
c2e58405
a87e66ad
6d9f4aaf
9a0e2338
101dc1f7
54582218
4d96d23a
eef9cf50
3be400d1
03d7edeb
b31664d8
ac6b6a73
75a2f396
9b1ee522
e718666a
eba8090a
b89fc286
5c7f4052
731256aa
0467a67d
5c1d3f5e
5a45fc08
459c471e
87a83334
ae55c6c9
de2b198a
8ab0ece3
5b52f7c0
54c8ea47
a73429f7
414cdf38
3bd8f98f
686fb5c9
528265c3
72d49500
6fbae304
a29f8d72
76d54360
6b605c83
9527f2a7
6e11e6c7
429a0e54
71c1eca2
f9cd72ed
39a1d553
bbf038f2
6466d15a
1497b397
f8ab280e
675f5c91
ade92f4e
c1b64ad0
60cab739
e4b0c430
f90d6e71
08f643e5
a5ade701
9c5b903d
f7b84768
633e6c1f
c4ca13a6
e2defc7f
85f4d7d5
e51b8fcf
118dc013
4261adfd
8cd83ad9
ea833025
6455b91a
492cb10d
62a0dbf2
aff1e634
a9a41489
07534f43
2c3863bc
17685ce7
96126e6d
6a66ef8a
3a071d92
8021c03a
0fe7164c
68db3aeb
cdf4eac0
b87a3f8a
1ed595c6
2f972b34
12fa1dd7
e0eea4f4
5d13aef1
ecc065f8
aef5f36e
70a486c6
f9dd7dbb
8fcea19d
1f2c8cf6
ec3f1a01
aebc96ac
12fc99dd
b4d1d4bb
bed1dfdd
d29b1fb2
4e76d24c
f7827e51
2ae9e232
650a569b
3755b777
6133365c
7c1c129c
bd4a4e0f
de022569
ba9ad38a
04002402
b5ec17fc
5168eaea
1c223e78
0ec918fe
acb97c50
e7d0acd5
235c491a
8906cdf6
0575e931
600eaff4
ea27a4ee
abe23d19
f4bf6de1
f54fc77f
cf78afad
65d33f48
4c29a212
e1eefd10
1c4e1912
0c9d1561
4da99b7d
52c29a70
69c3ae2e
ee6c3332
c27be2e8
64089c5c
e81be526
a51a3c5e
20a41a8a
bf927b60
7d6fdb05
f29bf806
f0c40d32
954e0dce
03fe21cb
656b83d8
8de569c0
58970357
f50be43f
19a290b7
742ec880
6199e0d1
afcb19b5
b1da02b6
9b33a88e
eb748beb
714e2569
37299cb3
c4780592
219ee54b
3049965e
c6001af8
601fc6bf
842b97df
5734cae3
52dd35b7
c30264be
a0dd8c26
ce0b6adc
e3b935f2
7310e179
a2f7f0be
c17127b6
aad4d741
686b1879
746a23d9
7268d034
e706721b
b892d25e
73ed634d
9867c0dd
253d0f89
ffb5c953
52aaf11a
e6253627
7dae8b1b
82e9dcff
ffdfb0fa
7b2f4ad2
98024551
0d1b97a4
dee2266f
7555a614
82f379d8
6bd4f2b5
cb44dfce
e681dbb8
8b0891ea
8a4c7613
2f4bed91
a05b5f2d
b698e66d
0dac1036
027e5f70
9733acc3
3f81d767
19a70f8f
090ae120
916a2ced
d78d64c8
7c366269
18c9ef46
37f7eb93
25221487
7e97a4bd
c780db90
1df399af
919cf401
159da5a1
297c93d3
e36e1afb
a963ad2a
c03c439e
2fde68d6
4cc9f607
c977655a
2cfbe7e9
7db5e38d
efbca252
ffc0bafb
f168639f
e68fdd6c
463fbbea
fdbc1c5d
8d6fb6d3
44ef877c
e0e7b35f
d3f90902
3d3f65cb
7be51260
62543c45
152a7482
d79eb9fc
d3900317
62181a69
c7f4222d
5d246f12
16d108a2
bb6c8148
33876b93
05dae00b
9a932768
a3883cb7
89511cdc
248b4db9
4377512f
391a702e
2af032c7
4238dd20
1322429f
cb4ec5aa
82b3facf
683f17f7
4ec37afa
7c9d4901
2acd5a35
aa3d5cfa
916384a3
6de4870d
d39f0b4e
e156e4ae
103a0ed6
93f7707d
c63618cd
e49c1cc4
5a8fbd35
01dcd0cd
ec715aaf
d36947d7
9e4fc662
3943c25e
7687697d
cbde2df5
a99bfa04
11f00f45
0f3f832a
5bd5da55
4fdab7aa
b00ff1ab
9359a61e
de936473
e6d88d1c
ae1cbbd5
11b2e5fb
aca03202
3cad0512
0227e606
0dbc01bc
20455c3c
363e7374
c76d1e34
c45a6989
599089ef
a3c58842
4c6ad794
286cd9b4
1ad634d0
1854cc8e
79ed73ec
bf287c47
f2a9cabe
1c41e7c5
ffec9b80
fc1b419e
dadd8ef0
cb6bc75f
18827287
a1515430
bf98a557
c8c55fb9
394d5255
69bbb5b0
fb663efa
23e9c47f
203e21a7
747d4a8e
81ea9922
9e33fb4b
d2fd615c
6f63d749
52991bad
82e95a14
35222784
0b2ad368
6f7218f3
78d2db81
28d7821b
bcd3ee2e
7cd494c1
0dc3b4c5
ff6999a0
498cdc06
db309055
02b78284
ca79eb06
d0eb3b96
6a8316e7
490c2303
2355eb1e
afb87c29
4a595ce6
6ba59173
673e20ab
7a18ebe7
16c4c449
3b4710b1
99e2a0f8
e057b16c
35753cba
ce24eab4
0b121bba
ea6596da
b9b6c16c
6d696b03
15631ca4
d5320982
c5513862
156fd8bd
097570fc
71dc9eeb
36cc0e39
b047d0a7
10f4b232
e9925c0f
3b58f205
a81e1807
897dc903
687a9e67
5ae65fc7
a99701d1
3e04e330
fa108f6d
bb83dc99
a0654ace
97592062
c11b63e7
99f479b5
353d45ed
fa9516d6
39f5f28d
05ee9453
121fa266
87277639
948eddcf
1bf018f3
3318b260
20000e44
d7425670
20ddef53
7231129b
30ef14a9
1ab5cacd
8f113759
0a0a2c8b
fe078f77
9d51061e
f2cd749f
8e68e77c
fe4ae43a
6d637b50
3233cd6c
82461a2c
0ce5bbcf
a41f280f
f41c5141
524e7616
15d44664
82526bf8
db9949c9
1e67abd3
f90f1ebd
e2a74c4f
24f90bbc
d11f1f63
6c5719b1
f5bb8e8b
1ab2d1cb
d5562791
bceca507
621503cd
cb1b12e8
31334b05
c487839d
0976ad54
5a13263c
9b2fec2f
fd6e0816
0dffe34b
3dca5257
fca96793
91a4c5f5
8a4a8a46
0aab0a40
b4f910c5
5a33f30c
c0df64a4
3d674dfc
56f68f15
08e284d3
5cba2cc2
e956ea15
2b86b954
c53401e3
7af44c48
ba4fa8df
7ae4abff
ea83fc7e
23440da9
161699ec
c6c8fb02
c26e4150
b736ef02
1420c4f7
01d07c86
d7f59ee3
9716816d
6299a4a7
a41a3a90
3929153f
aba99f25
923d0773
03e037d2
08f69199
d592bebd
7635e130
73ef5c8b
e5e4d2b0
0afdd542
59cd839e
6755adb8
924555e3
939d01e6
90f59c7c
1185dbf2
227d4d2a
1318873e
453ebe27
602248a5
733c250c
59a6d8e0
4b75ce86
59d0591f
ee0274e4
460b4c6e
0bf330e8
9c6a0399
f0ab79cf
53e3d128
ea0647f5
977565af
09e63920
be8a6f4d
734dbecd
e272ee13
0f686746
0fe90525
0951b219
3e33fb6b
fcc99f50
5ee9e647
8cc52fa8
8a3da379
a81982aa
596de7d3
2e29c134
fd638281
9e3cba95
85033fcd
f6c6b9e1
5033c050
facb0f7d
0f9fbdf7
32fbefd2
fe43ed93
603e292c
5ca19533
982163d6
697ce74f
d5f08256
9c8a7345
c92f089a
c42b7b45
15da37d9
a3ea3819
0f08d322
dac1dffa
657c7f02
31e2b709
80e98ed5
4fe435b0
e739cd58
4e1fd8bb
f0b56cf0
68f0583d
aa703788
2f09223e
d65ba0b4
6810ec94
0a2fcb0a
f05d28c1
751b3443
53146ac1
3da2944e
8052e648
43745d03
7a9a8dd1
9ef3511f
5c404d4e
9a10b121
1eed4ea6
6a8682b8
57de3b29
dfd7a45e
7e763a93
147246f0
35c15aee
d5d5316b
34fa6634
ee834b62
2224c3a8
cb6f3fb4
d2d906bd
c0894c1f
5baff596
cfb7fe29
ddb47fe8
185dba4e
091d5ddc
c9264f5d
12bb723e
c6287ea0
c8349f4e
f362d6f8
26967558
eef990e4
6735baff
0d483deb
5588d40b
a5a1da04
65f33773
85c21720
ac03b745
c9cce800
0f252bbc
55ff6c40
e43d5ca8
f6e0ce77
e1d8185c
90934a27
d6ceba7f
b5041e5a
5c9ac543
815d6bbe
2b4f7995
a0241ac2
bb5bb375
b4513438
ce3fefa5
c482ede5
fba5ab88
20a9928c
b6f611bf
e0cb81a4
5660338f
905880cf
be61c25a
90b24315
a673845b
5333437f
1486cd63
13ec61a7
91cbffc9
cbda3348
a957e020
c9a05c51
57787bf9
83aac4f9
2eb00943
2ad60234
2ea309de
99c5aff9
d1bc01e8
f052c379
5a6472ae
cb37fcd4
e6458a2c
cd699a5b
cc886882
a5069713
0fd69d87
6361c3d2
78a2e20b
94185640
22243922
0385bd46
1c597947
de33f985
e7a951ed
d5a543df
99d6678f
a0177cf8
27e86492
8a8dac65
f0e8b4b0
bebd52b9
ea5d29a9
340f2ef8
457fc1e3
eaee1f51
51f69795
1a0301e7
81ed65e6
8ec08c7e
b5b8fc0e
6d8f093b
583e6850
02fb7f10
11d0b445
f969dc2c
fc03198d
fd4de6ea
c945223b
47c26f08
03a8f6a9
79fd0c93
db88280a
d1590be6
3c425398
7939c1e5
d072a628
f0eefbbf
8abbf449
2191276d
af6116e2
f27018a6
89a77a02
31a4d3c5
b9aeee3f
d5702ea4
d2856287
8d5a4310
36ee84a9
242c41f5
432154a6
1dfd4f2b
35a0792c
64c1ac2f
e9a32de4
110a23a3
3beb1b8b
27d6f25e
515e8a39
d00313e2
dc315355
1d6d81a8
a3f01520
44d8bd70
78eb5a58
a610759c
22368e8d
84711c2f
b009fdaa
f276e14c
e4dc2a68
35e1d464
607c365c
de46287d
36d91acf
541edf02
4a6645d5
bedbcf27
01abc806
fc11bd5b
82594cc9
25662bf3
88b80c28
97afea21
ec2f8bdb
25ad67bb
42331fe8
6d722776
f6a2ba68
84581919
b73f7441
50fcf9aa
1b8b5b70
3edc28d8
d227fd2e
39053978
009c1cec
10e95d0a
697aa979
5977e1c7
d8115265
48f60b48
94fe7b3b
bb48fbae
d96d363f
0cf3b401
55152d57
a9e373ba
53096306
a9800a17
da3237ee
dc2ca896
cc127918
357f8270
d268af6a
3aab006f
130a8b57
58a2c45c
6e934c2c
16d4c48e
a7b9948f
02a14994
dc4fb925
9ca1a894
294609fd
6b368166
366aca61
e60e506b
262f4542
ab367de8
11ea10bb
63551f76
27ec6012
eccb7589
f368116b
50226e86
b670d416
e3a27e1b
0d680b14
698e93e5
cd83f5be
f00d3741
61a9e34c
33d3d72b
3698ccef
3980c35d
5ec8180a
e9dac1a5
8f1663ff
f0e645f1
3148774a
018699b3
cb917c8d
727421e3
fbcb12da
daae344a
ed3ac1c8
6115eda0
26d98047
4d00e8c5
28d977e0
ac379772
c85f6c3c
1d6dca0a
9d1f4f1b
706ee0d5
e158075a
9f52636c
a0c61ebd
10f9866b
14736243
902f1cb3
8234b44e
5d9b20e8
cc6daffc
1ceb5e72
f118458b
94300caf
3da4473c
c97bd036
84e453b0
64d8b289
ac0be977
d7d6ed99
54f9c161
6d12f029
32988190
6876981c
1b75e6d0
8f0190de
f4aaccb6
1dbf8261
43b76639
a8282436
ba63f5e6
17d57611
cffbf5f4
04b09050
61f46916
90f6a455
a0a07a71
97aa1048
a2e058f3
4d46c8e5
26f41370
32620919
ef2ab02a
b9b16bc5
9abc6177
7fe79be2
0fe87b2a
1908d199
abd39e5b
4fce5119
3fa1ce87
ffda7543
bd92bb0d
38b06bfc
4b8112c4
2feb0233
849c71d9
0ba0d931
68604791
b66ad8d4
7ad03b09
0d8624c4
487c9d71
74a9aa6b
5a870ea7
39c02e29
e0e05890
c5738e55
ae5554f3
9bee5de6
f90ef467
9a854de6
36e2d62f
a2e6026a
16bdfd84
2b57a8db
fb548576
944fdb47
944f8067
c4012c1e
ebface10
91abf648
4b2c4102
a091e5d1
5964067b
275ae53d
da430013
a3b10ca8
c648bcea
d75b6f76
f53bf937
e141c4a0
e7062f8e
5e6b8f57
d254fe65
ebfcbd83
d7b65d34
6f0fa1d4
ed8555dd
8a1584e1
dbb5c204
ef369906
2867c604
bf4a7ef5
297558a3
0ed49397
3ade0acc
71866c4a
cf87f636
2846a40d
0d1ee4cc
5ca93104
6ead85af
3187f2cf
537fdb29
0d3ba318
8090fad3
6069755b
e402d3c6
c9267cd3
96e33873
ee9f48d4
36585c13
42977cdf
1781f1d6
ddaa742b
5087ec8b
3766c225
a7e1130f
3439f0fd
9b6045a1
0a801c67
37e8e491
cb67ba77
12dee89e
f5c37b6c
a53698e1
d0ffddb2
7824f381
d0981650
80f3787c
9d657797
46dcf5b2
b302ee7c
7846d805
f90fb295
d8d67b91
cf06fab0
b25ad549
f4752df6
0e2947a8
a87a14ba
f363ec22
d677cac6
4eb9be12
b087dd70
bfd8dc67
ff94585e
b22dbc4f
15d85a76
cd48afa0
75802d36
0cfe1ea0
4ba250a8
66bbdae8
05df9bcd
bf5569e5
c75c74f4
d85b6d9c
38ad4189
4b87e2f1
5b2c9d75
0ce52d5c
87623241
633b94c5
d82f0c54
4eabff0c
b18743a5
72d65459
b24cc2c0
db65b688
1b5361fa
01007fd6
3283c8fe
e635ed7e
4ddc4c9a
ccdad5ab
905c3960
0c482c36
32012bef
a2272047
938f5b32
2b4cbd47
3e24c390
23b64c79
ed956a4c
e46877ec
2eeb3981
93d1e918
1c4801e3
86b86cfc
b6cd3f62
7a89d9e7
da5c4587
c1ed3c4e
8a288bae
8afe0933
920f4eab
4c475a64
d2b07176
45f122e6
7f68519d
7506d22a
be60a9e5
befb9e44
90d80ba1
c477f055
43c673fe
f9c06844
b527596a
12c47d1e
aa6bd21c
886f79cb
b162688b
43a7a517
78fdef2a
906e481e
8e731e7a
3c82bbfc
c7167ffa
64ae98d9
3315c0b5
f53debc2
07e0d00c
4239b2b1
817ba7a8
f4159aa7
32062353
609b26a6
62643076
9bfd63de
eb0a79c1
dddd1818
6bbfa1ed
7ea6231a
bd68f265
c418c5c9
774924c5
e789eeb5
77f60ab4
5cc9e510
671fcfdc
acfbe822
5b80f95a
db8f77ad
1db57619
3e8f7ef4
876019ac
bacbfa6f
a534a7ce
43ad6eac
2baf0477
816059b7
afcb906d
f3d67a3a
46ca2dd5
f78a06aa
cc08682b
752dbe88
ec7178bb
9cbb8ae9
93d86c02
8a50ca28
88c96ccb
9ff5b676
8ce00d66
4bceb917
6257cf6c
438fb612
a2c2965c
f2ed334e
64731334
716cb84f
d2937375
d0390b8e
e8a37637
41723a7d
b8904620
f39882e8
29f4d553
d6194b8c
0f2c1f3f
343d63fd
0a005a46
f07e9b76
b95f9f77
bc3569ec
2568d9ad
4bbe308b
98e15fc5
cfe08b88
fd15ee70
68c56ec3
aa1b7229
273fd3b9
08c49ba8
63c8058c
863db66b
a8431eed
3ead11f5
1618c90e
f9ed00c8
88bc04b6
ca5b90b1
05eacb95
da230939
dfc46b9c
5de31d72
8654ad5b
dc7f025c
718bd7e8
80a309ad
cb0fce56
07bbaaa8
b0a8b88d
5ae4289f
22f50bf2
eb318fca
55581fb7
c2295a10
23c3c126
8eaa3e00
d5c25816
33cfbdb4
cd45c80f
903b1fac
efc2c39f
6c24b0df
4bfeb947
5f17036c
571370cc
76d8bafb
fafa86f3
f75480b5
b3b8e9bb
2fad6bff
caa356ea
bb776d58
9ef08ad0
0418dd05
920c27d4
65c95629
3a51b2ad
70d6d4b6
b4d69129
a107030e
791cbc13
7a2c86e3
fcf3f73f
7b8a68d2
81f3365a
29e89c2b
10b1ace7
32371f39
afbb6e4f
9d2ef4b2
05e54b38
a8d547cb
457c3ccd
c8ffca8d
3b54b406
5831f78d
bf7cde1b
ecc3ed2e
8d641a53
bebcaaee
059341f9
b64c0082
bc1b42e6
42dc0e58
9a8884bd
f9efe8ca
88b23525
5d09aaa0
d47e8c84
87118c72
fa3e620f
e2be9776
1f666b6b
43e89c51
5b31c8fe
7e312d6a
510a2914
70a930bc
e2204475
25e9c958
d3d574af
a7809921
cda80fe9
ae2bf8f9
70d233f1
efd19a9f
8dd4a674
6d03ae11
738c985c
33730df2
a41c77b3
d837534b
5bf9fdb6
bc222ce4
08c915ce
09691fb0
65c4084f
0a5068bf
b2d53794
487086e5
951ccb36
1372349d
152e6227
00ab73aa
599ff9d0
d362a769
8e7ae875
86361b89
1a2250bc
07210fe2
f7b0af07
6addca73
e5f97f35
9a18bb9e
634d2030
55807c9e
816a51ae
8102e4b4
57276ac5
f6c49010
aaf7a140
837b6cad
a672b5c2
f87086a1
21e95c62
593915a7
9a002a68
55e9e719
5c84ed44
01c97560
e9fbe1ec
54c53f21
9e7e8107
22a32499
ed918fcb
eb8e72cb
531f7098
e516ec69
839335fb
aa54f99a
111e0a0c
7c9f0557
b401f127
5c0045ab
aa8d96b8
32da34b5
79430f37
11f681cb
6a5ebb36
d56db078
727951db
e4e47e9b
0bf2f2b4
2ac181a5
296e3b4c
296f13a1
32b93634
c3ae3900
df4f3cc8
67d356a6
8052580e
1b2fa46d
abc2f30e
fb91b067
5e1a1018
ee506af1
8d891036
4e6a3119
89c5ce50
15ec230e
81a40261
d05d7451
d42b4c22
bc5d9e22
9f55b46d
01effd27
166315ee
29ebf83e
88a83093
e806e4ed
6f311218
a36901c4
24021541
e9d224df
9d5ce4c6
3ad84579
32065873
29a87176
2c248140
ed418065
5f69f41b
f35f103c
addcbb1c
46b0774e
54f6184f
027a4d93
99dc4c22
7ddaa3fb
1fa11a30
fa8ab370
17756128
5127343f
a35faec2
5774ffab
a3b25cd0
a98a3936
99e02914
53df5999
30554c90
96311714
5316ad67
35fe4d8c
5c8acd32
95b33c29
89e96d6f
8e9a79fa
e0a37502
f8f086b6
9744028b
7ce7eb9d
dcf9f9d9
440d45f6
5cf68b7e
6baaa3ae
f7918cb6
b7e83974
5e89392a
acc54d71
ff2aede5
bccccee3
35630902
37b83f7d
b6fd5cc7
28f0cce1
7bcfc763
8755ff10
115524b2
298cebcd
31de90c3
f91d5c16
c6495881
7d4c0be7
96c61d36
6a306e8d
64b1f0b6
cafecd98
8e54631e
9a477213
311ae782
852cbd8f
8641ad0a
d3fa99a0
92fc6cf1
2c9b57fe
babb4bdb
524e8186
8c570f0d
ad17d3c5
c012465a
aca95d2e
fdfc2235
04e4a251
52cdf02c
f9dc8f7f
c3e53318
1495f4d8
e896ad21
1ec64190
63458690
60db2399
57a39534
f0fd01e7
d09e5ad9
7052a59d
2452832c
ced8e6d3
4ca67e42
1a7946f6
e6f4adef
2a9611cc
3d00282c
d5106671
06c5815a
2ba521f3
d89aa872
37cdd008
5fcf7684
9a00f088
6a9e2270
574ce1f6
e40c4ee9
6b69dbc6
3460be71
e68b4882
385ac4c4
4b13aa1a
b338392e
f2dab96a
a5038f95
0c67b056
7c5c3a6b
528f1b96
6ee7b5ea
4ff00dfb
0d985d6b
a8964d25
cff26e6d
7873c8ae
639813ef
0c573268
7408da02
0fb2faf4
f8070c09
2738b038
e1c54e2f
48ea8301
d8489936
30aa555d
997b0999
83dcef85
e0937c6c
7e1c3b54
cda077b0
31b79a65
440e28a2
871cffe2
ca8ac47b
1a9c1582
c958abc8
a6bff715
52bd6291
316568b8
0cbdab08
aeca336e
d1b65231
84d26e32
f3f7d520
3f44e55c
311d2b40
09a8ade0
45905ac8
2cf13717
4008e089
ffca0bb4
7d7bd5bc
e82ce294
ae1ff1fa
54829e89
c0a647c6
3232cd1c
78bbe169
6385360d
e44f907f
c9806003
2a31c36a
73ff2638
6ee2360e
599f3d49
7713c4b4
0cccdda2
f570ce4b
ce41670d
3934a624
69dff6a5
bf97f8c1
b135ca42
8e6388ac
90e9712b
0914ff81
cb5afbb7
96b1de9b
f0a4a1cf
7254d8b0
7409ffb5
88943c95
070820fe
4ca0a56b
ad9487d3
c8aa830c
cd748849
254f7e3b
855322ca
633658a4
fa538110
c952be97
80bab92b
0c8844d0
d8a76d50
cf4862d2
5bccc6d9
9aa32154
9a8e660e
6afbce9a
428ad4c6
fcf0a897
418836bd
11db40be
0e177f93
51023b23
8b7bf577
60b546f9
0262d2a4
c9a38e64
041b80d8
5857041c
057d133e
bbe79282
ffb1ecc9
71100306
251f829a
cdc394fe
325f260f
c488b654
35e2b3f2
81beb57a
ada35860
3ec5ec79
4faac8b8
f40c1a9c
b609b387
55f9a6c5
e9c1c1a6
4252da28
46053a6f
4960b4ce
ca9bba87
ee354651
db9084a1
dfc61fbe
d05ec0b3
05c1f9ea
17a3191a
8448ff06
56a45845
914bbfaf
26908e7c
f30e2ff8
074aa2ab
da89546d
7ed97258
e018234b
280cd692
5a0aa5cf
4b10bd83
7f56f8c4
96ae11f6
8a303cc2
e3aff27e
59bf9f30
750e2b62
f698463e
945dbb4b
953e78f8
908a4a51
a73e3c59
3675ea72
ffd66fb8
4b8333f5
4e556cab
e10f72be
d84ac9c9
873e16f1
601da073
07ee7bcd
f0b80190
b81d85f8
24cb83e7
0f38f561
f50133ae
71ad1023
c5ec87aa
72016419
9ae449c2
8fd2de60
c55beb30
aba5a81f
18f003e2
cbb18686
7f707694
9753aa94
18f18152
87f0d98e
4a3b95cd
77aabda1
3f36fde7
95881680
b2ddd06b
e19c730e
eaaf1714
0dd74df8
2e0176da
0b710df7
062c4be3
70467799
79405bd8
7608e1ff
5bcc52ec
816a3b5e
ab7bee97
5dcae3dd
c94b9eb2
713a8cae
2c81488f
85803039
dbef3dc1
cca7c186
15208d04
eae9ee06
3b1d1b57
d71d9ca6
848f3b34
4a1c32d6
6e244316
5268c35e
5e70a8e8
649b204e
8891f08e
53c35ca0
c51aaac4
c8a227fe
42452d51
4b98f539
1e6b72b4
7c3c9b71
21b6a1ae
8a7d7a6a
a8ad4e9c
77e14d99
0d085c96
dc690299
0efacb09
b2d17a7d
f2db65e2
a5142888
40ee23c8
c31b3ff3
c90b9ac8
6bcdf0c3
d5eee50d
796351ff
1c7c7c4b
65f63e95
871003ca
1b91c4df
3ad1813e
4d8a0412
328e19e3
8d5452a8
086dc623
622b7191
bd7026ea
59704118
5c929a6b
09f2bdf1
198f5485
6e81d44f
672ba501
5b3c4ab4
dc21e235
93cff84b
3f100b0e
849f797b
b751cd88
56b096f3
a08f80d6
37de3784
f90de62b
e9c14582
b3ee6e06
e89856db
9b75857b
ec650418
dbf49dc6
d48b4c7f
7aa9c92f
4d8c59b5
d2db291d
73284faf
00f8ab96
931c2dd5
5cf5009a
7207604f
467b1ff1
083e21a0
c3eacb3b
6b9e94f4
f21cfea9
db034ea9
fc6ba4a8
9b068bbb
239fcadf
be22f877
91c81c32
86e07c2d
da01caee
3c38ea03
f876c97a
25b9914c
ea801fc8
d5c26e36
5d0fb186
471ed6da
80726abe
9f2fa605
10ca634a
5aecb923
e663e234
6b7f053b
03e4311b
9d5fe83b
0eb19718
d3438ca0
4d2e4159
76714cd2
fc6929d2
92e4fd12
9ee30f7b
c165d60a
234af7e2
7eef9d7b
56d510ce
2fc8c3ea
8a2f5d0d
c10a71b9
180211a8
401603e1
6e56ab27
f907e165
75904b1d
95df1a54
fb2397a2
ca015004
aaf05244
4bde2114
9cdff96f
399e5dc0
48d7549b
37383049
1301d308
f00269c1
cce83c8f
d9672c16
0150ea68
bfcd795f
b9a7765e
2a38ceb4
841341dd
f69b4730
4c38764e
c08155d1
29312c39
f834ef66
9a55296a
3761fe6e
dc6ef910
23f9ba31
dc5d9434
66d98bfc
cc57fce1
09bb30af
2817a2ef
f6363cd1
ea10dfa5
60314a73
8a79062a
8976c37b
e10b4bd9
b2eafc65
bab74978
a267fa12
1d50511b
2ab00e09
9100f31c
bda851ec
2adcdcdc
c2116930
06685b31
7f5dc148
340e9d12
0525b00e
20726bb6
5ed45593
708fe6b1
21e0dcbb
3b689332
461ee72d
286e1c77
e326ed6d
3b50bead
50e018b1
612c2070
6119cfbc
1af2986e
750c9a53
5ff627d1
1f7e0999
26063765
e1dddba9
384825a6
c542c068
d62ad924
ba7758f8
042b62b2
2f148fb5
5ecd8d80
d6a7a5a2
1f69d7ad
c3068f62
866238ce
42122e98
babdc278
830b9ff7
3d48915e
91be27ac
729bf73a
8fcdb17e
0a672f5d
dbb1214b
8152796e
5ea66139
9448c4d9
67d2dc3a
39a939f4
96e31037
97b79652
2a7e87b9
b0d113d1
889ef321
8d546802
ff5e2101
b4e7137b
41b0743a
9c328bf0
fb30a2de
e6d05f01
5c5f5187
f066ab09
e1279b27
c35e7672
8525967f
d1dd027c
165c9ee6
e4b3fd5e
8979697b
172b11fb
d6c4db70
8e865a18
743900b2
d14883df
853738cf
02e0bd82
1bb17991
a3e4863a
108304e9
70e8da1b
f8c1acd9
85b868dc
4575c8f1
162fbe22
712dfaa0
227e9bab
51e0f91d
b64d55ed
670e7fb1
6788fe16
e2639767
8845e29b
2e619252
77207709
3b70d654
4f6a543e
ef55e228
e53c4204
32b968da
97ab24b9
0053057c
911db83f
ea163274
744654ff
d3d66563
7a0e81e3
9cc22522
e51b4c76
2cd3055e
d46ee001
8a49e2b1
ff32543d
3a3119ed
4647c4eb
52089ff8
e1dbcb21
0057a99e
1a46fe4f
8702a851
3c675cb9
5a0dcf9c
0aaf238e
9cfd5489
8f90c42b
668a81fa
f805ce13
97be450c
ab0d1ef5
d76386bf
d12c601b
5d7fdb38
f58b79b3
dff1e300
8a93da8b
83d89cd8
a8a6381d
bd5c593f
5bce1eba
830b42a6
e16624ab
7d48f6c3
5b6f325c
4c339a8b
51ab051c
d09ced4e
43b05dc0
0bbe85e5
527487b8
5ef82edb
c67b9695
f64883af
75677252
c977e856
2bd3cd83
0ff38825
812c0a34
96ce7098
ed97fec7
ffa2a378
e6707c7f
f39a99a6
f56536cd
7e2b5896
3b2761c2
374906c2
2560b21d
f993f336
8c5deba1
28f7ee09
ac98f6c8
79ffa1cc
859f1a44
80d25fd8
a6c8d1c2
fa763787
713f96a1
ac973f98
912905ae
9fa15306
38f73a81
2510de0d
70d60920
de884c1a
ef6073ba
b11f853a
7bd7600e
eb9d0013
70688933
2ed0e87e
7d4d691f
b22b9200
6fd2ccdd
7daac197
af11f9f4
27725652
e07472e3
a2c5ca45
bf3fd4cc
de5bdb20
194c0808
3a7fd137
30fe8b86
8c8a90cb
60e2ecba
97d9a1cf
403523ce
424d55be
5b7e7c28
1cff52b3
57a94a96
75e363fe
508ca718
3f9bbbba
096531ef
7ff3a7c5
d17ed9e6
df2e3aae
81488b8f
9d0faef2
c9f6a4a7
5f87de65
16b53546
9a96d8c2
effa76d8
f2d8b69e
06a698ee
a36ccd16
914d8201
a10b01ac
5e2df1ca
66a8e056
088ed434
6628288b
205c37e5
e1d72627
902e80c4
4bf4f114
0de542d6
893c0990
f3243890
2596e850
654666ee
3b9cdee3
2c7a8f13
42636a85
7d64c711
a6b4d236
c1b767da
307eaac4
fc348f96
78043112
03fdb7d7
2402f8b7
1bb8554e
4e4339bb
e31793aa
bd413cd6
0161efa1
3ed44f37
2e64b598
108d9abc
8a866523
2069324d
2b992a9f
26a5e0a6
15708c94
2159c47c
47bc542d
88cee791
864dbb54
eb5eafac
e82402d1
5f4bbbb4
abd0fde0
a03d2f8f
6cf54c68
b6f9f126
0e07d78b
848be309
ca3fb4af
38257897
2d3220e9
18b399f8
cba6a8ba
b7d447be
64c02a70
2f4da0a6
38109cc2
2af92002
02bb2c69
9653833d
08523e60
6d9c3fc5
d0b8908e
b9771a0c
d6e23287
bd6ff9aa
a21754de
2b2ca9f4
76198f8d
ca16cd30
59d7d758
3425d0af
7540ae4c
279733d6
bb0020e7
f32d7fb8
0e02e015
10a38cae
c674db87
ac8b17ae
213233ca
410ee22b
d5d964ca
4b4cd582
64a39ff4
a0d13664
e0e1fa93
50678ded
74d47993
33198e7b
cf637ae5
70620987
bffd146c
706ecdc8
01903993
09631ad3
79e9832e
48b91cc2
4466013a
01612238
582248eb
7946e79f
32cedfc2
e11f47b8
5417b69a
14a51512
447a4613
16eabea1
a0152837
4bad0329
ae3fcd97
dedcbf79
0f810cf2
9f9f4cb9
d75ba661
1ecaea4a
718a885c
5a8c9679
6906fb28
1c1a997e
efa81312
bb5cbf21
d09a1730
569481c0
80f75d08
6aa6f67e
74265a2a
88788d4f
5929a4bf
165e4e44
22cdf681
6847b559
af4c38b7
906bf3e8
607171f4
95a7a0a3
2779d4cd
4c488a80
465a29f1
979c0a01
630b4f0d
7a2d52a1
88b8068f
c6f449f4
88e0daa0
c89e1b90
e06410cd
b802116e
0e9da906
29536f68
511d9eb7
5334493e
ac4f6fc7
51de81d5
2e0909f6
69b12611
16316315
c2596f43
cc9abd71
49000560
957f34fe
ef4105c6
4533b1a5
f9664fc9
9bddc942
a7d862cc
89f949ce
abf7cdf9
89e8eb98
783ae408
43e20d85
603d5b88
918d06a2
b4144299
f26fd609
c4dfd3ad
1219466c
275ab0f5
ad857bee
64026105
5d7ace81
800788f3
6f5112e2
7c95ee13
9c3b2e02
b177c3a4
1341293e
3603d00b
a4043d8d
4cc4dba9
dad131ea
3a8079eb
950fc4c2
c4e5c44c
0eeead20
3372246d
3d3fb6c9
63c1469a
cdfeb9df
b531075b
7485f475
4accffde
e9d17bfb
bf144be2
adcdf072
3e741ee6
de601273
3a02eba2
9d2f930c
706352c5
003c6d46
13af1694
796026d6
cd5d7bd7
fc7546d5
524b61b2
3f5a88a9
22e9aaba
554d4ee0
53207ec4
872a3638
69ccbde9
848baba9
7cb7341d
cbb90a37
241349b8
5d6c74a7
5573eac7
73aa41c0
6b6644e9
9eb5f40d
f15f696e
53ba119f
e3e9c0a3
d878ce74
3768b59d
e9e92c6d
05d08d8e
c7dafd20
16c674d0
90cc3082
a1955ee3
5ce1de03
a5bde9a8
6fa182ed
01a82f67
b861e17d
16954a1b
960686a7
b1cd204b
2cb03b2d
c56dbbd7
68b70e31
25087f68
36f243b4
8a349e96
49596885
f5abf4d1
2abdf87b
cb2635ba
63b4b97e
1a999758
c8acb62a
544a8121
3a74935c
284ff44d
091bf02b
584b5098
b506230d
9ef9f8a6
907d8883
5ca0e4ed
7262df3c
6f37066d
df87ef9d
5e8ce65f
c0e55a75
0f3bc864
4ffc209b
5fa15f43
4ee0dcc0
27ce2323
70017319
13d95e92
fc50c913
e9a9c074
e655fa92
69b5ca95
fb85dcee
d3d422f4
18a6d6be
5f8ba614
631c144e
16b08822
314d3217
53f2d9dc
76d9be04
f5f22977
9471b3d8
616c38bb
04972ace
bc36656b
4f73e07a
a715e674
4d9487ab
d898e473
726b8689
f2230e70
7e48ad91
c0e6fd85
4942d718
fd62b10d
f8984b72
eeba994f
f84c3679
24ed75bf
ac2130d5
3d11cbbd
63224b80
e67ca1b2
2e9d4e76
092cc379
dc01cfe4
83bef9d0
7cbdf322
eb5f7621
3e1ae412
2087c5a2
c4be8951
be467219
212aeb8c
fe02777c
29cd82d6
a68e7b0f
e401753c
c28177f8
ce8df567
828634e1
e9980422
b558ee50
dac95402
d3bc350a
e15dbcaa
75e8d2a7
f51d7e6d
258d17d7
844f9973
752e89a9
f5834f01
84aa4697
73fc89fa
e3adf348
93b36a55
5c304f9d
7ba2f56b
0ec1c579
ef0070cf
9f1a4354
09d68d9f
a96f33d9
1a3df464
0306468f
6bfc836c
0822e91a
d2104164
08df1d9b
3bf6b6a2
25f49a4d
2d24b96d
14f60dd6
4a031970
48eeefd7
51e9ee4a
0fb3c932
d1d1e98d
d716e6a9
963c6a0f
b03e53a6
91bfa9d5
87640e40
d882b91a
436c7c92
f70b1f4a
8ded7f12
2566504b
d3ea2143
2fa3306c
fd5e9607
52e9f556
1aa79ebd
3b134493
1debc354
6efacea3
2cdb68c5
4b460e26
85cca9b5
75bdb580
367676a0
54df03b5
698c3ff0
13c8c054
906428f2
b4a995e2
ccc2dabf
95af0bd5
07352ec4
f3554926
c3a3cba8
7e8274ef
0f978e44
6e452fc4
38f1a82e
d0876e4a
22ff0421
8239fede
06f3ed93
e5a36fa3
05fbe46d
4e40cbec
7b7d9eee
75c5a2bb
87721e39
b5642b7c
64f28882
da0fc9bf
641ce3c3
94a70e11
18a19aef
d429f47e
3e2a360d
31a521ec
a32f267a
5f69f7db
c0749f4c
2d030cf9
f94a898c
eb3dcf0b
d2cabb7c
d69b6ded
a2d7965e
0f083c8c
90f4fee3
1403308b
3683fe18
f55c9aa2
b7310378
a737cbd1
37ca20ae
8b78c3fc
824e9cba
964b3172
0eb0d842
03734466
6efd684e
43fb6a7b
9576e650
83bde74e
a1285546
4bb405e2
bcf3ba19
a7da6476
2d211d08
b8570222
b915c442
45d7825a
6156f6f4
4921d5b9
0606b72d
ccdcd98c
3ced0d0d
1022f73e
4b5c3dea
48e06ee5
f8e5bc73
fc46ad07
754f2eb6
e0b02e70
02882a35
8b84e806
41437f95
2928b119
f91c8135
e8f146ce
b538e1c2
c517e09d
1aaca4a4
9e401923
9704209a
ac0d09bb
6fd48484
c4d96d72
51da0869
823b2f91
a742b323
f717f0cf
acd0f092
60797bcf
3c364a65
9e5950c9
bd07cb22
9c9ee08d
dd84c7f9
80e56cb5
c449392f
534c88ef
e8e1aa75
16f83b42
a2d6e133
8ae540a2
9d68b21a
c517822f
7b718f86
8252acff
2f4365b8
d23e066d
96723d85
8f5898aa
dec26ae4
46d61bd3
19c60c2f
16bc1377
e6966ef6
20033d49
a4b8780b
d2b1d433
c7a00405
4ac4c0ad
7356941b
01c2de93
67b7d2e4
a34f5af8
addc7efd
3c8f7347
c33de986
7da1a2b1
08ddafe3
97944db1
3da43da6
b5a8984e
fdcbeab0
6406fc16
4a6561b2
756b4877
27b9b8c0
3f1bff47
fda49a26
0505f354
eaa719df
39f2e0d5
8babeeb1
7b61ede1
c4b1ebef
89300b95
d80416c8
7021109d
46e1063a
8c6d01ed
50e8f70c
bb086e3d
b03e68ff
462c42ae
1774edbd
413c2f09
6c9d8279
50c38c48
891553d6
c48a2f3b
dd546bdf
0a022f7a
a7e923ef
d31bd7ef
ccee4f6f
7d7b6be8
3bf2e527
2f18da95
1413bd7d
35ea88c6
9b994605
ebace600
77e2a724
7f04f4b7
eb7fd736
193c0769
0c845e2f
4b10ca27
f92fbb85
71c16c31
cdaed881
04b84fd8
4933daae
d2c7dfc1
6040e8de
081f45ad
9cb93c09
f9ed4dae
92a500b6
643baa72
b018649b
41495bea
9e2fac87
d1acef6b
e71d2e38
cdb1c7c8
c14a61b2
d9528b39
856714cc
dd0c3aa9
9e8f48a5
5068845c
5e56285d
0e9d21ac
7dbdd3e3
dea45ab1
6b2ec9ab
66119336
41210795
1668cd1b
aee5967d
dd8613dc
d5946c7d
59c706cc
f821d19d
b8a5544c
193a9190
78723aa2
6a243b88
981c6ef3
66a6bf06
b3d3c163
de3b5754
6493da1b
6810a071
8e276c8a
9ddc6f68
8e4fbbbb
97f4691f
0e0b60c0
b4febcd0
9affd1a7
a0f743ea
69495ab6
515cf915
e8a13eab
b5036f79
6b42baf8
04ac623f
a4f5af59
70b01079
014d1d03
3f19633d
5003d8ef
07ec5fbe
94d79328
400bda84
19782576
6d5aac2c
c546359b
fa60e1dd
ba866001
e4519ed3
b30ef8cf
e9566845
1537821d
1bebb754
4df3813f
1e1a856d
10788984
e3bde6d3
4cfbf63f
fc6407ff
ac6113fd
5b98eb1e
5624abad
f185e6f6
d18e0062
cd2f8cbe
c6c97627
008f259a
e171e5cd
0d59a26f
a07f404d
2f361671
b0d39e7e
3f35f55c
bb9a400f
56477c30
36568baf
5a732add
7e0a0b47
3b1e9c0f
aa0945d1
26b950c1
c292629b
44ddaa98
f633059f
d4597ed5
18be71f5
46de37bd
05f96877
b0116480
e41ae4d2
29120247
5c96b5f2
e1fae8a8
c8fac487
a75596e0
a5e6da77
7c1f59b4
be17a6fa
35617fbe
81b8c958
e986ab10
54e09aa8
6903afe1
e0b72b68
0a1146d6
d443cce1
9115bace
8d716e03
ff3b03b6
48b2d674
acb41e2c
00ee45c0
3c1dfcbc
5c55e483
7e072be9
507636c9
8210d4d3
a9edff70
65ec127b
49f89264
455046c0
a5d553cf
f11255aa
c7e6e8df
c90a8bf1
cae01bf2
8407091b
e1681435
4cf7d1c6
99dd760b
d316a409
fdd9c352
4b34edc8
125b35b7
a741319c
9f2ea59d
cbf63dab
59c8254c
690032f5
7f8a7894
0050c080
98bfde7f
0fa50262
b1368dc6
30d9e561
2b4acd3b
24de8769
cc1e3b10
a911cebe
8dafadad
f81fa324
d38c581d
64d75ceb
21154924
66659c4f
059d34a5
06fc57e4
86ce460b
75e75321
75c6c280
36f516d9
c9199f7b
7f96837a
0583253c
ec9b53d1
bee42dd1
7cf5c827
eedf3910
4f9b6a1f
a81f4c6d
da727f49
d776ab15
7f5caf11
a7b21460
ccc61b1a
dbd75d8b
4dbb9c3b
7dccb925
3df54783
fa539e60
a3476322
829bed2c
fb66a294
e6847877
cfe141f6
862fe757
ee16269d
e541bcd6
1709495a
1c5e62e4
7b221e7d
1532e0b8
8cc9d91f
8b20d65f
f24fb0de
6b93a13f
5c6eb1ef
8a41f015
f9925615
38280843
dd21beec
b1d2bf34
8332b943
2d7f0c15
a9e6317c
e8148c0d
79effb75
a82bf2d2
563a24d8
c7568179
b47d39b5
d4f8aaa6
1cf21b98
ef61c2de
a0810584
18264c9e
6da80608
d7a5a975
1f5fb90f
80d981c3
5d0df2f3
0108e253
308c5059
b8429097
8878aef7
76320ef3
a5f4f3da
d9710187
35da96db
1e2e423e
7d53fb77
6fc947a1
b07bb5b5
89fd7079
46043cb9
886e7bfa
d3d59255
95467dc6
562b7612
c61ded4d
8b2e714f
d268f267
06434711
e60a4352
e02e6c30
90506112
96892f47
69b1fee8
ddb6d468
7a0e7e53
acb27481
1b9d3362
aca53422
b107bc20
84e45093
1b751d44
d298b97c
2c51673e
572cb447
452c37d4
e7c5455a
a4155262
87354e57
005ac7fd
a797d289
65336b8b
440cbc25
c4efaceb
30e6adde
40451faf
bd5d8de7
da5a98d4
fb5596d8
aca26784
2072977d
bc10151d
27fb6836
d74ba61a
c3c86fc1
16c9c009
e6e64f19
868ddb47
da6b1c1d
ed442ad7
ba12b14a
66a45129
d9f0e0da
81934a89
59e9ff0a
d9d8a36b
a2e70803
be93fa85
a70b3108
5b6bf19f
4c1c8e0d
01e7e815
24590db8
02a1a129
06a95fce
73d92a0b
18d9c6af
b0e00f46
24c581cb
6409aed7
79c3be69
3287ab0d
e8f207a7
a8fa2cbe
9f3c443a
bfdae496
6502a6f6
cce2e151
c2c7e3b8
82dc2563
022a95a5
0c7e1697
99f7a0d1
34400155
3a84554b
c0a53fee
2ed293a7
57d7cdaa
8691a6e7
77a61010
9161efc2
c93807ba
e39e4824
7111a5a7
a4d0dfab
b7c87b39
433d42aa
a6c757cb
d7f87bdb
0e38984f
a1bee767
83756e4d
284b29fe
b079736e
0d3ac535
19759bcd
f654181e
0d364b26
cec79214
ee186987
1aaaf651
54031eac
00b4dfa5
664186f3
d18727b2
082524d7
25bcf716
780f0bc2
82c103f9
a0ccd2d6
bfeb3b53
5f741243
ac1f06a9
3ca41d13
e772e444
edacf126
d47629f6
cf0557d1
6c75ccb5
c9525659
42f8bb41
38735c08
35128118
a9cb5ea2
51fdac80
7265a7a7
33128484
fdaee169
52d6bbb0
d396d908
30b24249
27bec426
0a034c02
8a7a5785
1c978054
60ab1dcc
7b2ec8b5
081bd084
bf06c730
9cfd539f
9adde295
7852e9c2
1b784916
cb202f49
11a2b692
7872d952
a1e6e5b9
cdede0b1
e328d25a
fc40c1b4
0477e5f4
de5bc5f0
027b936c
81c50597
bdcff859
85566bce
b75ec3be
6686da58
dfc587a6
68d68ee2
147a5697
898999cc
bdaa5dcb
b0d55e77
97ac284e
ee27ee57
ed4fbe5e
7d3c9a11
e8707441
4752a334
fef89f26
00c5cfdf
2e5b30c1
ac65ec33
345ebce8
41e65fa3
3a026756
eabc9b00
26997ace
09876cd5
b4c4db69
b9446e09
f94a2152
bae88d9b
d01171c6
0484d8f9
f2ea6955
af48159c
173d21fd
574703f9
5a0742c7
8c53dcdc
991d4419
d6dece8e
bca07b98
0956d652
573daca9
94c7b4f8
1c1d217f
96c59e99
13cc5c31
f62425a4
07b7cf93
8634f52a
522e2f16
c351e5d8
5b4ca6ef
4da89614
208622ad
fe62edf5
6d590a38
6fe848a6
7d3d74ee
08d74636
48ef1323
79ed7c44
aca6b2f5
cd55d39a
08a4bf57
c5e99720
3b6f4ead
7bd5c013
51ae3e85
d4dfe1f5
69142294
ea5c330c
e4ce8d26
0b0ca29a
24c0beca
3f81508f
63d8f24e
ed3b32c1
d3c12b2f
5302de85
256cdcd5
02af56ab
28d91848
ce30d632
8992b4c6
bf20c3eb
c3e55fa0
68bec79c
66889a22
2c8acf78
2950f2f7
9c1339e2
054f43a8
40ab79d0
6b6dc6fd
6ba6889d
18005f45
e011d7ff
a70773ba
0438437c
63669b1b
16e54004
cc6bf41f
2685615e
64d409f7
12192ff7
b3cdcff2
5c1b7358
728bb82f
e1d77610
d9caec79
ae01f884
d8a3c9db
7e083c58
1fcf4d0a
a88fbf21
273fc10d
ba109544
168d434f
0db8bc02
e16c7935
62aa3984
b4b878e2
c40a0b90
1fc39393
714b34fc
356b4242
afc594e9
ef7a7f14
23348dc4
fcce6221
cd242cfb
966a2ab8
1d93f577
2e88ba66
825693eb
cc29446e
0e39da48
99364fae
66122cda
f9efb245
57d4135a
27e7d7c7
84eb36c7
45194b9a
391d1de8
b1d6a560
46a6ad9f
e103b89f
956bec06
abbd13c0
e2168a1a
89e0390d
78b4f475
c21a7f91
d8f88aae
8ed0434f
88cb85c6
089a8c98
c802f52b
218b55b6
bc34ccc2
a3f23235
deee337c
30363c1d
7d955e17
786cf84c
db899ba8
8c2cfc55
1da27bf7
590c7517
b85c329f
28c342f7
cd5ef93b
e4f52ffd
a30dd7f0
293ae380
6e33e67a
7fed8d14
1517fbf8
ca9bb169
ad5dc7c7
d534c5ce
1281c6aa
dff9f643
c2a96246
51af366e
fd349295
64ee8d1d
5eefe600
fdc1d609
64871681
a03ebece
ec58874a
5f24b435
28feb4b0
7aad4368
1b262bdd
36d04597
77c85afc
22f3446a
4c57bb8f
623dc189
dada8212
691b3125
f5fad1da
b6851cf1
4e6e9b7b
59520821
b91dfec2
e8705b74
e5001131
07afc197
d318ad7a
3882c0b0
a5abe05a
bd435fa6
640bc9c1
65494411
0e0070fb
b03598be
6cc6f0bc
fceba2a5
4297fe38
fc9c8ea9
79a1337b
919fee04
dab31d95
df4039f9
ab8e29ec
9216f808
8bc7a74a
084be149
9a317b59
1360ec1c
be6f29bc
3e4ac4eb
437bf573
92b649d5
bb12817a
5db6c5f1
821d608f
236c6d23
fa008063
0ccd5c41
2983e274
48c3128d
b7e1a039
1a3aa337
536b97f3
5b06afba
3a64b7e6
e56e00d9
b3d4aa0b
bae771f0
c65bbf7b
0847d6af
c981e8d3
22afbe7a
788eeaec
b8cf2db9
e407538a
1b3d8b57
a8fde699
a60f4167
dbef52df
31da3812
348e41b0
ebcbb59d
fbe8db46
e5e974ee
d51709b7
2caf1d6b
099c7548
6483a528
57082199
247d42e9
eba0a452
7b68dac8
af41cd15
077842ac
286663de
b5d16fdc
922bc1e5
5a928534
91cf2002
7626170f
07cc7f94
ed2b9249
ff85ed3e
f96f62c6
ae4fdd17
e207b36d
43af2c67
7097605f
8570bbb6
5d51f4eb
f385b4e3
f975583e
d2f4be9f
16d67116
182dddb1
40a58a4e
0f10bc7b
68485dd6
af2a30d2
d4ae7a11
bc925959
59b42364
f2d49f8a
50835c71
f7163e86
15cdbe1b
25858014
e58b3254
091d25d7
2b543f8c
e3894b0a
0fb015b6
42fd52f4
18e81a49
e4561214
2f5b374d
e4332249
6a72ab01
d468638a
7ee64d78
31e86065
1335702b
1d8c03c3
66caf99d
f8abefa1
c944c526
c2bb48dd
cde3af67
0c2d74a6
fb58d8ef
cd4150a8
3f513f48
d6aeea54
faf0a7f8
313f8155
7c5d8b14
22d890ec
9292d89f
24e697dc
c79e7b67
2a22e2b0
7e850234
601037f8
0f472b36
929f5a0d
17e44c2e
2735dbed
9ea69822
1d44bcf6
91c46be2
dd7e3632
256d8413
cb63e709
034317d0
1608465b
f59e6c31
b96b1db9
b0fa6ea5
8871448b
898bf4de
671b3341
c81cd5d6
8e027b1b
44bec2cc
228d34ad
276c81e8
d9bf4cc5
c91470a5
573f96c2
e451db1c
58c0dca7
d0235153
539fc89d
ad1ce0a0
a3fcc5c0
f617d14a
0edc4e9e
9b978695
23854191
d63ace2f
870ef043
551490aa
70eb2ebd
41b0130b
23a36beb
6f9fd711
b024ee7f
b0fb31bf
df937d80
a55bc2a3
cd230471
8b9aa22b
56e16b67
329ddace
dc36f0e7
335bf565
aa972b02
83822dba
73a47eef
a0388046
987f9bbf
cd34b304
a87f9d61
00e0a359
711b7e30
cc99b1a8
c0c83cb3
1693696b
27b45239
4d40e512
e68c5740
f4c98d59
685abb54
f31dad4c
c57b2f51
d34700ce
587968dc
eff00b16
139b8a88
cf71b1c8
f2c6a0cc
d5ac2c4b
7b2c3a12
b2afd446
0950cba9
27be6c3b
bbdb2daf
e43f48df
00c88699
2f0e0c62
0d94a8e3
2323a1a4
db003b07
1af86350
b59b677f
71f55a19
7edf30a7
3973e1c4
c2fdfb84
a76fd1c9
e8c24588
a42a6157
ee25040a
a7719503
a9d1f78e
e1741120
6d429dbb
3df49542
8ab7ecb5
d8d6e9c8
a06e3456
e78dc1c2
d057e588
7f6918a4
576c6ed4
81eed811
0f549058
d74b4d84
f3191ad1
a501f5ba
66807638
e5c2fa39
9f56b7c4
1e0aa186
08030cca
6b09a7ea
984ca34c
2f40f839
b9962a55
54cae3ae
b5758c76
6c97526a
0e1dab84
eaa1944c
d8059c28
a5b33d02
c59574f6
334be26c
6f3ec352
860370ee
8ac140ed
17dc4bc3
47b94aed
20025403
e3558c30
8e2e03ab
82071245
3da04c1b
3c7e84c9
72900f3d
2e48344b
3c701137
433038e8
d058f9d6
9e66483c
60c2d97a
ce6c161c
0d5f0712
f74eb2e9
9f01d6d8
e576b7ea
fc9e2bf9
7126b2e4
3e921464
f95c93f2
6de2759b
1cc7200c
f55afbb7
6d21f659
28fcb758
e771c826
7ec9183c
a3b8ea0c
81cdcb7b
20699cd6
78a36986
a0a2cbc1
e500f846
1ea978b1
0b0bc64e
21d66d14
7ec46874
14a76265
a34fae3f
3fc3a5fe
4d7d7fb5
0529785e
1879abf3
3ac9e070
e059bc00
25efb7c5
2ca193ed
616b6b35
bdbd7eb9
ebb5df7f
2bd79343
6ba64d0e
ca96434c
bb257e54
faca0d94
58d79396
ceb128ea
cd7b7ca4
86852674
951272c5
ce039195
c0fc8fd9
e83f4d56
ac193d43
e81bd957
fd12ba17
fd64022f
27ca0e6b
44548e03
6e635d77
805b29dd
e3d946a8
e22da63d
eba83836
8c59dc2b
59811cde
e60a4e41
d4f2c1ae
3e047367
19e25a47
2ad43ede
af822a23
0f89c964
06195ef0
fb013ed4
6cda3e3a
acc622db
ac845c39
dbca7387
c5c84699
3ac7ef1f
75516222
35e2e02f
2ebe54e7
35d3bae7
77b63751
ff7cfc85
acceba5a
bdd6047f
74b869ee
a5ff2e91
6d605728
fd540a65
63f84065
c809ad57
66001e48
27f5fe0d
36a08bbf
f14ee175
03bfa5a8
287b6489
94e9b3e5
144694ca
8511b424
c15f2b3e
70b18f70
cd7371af
d3825e99
2f5187e0
2bcd6540
a428017a
8fca9648
7f86020e
1e3f41e0
56292e4d
4a7b9286
2e396229
91839960
53c3039c
93b2f9e1
ee0d1ca9
bba11771
e36a184b
6eef276c
577813b7
d88b8ef9
d0efd09a
e9835b4d
3eacc15e
a38d2f75
57cd8afd
ac972824
3ba6d3f7
c33c3cde
13094328
c5632096
3ee1a45f
8f0285c0
8a439ffb
fdff51b2
7a1b38eb
238c9fb9
13dd37db
51034e5b
a7c9fc8e
a9899b8d
a0c13fb0
f8e08806
3c472da5
eb0b613b
1a2eaa57
6a304233
760d315a
6bbc0f6d
777c8345
6d2a3e89
c5723e1a
b690a971
5fe725d9
22ad49da
16a84cf3
b0e8d7bf
7214e0f7
7d763ef4
60d4eb65
1aadff33
9a8d29b2
c9a29e79
9fb7eb07
bfdb77c8
66f5bc79
c00873b6
92405fec
951f4409
c53b3ce5
2f16406d
d25dd1bb
172fb944
13b68c58
14e582b1
e36d8f75
310b5188
a5ff6d90
85f6772c
248153a0
f0e3863b
87ec63c3
3dcbe683
f55eec84
4c4aac99
0a5508a3
bfec84f8
ca43e22e
7ea22e85
3f89c853
8f9214ae
1d8f628c
441bf6fe
fdf2f8b3
f77b5721
0dfeaf19
d530ff42
24f0c324
432e95db
83a2e804
5b1755bf
e467fdcf
46664508
cbf5c13c
7d4a5efc
8b6e659c
dcc0b985
c2cfc3a4
3d56e290
e7347016
98a2cab2
9f9630d1
af63f3f5
fe6cd7f6
d03a9295
5f5fb734
51977b1b
f91dd3eb
152cad1c
f0da3c3f
0b7e1b41
ff14fd0f
d58dac20
22d44be6
3bebc118
b79c2d4b
4dc493dd
46ed99fd
c06a59ce
e045b913
5ed3db36
03dee708
d0dbf775
47dbebb4
e288bf96
a93d1577
2c083af6
4f9f3116
88f2953b
4c11a094
5ab21afa
6ebf91a7
54b1068a
6f6a985b
ba49af8a
a09d5a64
c064ec79
8e07a2d9
02c3f8d0
2a307bb7
5c62953c
4e7314f0
442c3c09
290dfd3b
be8e39c3
cad36b4f
0bb1a409
8c182dd6
8519291c
3a218dc0
48dd6f6b
9737732e
660dbbd0
28fa4748
8ffde10e
05bc0022
12903567
16a868da
be24a18c
b9d30cce
c0b39449
b032999c
df2d3eb2
4b59d468
1249aa01
21a11e6a
8abca35e
9d0f34d1
802e46ef
f66885d3
64600cdc
bafc0ed1
8720743e
a292ae35
fff7c258
230dc69d
7082df05
d745b803
1c96d803
c657059b
77a89f6c
67150727
cbc5dd31
013b5ab6
65dfa214
b1b56a28
a1ce434e
7f8557bd
cc7bad09
6dd25614
489c57db
659acf7b
4b0b2df6
46b47d40
0b129f8f
4c17d47d
101ef757
0ec3b702
036d73d7
e7c6aff5
1a817f2b
a615666f
aad08711
6004f0ab
76a563ce
68426b79
9bd4201c
34b3c610
dd24dc97
7fa40cea
dfeb58fc
1fe45c4d
9f74f86f
f0ec34c3
0a48eb58
04abdaf2
b9901924
60bbc4c0
c74091d3
ea24a9d8
97326685
be0255ad
85ec9880
c12d14c2
54d52100
cbab145d
51a4f4db
577e3f9e
97535b18
3c81b0a3
1c7a325d
91dec095
e2bded1f
c14f8d75
988edd61
24a2e19d
bb51996d
68dd9162
bd453b04
50808071
f164d830
b885dd51
a70d0730
d148c296
307435db
941e1cf3
3adc4ac9
745c07ed
1e0fe95d
7cf908ed
b46c90c7
a585e3f0
b022562b
3decc51e
995ade03
a5a139c5
01d668ce
d9e6cec3
af19a390
a55f3dfa
ef5eaca5
b76d9c4c
1972fe67
4d3271ce
2e3d8174
49a34a0e
8c999c0b
a8e423c2
af919b3c
05c358fd
d8c23b9d
f0fcee68
2c60143a
f84909b0
bb76979a
e57494b2
546d3b81
eb6fb584
a7281be0
6a240fd8
3569b1e8
4c344511
6dab57ec
4bea4cb7
e363f0ba
eeff513b
e3cd8392
8ec468cd
d5dcf398
ba39eb79
ad3ac28e
edc915d4
b9029d73
62cc18b4
0dbbd787
55ef417f
a97442fe
90f5ae5e
9f5a0401
05cc6ac6
70a9f453
483f562d
663392d0
f49c02d1
1c4e5721
546da491
99bd246c
7baabe07
9de80454
eb62c5fe
34633daa
767bb30a
841e186a
95d17a20
69774502
c21910db
38a7daf0
e9dd0654
4cfff631
6a50f23f
3fe6b760
f697e932
4ff427b5
8e01eb17
d46c663a
dffb5ca5
7d5f4a67
95bcf270
63fb3e58
7df6de84
526c9741
41cab7cf
35542b79
346628fc
2f819eea
49fa9fd8
a1b703db
0303e429
415d4c74
f4e2a8c2
e01aa2dd
f5571724
8de3264d
0eff0bb1
1b4d8ec5
b236a07c
10e717db
5cbba2cd
65024b9d
09c8ef7d
65a768a1
7eaee3d6
0b334731
0aa6ecdd
5681ffc7
0a86a093
81475638
a74579af
0d8ee885
f60de048
1a2c9884
beb7fe61
479b859a
d17501d6
8d3c6bf0
abb2e82b
84d1b30f
3dec341b
0d78bc1e
45aebc47
c6e2c6fc
3a727691
710e95b3
4b24e599
54927564
eb4f1d18
233252dc
6e2f787e
559e11f2
f95576be
bf5a1105
72625b1b
a792e747
9808efcf
8fa204e5
9249ac6a
80f1ac68
bf1e7a2f
a6c8405c
cab85120
9c0375ef
fff0ec4e
7460060e
4bdc53c7
58d697a3
772cf1fe
92eb9020
39b6992b
b27ae6a4
49cd768b
14bc4280
2ae48c99
b4ea1ad0
6dfd4f44
d48082ba
7826de64
f496b1fc
0b14a874
5e6a16a2
79294c0a
a8e12e67
32ff6676
07b41d30
9d229782
5e2176d4
d63771f4
a10dd8cb
c2959dc7
d3cddc38
1f8cf879
87c40c2f
a831a24e
a6963abf
a118f410
6cfbf869
d8ca1ec7
fe9d3efd
7cdaa71c
30e92d1a
98ff16d0
5ae9347b
c0115088
832b1dfe
52ccbb4d
8f54946b
2a221082
370fcf24
6782ca3b
cd3f1073
ee5f717e
34dbb411
e00ea7c6
dc1dec63
c307852a
a17d2e2d
66cf6d44
170f0f08
7e0fde43
cb2f5baf
7eeacf2a
7b41bc75
8de2db6c
c8effc24
be75b9a9
03df0912
55ec59be
c41fad4e
c9530c0f
06880470
22e7b21d
041b20e5
88a096d1
9b5e7468
5987c057
8da560d3
b8f89683
4fdaec89
e3a28d00
8a3b89db
05f2a0e3
a4fe1d46
12dcf900
a879943f
cef33c19
001dcf7d
c6e468f7
835186d7
b1cc1ede
201ce905
3c4f8f11
b4105f20
f6ff1e93
0682114c
200a8d01
0ec37fcc
832421d8
a6cdba03
10a11c6d
aab6a3b1
cd5d50f5
f753f0d2
439fb1cc
c97a1a0f
7ff9b7e6
960c4153
8b52436a
3e5d1a3e
4dd183f2
e81d226c
2ee1ea62
4d0b61c0
52c0ae65
a4e2ecc5
13bd661e
a3992e49
49816d7e
6e96239f
e3cdfaf0
12431fa4
861dc890
7df7d471
1384f612
a08a3cbc
0b09fbfb
4e06a04c
52f40e5b
fd177a4d
731a048f
3dc0690d
cb899200
46007bd2
df4a2858
a8cd981b
eb2c3d64
9c7adc7a
03d57dd7
c95967d8
48006ecd
1559c3ae
c45e0a76
de20d8ee
59bca3ac
81c16924
4e978c56
81e7a826
f1b7970b
54445039
08450705
7be7ba2a
c3f87c28
d3fcddf2
0237c572
88e15a29
eebdb237
78f7f9be
42ed178b
f235403d
aa3078b0
e3a169e2
76e791ad
d17b7b7f
771084a4
35d7c7ff
ef598e02
72c2854f
a3635893
3e33a529
3559ac07
db3e39fd
801f35f8
96b2fee5
9ee8fcaf
42d49615
f5e2ec07
2afb706a
5f4369a6
0a6d2df2
f8732a07
da39eea0
b98fef7a
a760d818
da9bbec3
e94256ce
faccf23f
baae72aa
fcf4c72f
80c8da63
4b745b1b
6ad1c3d2
f2c869ce
7a3584c6
37cdd545
0a34711e
0126c3d9
446ca447
3bf177b0
ef7d3510
db0e5ce4
0b061348
4bc815bb
cbefbeb9
9de4f818
2fd70e48
ac828b2c
486c01bc
6039dd64
969ab67f
22485133
75f45b70
68ed6245
2be205e0
ea66400c
96680260
a9eb6a15
8b8f66db
0a765009
bb443387
77c575bf
3be8f245
a8dec35c
a1cf4b91
a203a4fe
d605cc40
8557b4cd
1cf3a8a6
345fbe85
7347645c
bd608196
da40ee47
63f8df9b
30b9b276
3c80cfa5
929ed589
65c10ac8
b5842267
15b60318
3eff6b2a
294ee635
cc1d701b
49f7024d
69c2b6e6
d4d33986
16db4207
fc475bb7
89b35f6a
6b51637b
bb5024bb
5d80e91b
477068f5
915582c9
a3ad6cf5
d81dfa62
e71d6ba5
6a1f04f7
c01f8f42
bb7a1b4d
64cab9b6
c703310c
67712321
61dd54fd
ed3a97db
13485199
ee1b6e48
6820de28
96d0d9f6
8c39e1cb
132aa430
4352a1ba
6961abec
08befd99
7a270146
5e3bc9be
ec22c979
a7cb5cb4
23606a98
30f1abb0
80b75443
fd6acab0
7fa1f474
4427d14c
99d91c8f
0e72dd46
d356a097
28c8e063
86dfb4ab
7aad0138
c55aee81
4b88e9d2
f6f78cd7
142becbd
e46afaed
8fb12927
f9ecb43d
197e62a9
f352729d
4af627ff
ba8a1eb7
acc38adb
25f59c95
2d772075
8275e5ba
af323fa9
2675586e
66bdb107
52cbe01e
4fdb675c
7eb3cdda
4d9a2a7b
170a2408
6e364083
abcce8ac
f89f38a3
39531a17
ea18f0b4
62a98352
24d979eb
34cfbf63
49345dd4
559f88aa
e4b2e214
965bf9d5
9abcc4db
d55128f8
44f7bbc3
b2d1d1da
b6631130
aef6846d
a141acca
4cbf8dc4
3e934478
65d6d068
0fec6280
f5ea309e
2b81e629
c6c5172f
1b6c3b46
91567d35
eeb1fa09
b5fb91bb
642725c9
f2433da9
105b6d03
682d69a7
ebaa17cd
763fb203
665b1bc7
a363ad68
3a1e2d6c
aef7c93b
1215238b
95d55779
cf680b4e
d8377ada
030d6e7e
a609b218
0984035c
8e8a98eb
8ee01ac5
28c9757f
5eed6d3b
8f3d502b
41248895
de43677e
5c3b9cfe
3e551d66
73611bf3
80edff69
583cdcec
31df2c26
1e3077ba
7f2704dd
e2a3c01d
5b74c770
b8b6686a
ad105ac7
d4b05b94
6534edb5
8e5e11fe
6aa88141
47ff5bd4
8cf9c17e
c91c1db7
c3a002c2
90658e60
259efe17
eac29062
e0a7e0b4
493a33cf
0b9c2892
21df82f8
b305f553
cebf857a
4c5962af
2acdce27
f37f3058
f9e04dab
69e7ceee
e4eaa89e
9dd918de
40c1139a
3315ff71
6fad38bb
4867095e
f4116798
2bc2a7b3
d8b60b32
465a06c5
7886f1b6
6cfae52f
3809f0e5
4e4ffedb
20113c2a
7fa833a6
43d00173
53c4f7f6
0fed47b5
b68f03d1
bdc8c0b4
b10388e4
2966a8b4
041bde66
862c2d5b
3fcbe9c0
5b782af6
a8d10895
391dfd9d
3c945b59
d3a49bcb
c3a2382a
5e8d1c2a
33d817cf
de402f70
c67faef5
124713f6
f5da7d0d
e03d79f8
dda0e20b
47fe2ce6
82c53638
2c81fe67
14b1ce72
6a97d95b
189ab6fd
3376ab15
16ce3cba
f5e4afe0
8feac514
097f9349
1b928cfc
ca18d32f
9c164759
52f50330
d1fdf4e4
03f5edef
59d0a039
f08d3bf1
3794f135
50fcef0c
d066a504
dd8b2fa8
b2fbb575
cdf95d6f
2a8f4d27
518e325a
b41a0c53
170e1dac
802051f6
bb1025ee
777bc58b
1e72f843
34543bf5
69b1efa7
8c1b145e
f2aa1484
32fe02ff
4a2318d6
2fed513b
b6135915
06fbf4c5
877e371c
6af9f9ee
299a96c5
7e1cc09f
5e1cfd8d
8950d556
d994999e
08b0e400
30cf9f10
6c2815d1
a00ecf77
98e8f33d
60b8384b
8eaa68ea
4b58bd8f
e20521ce
1fc3aeb1
805ede88
238a5f9b
4e27a2e9
1791eb5e
12eab3a1
c8cbb556
5f522375
9fc03208
6274894f
e8f65e8c
2f20fb4a
7e14d848
af546263
c62d9b49
170fa5cf
8886ad9e
f6e5e2a6
699abbb3
19f60fe5
1dee7b76
c9bd9c75
ba6e1711
d48a1115
286d1e82
35bd3580
28cc8a37
fbf9237c
e2088206
1e497530
2f8d09db
819a03dc
9268b21d
13d82dee
f8e6a27a
1fffcf64
00a59518
762c0166
b98493e3
6d489b7e
0d8a9403
d6759b3e
4e823265
c2c5d94e
68a7dfb1
c92cb2ba
cfa71802
7a7b279d
74e422fd
49d5ba66
e0a11906
749c0c96
7291b52d
0c0440b2
bb05c26f
301623ea
e236df52
cc6f2909
48d70cbd
54b69437
79127c06
7586933a
42a8cb12
b2584aa4
6795a318
9450475d
839af12d
51d1a43a
8a6400bb
3d8a7ff4
2097978d
e6c6e44b
bac82d23
996af0bc
8ee3bbd7
3d692577
4ccff44b
b67c94be
dbf6eff1
de140502
b65429cc
2eef0eaa
434f86ee
ec60933b
f93d432d
d5fd176b
fc37d21e
000779d7
94068db5
20eee374
57ceaaec
269f6970
ee195cbc
22615818
2e93322e
07e703f2
0ea1033b
9c23af84
2606c467
bf5b6fa3
e3ee7b68
0884a346
ee5999f5
e4c01d57
4e8b78c8
6c25551f
b0f27c20
e75c86c1
efe81dee
61f55017
3e7edbfc
877849d7
cb290e09
c2bca67c
a40e7f67
5afd403e
066502f6
d1a8ac16
64175e31
8562ba3b
a349d43a
3d727913
73736a4f
bb2497ab
901bdb8a
86429f49
b3fad624
aadf09c0
e6f8ec30
1fed7df4
58cda4ec
700b96ab
1e862c8a
5b866dfb
4ec9b245
71b4334a
c76e194e
af0f16e0
9974de65
0d78d8a8
8274021c
c0cc3789
eff00e1a
8e92649b
02f06854
76c0983d
575c8003
61ac4c35
457de6ca
0ecc6031
67cab6c2
e76e553b
c90c883d
faa1421c
8975a857
2d16014b
31231b3f
7916971d
d22ade8f
64199774
43a33767
5bbbe8c4
f029e4a9
7638e54c
5e010b12
76fac5e8
66f4d7cc
674c98e7
87d63d51
e3cf1a0e
353675ac
64715dc7
bff0b55a
2bef718d
1789c821
1cc044a8
a5406a8c
af94d83c
40f9764f
a5fef92a
9e2f209a
7fc2bdc9
f55dec32
742a5275
3ceb3529
4fccf467
aad0eb76
00bb3b6b
114792e6
f6ba9be0
cc414e58
944bc55f
f29ca39b
b4b07054
7ed7ed7f
cc187e3a
c26c4f06
30be9bd5
9cdd551b
64aaa4fb
6b490a44
07bdaf9c
98b0475a
512ebbbc
24465cbc
009db97f
92793369
da83729a
4b195dcc
43d39877
f3af06c7
98ea7f9e
61bd650f
9eadd178
3b05f3bc
54fcbb55
e4d41339
b47dc537
e4368bab
1eb988b9
269996bd
27529803
aecd07b1
25ca1a70
083b55e1
932b084b
72efb3d8
c03979e9
5985b3cf
8e4f4260
5d8ed5fe
81c4fd20
c580f9ef
31f15d19
c0a4f13f
c87ab5d6
fbbb6d50
689de623
4daac3fd
cf5a1b1e
8601a568
9826f83f
c52ecad8
9541e2df
f403bab7
e3570dc0
f5dfc8d5
9c4d193d
24c251f0
4e9fcb95
c6045f2d
c5299ee8
26598bb7
ce546947
be2f11f2
57010898
6084693e
50a3dd90
5d014296
6ccaaade
ec760724
4a597d7a
8cb7f047
c320e895
3e3b30d6
44ee4e84
71fbb47a
6101ba08
0f2eaa6f
ac47ea3b
ff06ebb2
98db962f
b61badab
180ff15e
5288eb77
5e74bda8
d44d859c
d2e5ef24
80fdbb45
7f8d2c24
6bb22473
2a92388b
2b050bff
bb7622a7
99c6427c
5ac5ec6b
763562af
877e4a95
26876ad1
af77c49a
52a7fac8
1ba3fe79
e9848c64
aee85faf
2659b63c
c4eb4e49
df7f330e
f1d5d811
cdc46a53
ef6a10f6
5220fbb5
89542603
c3fdba48
87dd531c
e764b410
d1f05c30
cca84aba
c090f420
fe50117a
2f84c4f4
bbc85b45
2d6a8675
10fdcaaf
b77a75ad
95088dc1
9d471355
99ddfc2e
1e930740
0a78367b
508b9b9f
789868e6
15274621
bfce753a
837b3371
45d78ecb
5dbb7740
b9eabea3
5c4206c0
2ecb1c11
370fc139
6e4b21c7
8c92f3a9
dd4418ec
e4550029
fe0d7c6f
91358cb9
f12350e1
aa46da89
597aa8fb
da0c0f18
b256907e
c68ffb5d
12c333a4
62f129ed
1d9e5b5b
8d76584b
a10b61e4
f032725d
06539099
9cf0e7d3
2ccb2f50
51f36b5b
0443eafe
711a4ac9
e13f021b
55202e07
dd978f9f
ec80b159
82c29960
a08a2284
03ae6636
29fc7458
42788f8b
408a6054
583863a6
0ef99696
c5e4bbfb
5d697f1d
d30b1625
b567111f
17814765
a839acb8
51fd80d1
4a24a0b7
d960eb23
d5af185c
3bbca854
11324f1c
5400ca1b
f45efbd1
b5760297
a5ccc0d4
168c6cf7
574de0c9
887eafed
2d9b6740
42d451c6
21abd5d6
d7b150ff
8a69dbf7
6e48e504
9d4865e4
8d704a84
a2691327
3396556b
a1d2a380
49f574c3
21d607cf
2ed1a34a
2a223d1d
4cc276ce
b22eb6c5
7e4eaf61
f979e29d
9802c639
b5a73840
442168e4
2e26f86b
b0dbad2d
add1b042
4bd7a5bc
2ed7a286
c4b3c7e2
bbd45265
8989bcfd
73a799ae
017ae15e
4e5407a3
2e508bc1
aa67a194
049abc73
f35bbee3
41cca7b0
29059cdd
c1d64ec9
f8831cc0
6cc96557
be0a0bf5
e7c03d1e
3ef9aa23
3aee696e
e75a9e0e
b8c79271
89133b25
a60c8c95
342c02c8
5047e6e5
07e72fe2
5d7fc7e5
6dc978af
e430ab2c
d8de3f83
c9d81f91
6fa2ca83
3e211ef3
8f092c63
a68bb08d
ace073b9
b1022a90
0fada050
3d6799ae
6be3fd97
a503e076
f02f6cfd
6abf0106
61fe10a0
bdb723fc
1f374e1b
97efd780
bc2ab187
7ecb3b9d
73242ea9
a4ecb09b
91e4d6e0
054fb4a1
8c0163b0
a4358dd2
5265fdbe
c58e2504
30e27701
3c4850ac
62e575a3
874dca91
b309eebc
3344bf96
98ee996b
de3615ce
4f1bd3e8
a2e5fb99
8b53e3c6
439e23ac
b5a8fd7d
7878523f
c53f9d6d
aafe8e2d
b9e9c5f9
8f5c716e
cb11b0d3
f6a7e739
13f63533
d29f7ccc
6c890e26
4fcf4d99
f340026d
df77692f
8d97c9b8
a8c8f15c
e8531ebf
2685bdc7
e02ec7b5
ee0f3013
2540912c
ad2cff40
f5d99323
4c5ffb8a
64850b3b
5d7731d9
14a0b964
2307d0a9
07b40110
e5589e45
0f5ec113
ffd6141e
714b8e84
82c715cf
56363109
087f478b
d1bf1a7c
6f38551d
9bd4335f
b209cea9
0b186a05
fd0776ff
94cdc454
38022db1
78e9f315
cce95d06
c4fecdde
c60cc9cf
19de2894
3efb94ca
fe58f373
0f51023f
197cec34
c4497af2
0d76fe26
8a856bc4
c99db6f3
6aec1646
a1d40ae8
0ff48b67
2efa2c08
955d6fd2
fddaa248
38fb84f6
2795dce8
a169410e
afcafd46
ca7b0d86
4735b4a1
94f084bd
66c04ad9
c0302fd7
9a7a03af
7c5df074
e842fdb7
4eae88e4
567e1f98
d9fb6c3b
529c3f48
e7ae522a
08728fc3
72e695f5
54cb7a69
129087a4
955fddcc
af92ab48
d583ceec
e8e82288
54da58eb
79d70d4b
fd3e360e
ebde33cb
8a304f63
98be11bb
bb9aff67
4cdf2b43
a447dded
322efbcd
bcf00644
fac327dc
689ac579
c0b0da7a
2f628d66
121d2557
fefe9fe2
dcbeddde
60fa683e
11a18fa1
12672c8f
2fb11079
31d97656
d0b05783
4ee07e26
86ebb600
31c041f9
f25cac98
83b250d2
60c3868f
55a46e9a
3603d308
a5f67c1f
bba1dd9f
ca33d94c
38df1d60
a6322ce2
14ecb172
fc485e40
6434fce5
4adea6f0
6e32b3ad
8791f879
4909ad95
a4abbbbc
cde68519
3e11d963
1ccbb79e
01dcf03b
ff9c82ec
530762a5
906049e3
6f94aca3
754b206d
b74bbb96
2ef3b7df
d99592e4
7336976a
2dc29b2f
b12c6d0e
07566ee4
b8ed9869
d0710ae1
55547e8c
44755eac
aae62a09
aa084c6c
a2e34804
f0b1d817
ea20f871
7569e6c6
5c820a38
bf5194ad
554b8def
b58396cb
c8591bac
8bcb454e
d2aaabd6
446b8620
32c99c3c
afa8427e
6319c5bb
c25e8190
911404ef
f449de9e
608c2932
f6520c8e
5fc72ed5
ba355643
b7f9ceda
fb0f62ff
2c0af39e
df204245
957ad26d
7f6c3543
8909e498
cd923159
0d002c1f
9ac075da
197f58ad
7201edab
ae3a51ba
abdb2d44
d68e92f6
a383b796
dfda0c02
c1dde2c8
05d6294e
09c53a10
f0c95329
5105e820
964b05ba
4399ea56
ff848f13
bcd047b2
2c1fa581
7c6bb6c8
24eda303
e7b740ac
b9083e14
e19de68e
5eff57c4
c97e44a0
ed31c762
a98ee5a7
24f45913
6f701a4a
29b8ea43
ead0c61a
e1239f15
5ddb639e
670f43aa
491ee05f
588b5356
1596302c
14f5a4d5
510a8386
668819a5
f1f75ad5
7d0a7cac
f4324bca
84377a45
5ef80cb0
a2714c62
686e56b5
3710e68b
5c74495b
7837d640
be76515e
e7a40a96
2218b1f6
2a44ddce
08c0eedb
98a7249a
1e553b1b
378015b3
f0c7452c
a83ff91e
4e3db87e
a5ba4115
a4a282f6
5dda4858
b466c1d7
4d71eb1f
815e9d6c
d02a58b4
c8147691
3b76a659
7ae63bbc
537b74b1
a6aea2c0
5740d70a
ab3a54fb
cea75b2f
bab99aa4
313d5f49
546b9564
4f68f504
2e1d2a0e
09a84902
f9758a98
2fa2241c
8ccd986c
617dab36
a027b8d3
1198765c
ab74d160
50f1faac
2477a850
191d80e0
c159cbcb
c5afc740
b7a90ebf
f14ef1c7
dfb97fed
4dbb70c5
a4bdae3d
39c1da50
730e9141
2d57befd
bf00c74f
db5d001b
cd43f17a
5ac40aeb
1966a322
4c5a4b97
82234f33
c126eb56
00f54086
87bb3c4a
b9b28e0c
5565f427
a5edece7
0aa9d26d
911cd7ef
daf86e05
0fdb4afc
d85a8c78
0b499749
68980826
46526688
79505121
9d253ef9
29ccb2db
b1697a79
03825f1d
00c8f649
6be8667d
71a126d8
a6ceb6a6
83f3bdae
841a7437
64fdcbd3
fa437086
bc59b2cd
5de40ce9
33190e4f
e2d0299a
f15a7c9f
b7caad86
430324b1
3e1a49ad
2ba53a41
35094c89
39e5387a
59ec5970
8aa5c951
74629868
64e653bc
aee720e2
53d17065
4a1dd938
c87641c9
f6934bc5
baa60c29
d1ee42c2
e3604908
90c7b3d2
ac05917a
24024aa9
62bcf1ab
b57f0ee5
02e66a93
a32b0d42
34b40dc5
4669a172
82424a3f
64824135
6922eee1
47f92bdd
cdda6878
0cab7544
ae69fb6a
cebb02ee
e4801840
a52920ce
dbc00990
040a5a14
31c1e94e
6c1a4be6
a9266684
9356bf5d
bbf1c5b9
59f7a012
751d6d22
69ac96ae
c865441d
bef8c1b3
333a1f02
a6f1dfa8
98b9b721
c9e320f9
938d34ed
1c3936a0
37b39daf
61ee1cb3
65d3074a
3fa9aef2
8fd4fef4
7f04988d
e07a787b
c01a670f
f339e5b2
f84e49a1
6fdae2f3
cd25e780
8cd30d65
1c9376e1
91e31709
c8580fc2
0e2c4ca6
f88e3d76
17221a43
2a29685e
57ec2d38
3332e214
57828698
74a8d317
825db506
dc3679d0
ef62e6c4
1bbb1265
6a8fac58
bc8611d2
1abc56fe
95dae1b4
b3975f26
f5f96959
4ac66e0c
634965b7
88b87239
843d74e8
09459a17
75d2c963
7865388f
bf1ac403
b139c620
164d6df2
7f6486ec
61519892
7df15670
13cc63db
1710c0e1
11e6c1a5
65ec5608
3f7429a2
1f60da97
230bf004
9a7e515a
298a2f6d
f40cb47d
74228915
442563d3
39475ac5
0a1c9a77
5de6036d
868b38e4
e45e113d
6aaa0174
d53599ef
2096c5c2
465a811d
a34a1461
6cfffe06
cd191b70
04ea4fe8
79e76502
4d6e0e59
8e320795
836f930a
8bd6a2c0
f1111c69
a4144c10
bc9823f7
d6780613
16d62daf
c6fc0c3b
9c9d434c
34c349b9
e169d199
20f258de
c85d7af4
f80f2bea
6013dc0f
520f116f
55fb5914
7f00229d
13bf072c
f27f02f1
a46b47a5
17f27baf
aef89b9e
bccacb79
38a21731
b145b3bc
211dbdcd
96de71bb
e362219b
f1f24c45
ffce8ba0
de90e1b7
341a1a08
0a61f503
0d7abd4a
32aa7f0b
c12f29c4
e2eac208
942d7adf
24d776ac
8b16c730
60d1b9a1
89e402c2
0930847b
74e1ab5c
d8f96b15
d986cca8
a24cb4f7
07ded21e
bf2c9887
60377eff
a6641b9b
116b5e3d
5cf2f9c3
16b3c3c8
02411a48
bdca383b
d2b1bac7
3e70681d
f409fa54
ed033ac9
2a37bb83
dad94c48
a0ea8b4a
5933effe
338eab87
b3af0d96
117a10f4
3163a6c5
2cbf1c67
c694e425
3bc54f64
2cbe472b
195278b1
ba8d050c
374f744b
eb7ffee6
a9e6dfff
b3578bb2
10fd4399
37f07ca3
31df2657
c9ee2db5
ffb807e4
d2404a8f
7bf94a92
e31f0eee
bff71fab
0b826071
f226b307
4fbcad24
ce7c7f7c
03524233
b86eac63
3e290d3c
e3cb33d2
f10a94ba
71a3043d
3a576036
c3e6bba1
7bca3164
4e2ca8c9
65839bf5
4e7c9aa3
753b69da
93120368
cee704be
6bd69e82
d707a3f5
dd85e13a
d659d2b6
4d1a14dd
5a846763
18ba2aea
726c73a1
aaffe40a
e07aadb4
5bb76352
821bd161
a06b509a
0eb2b76a
b17a4393
3317dc5f
9e7dc3d7
7bf9179a
4f16cf79
971e2097
7fea69d8
de2942b1
2f929ffd
82dd6b83
b916b487
3aec1cab
155c8a43
dba02707
9f7c3913
93e2606d
bf354ff5
c8324f03
e59ec469
10fd4079
85c2fe14
3dcfedf5
b82fe8f2
8da8df26
a6444776
1848aa1d
a5f68a2c
c5c504cf
b42f2407
3e2d304a
d4aef773
a03b1748
bfd237e3
b0c08ea5
27f1dd63
48439ef8
b7214806
b9687ee0
8ce50cfa
e0bfc0d0
006be5d7
a4c372bf
49dd165a
2a887af9
565e5d87
2701d533
23993abb
8baee542
bcc25ae6
1588aeeb
b258e1ed
143474f2
d48d2b74
850f65ab
b0f77975
a5c0735e
4900c5b1
cc92c419
7dac1ad3
3271f646
5ac66f0a
976be70d
1c8cca61
61620fad
e37aa9a6
e18f229d
7debbba9
b1d93aca
248d2abe
38af1c12
5a52c71d
a06d3204
8c63ef0d
cad320b6
fe9c38f1
4adeb30c
1fc2faeb
02365595
110566af
e17f07d8
83ebc094
ab3ad7a8
aa6a0c0c
76234289
74bbc211
b67089a6
9e8fbe9f
d589f6e9
3593f462
b0108d4e
c07ff290
2112608f
956a47f8
4475d91a
a6bade1a
4f59d685
d9094d4b
82a079b0
d3151b3f
0965511e
37adc113
50efa0dc
53e0034e
2e31d1af
7f090505
c4693d88
c64e2d84
717461b8
10c3d201
1a27b14f
d64d7545
542b14b5
c630aeb8
b4abb3fc
e71311e1
3efa287f
df697901
dd4dd060
a0616e9c
c5f43679
6afa77df
d83d3f96
ebe9dac1
cd49eab5
827f027f
a2f94d62
a2e16deb
40bb119b
2833292e
d9997179
39015ff5
a4f9649f
31196e18
9c3222b6
2d303d54
2c9a5c0a
a3a1c7a7
d8f3ce95
9e151e0e
a0751f81
ad4ad1ed
a5648534
c1c434d9
3c9b61cf
118061ba
1ca0c09e
e692b413
165682af
19072d81
6ac537f3
a2f0e02a
d43daa0b
405c4de7
376f76ab
9acfc4f6
bf9f08a3
53219543
8f1919ae
f1b9970d
07a56b27
eaaf4385
8adc2eb0
90a1f11c
24f60e32
d5b329ce
6e6dc0be
01168ef3
a90735ff
1176e934
6dcae774
d1cbe4a8
307e662a
825c9fe0
c952e7c1
01b4ff43
5b731efb
87451669
91506ba5
95a1d144
ec82083b
0e50b0ce
cba2df0b
457c6bd8
1064f08a
32594c2c
e4a6ef27
f85d28d7
bcdd9e7f
561b326a
99f15a1e
b88a9ede
9e2ad620
c3bb7a56
ad17eb1a
66396ae3
9254626c
1ecd2783
2dc45c78
78115308
cfca2e8c
faa5b494
6e5c7f27
a063e900
cb331602
807a4dd7
94f5fe20
2d0b8fb0
2a5691ce
b4d175ad
3c6dfe21
59cebca3
13e835ab
24b5beac
ac38920a
51dad579
dae83aaa
96e2a523
eacd9d42
6f6d8e9f
ff31a3b4
00999b2a
ca606527
ccbda867
bc1c39e0
711cf930
0a95e36c
065df1de
08e51d53
4260cd2e
df756a59
a6019d25
5c72c640
7203678f
27c142dc
a4406844
5894b0c7
cf9e396b
615e43fe
f6792d62
052570b2
64fdb556
2a3c39f3
c78a0956
140ce398
3b7900dc
c1d8b277
680f0863
cb10421d
df5575b0
f5fbbee6
5b9a4b8a
04fcd439
c86cc2c2
f6c05218
d77ea6ab
b8e86ce2
b3982adb
82a15f19
717cb8ba
5f7f4278
ec190b87
4909c219
117fe73e
2f3d902d
9df9aa75
a1526a8b
15ce5c54
6d2eba2e
45d0835f
e0fe87f3
0a626d0c
3cea94cf
33a02185
4848e17c
500621c6
22083ef8
c5fb2d89
9d15b3aa
bde16165
1dda979d
5cee5055
752382d0
aafc1d16
43e6e415
407703d4
f82dfd43
957689ca
0dfb70ff
65f4c2fe
8e1f89fd
719e8d08
a5563087
4d8c68ae
2005aacb
5f686ff8
5f5ccfec
92060473
de492ca5
43cdf605
ade8189e
5d948333
a453d0f4
43b5ba88
fab7de9e
2159ec6b
4eea6c09
c0a42f71
b333add9
24098a22
ee508e8f
1ca43146
6ed851fd
a867fd1d
92c7ad00
d2e0aede
a1a5f385
730ad83b
c4eaf009
12f2ed8d
f49858b1
5612cd3c
eaf97522
e81ba7f8
f043198d
9987f482
0fff1430
d4a20f8b
a500c612
749812d3
b6fc0b4b
2d533c06
02cef357
efa20ffc
d203f7b2
0f297cbc
04388195
016678e0
e1b6daa1
f03123b0
f84a481b
18f9c791
81a7632e
9017d0a5
202205aa
d3f13278
20969677
0f12608d
36834608
fb0cbd46
19d4170a
c875ed18
36c36683
f21fe1b4
69e96edd
77642548
4308a980
5c57fca6
ebaf2359
ef8fd79d
bd35885a
b8846d03
d3d9e872
dbce1587
62fe859d
e988a6c8
34be985a
25870b97
013a6196
04de3da1
28d8366c
b40499e2
fb3b586e
f12b8eb4
5b875be0
919b8549
49d7fc6a
f9de52ce
837cf416
f3a693b4
d42674bd
9e3390c7
305ac04b
061c0783
a68e08fc
2f4ac40e
f9703d14
e5721869
06fa486f
1d2f854f
99520dcd
a1c81cd9
9e96c4d9
ce839ee2
ee20c175
481f30f8
12e593c2
0d32853d
74584cbe
c52124c0
41ef1d07
00bc1c67
808ff687
17e8633f
1de927a5
098aaea1
741af9bc
d9b4cf3e
6fda1cb7
185003f7
11edcbde
37e7ff8c
54bf8850
de8033ac
13e8a452
f1f73f2c
1180aedd
7c7fa48e
0e700910
fd995172
e3369dfa
16eacb80
f969a03e
66cd056d
2dea9dd1
96635bd7
b4dab839
27dc5fce
01447ed9
8436cbe7
9eef4b94
207e86e3
1bb9ceca
df1dc779
58ffb12c
d4b0c112
406f9654
19a35300
f855ba7d
4c8d2eee
8db661b9
18cae0ce
d017054d
a3a09192
48f970f8
92374bf1
1df7a911
69634c6b
d2a4dfde
ab356e1a
722eb020
0d90bdd7
a6bf8e13
ca402464
6b28bc15
1f76ca3a
e644f53e
1363694d
91a976da
901562d4
2e41c0ab
d8b6a182
f79386b4
1d3df7c1
0ce577ae
c0a911d3
ca5e6a67
afeb57e2
f29de737
e267dd8e
60e98c9e
8da2c9e1
a8bc2e5d
cf6e30fb
edd80e18
56cbe8da
f7caffdb
56c47297
db02ed99
9891f616
be9263c0
641579a0
eb261995
74eeafc6
c7df5dc2
b743dadf
a3afaf99
0f82cf93
3c698704
48c8907e
8084eacc
8f89e710
4f0dc59a
83dfe996
e4988036
d57f1039
70173f4f
049d7005
821e1973
cafe4eab
9dc0d325
2474ed47
e8524132
cd386765
339afa81
67da1ccb
44ec1cd9
ae9c5b0b
b11a4dbc
e7ac9966
8a4b94b3
b8823488
9d45e1ca
d5ca76fe
17253240
6df84b49
9a26fd99
566b550e
f006eebf
ec06cca4
1c5524fd
3dea505e
f425228a
d3d309ef
27022a66
6750086d
07ca5040
f71d37d3
454548ad
4b02b0bf
115a539d
7c2dba59
7a20af3a
8460cd39
c235a06e
ab34decc
017e596b
a64ac6d5
ce55f58f
a53f20fa
00e4d5b3
73e7dcb5
f3ebef86
02fa494b
bed40b45
52a7f1de
1e04fdfe
a21ba6bf
b781a3d0
f216c3a3
2cd61949
dfde8a81
0e88dc13
26b8f63a
99825ac5
7b7a3ace
56a7d58e
5c3d8905
0de5472e
8d621d7c
bdd27111
2990e91d
981e2ff2
5c91374e
4f9a72c1
9c5fb4d1
e9a5a8d8
25515674
6ec5c6d2
71a07221
7e39caf2
de1869bd
3c0069a9
823b5b22
808602f0
8441523e
8f15e434
73eb9fe1
3a0e5628
3a8852fe
b26411e0
5447452f
6ce8dbd5
86a07a42
7a7fe705
0cf6e7f9
3aebeef6
62b52ae8
8dfb8584
51d27e07
b0f4040c
979749c6
2bd14089
2b64383b
e2fe06f2
51afc3d6
b78e4cc0
6606863f
2470ec0e
b6133b01
a83aa097
790af3a1
615566bb
49764fe3
1c4dbf43
4783aca7
fee2fe93
b8cec0f0
7e72796e
a2dc4873
c9c4e0d6
97fe0724
740394ff
62db0247
622e2314
c2b1e7b1
f19f6cdc
0d3b471d
54282092
24cd939e
99090729
137cfb99
47606b72
e8afb925
0d3cc15a
eb563ba7
e785cd92
73f5a1ec
51d68dff
4f244158
cf4c2984
f02d42d7
70dce5d9
a6128911
cd3ef4d1
f260df14
b9e89d27
6625ae67
a09896e0
467d2165
2e1b7533
a28e34ad
66c66d0a
a9997b96
69b5bfed
d4523369
dbdbb58c
8427379f
9a91a436
7f557fae
d6b947c5
6bbf9740
a436ef10
8c5391af
185c3072
9eff696c
8323f785
7f8513c9
a53cf1eb
13a2fc28
a50b457d
be24404c
a4fcf57f
51a8908b
861d5fbe
065c63cc
9515bfef
9132fe0e
6f3940e1
ad072935
106612f7
0e324ce2
36c4a3c3
c575bea6
ade351bf
f0675b1e
0950def0
25c2cd4a
83cb8841
78330987
3aeafb2e
a5e0082d
fe220f87
d51008cb
5f35bd10
df883533
c64e1dbe
f6699711
e924926b
b17c352a
1d5803f3
b6b699e5
1e62d918
dab2710e
8ae5f244
36e17003
1f2a29d2
b72175d9
13028cab
335aeee7
a15795f4
1b8fcce3
530b1669
ed14b332
2f96d5a3
d61d8ea2
4d4e72b0
46a8e3bc
a9cf40ee
7af4e500
e582c305
f3c679bd
7d26bff3
0aed5f3d
85b9c2ed
62427df6
5aa28a58
9f8b2793
332b68ec
edf9f5fd
6285817b
b12dbb45
0c3fef1a
f6a351a9
37cb4850
0e9da7dd
700d7d0c
7b8b3f26
0645d528
5107b7a4
0b2b90cf
a3b61c14
78e3173b
351a7ced
b21c9eb7
1d42c258
f0ef75cd
2a75f74f
bf0272cb
ca2133e8
7c32c4e6
8509c0fc
0ad137c1
c0fb8932
fa5d023f
ad671065
c0aba879
ba1bede6
dec3cd21
132de811
ef02d29c
a84fdcc7
a930ae48
81bc8a61
e47f5bf2
d4b9cfa9
2c0eca9b
9179772b
6a9f8a96
16775011
87bb155f
bee15fec
ceadd03b
a97691fc
d059badf
47005147
f895595d
5228b311
a5366f69
6645fe9f
c169a3f2
07eeb91a
8eb417e8
11f17da2
9f065bcd
16c75471
8908eee4
e8267678
98a4281a
a2676bd1
ff4c3d91
2a787a52
453df8c0
a484cf6b
72d7dd2f
2917c5a1
6bb682af
1789dc54
ccee510d
acad9df9
c1002ab7
dddfc1bd
75afb8ad
b7cbcefd
50e0939b
c0e3a827
90034d1b
d8f13008
2721abdf
6e456ad5
13e28e76
e7b8eec0
f84e8afb
1b4430b8
7477bbdd
099e6ea4
ca3f6a88
123797a8
9448947b
138857e5
3cdcfcf9
cb88366b
3212fed2
77658abc
a3d6e33d
ea361828
51607765
21faf92d
5dd652c0
014ef867
1c699be5
bab4370c
38744b00
5ec2a011
0bed858e
29d58d85
647953e5
88902fd4
316dc5b6
15058024
7bde54e5
b213124b
f9cb6e94
41c2f65e
fb25e78c
78e6eb35
221880ce
5318cbcd
da151f0c
3c4c6984
7b7acb88
09f2a789
1bb5fdf5
117ea5ab
184a37f0
1b8ef358
16fb5963
38fb4375
be356a2a
ba232183
77cca54d
0c2af70b
0f9b637f
bcc57093
9e2507f9
12d9b6d0
ee55c051
dc4bc3aa
2c1b4d0e
c385682c
d727654a
8ef7a3a9
2ff76f63
e04d35d8
7ab6768a
d95b4722
7546b54f
5a9aad26
209ae562
4a6962b6
859ab6f1
3d065ef0
1d75a9df
bf7876b3
72eff790
d377ea32
7cdbd756
65082490
dd096236
8a24f3bc
118a8b20
83e7bf73
3d9cf724
966691b0
397bf077
e77e6d2b
20f6b626
19135e7e
93816961
1ca1e0ac
d095f3cd
4fc370aa
f238d221
5239a23b
ecce372e
ec4766b1
930e9846
31551dd8
b592bb7e
f1cf8d54
c3a8bcef
4d13f65d
bc7687cd
3ac919a0
521b35ef
a6096a9c
91a09d6e
f4bad363
b05ffcb6
391458c5
83a869e6
ee85e8f3
97a9ac45
bae613e4
73f4d4a6
dedcb234
4ebc96a4
02fc84a9
bcb70483
971b101d
cf8d10fc
2a925289
5ac9701f
3747471a
1ed1fbcb
3b4ac048
1bb3923e
c535420e
bdb31e6e
92c173d8
2d26eb5c
896ff8ef
ec239314
3bb1ed17
0adad330
a94cf643
7586f062
77a534bf
3facda9e
87badaca
cca3156b
e5cb1507
21c3bc79
2b96cbf4
5beaac80
a12720c4
8d745ad0
9922fb60
f13251e7
41815390
b3f3ad03
4472596f
3905d4e0
78a7bf79
a860d9b5
1a7b0f45
232d0665
69328b6f
3e31ba16
3dd62839
a3c985ac
62dc320c
3d7fddb8
3711c715
65e834a5
c6067171
e4cfd899
4a072cf2
32b463e8
ab3d9d79
13d2a292
3741d326
e8f3fe08
cfb0363d
9069b6de
a4e69705
5eabc565
647d2044
9e3807fc
1d326cfb
b87e1889
39654623
ed00a9f0
0a9c4595
30a4f15b
dd05c8eb
1c636c77
b4c38ce8
69ade058
9fdf03bb
7ac0917b
cba2755c
86bf787f
8757bf5e
868ab79a
60a8ebc5
c29d1153
f72744a6
1fe8f2cb
2a6fc8df
232d5baf
fde2af0a
5da24568
d5669b2b
97151362
dc937d99
2e2ef715
ee42ec31
c6d87172
1c042d1e
2e1c8707
0a6c22b9
8d3fccc8
25439c5b
b19f829c
ce225523
de3bf82a
3ae7f5c8
f6bd8a04
0bcf3ab7
5577a0a5
748eb8da
1d7b3ee8
a9153c86
34232401
985cce61
a29bc654
fdf1b59d
ad780697
caa43fd4
f095ebe4
3e58b2ca
fcdc27a4
3ddb8b94
b34dbcad
d1e641e4
1da869af
aa5bc6d3
f5b65817
255e912c
575493e4
7f6828c9
631e9b61
d945b611
fcc59ac3
a361017a
456d828b
9f5204bb
e95a7921
2dd483ae
812f773e
18947182
cf483d28
2d3e3af2
bb782f01
4f639911
85b2f607
acd9d452
6c2ebd7a
66d4635f
03a7ed9b
72acc55e
7e6ee56d
0bb97c2b
69e2a0e0
fca80b97
212c3642
7e642b88
6b3cf7af
23b1ca30
e5751abe
8f35a963
5c6cf559
df2afa72
22c7283c
e0c57964
123979c3
6e752c9e
21bdae6d
261063ef
10d4467a
5f2fede8
4a7828f8
862adb7a
9633fed6
79add6fc
085fd07b
130c5908
764970c5
8de6b8eb
d33e7a8d
f35f689c
87e9fc04
aa6692ba
041d838c
3a7392b5
5c8a7474
68b4e760
36f5764b
854206de
4a5595a5
3d0c5c4e
1f911b51
f6e8e904
b06facf4
962f5ce9
9847a429
309512e3
49416e93
8ec729dd
bcb4bb54
96c88f89
65788452
4b39f39b
5f428da6
2e94c868
0460a8fc
6305ba09
f20fe438
6aa81640
06657ad9
bfcfca58
12199388
5006cec6
375956c5
a5400580
2d04706e
c33ae6b5
abaf774d
7c462084
64f8dcaa
8ebe424d
8b470e11
f5d6d7b8
628f6839
394e02bc
e8feed7f
802c4553
43d0e4c2
ac85457d
070826a1
2f52405c
fd16d8eb
bc450b26
4b1873ab
962fde9a
89ee2af0
fc614839
285f8c86
2d116c2a
17221f01
122dc19e
0201c454
a801a208
0c918f8c
61e28f39
bbef14db
929ede9c
8fcaa98a
ee09215d
3eec044a
ae98e4f1
073d1ee6
a7874dc0
395108cc
066267d5
1eb8c197
eea5721b
6b2c1fc3
b8abf619
b245a536
eab7541d
98e8c840
2220b9f4
4680fd75
2b12d838
74f07e97
633649a4
f60b0a8a
428c8b56
d90a0804
f6278b4a
3b6a10b0
fd28043f
43d788a8
3d8df68f
9fe853b2
452d6585
4b8d6fb5
14fc306d
c3945c1f
cb695a01
b71784de
3333e1fc
1f313c99
cecf42c9
e8ce48c7
b83e785a
fbb9af69
adf21a20
081cfbc0
4faa742b
b461cdd4
a0baa152
d8051c30
07a354b4
742b8af7
eb87d04f
a293fe11
79492ad7
2fb57815
43c0b788
abfdffc4
8ed4a7db
fc3d2460
d812f4bf
226e1c21
d9aa37ba
d9aec74b
6fe120e9
97b100e2
2185d11a
18a2b759
3ad724e6
53805c41
b1b03095
0be5d581
253a30ca
1932b615
01d2b21c
9903326a
91b2f542
f3df95b1
810b9105
dccae682
cf93e1c2
23987a79
025ffe2d
a321b9fd
409a5430
4e431cfb
fc754586
4f0f9cd4
840660ca
28974a8f
e76f0a12
6296d28f
333609bb
7d4822ec
8d30fddc
cc254b4b
f89c8022
d2a5bade
d33b9a2d
9afb00c0
9b303e93
d60aebcb
5da7d646
25afa22c
8b0ec56f
7e03ee02
c607fbc3
23ed9597
214b3acc
697a9178
7a5576cb
ed01e86a
5ae0cb7b
c744fb63
57a7923d
bef3df67
e054f13b
ec0c8bf7
6b712960
14652f37
0c10d770
656d7df0
3a19626b
fb37f4a6
7116c29c
ccab94f5
71f55737
325e5a0d
7a93cabe
a6da8d51
5acd3cee
96d95efc
ef658bfc
63108d26
b4df50b3
e220dcbd
0de8bd6f
d0c268ba
36a81fc2
cad13082
b1f77ecc
79f13229
fe385f7b
22cde7e1
52c656c9
64709dcc
6bb11082
4fae1dcb
45ed808b
3643662b
3ebcfb5e
f0bfac25
b9d156cd
a1e082b2
912785ae
eb3f9fab
705f0cee
a3aae14e
2294ce51
0776049e
7e8e0bda
d7f88010
0eef3c96
dd457bfe
793a4068
a30cec08
883f0703
b6caf544
7cde8e1c
2bb93366
90e2b56e
5ea8518e
8b3a409e
612c754b
32c80c73
9d7589a4
ef0c4afd
8a6a9a73
406df04e
11b677dc
76f427cd
17ab92af
5e4118fe
93f4f576
3ba719fe
02279d28
0f6a55dc
c9beb610
0dc4b177
bb74e018
c5d9615b
73b2e781
0e813d64
477295e5
ce3daed1
65a4e093
7affe2ce
14f2647f
2af20d5d
5ac1d7ba
966c1a4d
fd2bde25
f6dab4f1
9a9bde02
cff30bd2
86863abb
88f2c4ff
6d31d29c
5b40f4b3
7af98d14
a8a22ad8
20a721f1
a6ca54b8
a604e552
c320a54f
c11f691e
a89be6d6
b0120da8
364c70b4
fba37adf
91caa1dc
d6f8f9a7
adfd0c47
6c619997
aaa2241c
f220d3cb
2c4632c5
a61de40f
6959df8f
e3cf35d9
2cad2680
974f2634
8074fb16
d347ad8c
5d332788
d8968135
3cbf6df0
12771345
4b4f8f0f
e65483a0
6390fb6b
39a68807
d42371ad
7b0bc887
9d6389cd
7c9cd731
1ca176a8
125cd5b3
22123d36
49eedd02
dee4c251
31b8aa66
9de9a026
9f6b5e02
12a0850b
0f49256d
f159d171
2874159d
d9a773b1
66a7ea0e
12acee09
db520627
2a13c01f
e0aeb0e1
c1e992ad
fa7f310e
32393ec4
a3a97c41
4dbb423e
c446cd5a
8a1ed3ee
cf44cb92
a2b71da2
29edba09
468a5746
91c58fe5
355d4c89
67c3e86b
239d0e61
be9485af
bfa2a27d
da451189
360fe090
3c4edbb2
f0a8a65a
d9cf5d99
79bbf22a
d664a3f8
359b1f46
95982e8b
2ee26525
1e57b0e1
182ee187
63a3437e
a1ec43ba
7fd66db8
3f2d4a18
716f3f92
d686d15d
0bf73862
89f4f899
ffca9773
f04987b6
33abdfb1
e99ea57f
b8739a45
9b23752b
84a26efe
c8e3e9d6
42014fdf
fa5fa926
5f65c539
70a09be9
9bfe2e38
481d176b
52bbcf67
b1a71876
47cea764
fce2c905
22d79a23
77abf6d1
57771c41
96be10cf
964df46f
045936bc
488bc911
ef290b7c
7516e0a3
1c2529bb
2cd14ed8
d613110e
e3f30a81
5136666f
fb3cd8ee
db466a04
5a0df710
45a952fc
ba41adbf
5f66c700
0de96041
288c25ec
3f85a3ec
3fc8e83f
38f420ef
7da40832
2aab7325
420afb98
a28fa721
094689a3
354eaddc
14eb9669
3962d2e3
d29419a8
2ff320e2
018967f1
57bf6ea1
979231a3
ff600cad
98dbc6ec
137ec56f
f5edc55e
084d6bc6
a43e9b42
87f4ad2c
6e5f23cf
7717a79c
5f8d8159
6cd6a745
9e476e38
575ab6c1
79aaefb6
3091f748
8b159810
74d9d008
e2338d62
0a5e0fdf
744c480f
04ca486b
8fa3faa8
5e737829
b359292d
08e7a1ec
2a7331a3
ea9a914c
474c6ce5
ef78095f
9ca735ec
060909cb
bd0a5970
968bf6e5
c735e0cb
5998dea7
641a83c0
20ea0dbd
3ecd3c65
724ac40e
41c9bfb4
330b52ea
ac569927
14580a8a
3a0dbe0e
b720ad02
10e56ef8
82e77017
b0520adf
d08dd243
65470593
a73e4407
39548334
be730f7e
08f379fc
91d1c058
f709e0ea
1d11d879
cc5801f4
b7440878
828cb556
5c8828b4
f267136f
826ada3b
98127933
62531299
235af3db
73ce4456
b5cd4fe8
dc8156fe
61b183b1
1c16fd85
e94e1e9b
69db67c4
2e885083
1e653252
3803e809
5bea67ec
20d5855e
39d1c3d4
9119969a
e0f54774
9d4d6026
28fe5b2a
2c52276f
ea80dd74
fb0bcf7b
85dc8b6e
9d4b3bbe
bdb319aa
3d1a7a0c
21cb13ae
2fc7bbf3
f88ab9a9
5a86065f
52294953
b26e2704
f2eb67d7
4bd7981c
a2b30bff
bf5bd09b
c8fbbd45
441e7d67
8a92dcdb
140c5cfe
25ba794c
773d9b82
744a88db
7906e9ba
a7d6c815
6724c42f
2d03c9e1
881eca82
559e7756
fdc162c9
e5870429
d01c71e5
30c7fdd4
d81e4c3c
96b43818
e933380a
a8d8e7b8
3fa69e08
f1a812b0
e589a105
60254465
ec93b532
640df4da
54dbfe73
55fc2194
40375ea4
8a407a1d
423932ec
e748dcb3
1946d037
f9d376c7
c284252b
a7153844
6a64a412
4a77f240
4f2406eb
a7ab5e16
f5d3b4b2
bcb446c6
b47402c4
85e78fab
6d14eea2
5a7c1620
568080a5
b94de549
0d8b22db
8a29cd47
4c200901
debd944b
3e2399a7
aaf3cb9d
1c2ba22a
0a0c588d
827f763f
6403145e
19575d53
1e10a48c
266e4c31
1cd43591
928d3754
fed27cff
f42f3928
55ebcdce
40929f39
22bc5f56
abff7dcf
cfaa4a85
217ff4d3
984687ad
9e87b19e
f300166a
d7812500
683900d6
4d69f72f
fd1f3fab
20e10f00
f775e476
e87cd6eb
f9463e7d
aa3f4648
b1e553a8
7feaef5d
ebb9f0bf
60fa8b2d
d00205cb
2b85b7e2
b1ff2ad5
f6e48218
a6300c0d
86453568
9d85d2cd
8de6789b
ab33f8fb
d737d82a
ecda14bc
9b4d3180
0814478b
75c0842a
5e552331
edd2b716
fdf74542
504739c1
fd995a0b
907bac22
3428bd77
d3f8983d
e1598be4
464ab349
758afc09
3b92ff3f
55e72025
bc8835fe
d0a51139
2ce0b1a6
01a79581
d36eefbd
b6354283
6f0e8feb
ae392557
eb0306c1
8280fb07
7ecfc9ee
a41dfc1a
ae65b348
9cfae069
be3d9c56
ec07da7b
6edca969
163c06fa
00d33c92
38459881
963c278f
8127c7b3
3a7cf826
19042fa5
e83bb960
2cc3c370
688d3fcc
1550043e
aa84bfa0
dbe274af
7595fcec
dc55be8e
97de7d54
1c69ad5a
ccb48e48
9a6d5350
3b640ed3
3b54c65b
cb6b92a6
408b0019
83a66f31
823655ff
f42695a6
e96d4c49
274aebb1
52b13fff
425db96f
bd752044
976460f0
ea5efd0c
66f87777
02fe2a4f
f210f633
1bc2668d
33a00145
f52809d7
e166d2d9
89285584
bd96d302
608e56c5
f9941f4a
f48bd6eb
d34cc26d
ec9b56c5
caef32b5
1df8cf7e
813fe1c5
7b18db7a
be12332f
e4598351
88326162
126893e0
c0ff6087
d2eeef6d
8afbeb7e
f424201a
1c83a030
f0cd5573
3549f1c8
1a2598df
db255d9c
e9ac1b03
5d2d3ef2
d9426587
fd837e79
678603c0
30b44232
018149fe
032b3b50
f14a3f82
7243ce40
65142c30
55ce92ec
09f07afc
73181776
166b19d8
b7622ddf
e2b23afe
814db77b
ef518177
6c234ffd
3ed8c374
b476cff2
3ed20133
00549f5d
8551d7dd
e76b2240
cc121a10
5c7d0c66
e99d2302
31ce95fe
69abad71
a948f67c
17eaedb1
373981de
4e290748
4d102e9c
92439504
6bc4bdff
aa2e9720
87eb0f77
55a5941b
8fea24a9
fef6d0cc
6392c077
f64e3cf9
a98f8ee2
34ff48bc
b8e2fbb8
6f297c7f
45e8e87c
9ba82d9a
0abc9be8
211e148b
e3014b45
a4e6f59a
3da33a61
e7b0ce68
ee1b071e
fbc8f4a1
009b2e1b
45e8d46b
337e9879
8fb9df64
48a7b1d3
3f86daee
89456273
97f8563e
90214973
00005ccc
022b9389
91e3d487
5624fb67
c65f39de
9685dfbe
9c72154f
ac111753
094fd86f
4e46754b
20aa7380
acf16daa
eac4c692
4a4b2d0b
8d859a69
4bbbc6d5
37653e70
15b3615f
cdeed47d
fe36363c
f28c0f70
00ac89ed
8c14d751
e9453ff9
36686d94
18f14b11
5e891dab
74975cb1
721027d3
e8aaba1b
b5745fb6
847afbe5
b269bad3
8e48feb8
2417f828
b8f6adf5
98f85a3a
4181ea26
c0d4203b
7646fc28
8ec1984d
422fd3eb
ad9c723e
d375fc80
d2a951aa
00bcfb4b
78e155c4
28387a49
846f243c
866e1700
9b47af00
53dd76a3
88086e6a
4327180b
8b1d69f9
cbb29526
de27888a
6fac7a89
9c6d4531
3c495bf2
e0970922
37d9f30a
50220253
dbf53ef3
632b8db3
8dcf5846
85c400cc
14be2c42
403888cd
aa0c2733
4cdb134e
e0784b92
d14f1f28
b2493bf0
e371ff2f
db6f125c
aed5345c
bd37946c
662ab1c7
9fca4585
65ff3046
7cb5c972
00779724
b66c6671
54e823a6
4875c187
dafdf236
d84a2d33
dc519c42
a1b16df0
aa9f782f
9d470df1
75ca945f
beeb8e2e
7f89e5aa
1879dc1d
12a741e9
f1d89cf9
633cfa7a
73231504
dd8470cc
6a9b68a8
59303670
fb1b4a8b
f3577b78
26adb38d
33d82953
0c58d2d3
e3de29e6
507b8125
b375c2b1
dd3950d7
11e2b453
1ad5b1dc
28eed09b
7662f68a
3c03a493
dfce6cbe
ac190250
6aa0e057
1f3b25cc
27fea1ff
4e9a352d
f81dcbe7
000d9f97
c7a88971
ccd34681
707d3662
f648591a
3c8a9842
c55be209
bcb7d7d4
d8a40af7
82011e0b
b8dfb505
a228ec71
0d1c3eac
bf7b481e
706b72f0
c68627fd
0e50a34a
f38cc544
aa80b368
ca5bcc3b
55b1fcc3
a0d3b426
cbc96ff5
dc885891
971b0681
dec776a6
b27ff737
84155290
3e4502c4
38bccbef
1b410e25
df5b1ab9
1a9362ee
ecefa312
5771e250
b5fb9f24
267ae5fc
f1147d6b
65a2535a
fca264e2
17673995
d782dd0b
f148ff88
751d92b2
4f6b85d4
64f3d7ab
9f6c2998
9c269b96
853cdec7
c95037fe
4a2c96f7
e47fb32e
7e2ba1a2
f7ee4e33
9d9d05ca
b1e3a9ce
5cf22b45
f62e9159
acad43d6
05c10020
25c6444b
e991e334
70739d02
2f8e226f
4d6027b1
f0a555f3
7aed8aef
e442548b
f57271ca
d352365b
e27c3698
c83807d2
e5bb6378
63337671
cbdf80d5
0511531d
3375ba0e
b06d31d6
79436703
d4475b91
7eac11a5
fe133c86
7f5a4504
28abf915
78af5d49
e53a058a
a2c93a30
053ca3e0
fc42b63d
7570bdd5
6d206a18
851cc7cb
0aa4dc7f
213fe332
ace4d61e
12e40471
7cea5721
28527e05
631fe0dc
7a0f5aed
d2208f2d
dde81b4d
8e3c60ed
90d63d90
635d8b3a
cd981862
140c41a0
3741571b
72fb18a0
9e5e5c97
1d421125
9dc224b1
9fc8eaed
74eed4e0
c0366e65
f28e47c5
41bfecba
9646192b
cb8fddba
5c4c935b
c64e8216
65c6629a
a74a61e5
d19443d5
a480e4d3
cce4a58b
140754c3
f097be06
6fd07348
7fc8d6c5
c1f4061e
811dd5cf
3a28ad45
639b08b5
162db04b
544ef896
2d8fa7c7
f38f656b
e426bbaa
1eac3a31
60cd83c9
