00015197 ed818193 00000297 1f028293 30529073 30047073 000012b7 80028293 30429073 34001073 f1402473 04040863 89c18493 0004a283 fe541ee3 00014117 09010113 00012103 e0010113 00000213 35c0d0ef 0004a283 00128293 0054a023 00941413 20040413 00015117 e5810113 00810133 30046073 10500073 00014617 04862603 02061663 00014597 03c58593 86c18613 40b60633 40c10133 00010513 00014297 02c2a223 278020ef 0180006f 00014517 01450513 40c10133 00010593 260020ef 87018513 00017617 df860613 40a60633 00000593 16c020ef 00014517 fdc50513 0001c617 83460613 40a60633 40c10133 00010513 00000593 148020ef 00014597 fa858593 00014617 fac60613 40b60633 40c10133 00010513 204020ef f8810113 00010213 00014297 fa028293 00017317 d9030313 0062a023 00014297 f9028293 0022a023 00020513 23d0c0ef 00002517 63450513 00050863 00007517 fd850513 620020ef 040020ef 00000513 00000593 00000613 034000ef 0040006f ff010113 00000593 00812423 00112623 00050413 3fc020ef 8801a783 00078463 000780e7 00040513 2d90b0ef ff010113 00112623 1cd0c0ef 86a1aa23 cc0027f3 000f4737 24070713 02e7d7b3 00014537 a2850513 86f1a823 334000ef 3e0000ef 00000793 00078863 00008537 13450513 5940206f 00008067 f6810113 00021c63 34031373 00031663 34001073 0840006f 34031373 00112023 00512423 00612623 00712823 00812a23 00912c23 00a12e23 02b12023 02c12223 02d12423 02e12623 02f12823 03012a23 03112c23 03212e23 05312023 05412223 05512423 05612623 05712823 05812a23 05912c23 05a12e23 07b12023 07c12223 07d12423 07e12623 07f12823 09810293 00512223 34002373 300023f3 34102e73 34302ef3 34b02f73 34202ff3 06612a23 06712c23 07c12e23 09d12023 09e12223 09f12423 1340c0ef 08a12823 08b12a23 34011073 000fd663 6b00c0ef 0300006f 002f9293 00012317 68430313 00012397 6bc38393 005302b3 0072f863 0002a283 000280e7 0080006f 2010d0ef 07c12e03 00050463 004e0e13 341e1073 07812383 30039073 07412303 34031073 00021463 06030e63 00012083 00812283 00c12303 01012383 01412403 01812483 01c12503 02012583 02412603 02812683 02c12703 03012783 03412803 03812883 03c12903 04012983 04412a03 04812a83 04c12b03 05012b83 05412c03 05812c83 05c12d03 06012d83 06412e03 06812e83 06c12f03 07012f83 00412103 30200073 09810113 30046073 10500073 04020863 34002373 06622823 04031263 02122c23 02222e23 04822023 04922223 05222423 05322623 05422823 05522a23 05622c23 05722e23 07822023 07922223 07a22423 07b22623 300023f3 06722a23 02051463 f14022f3 00929293 20028293 00015117 ab010113 00510133 00000213 30046073 10500073 00050213 07022303 00030863 00030113 00000513 ec9ff06f 07422383 03822083 03c22103 34031073 30039073 03422e03 000e5e63 41c00e33 fffe0e13 03c22a23 04422e83 04022503 000e8067 04022403 04422483 04822903 04c22983 05022a03 05422a83 05822b03 05c22b83 06022c03 06422c83 06822d03 06c22d83 00008067 ff010113 00812423 8b01c783 00112623 02079263 00000793 00078a63 00015537 00050513 00000097 000000e7 00100793 8af18823 00c12083 00812403 01010113 00008067 00000793 00078c63 00015537 8b418593 00050513 00000317 00000067 00008067 ff010113 00812423 00112623 00050413 6690b0ef 00044783 00078e63 00001737 f8070713 00f70023 00144783 00140413 fe079ae3 00812403 00c12083 01010113 6650b06f fc010113 00812c23 02b12223 02c12423 02d12623 02f12a23 02e12823 03012c23 03112e23 09022703 000085b7 09420793 80058593 02410693 00050613 40e585b3 00e78533 00112e23 00d12623 1d9010ef 09022783 01c12083 00a787b3 08f22823 01812403 04010113 00008067 c8002773 c00026f3 c80027f3 00f70463 0000006f 000087b7 004787b3 8cd7a023 8ce7a223 c8202673 c0202573 c82027f3 00f60463 0000006f f3010113 0b312e23 87c1a783 000085b7 0c112623 0c812423 0c912223 0d212023 0b412c23 0b512a23 0b812423 0b612823 0b712623 0b912223 0ba12023 09b12e23 004585b3 8af5aa23 8cc18793 8781a703 00f12e23 000157b7 0d078793 000030b7 000086b7 000f4837 d3f08093 004686b3 02f12623 000018b7 24080793 06f12a23 8aa6ac23 f8088793 8ac6ae23 8ae5a823 04112223 04012023 02012a23 02112e23 02112c23 02012823 06012023 04012e23 04012c23 06f12c23 03412c03 00001ab7 00004437 10000493 16900913 800a8a93 00100a13 00040793 00048f93 03812483 03c12b03 03012c83 04412d83 04012b83 4054d613 404b5693 401b5713 01079d13 4047d393 002c9e93 4077d793 03015c83 4044d513 01061413 00d70733 404bd613 4014d693 010d9893 01f787b3 41760633 407c5813 0108d893 00a686b3 01079793 406c5513 07112223 05912a23 404c5893 40d606b3 000b8c13 00a80633 0107d793 407bdb93 406c5c13 05412803 00f12223 01061793 018b8533 010d5d13 0107d793 41a383b3 00f12423 01051793 01045413 4064d593 406b5f13 0107d793 41038833 00209313 00b405b3 012f0f33 00f12623 01081793 401002b3 00130333 01009913 4107d793 03012083 01059593 401f5f13 4105d593 06f12823 010f1793 0107d793 4015d593 001e8eb3 06f12423 01059793 002d9e13 0107d793 406ede93 01be0e33 06f12623 010e9793 416d8cb3 409282b3 06412b03 03412483 0107d793 406e5f93 40600333 00f12823 010f9793 0107d793 40e00733 40635313 409888b3 41670733 00f12a23 01031793 41170733 0107d793 01095913 00f12c23 01071793 0107d793 00d906b3 402cdb93 4022dc13 4020db13 04f12423 01069793 010b9c93 0107d793 416004b3 41800db3 06812e23 010cdc93 04f12623 02012023 04012823 09a12023 09212223 00048413 000d8893 02012783 04811483 04c11d03 07012903 0017f793 00f12023 00000d93 00000313 01012783 40595593 4054d613 00b785b3 01412783 405d5813 01059713 00c78633 01812783 01061e13 41075713 01078833 01081813 410e5e13 41085813 20000693 3740006f 00150533 40ff0f33 41d380b3 010f1e13 01009393 01051293 01051793 010f1f13 01009093 0102d293 4107d793 010e5e13 410f5f13 00ef8733 0103d393 4100d093 402f5f93 4027d793 40275e93 010f9f93 01079793 010e9e93 010fdf93 0107d793 4020d513 010ede93 6c0f4c63 01f28fb3 40fe07b3 41d38eb3 010f9093 01079393 010f9f93 01079793 00a70e33 010e9293 010e9713 0100d093 410fdf93 0103d393 4107d793 0102d293 41075713 4037de93 403fdf93 403e5513 010e9e93 010f9f93 01051513 010ede93 010fdf93 40375f13 01055513 6007ce63 41f38fb3 40a28733 010f9513 41055513 01d08eb3 01071713 40455793 010e9e93 41075713 01079793 010ede93 01ee0e33 0107d793 40475713 60054e63 00fe87b3 01079793 4107d793 00ee0733 40175513 40375713 00e50733 4017de13 01081513 4037d793 01071f13 00fe07b3 01055513 01071713 010f5f13 41075713 e0078793 00050293 000c0f93 00085a63 40a002b3 01029293 0102d293 00088f93 01079813 01085813 01028eb3 010e9e13 010f9393 010e9e93 010e5e13 410ede93 0103d393 5207c063 40580833 407f03b3 01039293 01081f13 01039393 01081813 010f5f13 41085813 00ef8fb3 0102d293 4103d393 40185093 401ed793 401fd713 01009e93 01079793 01071093 010ede93 0107d793 4013d393 0100d093 48084263 01de0733 40ff0f33 40128833 01071e93 010f1293 01071793 010f1f13 007f8e33 01081393 01081813 010ede93 4107d793 0102d293 410f5f13 0103d393 41085813 402f5f93 4027d793 402e5713 010f9f93 01079793 01071713 010fdf93 0107d793 40285813 01075713 3c0f4a63 01fe8f33 40e38733 40f287b3 010f1393 01079293 01071f93 010f1f13 01079793 01071713 0103d393 410f5f13 0102d293 4107d793 010e0e33 010fdf93 41075713 4037de93 403f5f13 403e5813 010e9e93 010f1f13 01081813 010ede93 010f5f13 40375713 01085813 3207ce63 410f87b3 01d38eb3 41e28f33 010e9e93 010f1813 01079793 010ede93 41085813 00ee0e33 4107d793 40485713 01071713 01075713 4047d793 14084a63 00ee8733 01071713 41075713 00fe0e33 40175793 40375713 00e787b3 f0078793 00f686b3 14daca63 48fa5663 02f90733 02f48833 40e75713 00e585b3 01059713 41075713 02fd07b3 40e85593 00b60633 01061e13 410e5e13 40e7d793 00f50533 01051813 41085813 01071593 0105d593 00058793 000b0f93 00075a63 40b007b3 01079793 0107d793 00040f93 010e1613 01065613 00c78eb3 010e9513 010f9713 010e9e93 01055513 410ede93 01075713 3c0e4663 40f607b3 40ec8733 01071393 01079f13 01079293 01071713 010f5f13 4102d293 01fb8fb3 0103d393 41075713 401ed793 4012d093 401fde93 01009093 01079793 010e9e93 0100d093 0107d793 40175713 010ede93 be02d8e3 40150533 00ff0f33 01d380b3 010f1e13 01009393 01051293 01051793 010f1f13 01009093 0102d293 4107d793 010e5e13 410f5f13 40ef8733 0103d393 4100d093 bedff06f 40ee8eb3 010e9713 41075713 40fe0e33 40175793 40375713 00e787b3 f0078793 00f686b3 eadadae3 8781a703 02012783 40e787b3 01b70733 00e7c7b3 00012703 0017d793 0047f793 01a78793 3c070263 01c12703 01b70733 00074703 08c22683 3ce78863 08822603 4ad70a63 02c12503 00271693 00d506b3 0006a583 46c78a63 00279693 00d506b3 0006a603 02e12423 00014737 9a870513 09112623 08612423 02f12223 f50ff0ef 02812703 02412783 08812303 08c12883 08e22623 08f22423 000147b7 9c478513 03112423 02612223 f24ff0ef 02412303 02812883 00412683 001d8793 01b7b733 01268933 00812683 00078d93 01091913 40d484b3 00c12683 01049493 04f00793 01a68d33 010d1d13 41095913 4104d493 410d5d13 00670333 a4fd92e3 a40310e3 00012783 46079e63 06812683 04812603 04c12583 02012703 00c68633 06c12683 00170793 00e7b733 00b686b3 01069693 0106d693 04d12623 05012683 01061613 01065613 00d706b3 00078593 02f12023 04c12423 02e00793 04d12823 9cf590e3 9a069ee3 07c12403 08012d03 08412903 c82027f3 c02026f3 c8202773 40e78e63 0000006f 010f87b3 41d383b3 01e282b3 01039e93 01029813 01079793 010ede93 41085813 40ee0e33 4107d793 cc9ff06f 41fe8f33 00e38733 00f287b3 010f1393 01079293 01071f93 010f1f13 01079793 01071713 0103d393 410f5f13 0102d293 4107d793 410e0e33 010fdf93 41075713 c31ff06f 41de0733 00ff0f33 00128833 01071e93 010f1293 01071793 010f1f13 407f8e33 01081393 01081813 010ede93 4107d793 0102d293 410f5f13 0103d393 41085813 b81ff06f 410287b3 007f03b3 01039293 000e0f13 000e8813 01039393 01079e13 01079e93 40ef8fb3 0102d293 4103d393 010e5e13 410ede93 addff06f 01f383b3 00a28733 01039513 41055513 41d080b3 01071713 40455793 01009e93 41075713 01079793 010ede93 41ee0e33 0107d793 40475713 9e0556e3 40fe8eb3 010e9793 4107d793 40ee0733 9e9ff06f 41f28fb3 00fe0e33 01d38eb3 010f9093 010e1393 010e1793 010f9f93 40a70e33 010e9293 010e9713 0100d093 410fdf93 0103d393 4107d793 0102d293 41075713 92dff06f 40c787b3 00ec8733 01071393 00050f13 000e8293 01071713 01079513 01079e93 417f8fb3 0103d393 41075713 01055513 410ede93 c31ff06f 401e5793 403e5e13 01c787b3 01079793 4107d793 4087d793 00000713 00f05a63 00078713 01900793 00e7d463 01900713 00012783 08078463 01c12783 01b787b3 0007c783 08c22683 0cf70263 08822603 0ed78e63 02c12503 00279693 00d506b3 0006a583 1ac70a63 00271693 00d506b3 0006a603 02e12223 00014737 9a870513 09112623 08612423 02f12423 c04ff0ef 02412703 02812783 08812303 08c12883 08f22623 08e22423 cb5ff06f 01c12703 01b70733 00f70023 cc1ff06f 01c12783 01b787b3 00e78023 cb1ff06f 12d78663 00279713 02f12223 02c12783 09112423 02612423 00e78733 00072583 000147b7 9a078513 b9cff0ef 02412783 02812303 08812883 08f22623 c71ff06f 0ed70663 00271793 02e12223 02c12703 09112423 02612423 00f707b3 0007a583 000147b7 9a078513 b5cff0ef 02412703 02812303 08812883 08e22623 c31ff06f c0c708e3 00271793 02e12223 02c12703 09112423 02612423 00f707b3 0007a583 000147b7 9bc78513 b1cff0ef 02412703 02812303 08812883 08e22423 bd5ff06f 000147b7 9b478513 09112423 02612423 02e12223 af0ff0ef 02412703 02812303 08812883 08e22623 ba9ff06f bac782e3 00279713 02f12223 02c12783 09112423 02612423 00e78733 00072583 000147b7 9bc78513 ab0ff0ef 02412783 08812883 02812303 08f22423 b69ff06f 000147b7 a0c78513 03112423 02612223 a88ff0ef 02412303 02812883 b65ff06f 02f12223 000147b7 9b478513 09112423 02612423 a64ff0ef 02412783 02812303 08812883 08f22623 b1dff06f 000147b7 9c878513 01112023 a40ff0ef 00012883 b75ff06f 00008737 00470633 8b862703 8bc62583 00008637 40e68733 00e6b6b3 40b787b3 00460633 40d787b3 8ae62023 8af62223 c80027f3 c0002573 c8002773 00e78463 0000006f 000086b7 00008737 00468833 00470733 8781a683 8c072583 8b082603 8b482883 8c472303 87c1a703 40b505b3 40c68633 00b53833 406787b3 00c6b533 41170733 000086b7 000088b7 004686b3 004888b3 410787b3 40a70733 8ab6a423 8af6a623 88c8ac23 88e8ae23 cc002773 8ac6a783 8a86a503 1e079c63 1ee57a63 000147b7 9cc78513 96cff0ef 02c12483 00014b37 9a8b0513 0644a603 0844a583 954ff0ef 8701a603 8781a683 000147b7 9d478593 000147b7 9e078513 938ff0ef 05812b83 060b8263 0644a603 0004a583 9a8b0513 920ff0ef 000147b7 9f478513 000b8593 910ff0ef 0004a603 0644a583 9a8b0513 900ff0ef 05c12583 000147b7 a0078513 8f0ff0ef 0004a583 0644a603 9a8b0513 8e0ff0ef 06012583 000147b7 a1078513 8d0ff0ef 000147b7 a2078513 8c4ff0ef 6f50a0ef 09424703 00070e63 09420793 07812683 00178793 00e68023 0007c703 fe0718e3 6fd0a0ef 87818793 0747a72f 03412683 04012783 03012503 4056d593 40b785b3 04412783 40655813 4057d713 40e90733 01059793 4107d793 01071713 01075713 4057d613 00d60633 4067d513 01071693 06412783 4106d693 01061893 4056d693 00d786b3 4108d893 03c12783 4068d893 40a70733 411686b3 40878333 01071093 01069713 01031513 410d07b3 03812683 41055513 40555913 41075713 02a12e23 01079793 00d90533 05412683 40675e13 4107d793 04e12223 fff00713 4067df93 08e22623 08e22423 01051713 41075713 4100d093 01f686b3 4060de93 02e12c23 01069713 41075713 01d585b3 02e12823 01059713 41075713 01c60633 04e12023 01061713 41075713 08022823 02e12a23 00070c13 908ff06f 3e800b93 02fb87b3 000084b7 00448733 8a072603 8a472683 00008737 00470733 89872703 02abb5b3 04e12c23 02ab8533 00b785b3 0cc000ef 04a12e23 cc0026f3 004487b3 8a07a503 8a47a783 00008737 02d535b3 00470733 8a872603 8ac72703 02d787b3 02d50533 00b787b3 07412683 02fb87b3 02abb5b3 02d70733 00b785b3 00068793 02d636b3 02ab8533 00d706b3 02f60633 06c000ef 06a12023 c8002773 c00026f3 c80027f3 00f70463 0000006f 000087b7 004787b3 8cd7a023 8ce7a223 c8202773 c0202573 c82027f3 00f70463 0000006f 8781a603 87c1a683 000087b7 000085b7 004787b3 004585b3 8aa7ac23 8ae7ae23 8ac5a823 8ad5aa23 d15ff06f 00050893 00058313 00060713 00050813 00058793 28069263 000145b7 ce858593 0ec37663 000106b7 0cd67863 10063693 0016b693 00369693 00d65533 00a585b3 0005c583 02000513 00d586b3 40d505b3 00d50c63 00b317b3 00d8d6b3 00b61733 00f6e7b3 00b89833 01075593 02b7d333 01071613 01065613 02b7f7b3 00030513 026608b3 01079693 01085793 00d7e7b3 0117fe63 00f707b3 fff30513 00e7e863 0117f663 ffe30513 00e787b3 411787b3 02b7d8b3 01081813 01085813 02b7f7b3 031606b3 01079793 00f86833 00088793 00d87c63 01070833 fff88793 00e86663 00d87463 ffe88793 01051513 00f56533 00000593 00008067 01000537 01800693 f2a67ce3 01000693 f31ff06f 00000693 00060c63 000107b7 0cf67063 10063693 0016b693 00369693 00d657b3 00f585b3 0005c783 00d787b3 02000693 40f685b3 0af69663 40c307b3 00100593 01075893 0317de33 01071613 01065613 01085693 0317f7b3 000e0513 03c60333 01079793 00f6e7b3 0067fe63 00f707b3 fffe0513 00e7e863 0067f663 ffee0513 00e787b3 406787b3 0317d333 01081813 01085813 0317f7b3 026606b3 01079793 00f86833 00030793 00d87c63 01070833 fff30793 00e86663 00d87463 ffe30793 01051513 00f56533 00008067 010007b7 01800693 f4f674e3 01000693 f41ff06f 00b61733 00f356b3 01075513 00b31333 00f8d7b3 0067e7b3 02a6d333 01071613 01065613 00b89833 02a6f6b3 026608b3 01069593 0107d693 00b6e6b3 00030593 0116fe63 00d706b3 fff30593 00e6e863 0116f663 ffe30593 00e686b3 411686b3 02a6d8b3 01079793 0107d793 02a6f6b3 03160633 01069693 00d7e7b3 00088693 00c7fe63 00f707b3 fff88693 00e7e863 00c7f663 ffe88693 00e787b3 01059593 40c787b3 00d5e5b3 eb9ff06f 18d5e663 000107b7 04f6f463 1006b713 00173713 00371713 000147b7 00e6d5b3 ce878793 00b787b3 0007c783 00e787b3 02000713 40f705b3 02f71663 00100513 e066eee3 00c8b533 00153513 00008067 010007b7 01800713 fcf6f0e3 01000713 fb9ff06f 00f65733 00b696b3 00d766b3 00f35733 00b31333 00f8d7b3 0067e7b3 0106d313 02675eb3 01069813 01085813 00b61633 02677733 03d80e33 01071513 0107d713 00a76733 000e8513 01c77e63 00e68733 fffe8513 00d76863 01c77663 ffee8513 00d70733 41c70733 02675e33 01079793 0107d793 02677733 03c80833 01071713 00e7e7b3 000e0713 0107fe63 00f687b3 fffe0713 00d7e863 0107f663 ffee0713 00d787b3 01051513 00010e37 00e56533 fffe0693 00d57733 410787b3 00d676b3 01055813 01065613 02d70333 02d806b3 02c70733 02c80833 00d70633 01035713 00c70733 00d77463 01c80833 01075693 010686b3 02d7e663 ced79ee3 000107b7 fff78793 00f77733 01071713 00f37333 00b898b3 00670733 00000593 cce8fee3 fff50513 cd1ff06f 00000593 00000513 00008067 00015637 000085b7 15860613 a3858593 00000513 24c0006f 08022583 ff010113 000157b7 00812423 00112623 7f478793 00050413 00f58463 705040ef 07c22583 98418793 00f58663 00040513 6f1040ef 07822583 9ec18793 00f58c63 00040513 00812403 00c12083 01010113 6d10406f 00c12083 00812403 01010113 00008067 fe010113 000037b7 00812c23 afc78793 00015437 7f440413 00112e23 00912a23 01212823 01312623 01412423 88f1a023 00800613 00400793 00000593 97818513 00f42623 00042023 00042223 00042423 06042223 00042823 00042a23 00042c23 668000ef 00003a37 000039b7 00003937 000034b7 e10a0a13 e6c98993 ef490913 f6c48493 97418513 03442023 03342223 03242423 02942623 00842e23 25c0a0ef 000107b7 00978793 00800613 00000593 9e018513 06f42a23 06042423 06042623 06042823 0c042623 06042c23 06042e23 08042023 5f4000ef 98418793 9dc18513 08f42223 09442423 09342623 09242823 08942a23 2040a0ef 000207b7 01278793 00800613 00000593 a4818513 0cf42e23 0c042823 0c042a23 0c042c23 12042a23 0e042023 0e042223 0e042423 59c000ef 9ec18793 0f442823 0f342a23 0f242c23 0e942e23 0ef42623 01812403 01c12083 01412483 01012903 00c12983 00812a03 a4418513 02010113 1900a06f ff010113 00812423 c3c18513 00112623 1c40a0ef 000087b7 004787b3 8c87a703 00071c63 8801a683 00003737 b1470713 8ce7a423 00068c63 c3c18513 00812403 00c12083 01010113 1c00a06f e49ff0ef c3c18513 00812403 00c12083 01010113 1a80a06f c3c18513 16c0a06f c3c18513 1980a06f fd010113 03212023 01312e23 01412c23 01512a23 01612823 01712623 02112623 02812423 02912223 00050b13 00058b93 00060a93 00000a13 00100993 fff00913 004aa483 008aa403 fff48493 0204c863 00c45783 00f9fe63 00e41783 00040593 000b0513 01278663 000b80e7 00aa6a33 fff48493 06840413 fd249ce3 000aaa83 fc0a90e3 02c12083 02812403 02412483 02012903 01c12983 01412a83 01012b03 00c12b83 000a0513 01812a03 03010113 00008067 ff010113 00812423 00058413 00e59583 00112623 2cc000ef 02054063 05042783 00c12083 00a787b3 04f42823 00812403 01010113 00008067 00c45783 fffff737 fff70713 00e7f7b3 00c12083 00f41623 00812403 01010113 00008067 00c59783 fe010113 00812c23 00912a23 01212823 01312623 00112e23 1007f713 00058413 00050493 00060913 00068993 04071063 fffff737 fff70713 00e7f7b3 00e41583 00f41623 01812403 01c12083 00098693 00090613 00c12983 01012903 00048513 01412483 02010113 2740006f 00e59583 00200693 00000613 1ac000ef 00c41783 fb1ff06f ff010113 00812423 00058413 00e59583 00112623 18c000ef fff00793 02f50863 00c45783 00001737 00c12083 00e7e7b3 01079793 4107d793 04a42823 00f41623 00812403 01010113 00008067 00c45783 fffff737 fff70713 00e7f7b3 01079793 4107d793 00c12083 00f41623 00812403 01010113 00008067 00e59583 0d00006f 0a05ca63 f8010113 20800793 06112e23 06812c23 00f11a23 06012623 00a12423 00a12c23 04058863 fff58793 fff00413 00810593 00000513 00f12823 00f12e23 00811b23 4e0020ef 00855a63 000087b7 004787b3 08b00713 8ce7a623 00812783 00078023 07c12083 07812403 08010113 00008067 fff00413 00810593 00000513 00012823 00012e23 00811b23 498020ef 00855a63 000087b7 004787b3 08b00713 8ce7a623 07c12083 07812403 08010113 00008067 000087b7 004787b3 08b00713 8ce7a623 fff00513 00008067 ff010113 00812423 00058513 00112623 8801a223 405090ef fff00793 00f50a63 00c12083 00812403 01010113 00008067 8841a783 fe0786e3 00c12083 00812403 00008737 00470733 8cf72623 01010113 00008067 ff010113 00812423 00058513 00060593 00068613 00112623 8801a223 4b1090ef fff00793 00f50a63 00c12083 00812403 01010113 00008067 8841a783 fe0786e3 00c12083 00812403 00008737 00470733 8cf72623 01010113 00008067 ff010113 00812423 00058513 00060593 00068613 00112623 8801a223 47d090ef fff00793 00f50a63 00c12083 00812403 01010113 00008067 8841a783 fe0786e3 00c12083 00812403 00008737 00470733 8cf72623 01010113 00008067 ff010113 00812423 00058513 00060593 00068613 00112623 8801a223 4ad090ef fff00793 00f50a63 00c12083 00812403 01010113 00008067 8841a783 fe0786e3 00c12083 00812403 00008737 00470733 8cf72623 01010113 00008067 ff010113 00812423 000157b7 00015437 01212023 0b878793 0b840713 00112623 00912223 40e78933 02e78263 40295913 0b840413 00000493 00042783 00148493 00440413 000780e7 ff24e8e3 00015437 000157b7 0c078793 0b840713 40e78933 40295913 02e78063 0b840413 00000493 00042783 00148493 00440413 000780e7 ff24e8e3 00c12083 00812403 00412483 00012903 01010113 00008067 00f00313 00050713 02c37e63 00f77793 0a079063 08059263 ff067693 00f67613 00e686b3 00b72023 00b72223 00b72423 00b72623 01070713 fed766e3 00061463 00008067 40c306b3 00269693 00000297 005686b3 00c68067 00b70723 00b706a3 00b70623 00b705a3 00b70523 00b704a3 00b70423 00b703a3 00b70323 00b702a3 00b70223 00b701a3 00b70123 00b700a3 00b70023 00008067 0ff5f593 00859693 00d5e5b3 01059693 00d5e5b3 f6dff06f 00279693 00000297 005686b3 00008293 fa0680e7 00028093 ff078793 40f70733 00f60633 f6c378e3 f3dff06f 00a5c7b3 0037f793 00c508b3 08079e63 00300793 08c7fa63 00357793 00050713 04079a63 ffc8f613 40e606b3 02000793 10d7c463 00058693 00070793 02c77863 0006a803 00478793 00468693 ff07ae23 fec7e8e3 fff60793 40e787b3 ffc7f793 00478793 00f70733 00f585b3 05176263 00008067 0005c683 00170713 00377793 fed70fa3 00158593 f8078ee3 0005c683 00170713 00377793 fed70fa3 00158593 fc079ae3 f81ff06f 00050713 13157c63 40e88833 fff80613 00500693 00070793 00c6f863 00b766b3 0036f693 00068e63 0005c783 00170713 00158593 fef70fa3 fee898e3 00008067 ffc87313 00658633 0005a683 00458593 00478793 fed7ae23 feb618e3 00670733 f66804e3 00064683 00170793 00d70023 f517fce3 00164683 00270793 00d700a3 f517f4e3 00264783 00f70123 00008067 ff010113 00812623 02000413 0005a383 0045a283 0085af83 00c5af03 0105ae83 0145ae03 0185a303 01c5a803 0205a683 02470713 40e607b3 fc772e23 fe572023 fff72223 ffe72423 ffd72623 ffc72823 fe672a23 ff072c23 fed72e23 02458593 faf446e3 00058693 00070793 02c77863 0006a803 00478793 00468693 ff07ae23 fec7e8e3 fff60793 40e787b3 ffc7f793 00478793 00f70733 00f585b3 01176a63 00c12403 01010113 00008067 00008067 40e88833 fff80613 00500693 00070793 00c6f863 00b766b3 0036f693 00068e63 0005c783 00170713 00158593 fef70fa3 fee898e3 fbdff06f ffc87313 00658633 0005a683 00458593 00478793 fed7ae23 feb618e3 00670733 f8680ce3 00064683 00170793 00d70023 f917f4e3 00164683 00270793 00d700a3 f717fce3 00264783 00f70123 f6dff06f fd010113 01712623 01612823 00050b13 8601a503 01512a23 03212023 01312e23 02112623 00058993 105090ef 8881a903 18090063 01412c23 01812423 02812423 02912223 00100c13 fff00a13 08098263 01912223 00492403 fff40493 1404c063 00241413 00890433 0100006f fff48493 ffc40413 13448463 10442783 ff3798e3 00492c83 00442683 fffc8793 0e978863 00042223 fc068ce3 18892783 009c1733 00f777b3 0a079e63 000680e7 00492703 8881a783 01971463 faf90ae3 0e078063 00078913 f91ff06f 10070c63 00070913 00492783 fff78413 10044463 00279493 009904b3 fff78713 00078993 0044a783 06e40263 0004a223 02078e63 18892703 008c16b3 00e6f733 08070663 18c92703 0844a583 00e6f6b3 0a068e63 00058513 000780e7 00492783 8881a703 f8f99ee3 f8e91ce3 fff40413 ffc48493 0b440263 00492783 fff78713 00078993 0044a783 fae412e3 00892223 00040993 f9dff06f 18c92783 08442583 00f77733 00071e63 000b0513 000680e7 f35ff06f 00992223 00048c93 f11ff06f 00058513 000680e7 f1dff06f 000780e7 f8dff06f 02812403 02412483 01812a03 00812c03 00412c83 8601a503 02c12083 02012903 01c12983 01412a83 01012b03 00c12b83 03010113 7900906f 000b0513 000780e7 f49ff06f 02812403 02412483 01812a03 00812c03 fc1ff06f 00050593 00000693 00000613 00000513 5ad0406f fe010113 01312623 000159b7 00812c23 00912a23 01212823 01412423 00112e23 00058a13 00050913 16498993 678090ef 0089a703 000017b7 fef78793 00472483 00001737 ffc4f493 00f48433 41440433 00c45413 fff40413 00c41413 00e44e63 00000593 00090513 0e1040ef 0089a783 009787b3 02f50863 00090513 644090ef 01c12083 01812403 01412483 01012903 00c12983 00812a03 00000513 02010113 00008067 408005b3 00090513 09d040ef fff00793 04f50863 a5418793 0007a703 0089a683 408484b3 0014e493 40870733 00090513 0096a223 00e7a023 5e4090ef 01c12083 01812403 01412483 01012903 00c12983 00812a03 00100513 02010113 00008067 00000593 00090513 03d040ef 0089a703 00f00693 40e507b3 f4f6dee3 8641a683 0017e793 00f72223 40d50533 a4a1aa23 f45ff06f 18058263 ff010113 00812423 00912223 00058413 00050493 00112623 550090ef ffc42503 ff840713 000155b7 ffe57793 00f70633 16458593 00462683 0085a803 ffc6f693 1ac80263 00d62223 00157513 00d60833 0a051063 ff842303 00482803 00015537 40670733 00872883 16c50513 006787b3 00187813 14a88263 00c72303 0068a623 01132423 1a080663 0017e693 00d72223 00f62023 1ff00693 06f6ec63 ff87f693 00868693 0045a503 00d586b3 0006a603 0057d813 00100793 010797b3 00a7e7b3 ff868513 00a72623 00c72423 00f5a223 00e6a023 00e62623 00812403 00c12083 00048513 00412483 01010113 4980906f 00482503 00157513 08050663 0017e693 fed42e23 00f62023 1ff00693 f8f6f8e3 0097d693 00400613 12d66063 0067d693 03968513 03868613 00351513 00a58533 00052683 ff850513 00d51863 1540006f 0086a683 00d50863 0046a603 ffc67613 fec7e8e3 00c6a503 00a72623 00d72423 00812403 00e52423 00c12083 00048513 00412483 00e6a623 01010113 4080906f 00008067 00015537 00d787b3 16c50513 00862683 0ca68c63 00c62803 0017e513 00f70633 0106a623 00d82423 00a72223 00f62023 ee1ff06f 12081c63 00862583 00c62603 00f686b3 0016e793 00c5a623 00b62423 00f72223 00d70733 00d72023 ef9ff06f 00157513 00d786b3 02051063 ff842503 40a70733 00c72783 00872603 00a686b3 00f62623 00c7a423 0016e613 8681a783 00c72223 00e5a423 eaf6eee3 8941a583 00048513 c9dff0ef eadff06f 00d787b3 f5dff06f 01400613 02d67063 05400613 06d66463 00c7d693 06f68513 06e68613 00351513 ed5ff06f 05c68513 05b68613 00351513 ec5ff06f 00e5aa23 00e5a823 0017e693 00a72623 00a72423 00d72223 00f70733 00f72023 e4dff06f 0045a803 40265613 00100793 00c797b3 0107e7b3 00f5a223 eb1ff06f 15400613 00d66c63 00f7d693 07868513 07768613 00351513 e69ff06f 55400613 00d66c63 0127d693 07d68513 07c68613 00351513 e4dff06f 3f800513 07e00613 e41ff06f 0017e693 00d72223 00f62023 dddff06f fd010113 03212023 02112623 02812423 02912223 01312e23 00b58793 01600713 00050913 08f76263 01000793 20b7e663 238090ef 01800793 00200593 01000493 000159b7 16498993 00f987b3 0047a403 ff878713 34e40663 00442783 00c42683 00842603 ffc7f793 00f407b3 0047a703 00d62623 00c6a423 00176713 00090513 00e7a223 200090ef 00840513 02c12083 02812403 02412483 02012903 01c12983 03010113 00008067 ff87f493 1807c663 18b4e463 1b4090ef 1f700793 3e97fc63 0094d793 18078663 00400713 34f76263 0064d793 03978593 03878813 00359613 000159b7 16498993 00c98633 00462403 ff860613 02860863 00f00513 0140006f 00c42683 28075a63 00d60e63 00068413 00442783 ffc7f793 40978733 fee552e3 00080593 0109a403 00015837 16c80813 27040063 00442783 00f00693 ffc7f793 40978733 36e6ce63 0109aa23 0109a823 34075263 1ff00713 0049a303 24f76a63 ff87f713 00870713 00e98733 00072683 0057d613 00100793 00c797b3 00f36333 ff870793 00f42623 00d42423 0069a223 00872023 0086a623 4025d793 00100613 00f61633 0ac36e63 006677b3 02079463 00161613 ffc5f593 006677b3 00458593 00079a63 00161613 006677b3 00458593 fe078ae3 00f00893 00359e13 01c98e33 000e0513 00c52783 00058e93 24f50463 0047a703 00078413 00c7a783 ffc77713 409706b3 24d8c463 fe06c2e3 00e40733 00472683 00842603 00090513 0016e693 00d72223 00f62623 00c7a423 058090ef 00840513 e59ff06f 000087b7 004787b3 00c00713 8ce7a623 00000513 e41ff06f 20000613 04000593 03f00813 e85ff06f 0089a403 01612823 00442703 ffc77b13 009b6863 409b07b3 00f00713 0cf74863 01512a23 01412c23 8641a603 8941aa03 01912223 01712623 fff00693 01640cb3 01448a33 3cd60263 000016b7 00f68693 00da0a33 fffff6b7 00da7a33 000a0593 00090513 248040ef fff00693 00050b93 44d50663 01812423 23956c63 a5418c13 000c2783 00fa07b3 00fc2023 2aac9463 01451713 2a071063 0089ab83 014b0a33 001a6a13 014ba223 8901a683 00f6f463 88f1a823 88c1a683 00f6f463 88f1a623 00812c03 000b8413 ffca7a13 409a07b3 389a6863 00f00713 38f75463 01812a03 01412a83 00c12b83 00412c83 0014e713 00e42223 009404b3 0099a423 0017e793 00090513 00f4a223 71d080ef 02c12083 00840513 02812403 01012b03 02412483 02012903 01c12983 03010113 00008067 0049a303 e05ff06f 00842603 ccdff06f 00c7a403 00258593 d6878ee3 cadff06f 0097d713 00400693 14e6f263 01400693 32e6e263 05c70613 05b70693 00361613 00c98633 00062703 ff860613 00e61863 2900006f 00872703 00e60863 00472683 ffc6f693 fed7e8e3 00c72603 00c42623 00e42423 00862423 00872623 d8dff06f 01400713 10f77863 05400713 2ef76263 00c4d793 06f78593 06e78813 00359613 cb1ff06f 001e8e93 003ef793 00850513 10078063 00c52783 da5ff06f 00842603 0014e593 00b42223 00f62623 00c7a423 009404b3 0099aa23 0099a823 0016e793 0104a623 0104a423 00f4a223 00e40733 00090513 00d72023 5fd080ef 00840513 bfdff06f 00f407b3 0047a703 00090513 00176713 00e7a223 5dd080ef 00840513 bddff06f 0034d593 00848793 b85ff06f 0014e693 00d42223 009404b3 0099aa23 0099a823 00176693 0104a623 0104a423 00d4a223 00f407b3 00090513 00e7a023 595080ef 00840513 b95ff06f 0067d713 03970613 03870693 00361613 ec5ff06f 07340a63 0089a403 00812c03 00442a03 e09ff06f 05c78593 05b78813 00359613 bb1ff06f 008e2783 fff58593 01c79e63 0035f793 ff8e0e13 fe0796e3 fff64793 00f37333 0069a223 00161613 d0c362e3 d00600e3 006677b3 00079a63 00161613 006677b3 004e8e93 fe078ae3 000e8593 c59ff06f a5418c13 000c2783 00fa07b3 00fc2023 8641a603 fff00693 18d60663 419b8733 00f707b3 00fc2023 007bfc93 0c0c8c63 419b8bb3 000017b7 008b8b93 00878793 014b8a33 419787b3 414787b3 01479793 0147da93 000a8593 00090513 72d030ef fff00793 18f50063 41750533 01550a33 000c2783 0179a423 001a6a13 00fa87b3 00fc2023 014ba223 cf340ee3 00f00613 0b667063 00442683 ff4b0713 ff877713 0016f693 00e6e6b3 00d42223 00500593 00e406b3 00b6a223 00b6a423 00e66663 004baa03 cc1ff06f 00840593 00090513 ea8ff0ef 0089ab83 000c2783 004baa03 ca5ff06f 010a0a13 c51ff06f 4026d693 00100793 00d797b3 00f36333 0069a223 d79ff06f 014b87b3 40f007b3 01479793 0147da93 000a8593 00090513 66d030ef fff00793 f4f512e3 00000a93 f45ff06f 00812c03 00100793 00fba223 00090513 3c1080ef 00000513 01812a03 01412a83 01012b03 00c12b83 00412c83 9adff06f 05400693 04e6e463 00c7d713 06f70613 06e70693 00361613 cd5ff06f 15400713 04f76463 00f4d793 07878593 07778813 00359613 9c9ff06f 0089a403 00442a03 c05ff06f 8771a223 e81ff06f 15400693 04e6e463 00f7d713 07870613 07770693 00361613 c89ff06f 55400713 04f76463 0124d793 07d78593 07c78813 00359613 97dff06f ff8c8c93 019a0a33 417a0a33 00000a93 e7dff06f 55400693 02e6e463 0127d713 07d70613 07c70693 00361613 c3dff06f 3f800613 07f00593 07e00813 93dff06f 3f800613 07e00693 c21ff06f ff010113 01212023 00008937 004907b3 8dc7a783 00812423 00912223 00112623 00050493 00058413 02078e63 00241713 00e787b3 0007a503 04050863 00052703 00e7a023 00052823 00052623 00c12083 00812403 00412483 00012903 01010113 00008067 02100613 00400593 27c040ef 00490933 8ca92e23 00050793 fa0518e3 00000513 fc9ff06f 00100913 00891933 00590613 00261613 00100593 00048513 248040ef fc050ee3 00852223 01252423 f95ff06f 02058463 000087b7 0045a703 004787b3 8dc7a783 00271713 00e787b3 0007a703 00e5a023 00b7a023 00008067 fd010113 02912223 0105a483 00010337 02812423 03212023 01312e23 02112623 00058913 00050993 00068413 01458813 00000893 fff30313 00082783 00480813 00188893 0067f733 02c70733 0107d693 02c686b3 008707b3 0107d713 0067f7b3 00e686b3 01069713 00f707b3 fef82e23 0106d413 fc98c2e3 02040263 00892783 02f4de63 00448793 00279793 00f907b3 0087a223 00148493 00992823 02c12083 02812403 02412483 01c12983 00090513 02012903 03010113 00008067 01512a23 00008ab7 004a87b3 01612823 8dc7a503 00492b03 01412c23 001b0b13 08050463 002b1793 00f50533 00052a03 0a0a0a63 000a2783 00f52023 000a2823 01092603 00c90593 000a2623 00260613 00ca0513 00261613 da5fe0ef 00492703 004a8ab3 8dcaa783 00271713 01412a83 00e787b3 0007a703 01012b03 00e92023 0127a023 00448793 000a0913 00279793 00f907b3 01812a03 00148493 0087a223 00992823 f3dff06f 02100613 00400593 00098513 098040ef 004a87b3 8ca7ae23 f60512e3 01712623 000146b7 00014537 b5468693 00000613 0ba00593 b6850513 01c040ef 01712623 00100b93 016b9bb3 005b8613 00261613 00100593 00098513 04c040ef 00050a13 fc0500e3 01752423 01652223 00c12b83 f25ff06f 00010737 00050793 04e57463 01051793 01800693 01000513 01000737 00e7f663 00879793 00068513 10000737 00e7f663 00450513 00479793 40000737 02e7e063 fff7c793 01f7d793 00f50533 00008067 00800693 00000513 fc1ff06f 00279793 0007ca63 00179713 00074a63 02000513 00008067 00250513 00008067 00350513 00008067 00052783 00050713 0077f693 02068463 0017f693 00000513 06069c63 0027f693 08068663 0017d793 00f72023 00100513 00008067 01079693 0106d693 04068c63 00800613 00000513 0ff7f693 00069663 0087d793 00060513 00f7f693 00069663 00450513 0047d793 0037f693 00069663 00250513 0027d793 0017f693 02069463 0017d793 00150513 00079e63 02000513 00008067 0107d793 01800613 01000513 fa9ff06f 00f72023 00008067 0027d793 00f72023 00200513 00008067 ff010113 01212023 00008937 004907b3 8dc7a783 00812423 00912223 00112623 00050493 00058413 02078e63 0047a503 06050663 00052703 00e7a223 00c12083 00852a23 00812403 00100793 00052623 00f52823 00412483 00012903 01010113 00008067 02100613 00400593 685030ef 00490933 8ca92e23 00050793 fa0518e3 000146b7 00014537 b5468693 00000613 14500593 b6850513 609030ef 01c00613 00100593 00048513 649030ef fc050ae3 00100793 00f52223 00200793 00f52423 f7dff06f fd010113 03212023 01612823 0105a903 01062b03 02912223 01412c23 01712623 02112623 02812423 01312e23 01512a23 00058b93 00060493 00050a13 01694c63 000b0713 00058493 00090b13 00060b93 00070913 00008ab7 0084a703 004a87b3 0044a983 8dc7a783 012b0433 00872733 00e989b3 1e078463 00299713 00e787b3 0007a503 20050a63 00052703 00e7a023 01450313 00241893 00052823 00052623 011308b3 00030793 01137863 0007a023 00478793 ff17ece3 014b8593 00291e13 01448e93 002b1813 01c58e33 010e8833 13c5f663 01548793 00400f13 16f87663 000106b7 fff68693 0180006f 010fdf93 080f9863 00458593 00430313 11c5f063 0005af83 00dff3b3 fe0382e3 00030293 000e8f93 00000493 000fa783 0002a603 00428293 00d7f733 02770733 0107d793 00d67933 01065613 004f8f93 027787b3 01270733 00970733 01075493 00d77733 00c787b3 009787b3 01079613 00e66733 fee2ae23 0107d493 fb0fe8e3 01e307b3 0097a023 0005af83 010fdf93 f60f8ce3 00032703 00030293 000e8613 00070493 00000393 00062783 0104d993 00d77733 00d7f7b3 03f787b3 0042a483 00428293 00460613 00d4f933 007787b3 013787b3 01079393 00e3e733 fee2ae23 ffe65703 0107d793 03f70733 01270733 00f70733 01075393 fb0668e3 01e307b3 00e7a023 00458593 00430313 f1c5e4e3 00804863 0180006f fff40413 00040863 ffc8a783 ffc88893 fe0788e3 02c12083 00852823 02812403 02412483 02012903 01c12983 01812a03 01412a83 01012b03 00c12b83 03010113 00008067 409807b3 feb78793 ffc7f793 00478f13 e89ff06f 02100613 00400593 000a0513 3c5030ef 004a8ab3 8caaae23 00050793 e00510e3 000146b7 00014537 b5468693 00000613 16200593 b6850513 349030ef 00100a93 013a9ab3 005a8613 00261613 00100593 000a0513 37d030ef fc0504e3 01352223 01552423 dd1ff06f fe010113 00812c23 01212823 01312623 00112e23 00367793 00060413 00050993 00058913 0c079863 40245413 08040663 01412423 00008a37 004a07b3 00912a23 8d87a483 0c048c63 00008a37 00147793 004a0a33 02079063 40145413 04040a63 0004a503 06050863 00050493 00147793 fe0784e3 00048613 00090593 00098513 cbdff0ef 02090063 00492703 8dca2783 00271713 00e787b3 0007a703 00e92023 0127a023 40145413 00050913 fa041ae3 01412483 00812a03 01c12083 01812403 00c12983 00090513 01012903 02010113 00008067 00048613 00048593 00098513 c5dff0ef 00a4a023 00052023 00050493 f7dff06f fff78793 00014737 de870713 00279793 00f707b3 0007a603 00000693 851ff0ef 00050913 f11ff06f 000084b7 004487b3 8dc7a503 02050c63 00452483 06048463 0004a783 00f52223 27100793 004a0a33 8c9a2c23 00f4aa23 00100793 0004a623 00f4a823 0004a023 eedff06f 02100613 00400593 00098513 1fd030ef 004484b3 8ca4ae23 fa051ae3 000146b7 00014537 b5468693 00000613 14500593 b6850513 185030ef 01c00613 00100593 00098513 1c5030ef 00050493 fc0508e3 00100793 00f52223 00200793 00f52423 f7dff06f fd010113 01412c23 0105aa03 01312e23 0085a783 40565993 01498a33 02812423 02912223 03212023 01512a23 01612823 02112623 01712623 001a0913 0045a403 00058493 00060a93 00050b13 0127d863 00179793 00140413 ff27cce3 00008bb7 004b87b3 8dc7a583 12058e63 00241793 00f587b3 0007a503 16050663 00052703 00e7a023 00052823 00052623 01450813 03305463 00598993 00299993 01350733 00080793 00478793 fe07ae23 fee79ce3 fec98993 01380833 0104a883 01448793 01faf613 00289893 011788b3 0a060663 02000e13 40ce0e33 00080313 00000693 0007a703 00430313 00478793 00c71733 00d76733 fee32e23 ffc7a683 01c6d6b3 ff17e0e3 01548793 00400713 00f8ea63 409887b3 feb78793 ffc7f793 00478713 00e80833 00d82023 00069463 000a0913 0044a783 02c12083 01252823 00279793 00f585b3 0005a783 02812403 02012903 00f4a023 0095a023 01c12983 02412483 01812a03 01412a83 01012b03 00c12b83 03010113 00008067 0007a703 00478793 00480813 fee82e23 fb17f2e3 0007a703 00478793 00480813 fee82e23 fd17eee3 f8dff06f 00400593 02100613 000b0513 7f4030ef 004b87b3 8ca7ae23 00050593 ea0516e3 01812423 000146b7 00014537 b5468693 00000613 1de00593 b6850513 774030ef 01812423 00100c13 008c1c33 005c0613 00261613 00100593 000b0513 7a4030ef fc0502e3 004b8bb3 01852423 8dcba583 00812c03 00852223 e69ff06f 01052703 0105a783 00050813 40f70533 04f71263 00279793 01480813 01458593 00f80733 00f587b3 0080006f 02e87463 ffc72603 ffc7a683 ffc70713 ffc78793 fed606e3 00100513 00d67663 fff00513 00008067 00008067 0105a703 01062783 fe010113 00812c23 00912a23 01212823 00112e23 01312623 00058413 00060493 00050913 40f706b3 1cf71663 00279693 01458613 01448713 00d607b3 00d70733 0080006f 22f67063 ffc7a583 ffc72683 ffc78793 ffc70713 fed586e3 01412423 01512223 00100993 18d5fe63 00008a37 004a07b3 8dc7a783 0044aa83 1a078663 002a9713 00e787b3 0007a503 22050263 00052703 00e7a023 00052823 0104a303 01042283 01448613 00231e13 01440893 00229293 01450f93 00010eb7 01352623 01c60e33 005882b3 000f8593 00060f13 00000693 fffe8e93 000f2703 0008a803 00458593 01d777b3 01d873b3 407787b3 00d787b3 01075713 01085813 4107d693 41070733 00d70733 01071693 01d7f7b3 00d7e7b3 00488893 fef5ae23 004f0f13 41075693 fa58eae3 01540713 40828433 feb40413 00e2b2b3 0012cf13 00245413 00400713 00029663 00140713 00271713 00e60633 00ef88b3 00010eb7 00088593 00060813 fffe8e93 17c67a63 00082783 00458593 00480813 01d7f733 00d70733 0107df13 41075713 01e70733 00d787b3 01d7f7b3 01071693 00d7e7b3 fef5ae23 41075693 fdc864e3 fffe0e13 40ce0e33 ffce7e13 01c88733 00079a63 ffc72783 fff30313 ffc70713 fe078ae3 01c12083 01812403 00652823 00812a03 00412a83 01412483 01012903 00c12983 02010113 00008067 01412423 01512223 00100993 e606c6e3 00048793 00008a37 00040493 00078413 004a07b3 8dc7a783 0044aa83 00000993 e4079ee3 02100613 00400593 00090513 4f0030ef 004a0a33 8caa2e23 00050793 e2051ee3 000146b7 00014537 b5468693 00000613 24500593 b6850513 474030ef 00008437 004407b3 8dc7a783 06078e63 0007a503 0a050c63 00052703 00e7a023 01c12083 01812403 00100793 00052623 00f52823 00052a23 01412483 01012903 00c12983 02010113 00008067 00100a13 015a1a33 005a0613 00261613 00100593 00090513 45c030ef f6050ee3 01552223 01452423 dc1ff06f 00000713 060f1a63 00ef8733 ed1ff06f 02100613 00400593 00090513 42c030ef 00440433 8ca42e23 00050793 f60516e3 000146b7 00014537 b5468693 00000613 23700593 b6850513 01412423 01512223 3a8030ef 01800613 00100593 00090513 3e8030ef fc0506e3 00100793 00052223 00f52423 f35ff06f 00241713 00ef8733 e5dff06f 01052703 01450513 000107b7 00271713 00e50733 ffc72803 ffc70893 06f87263 01081793 01800313 01000693 01000637 00c7f663 00879793 00030693 10000637 00c7f663 00468693 00479793 40000637 04c7e063 0807ce63 00168793 02000613 40f60633 00c5a023 00a00613 0ef65063 ff668613 09157c63 ff872783 0340006f 00080793 00800313 00000693 fa1ff06f 00279793 0807c663 00179613 0e064863 0005a023 13157a63 ff872783 01500613 02000593 40c585b3 00b7d8b3 00c816b3 0116e6b3 ff870813 3ff008b7 0116e6b3 00c797b3 0b057063 ff472703 00b75733 00e7e7b3 00078513 00068593 00008067 02000793 40d787b3 00f5a023 00a00793 04d7d463 ff568613 0d156263 00c816b3 3ff00737 00e6e6b3 00000793 0580006f 00268793 02000613 40f60633 00c5a023 00a00613 00f65c63 ff768613 fd1578e3 ff872783 f6dff06f 00068793 00b00613 40f60633 3ff005b7 00c856b3 00b6e6b3 00000593 01156e63 01578793 00f817b3 00b7e7b3 00078513 00068593 00008067 ff872583 00c5d5b3 fe1ff06f 00368793 02000613 40f60633 00c5a023 00a00613 faf656e3 ff868613 03156263 00b00713 f4e79ee3 00000793 3ff00737 00e866b3 00078513 00068593 00008067 ff872783 fe0604e3 eddff06f 3ff007b7 01581713 00f766b3 00000793 f8dff06f e9010113 16112623 16812423 16912223 00058413 00c12023 00d12423 00050493 41d020ef 00052783 00078513 02f12223 669020ef 00c45703 0a012823 0a012a23 0a012c23 0a012e23 08077713 02a12023 00012283 00070663 01042703 5a070463 17212023 15312e23 15412c23 15512a23 15612823 15712623 15812423 15912223 15a12023 13b12e23 00014737 ec070793 00028d93 00f12623 000dc783 00012823 02012423 02012823 02012623 02012a23 02012c23 00012223 02500913 2a078063 000d8c93 2f278463 001cc783 001c8c93 fe079ae3 41bc8a33 29bc8263 000a0693 000d8613 00040593 00048513 328020ef fff00793 26f50463 00412703 000cc783 01470733 00e12223 24078a63 fff00313 001cce03 080109a3 001c8c93 00000993 00000d13 00030a13 001c8c93 fe0e0793 05a00713 04f76863 00c12703 00279793 00e787b3 0007a783 00078067 00000993 fd0e0793 00900693 000cce03 00299713 013709b3 00199993 013789b3 fd0e0793 001c8c93 fef6f2e3 fe0e0793 05a00713 faf77ce3 1c0e0c63 0dc10623 080109a3 00100a13 00100b13 0cc10d93 00012023 00000313 00012e23 00012c23 00012a23 00000693 002d7c13 084d7b93 3c0c0a63 002a0a13 140b8ee3 54069ce3 04612023 03c12e23 00200693 09410613 00040593 00048513 230020ef fff00793 03c12e03 04012303 0cf500e3 08000793 00fb9663 41498c33 458040e3 41630c33 05804ee3 100d7793 260786e3 06500793 1bc7d4e3 0b012783 07010593 08010513 08f12023 0b412783 06012823 06012a23 08f12223 0b812783 06012c23 06012e23 08f12423 0bc12783 08f12623 6480b0ef 4e050ae3 09812783 74f05ce3 01412783 01012703 00078b93 00f75463 00070b93 67704ee3 01412703 fffbc793 41f7d793 00fbf7b3 40f70b33 6f6046e3 01412703 400d7793 00ed8ab3 00078463 0a00106f 09812783 01012703 00e7c663 001d7693 02068263 02012683 02412603 00040593 00048513 144020ef fff00793 7cf50e63 09812783 01012703 00ed82b3 40f707b3 41528bb3 0177d463 00078b93 01705463 7910006f fffbc713 41f75713 00ebfbb3 41778c33 01805463 2310106f 004d7e93 000e8663 41498c33 378048e3 00012783 00078863 00078593 00048513 900fe0ef 0149d463 000a0993 00412783 000c8d93 013787b3 00f12223 000dc783 d60794e3 00c45783 16012903 15c12983 0407f793 15812a03 15412a83 15012b03 14c12b83 14812c03 14412c83 14012d03 13c12d83 00078463 3750106f 16c12083 16812403 00412503 16412483 17010113 00008067 41bc8a33 d5bc8ee3 d29ff06f 000cce03 d6dff06f 000cce03 020d6d13 d61ff06f 413009b3 00f12423 000cce03 004d6d13 d4dff06f 008d7793 000a0313 64078ee3 00812703 00072783 00470713 00e12423 0007a603 0047a683 0087a703 00c7a783 0b010513 00612a23 01c12023 0af12e23 0ac12823 0ad12a23 0ae12c23 140030ef 08a12c23 00200793 00012e03 01412303 66f50ee3 00100793 00f51463 2210106f 06100793 00fe1463 3240106f 04100793 00fe1463 4890106f fff00793 00f31463 50d0106f fdfe7793 04700713 00012023 00e79463 4e90106f 0bc12b03 100d6793 04f12023 02012e23 0b012c03 0b412a83 0b812883 000b5a63 800007b7 0167cb33 02d00793 02f12e23 fbfe0793 02500713 00f77463 0f00106f 00014737 00279793 02c70713 00e787b3 0007a783 00078067 00812703 080109a3 00100a13 00072783 00470713 00e12423 0cf10623 00100b13 0cc10d93 c9dff06f 00812783 080109a3 0007ad83 00478a93 000d9463 0690106f 000a5463 0910106f 000a0613 00000593 000d8513 01c12a23 01412423 4ec020ef 00a12023 00812303 01412e03 00051463 2900106f 41b50b33 09314683 fffb4a13 41fa5a13 01512423 00012023 00012e23 00012c23 00012a23 014b7a33 00000313 c2068ce3 001a0a13 002d7c13 084d7b93 c20c1ae3 5c0b8663 c60682e3 04612023 03c12e23 00100693 09310613 c35ff06f 020d7793 000a0313 20078663 00812783 00778a93 ff8afa93 004aa783 000aaa03 008a8713 00e12423 00078b93 2207c263 000d0c13 6a034c63 017a67b3 f7fd7c13 6a079663 46031063 00000b13 000c0d13 13010d93 1000006f 04000593 00048513 930fe0ef 00a42023 00a42823 00012283 00051463 0d50106f 17212023 15312e23 15412c23 15512a23 15612823 15712623 15812423 15912223 15a12023 13b12e23 04000713 00e42a23 a35ff06f 000cce03 080d6d13 ac9ff06f 02b00793 000cce03 08f109a3 ab9ff06f 000cce03 008d6d13 aadff06f 000cce03 06800793 4afe08e3 040d6d13 a99ff06f 000a0313 010d6d13 020d7793 1a078ae3 00812783 00778a93 ff8afa93 000aaa03 004aab83 008a8793 00f12423 bffd7c13 00000793 00000713 08e109a3 14034863 017a6733 f7fc7d13 5a071863 3e031463 1a0792e3 001c7b13 13010d93 000b0863 03000793 12f107a3 12f10d93 09314683 000b0a13 006b5463 00030a13 00012023 00012e23 00012c23 00012a23 e60690e3 a91ff06f 020d7793 2e078ae3 00812783 00412683 0007a783 41f6d713 00d7a023 00e7a223 00812783 000c8d93 00478793 00f12423 bfdff06f 00812703 000087b7 83078793 08f11a23 00470793 00f12423 000147b7 bd878793 000a0313 02f12423 00072a03 00000b93 002d6c13 00200793 07800e13 f31ff06f 000cce03 06c00793 4afe00e3 010d6d13 97dff06f 010d6d13 020d7793 000a0313 de079ee3 00812703 010d7793 00072a03 00470713 00e12423 140792e3 040d7793 580796e3 200d7793 12078ae3 018a1a13 418a5a13 41fa5b93 000b8793 de07d2e3 02d00713 014037b3 41700bb3 08e109a3 40fb8bb3 41400a33 000d0c13 00100793 ea035ce3 00100713 46e78a63 00200713 2ae78863 13010d93 01db9713 007a7793 003a5a13 03078793 01476a33 003bdb93 fefd8fa3 017a6733 000d8693 fffd8d93 fc071ce3 001c7713 2a070663 03000713 2ae78263 ffe68693 13010793 feed8fa3 40d78b33 000c0d13 00068d93 e79ff06f 000a0313 010d6c13 020c7793 78078263 00812783 00778a93 ff8afa93 008a8793 00f12423 000aaa03 004aab83 00100793 e0dff06f 000cce03 001d6d13 861ff06f 09314783 000cce03 84079ae3 02000793 08f109a3 849ff06f 00812783 0007a983 00478793 ac09cee3 000cce03 00f12423 82dff06f 000cce03 02a00793 001c8693 00fe1463 2ad0106f fd0e0793 00900713 00000313 00900613 00068c93 00000a13 80f760e3 0006ce03 00231713 00670333 00131313 00f30333 fd0e0793 00168693 fef672e3 00030a13 00034663 00068c93 fd0ff06f fff00a13 00068c93 fc4ff06f 00048513 2cc020ef 00452783 00078513 02f12c23 518020ef 00050793 00048513 00078a93 02f12a23 2a8020ef 00852703 02e12623 a00a8ce3 000cce03 f8070063 00074783 f6078c63 400d6d13 f70ff06f 000147b7 bec78793 000a0313 05800713 02f12423 020d7793 60078a63 00812783 00778a93 ff8afa93 000aaa03 004aab83 008a8793 00f12423 001d7793 00078e63 017a67b3 00078a63 03000793 08f10a23 08e10aa3 002d6d13 bffd7c13 00200793 cadff06f 000a0313 000d0c13 e6dff06f 000147b7 bd878793 000a0313 07800713 02f12423 f91ff06f 000a0313 c55ff06f 000d0c13 030a0a13 134107a3 000c0d13 00100b13 12f10d93 c9dff06f 01000793 00014ab7 3b87d663 000a0793 fff00b93 00098a13 03c12e23 000c0993 00078c13 0100006f ff098993 01000713 37375863 01000693 0c4a8613 00040593 00048513 169010ef ff7510e3 00012583 8a0582e3 00048513 979fd0ef 899ff06f 00100713 f8e780e3 00200713 000d0c13 d4e79ce3 02812683 13010d93 00fa7793 00f687b3 0007c703 004a5a13 01cb9793 0147ea33 004bdb93 feed8fa3 017a67b3 fffd8d93 fc079ce3 13010793 41b78b33 000c0d13 be5ff06f 41498bb3 29704a63 04069063 04612023 03c12e23 00200693 09410613 00040593 00048513 0d1010ef fff00793 03c12e03 04012303 eaf51a63 f5dff06f 41498bb3 25704c63 ea068263 00100693 09310613 00040593 00048513 04612023 03c12e23 fff00b93 091010ef f37506e3 03c12e03 04012303 e60c0a63 00200693 09410613 00040593 00048513 04612023 03c12e23 065010ef 03c12e03 04012303 e5751663 ef5ff06f 01012703 00100793 00100693 000d8613 00040593 00048513 00e7c663 001d7793 54078863 02d010ef fff00b93 ed7502e3 02012683 02412603 00040593 00048513 011010ef eb7506e3 0b012783 07010593 08010513 08f12023 0b412783 06012823 06012a23 08f12223 0b812783 06012c23 06012e23 08f12423 0bc12783 08f12623 01012783 fff78c13 4550a0ef 44051263 01012703 00100793 4ee7c463 03012683 0a010613 00040593 00048513 7a4010ef fff00793 eaf51063 e39ff06f 000b0693 000d8613 fe1ff06f 00100713 000d0c13 b8e79ae3 000b9663 00900793 db47f8e3 400c7793 ccccd737 000782e3 ccccdb37 00812023 00000593 02c12403 13010613 00500d13 ccd70713 cccb0b13 0ff00a93 0580006f 014db7b3 00fd87b3 03a7f7b3 40fa07b3 00fa3633 40cb8633 036788b3 02e60633 02e7b533 01160633 02e787b3 00a60633 01f61513 00165613 0017d793 00f567b3 000b9463 4180106f 00060b93 00078a13 00080613 017a0db3 014db7b3 00fd87b3 03a7f7b3 00158593 fff60813 40fa07b3 00fa3533 40ab8533 02e7b8b3 02e50533 02e787b3 01150533 01f51513 0017d793 00f567b3 00279513 00f507b3 00179793 40fa07b3 03078793 fef60fa3 00044783 f4f598e3 f55586e3 000b8463 1c40106f 00900793 0147f463 1b80106f 02812623 00b12823 00012403 00080d93 d5dff06f 01000693 00014ab7 1376d263 05312023 03c12e23 000b8993 000a0b93 00030a13 0100006f ff098993 01000713 0f375663 01000693 0d4a8613 00040593 00048513 61c010ef fff00793 fcf51ee3 cb1ff06f 03c12e03 000c0793 00098c13 000a0993 00078a13 000c0693 0c4a8613 00040593 00048513 03c12e23 5e4010ef fff00793 03c12e03 bcf51a63 c75ff06f 01000693 00014ab7 2786dc63 05312023 fff00b93 000c0993 03c12e23 000a0c13 00030a13 0100006f ff098993 01000713 23375e63 01000693 0c4a8613 00040593 00048513 58c010ef ff7510e3 c25ff06f 01000793 00014ab7 fff00b93 0187ca63 2340006f ff0c0c13 01000793 2387d463 01000693 0d4a8613 00040593 00048513 550010ef ff7510e3 be9ff06f 000a0313 03c12e03 000b8a13 00098b93 04012983 000b8693 0d4a8613 00040593 00048513 04612023 03c12e23 518010ef fff00793 baf508e3 09314783 03c12e03 04012303 c4079ae3 ae0c0863 c11ff06f 00100693 09310613 00040593 00048513 04612023 03c12e23 4dc010ef fff00793 03c12e03 04012303 a8f51263 b69ff06f 00014637 00100693 a4c60613 00040593 00048513 4b0010ef fff00793 b4f504e3 09812783 01012703 00e7c663 001d7793 b8078c63 02012683 02412603 00040593 00048513 480010ef fff00793 b0f50ce3 01012783 fff78c13 b7805863 01000793 00014ab7 fff00b93 0187ca63 5e90006f ff0c0c13 01000793 5d87dee3 01000693 0c4a8613 00040593 00048513 438010ef ff7510e3 ad1ff06f 00812683 010d7793 0006aa03 00468693 00d12423 12079463 040d7793 58079e63 200d7793 10078c63 0ffa7a13 00000b93 9ddff06f 00812703 010c7793 00072a03 00470713 00e12423 00079c63 040c7793 54079a63 200c7793 00078463 0ffa7a13 00000b93 00100793 e78ff06f 00812703 010d7793 00072a03 00470713 00e12423 0c079263 040d7793 50079663 200d7793 0a078a63 0ffa7a13 00000b93 e3cff06f 00000b13 13010d93 e70ff06f 000c0693 001d8613 00040593 00048513 370010ef bb751ce3 a09ff06f 000a0313 03c12e03 000c0a13 00098c13 04012983 04612023 03c12e23 000c0693 0c4a8613 a69ff06f 000c0693 0d4a8613 00040593 00048513 32c010ef fff00793 a2f51c63 9c1ff06f 000b8693 000d8613 00040593 00048513 30c010ef fff00793 96f51863 9a1ff06f 41fa5b93 000b8793 cb8ff06f 00000b93 8cdff06f 00000b93 d90ff06f 2e0010ef fff00793 b2f512e3 975ff06f 01100793 00014ab7 fff00b93 00e7ca63 4a50006f ff0c0c13 01000793 4987dce3 01000693 0c4a8613 00040593 00048513 2a0010ef ff7510e3 939ff06f 01000713 00014ab7 fff00b93 01674a63 48d0006f ff0b0b13 01000793 4967d0e3 01000693 0c4a8613 00040593 00048513 264010ef ff7510e3 8fdff06f 00014637 00100693 a4c60613 00040593 00048513 244010ef fff00b93 8d750ee3 09812783 01012683 001d7713 00f6e7b3 00e7e7b3 92078463 02012683 02412603 00040593 00048513 210010ef 8b7506e3 09812783 5207c463 01012683 000d8613 a4dff06f 010d7793 32079863 040d7793 4e0782e3 00812783 00412703 0007a783 00e79023 d08ff06f 00812783 08010513 01c12023 00778a93 ff8afa93 004aa603 000aa583 008a8793 00f12423 01412a23 0000d0ef 08012603 08412683 08812703 08c12783 01412303 00012e03 984ff06f 000b8693 000a8613 00040593 00048513 178010ef fff00793 80f508e3 09812783 01012703 40f707b3 84cff06f 0b012783 07010593 08010513 08f12023 0b412783 06012823 06012a23 08f12223 0b812783 06012c23 06012e23 08f12423 0bc12783 08f12623 7ac0a0ef 00012e03 4c054a63 09314683 04700793 3fc7c2e3 000142b7 bc828d93 00012023 00012e23 00012c23 00012a23 f7fd7d13 00300a13 00300b13 00000313 a4069863 e81fe06f 001cce03 200d6d13 001c8c93 de5fe06f 01012783 05312223 02c12983 01812b83 03912e23 00fd8b33 01c12c83 05a12023 01412c23 01b12e23 07705a63 07905263 fffc8c93 000b8d13 03412683 03812603 00040593 00048513 084010ef fff00793 f0f50e63 0009c703 415b0c33 01612a23 01875463 00070c13 07804863 fffc4793 41f7d793 00fc77b3 40f70db3 09b04863 00ea8ab3 0b705ae3 000d0b93 f9dff06f fff98993 fffb8d13 fa1ff06f f9904ae3 01c12d83 01012783 03312623 03c12c83 04012d03 04412983 01812a03 00fd87b3 00f12a23 01412783 0157e463 e99fe06f 00078a93 e91fe06f 000c0693 000a8613 00040593 00048513 7e5000ef fff00793 e6f50e63 0009c703 f75ff06f 001cce03 020d6d13 001c8c93 cd9fe06f 01000713 00014a37 fff00c13 03b74a63 000d8693 0c4a0613 00040593 00048513 7a1000ef fff00793 e2f50c63 0009c703 f45ff06f ff0d8d93 01000793 fdb7dae3 01000693 0c4a0613 00040593 00048513 771000ef ff8510e3 e08ff06f ccccd6b7 13010d93 00500613 ccd70713 ccc68693 017a07b3 0147b5b3 00b787b3 02c7f7b3 000b8513 fffd8d93 000a0813 40fa07b3 00fa35b3 40bb85b3 02d78eb3 02e585b3 02e7b8b3 01d585b3 02e787b3 011585b3 01f59893 0015db93 0017d793 00f8e7b3 00279593 00f585b3 00159593 40ba05b3 03058593 00bd8023 00078a13 f8051ae3 00900793 f907e6e3 13010793 41b78733 00e12823 00070b13 000c0d13 9b0ff06f 00812783 00412703 0007a783 00e7a023 9e4ff06f 010a1a13 410a5a13 41fa5b93 000b8793 860ff06f 010a1a13 010a5a13 00000b93 938ff06f 010a1a13 010a5a13 00000b93 00100793 92cff06f 010a1a13 010a5a13 00000b93 c48ff06f 08010a13 09c10793 00030693 0a810813 09810713 00200613 000a0593 00048513 01c12c23 00612a23 09112423 01112823 09812023 09512223 09612623 4c9010ef 001d7793 01012883 01412303 01812e03 00050d93 22079ee3 09812783 0a812b03 00f12a23 40ab07b3 00f12823 01412703 ffd00793 00f74463 06e35ce3 01412783 ffee0e13 fff78593 08b12c23 0ffe7793 00000713 0af10023 02b00793 0005da63 01412783 00100593 40f585b3 02d00793 0af100a3 00900793 28b7dce3 0af10813 00080693 00a00613 06300313 02c5e7b3 00068713 00058513 fff68693 03078793 fef70fa3 02c5c5b3 fea342e3 03058593 ffe70793 feb68fa3 4d07f0e3 0a210693 0007c603 00178793 00168693 fec68fa3 ff0798e3 13010793 40e78733 f8370793 02f12823 00078693 01012703 00100793 00d70b33 26e7dce3 02012783 00fb0b33 fffb4a13 bffd7e93 41fa5a13 100ee793 04f12023 014b7a33 00012e23 00012c23 00012a23 03c12783 76078863 02d00793 04012d03 08f109a3 00000313 02d00693 001a0a13 e51fe06f ff000713 40f00c33 00014ab7 fff00b93 00e7ca63 2390006f ff0c0c13 01000793 2387d6e3 01000693 0c4a8613 00040593 00048513 4a9000ef ff7510e3 b40ff06f 07800793 03000713 08f10aa3 08e10a23 06300793 00012023 002d6d13 0cc10d93 0067c463 ce9fe06f 00130593 00048513 01c12823 00612023 f8dfc0ef 00012303 01012e03 00050d93 420500e3 00a12023 cbdfe06f 02d00793 08f109a3 02d00693 b29ff06f 09314683 01512423 00012e23 00012c23 00012a23 00030a13 00030b13 00000313 00068463 d81fe06f 9b1fe06f 00130693 00200613 08010a13 09c10793 09810713 0a810813 000a0593 00048513 00612e23 01c12c23 00d12a23 09112423 01112823 09812023 09512223 09612623 26d010ef 01812e03 01412683 04600613 fdfe7713 01012883 01c12303 00050d93 00d507b3 38c712e3 000dc583 03000613 7cc58c63 09812683 07010b93 00d787b3 000b8593 000a0513 00f12e23 00612c23 01c12a23 00e12823 09812023 09512223 09112423 09612623 06012823 06012a23 06012c23 06012e23 7e1090ef 01012703 01412e03 01812303 01c12783 00050ee3 0a812b03 00fb7e63 03000613 001b0693 0ad12423 00cb0023 0a812b03 fefb68e3 09812783 00f12a23 41bb06b3 04700793 00d12823 d0f708e3 04600793 7af70a63 01412783 fff78593 d19ff06f 08010a13 07010b93 09810613 000b8593 000a0513 02612823 01c12e23 07112c23 07512a23 07812823 07612e23 5d4010ef 08012783 06010613 000b8593 06f12823 08412783 000a0513 06012023 06f12a23 08812783 06012223 06012423 06f12c23 08c12783 06f12e23 3ffc07b7 06f12623 2380a0ef 08012803 08412603 08812683 000b8593 000a0513 01012c23 00c12a23 00d12823 06012823 06012a23 06012c23 06012e23 6d9090ef 08c12a83 01012683 01412603 01812803 01c12e03 03012303 00051663 00100793 08f12c23 06100793 16fe02e3 00014c37 becc0793 00f12823 01912a23 01a12e23 03312823 04912023 000a8d13 01012483 fff30c13 01c12c23 000d8993 04812223 05b12423 00060b13 00068c93 00080a93 03c0006f 000b8593 000a0513 09512023 09612223 09912423 09a12623 06012823 06012a23 06012c23 06012e23 fffc0d93 635090ef 7c050c63 000d8c13 400307b7 06010613 000b8593 000a0513 06f12623 07512823 07612a23 07912c23 07a12e23 06012023 06012223 06012423 1240a0ef 000a0513 5700c0ef 00050593 00050d93 000a0513 08012c83 08412b03 08812a83 08c12403 6480c0ef 08012683 06010593 05010613 04d12823 08412683 000b8513 07912023 04d12a23 08812683 07612223 07512423 04d12c23 08c12683 06812623 00098413 04d12e23 07c0b0ef 01b486b3 0006c583 00198993 07012a83 07412b03 07812c83 07c12d03 fff00793 feb98fa3 f0fc12e3 01812e03 000a8813 000b0613 000c8693 000d0a93 3ffe0c37 000b8593 000a0513 05c12623 00812c23 04012483 04412403 01c12d03 05b12223 00098b13 09012023 03012983 05012023 08c12223 02c12823 08d12423 00d12e23 09512623 06012823 06012a23 06012c23 07812e23 5c1090ef 04812d83 01412c83 01812883 04c12e03 02a04663 000b8593 000a0513 01c12a23 4d1090ef 01412e03 04051e63 04412783 01812883 0017f793 04078663 01012783 0b112423 fffb4703 00f7c683 000b0793 02e69063 03000613 fec78fa3 0a812783 fff78713 0ae12423 fff7c703 fee686e3 00170693 03900613 0ff6f693 04c70463 fed78fa3 09812783 41bb06b3 06100713 fff78593 00f12a23 00d12823 08b12c23 07000793 00ee0663 05000793 04100e13 00100713 9e1ff06f 00030693 00300613 ba1ff06f 01012703 00a74683 fb5ff06f 01812a03 00098793 03312623 000c8b93 04412983 03c12c83 04012d03 01c12d83 01912c23 01312e23 03412e23 00078993 6f705e63 03412683 03812603 00040593 00048513 750000ef fff00793 fffb8b93 00f51463 de1fe06f 0009c703 415b0c33 01875463 00070c13 15804c63 fffc4793 41f7d793 00fc77b3 40f70cb3 01904663 00ea8ab3 fadff06f 01000713 00014a37 fff00c13 01974a63 2140006f ff0c8c93 01000793 2197d463 01000693 0c4a0613 00040593 00048513 6dc000ef ff8510e3 d75fe06f 01000793 00014ab7 fff00b93 0187ca63 0500006f ff0c0c13 01000793 0587d263 01000693 0c4a8613 00040593 00048513 6a0000ef ff7510e3 d39fe06f 00600793 000a0b13 0147f463 00600b13 000142b7 000b0a13 01512423 c0028d93 bfcfe06f 000c0693 0c4a8613 ebdfe06f 000d8513 03c12e23 0e0010ef 09314683 fff54a13 41fa5a13 01512423 00012023 00012e23 00012c23 00012a23 03c12e03 00050b13 01457a33 00000313 00068463 f90fe06f bc0fe06f 000c0693 0c4a8613 00040593 00048513 60c000ef fff00793 00f50463 e4dfe06f c9dfe06f 000b0693 0c4a8613 00040593 00048513 5e8000ef fff00793 00f50463 c60fe06f c79fe06f 000c0693 000a8613 00040593 00048513 5c4000ef fff00793 00f51463 c59fe06f 0009c703 e89ff06f 0bc12783 1807cc63 09314683 04700793 19c7c063 000142b7 bd028d93 c8cff06f 09314683 04012d03 00000313 00068463 ee8fe06f b18fe06f 01012783 16f74863 001d7793 00070b13 00078663 02012703 00eb0b33 400d7e93 000e8663 01412783 2ef04063 fffb4a13 41fa5a13 014b7a33 06700e13 00012e23 00012c23 831ff06f 000142b7 bcc28d93 c20ff06f 000087b7 004787b3 00c00713 8ce7a623 fff00793 00f12223 c88fe06f 200d7e93 e40e8063 00812783 00412703 0007a783 00e78023 821fe06f 000c8693 0c4a0613 00040593 00048513 4d8000ef fff00793 00f51463 b6dfe06f 0009c703 00ea8ab3 d5dff06f 03412783 03812583 00e12e23 40f80833 00078613 00080513 00612c23 01c12a23 01012823 36d000ef 014db7b3 00500613 00fd87b3 02c7f7b3 00144603 ccccd537 ccccd8b7 00c03633 00c40433 ccd50513 ccc88893 01012803 01412e03 01812303 01c12703 00000593 40fa07b3 00fa3633 40cb8633 02a60633 031788b3 02a7beb3 01160633 02a78533 01d60633 01f61793 00165613 00155513 00a7e7b3 d2dfe06f 000142b7 bd428d93 b10ff06f 02d00793 08f109a3 02d00693 e65ff06f 02012703 06700e13 00e78b33 01412783 30f05663 400d7e93 180e9063 fffb4a13 41fa5a13 014b7a33 ea1ff06f 006507b3 04700713 07010b93 83dff06f 07010b93 000b8593 000a0513 04f12423 04d12223 00612e23 01c12c23 00e12a23 09112423 01112823 09812023 09512223 09612623 06012823 06012a23 06012c23 06012e23 00d090ef 01012883 01412703 01812e03 01c12303 04412683 04812783 28051c63 09812703 00e787b3 41b787b3 00e12a23 00f12823 01412683 001d7793 0067e7b3 2ad05263 14079e63 00068b13 06600e13 f45ff06f 05800793 e90ff06f 09812683 00078b13 00d12a23 805ff06f 0a210793 00071863 03000793 0af10123 0a310793 13010713 03058593 40e78733 00b78023 09170793 02f12823 00078693 da8ff06f 00900513 01457463 be5fe06f 13010793 02812623 00b12823 00012403 00080d93 41078733 bf0ff06f 001d7793 d8078863 d84ff06f 00030463 b18fe06f 00100313 b10fe06f 00012023 00600313 b04fe06f 000c0693 0c4a8613 00040593 00048513 280000ef fff00793 00f50463 874ff06f 911fe06f 06700e13 02c12603 0ff00693 00012e23 00064783 00012c23 02d78a63 01412703 02e7d263 40f70733 00164783 04078463 01812583 00160613 00158593 00b12c23 fed790e3 02c12623 00e12a23 01c12703 01812783 00e787b3 03412703 02e787b3 01678b33 fffb4a13 41fa5a13 014b7a33 cfcff06f 01c12583 00064783 00158593 00b12e23 f8d79ee3 fbdff06f 02012783 06600e13 00f30733 00d70b33 de5ff06f 000d8793 00040893 00098b13 01412c83 01812e03 01c12d03 03012983 04012483 04412403 04812d83 9c0c42e3 41600633 00500593 00078693 001c0513 00367713 000b0793 0785f063 02070663 03000693 00db0023 00267613 16060463 00d88123 00300793 14f71863 00d881a3 00488793 ffcc0693 40e50833 ffc87613 00eb0733 303035b7 00c70333 03058593 00b72023 00470713 fee31ce3 00c787b3 40c686b3 04c80063 03000713 00e78023 0206ca63 00e780a3 02068663 00e78123 00100613 02c68063 00e781a3 00200613 00c68a63 00e78223 00300613 00c68463 00e782a3 00ab0b33 909ff06f 40fb0733 00170b13 fffb4a13 41fa5a13 014b7a33 b99ff06f 00100613 40d606b3 08d12c23 d30ff06f 00014c37 bd8c0793 00f12823 ea0ff06f 00200793 02f12823 00078693 b64ff06f 00079a63 00100a13 06600e13 00100b13 b55ff06f 02012783 06600e13 00178713 00670b33 fffb4a13 41fa5a13 014b7a33 b35ff06f 01812c83 01c12983 03c12a03 854ff06f 00812783 0007aa03 00478793 000a5463 fff00a13 001cce03 00f12423 00068c93 d4dfd06f 00c45783 0407e793 00f41623 f71fd06f 04500713 07010b93 c90ff06f 00388793 ffdc0693 eb9ff06f 00288793 ffec0693 eadff06f fe010113 01212823 0085a903 00812c23 00912a23 01412423 00112e23 0005a783 00058413 00068493 00060a13 0f26e063 00c59703 48077693 04069863 00090493 00078513 00048613 000a0593 099000ef 00842703 00042783 00000513 41270733 009787b3 00e42423 00f42023 01c12083 01812403 01412483 01012903 00812a03 02010113 00008067 01312623 00050993 0145a503 0105a583 01512223 00151613 00a60633 01f65913 00c90933 00148693 40b78ab3 40195913 01612023 015687b3 00090613 00f97663 00078913 00078613 40077713 04070063 00060593 00098513 a48fc0ef 00050b13 06050a63 01042583 000a8613 981fb0ef 00c45783 b7f7f793 0807e793 00f41623 01c0006f 00068913 f31ff06f 00098513 4e4030ef 00050b13 02050863 015b07b3 41590ab3 01642823 01242a23 01542423 00c12983 00412a83 00012b03 00f42023 00048913 ef5ff06f 01042583 00098513 ecdfb0ef 00c45783 00008737 00470733 0407e793 00c00693 00c12983 00412a83 00012b03 8cd72623 00f41623 fff00513 ee5ff06f ff010113 00112623 01212023 0e058463 000087b7 004787b3 8c87a783 00812423 00912223 00058413 00050493 10078063 06442783 00c41703 0017f793 0a079663 20077713 0e070863 00040593 00048513 124000ef 02c42783 00050913 00078a63 01c42583 00048513 000780e7 0a054063 00c45783 0807f793 0a079263 03042583 00058c63 04040793 00f58663 00048513 e09fb0ef 02042823 04442583 00058863 00048513 df5fb0ef 04042223 a68fb0ef 06442783 00041623 0017f793 0a078663 05842503 3bc050ef a54fb0ef 00c12083 00812403 00412483 00090513 00012903 01010113 00008067 f60710e3 00812403 00412483 00000913 00c12083 00090513 00012903 01010113 00008067 00c45783 fff00913 0807f793 f60782e3 01042583 00048513 d75fb0ef f55ff06f 984fb0ef f01ff06f 05842503 34c050ef 00c41783 f00794e3 06442783 0017f793 fa0790e3 05842503 00000913 360050ef 00812403 00412483 f95ff06f 05842503 34c050ef f51ff06f 00c59783 fe010113 00812c23 01312623 00112e23 0087f713 00058413 00050993 0e071863 0045a703 16e05263 02842703 0c070463 00912a23 000084b7 004486b3 01212823 8cc6a903 8c06a623 01379693 01c42583 1406c863 00000613 00100693 00098513 000700e7 fff00793 00050613 18f50263 00c41783 02842703 01c42583 0047f793 00078e63 00442683 03042783 40d60633 00078663 03c42783 40f60633 00000693 00098513 000700e7 fff00793 0ef50e63 01042703 00c45783 00042223 00e42023 01379713 12074263 03042583 004484b3 8d24a623 0c058063 04040793 00f58663 00098513 c3dfb0ef 01412483 01012903 02042823 00000513 01c12083 01812403 00c12983 02010113 00008067 01212823 0105a903 08090263 00912a23 0005a483 0037f793 0125a023 412484b3 00000713 00079463 0145a703 00e42423 00904863 0540006f 00a90933 04905663 02442783 01c42583 00048693 00090613 00098513 000780e7 40a484b3 fca04ee3 00c41783 0407e793 01412483 01012903 00f41623 fff00513 f75ff06f 03c5a703 e8e04ee3 f65ff06f 01412483 01012903 f59ff06f 05042603 ed9ff06f 004487b3 8cc7a683 01d00793 00c41703 06d7e463 204007b7 00178793 00d7d7b3 0017f793 04078a63 01042783 00042223 00f42023 01371793 ee07d4e3 ee0692e3 04a42823 eddff06f 004487b3 8cc7a783 e6078ce3 01d00713 00e78663 01600713 f6e792e3 004484b3 8d24a623 01412483 01012903 ed9ff06f 04076793 f51ff06f 000087b7 004787b3 8c87a783 ff010113 00812423 01212023 00112623 00912223 00050913 00058413 0a078a63 00c41783 00000493 04078063 06442703 00177713 00071663 2007f793 04078463 00040593 00090513 d81ff0ef 06442783 00050493 0017f793 00079863 00c45783 2007f793 04078463 00c12083 00812403 00012903 00048513 00412483 01010113 00008067 05842503 050050ef 00040593 00090513 d35ff0ef 06442783 00050493 0017f793 fc0792e3 fb5ff06f 05842503 05c050ef 00c12083 00812403 00012903 00048513 00412483 01010113 00008067 e35fa0ef f4dff06f 00357793 0ff5f693 02078a63 fff60793 02060e63 fff00613 0180006f 00150513 00357713 00070e63 fff78793 02c78063 00054703 fed714e3 00008067 00060793 00300713 00f76863 06079063 00000513 00008067 0ff5f593 00859713 00b705b3 01059713 feff08b7 80808837 00e585b3 eff88893 08080813 00300313 0100006f ffc78793 00450513 fcf370e3 00052703 00e5c733 01170633 fff74713 00e67733 01077733 fc070ee3 00f507b3 00c0006f 00150513 f8f50ce3 00054703 fed71ae3 00008067 00a5e7b3 0037f793 00079663 00300793 0ec7e463 00050693 01c0006f fff5c703 fff60813 fee78fa3 00070e63 00078693 00080613 00158593 00168793 fe0610e3 00008067 ffe60713 10080463 40f008b3 00500313 0038f593 06e37063 00078313 02058863 00078023 0028f893 00268313 ffd60713 00088e63 000780a3 00300713 0ce59263 00468313 00078123 ffb60713 40b80833 00b787b3 ffc87613 00c786b3 0007a023 00478793 fed79ce3 00c307b3 40c70733 04c80063 00078023 02070c63 000780a3 00100693 02d70663 00078123 00200693 02d70063 000781a3 00300693 00d70a63 00078223 00400693 00d70463 000782a3 00008067 feff0337 808088b7 00050693 eff30313 08088893 00300e13 0180006f 00e6a023 ffc60613 00468693 00458593 f0ce78e3 0005a703 006707b3 fff74813 0107f7b3 0117f7b3 fc078ce3 ef5ff06f 00368313 ffc60713 f45ff06f 00008067 00015537 65c50513 00008067 ff010113 00812423 00058513 00112623 8801a223 4bd040ef fff00793 00f50a63 00c12083 00812403 01010113 00008067 8841a783 fe0786e3 00c12083 00812403 00008737 00470733 8cf72623 01010113 00008067 ff010113 00812423 000157b7 00015437 0c078793 0c440413 40f40433 00912223 00112623 40245493 02048063 ffc40413 00f40433 00042783 fff48493 ffc40413 000780e7 fe0498e3 00c12083 00812403 00412483 01010113 00008067 02a5f663 00c58733 02e57263 00c507b3 04060c63 fff74683 fff78793 fff70713 00d78023 fef518e3 00008067 00f00793 02c7ee63 00050793 fff60693 14060c63 00600613 00158713 0cd66863 00168693 00d786b3 fff74603 00178793 00170713 fec78fa3 fed798e3 00008067 00b567b3 0037f793 08079e63 ff060893 ff08f893 01088893 011507b3 00058693 00050713 0006a803 01068693 01070713 ff072823 ff46a803 ff072a23 ff86a803 ff072c23 ffc6a803 ff072e23 fcf71ce3 00c67713 011585b3 00f67693 0c070863 0005a883 ffc68713 00300813 0117a023 00e87e63 0045a883 ff868693 0117a223 00d87663 0085a683 00d7a423 ffc77713 00470713 00367613 00e787b3 00e585b3 f2dff06f fff60693 00050793 00b7e733 00377713 06071663 00158713 40e78633 00363613 f0061ee3 00168313 ffc37893 00078713 01158833 0005a603 00458593 00470713 fec72e23 feb818e3 011787b3 411686b3 f11304e3 00084703 00e78023 ee068ee3 00184603 00100713 00c780a3 eee686e3 00284703 00e78123 00008067 00158713 ebdff06f 00008067 00068613 e9dff06f 00357793 00050713 04079c63 7f7f86b7 f7f68693 fff00593 00072603 00470713 00d677b3 00d787b3 00c7e7b3 00d7e7b3 feb784e3 ffc74683 40a707b3 04068463 ffd74683 02068c63 ffe74503 00a03533 00f50533 ffe50513 00008067 fa0688e3 00074783 00170713 00377693 fe0798e3 40a70733 fff70513 00008067 ffd78513 00008067 ffc78513 00008067 f9010113 07212023 00c5a903 05412c23 05512a23 05612823 0045aa83 0005ab03 0085aa03 05312e23 000089b7 06812423 06912223 06112623 01095493 fff98993 03612823 03512a23 03412c23 03212e23 0134f4b3 00062023 00050413 09348063 01010593 02010513 05712623 03612023 00060b93 03512223 03412423 03212623 00012823 00012a23 00012c23 00012e23 0ed080ef 0e050463 00000693 06048e63 ffffc737 00270713 03c12903 00e484b3 800107b7 00d484b3 fff78793 009ba023 03012b03 03412a83 03812a03 04c12b83 00f97933 3ffe07b7 00f96933 01642023 01542223 01442423 01242623 06c12083 00040513 06812403 06412483 06012903 05c12983 05812a03 05412a83 05012b03 07010113 00008067 407107b7 00010613 01010593 02010513 00f12623 01612823 01512a23 01412c23 01212e23 00012023 00012223 00012423 361080ef 02012703 02c12783 f8e00693 02e12823 02412703 0107d493 02f12e23 02e12a23 02812703 0134f4b3 02e12c23 f29ff06f 04c12b83 f5dff06f fe010113 01212823 00812c23 00050413 8601a503 00912a23 01312623 01412423 00112e23 00058493 00060a13 00068993 14d040ef 8881a783 08078663 0047a703 01f00593 8601a503 08e5c663 00271593 02041e63 00170713 00e7a223 00b787b3 0097a423 14d040ef 00000513 01c12083 01812403 01412483 01012903 00c12983 00812a03 02010113 00008067 00b78833 09482423 1887a683 00100613 00e61633 00c6e6b3 18d7a423 11382423 00200693 fad412e3 18c7a683 00c6e6b3 18d7a623 f95ff06f a7c18693 88d1a423 a7c18793 f6dff06f 0dd040ef fff00513 f91ff06f ff010113 00068793 00060813 00112623 07822883 00050693 00058713 00078613 02080063 000147b7 c0878793 000145b7 c1858593 00088513 5d1020ef 200040ef 00014837 c1480793 c1480813 fe1ff06f 02c5b7b3 ff010113 00112623 00812423 02c585b3 06079263 d4cfb0ef 00050413 06050463 ffc52603 02400713 ffc67613 ffc60613 06c76663 01300693 00050793 00c6fc63 00052023 00052223 01b00793 06c7e663 00850793 00c12083 00040513 00812403 0007a023 0007a223 0007a423 01010113 00008067 000087b7 004787b3 00c00713 8ce7a623 00000413 00c12083 00040513 00812403 01010113 00008067 00000593 b31fa0ef 00c12083 00040513 00812403 01010113 00008067 00052423 00052623 01050793 f8e618e3 00052823 01850793 00052a23 f81ff06f f5010113 000148b7 0e488893 0a812423 00008437 0008af83 0048af03 0088ae83 00c8ae03 0108a303 004408b3 8d48a883 0b212023 09312e23 09412c23 09612823 09712623 09812423 09a12023 0a112623 0a912223 09512a23 07b12e23 05f12e23 07e12023 07d12223 07c12423 06612623 00a12a23 00c12c23 00d12e23 0005aa03 0045a983 0085a903 00c5ab83 00070b13 00078c13 00080d13 00088a63 00088593 35c020ef 00440433 8c042a23 06812603 01fbd693 001b9413 40165713 00d77733 001b9a93 ffffc4b7 010b9d93 00dc2023 00145413 00c74733 011ada93 f9148493 010ddd93 02010593 03010513 03412823 03312a23 03212c23 02812e23 03412023 03312223 03212423 02812623 06e12423 009a84b3 05412623 05312823 05212a23 05b12c23 3bd0a0ef 18051063 7fff0c37 09912223 fffc0c13 fff00c93 02010593 03010513 03412823 03312a23 03212c23 02812e23 03912023 03912223 03912423 03812623 37d0a0ef 08051c63 02010593 03010513 674080ef 08a05463 08412c83 00300793 04f12423 01812783 01c12803 01412503 04810713 01a12023 000b0893 04c10693 00048613 05c10593 20c000ef 000b2703 ffff87b7 00f71863 800007b7 fff78793 00fb2023 0ac12083 0a812403 0a412483 0a012903 09c12983 09812a03 09412a83 09012b03 08c12b83 08812c03 08012d03 07c12d83 0b010113 00008067 000107b7 02010593 03010513 03412823 03312a23 03212c23 02812e23 02012023 02012223 02012423 02f12623 48c080ef 02054063 000107b7 00fdedb3 00100793 08412c83 04f12423 05b12c23 f3dff06f 02010593 03010513 03412823 03312a23 03212c23 03712e23 02012023 02012223 02012423 02012623 374080ef 00051863 08412c83 04012423 f01ff06f ffffc4b7 f9248493 00200793 08412c83 04f12423 009a84b3 ee5ff06f 00400793 04f12423 ed9ff06f fc010113 02912a23 00c52483 03312623 03412423 00852983 00452a03 03512223 00052a83 00149493 0014d493 00010593 01010513 02112e23 01512823 01412a23 01312c23 00912e23 01512023 01412223 01312423 00912623 1d50a0ef 08051463 03612023 7fff0b37 03212823 fffb0b13 fff00913 00010593 01010513 02812c23 01212023 01212223 01212423 01612623 00100413 1990a0ef 02050c63 03c12083 00144513 03812403 0ff57513 03012903 02012b03 03412483 02c12983 02812a03 02412a83 00151513 04010113 00008067 00010593 01010513 45c080ef 00152413 fbdff06f 03c12083 03412483 02c12983 02812a03 02412a83 00100513 04010113 00008067 f3010113 09b12e23 00072d83 0d212023 0b612823 fcfdfe13 0c112623 01c72023 00070913 0d012703 00fdfe13 00300e93 00e12423 00b12823 00c12023 01012623 00088b13 7bde0863 0b312e23 00078993 00cdf793 00f12a23 6e079c63 0c812423 00050413 740e0463 0b712623 0005ab83 0b412c23 0c912223 00068a13 02000693 00000593 02000793 0176d863 00179793 00158593 ff77cce3 00040513 fe8fb0ef 00050493 36050ae3 fffb8513 40555513 00251593 0b512a23 0b912223 00ba05b3 01448693 000a0793 0007a703 00478793 00468693 fee6ae23 fef5f8e3 00158593 001a0793 00400693 00f5e663 00251513 00450693 4026dc93 00d486b3 00c0006f ffc68693 760c8263 0106a783 000c8a93 fffc8c93 fe0786e3 004c8793 00279793 00f487b3 0047a503 0154a823 005a9a93 a0dfb0ef 40aa8cb3 00048513 204020ef 00012783 08a12623 00f12e23 74051e63 0104a683 62068c63 08c10593 00048513 0b812423 0ba12023 e40fc0ef 00c59a93 00cada93 3ff006b7 00dae8b3 01c12783 000156b7 6d86a603 6dc6a683 019787b3 00088593 fff78a93 03112023 02f12223 02a12e23 7c0070ef 8081a603 80c1a683 1c4070ef 8101a603 8141a683 104060ef 00050c13 000a8513 00058d13 7c1070ef 8181a603 81c1a683 19c070ef 00050613 00058693 000c0513 000d0593 0d4060ef 00050c13 00058d13 000a8513 000ad863 02412783 00100513 40f50533 bcb50513 02a05863 779070ef 8201a603 8241a683 154070ef 00050613 00058693 000c0513 000d0593 08c060ef 00050c13 00058d13 000d0593 000c0513 6c5070ef 00050893 000d0593 000c0513 00000613 00000693 01112c23 034070ef 02055463 01812503 71d070ef 000c0613 000d0693 6b5060ef 01812783 00a03533 40a787b3 00f12c23 02012783 014a9613 01600693 00f608b3 01812783 415c8ab3 05112223 fffa8c13 5cf6e063 00014eb7 00379693 df8e8e93 01d686b3 03c12e03 0006a503 0046a583 000e0613 00088693 6e5060ef 18a042e3 04012023 02012023 01504a63 00100693 415687b3 02f12023 00000c13 01812783 02012423 00fc0c33 02f12623 00900693 5b36ee63 00500693 1536cee3 02412783 00400613 3fd78793 7f87ba93 00c99463 0ac0106f 00d99463 0800106f 00200693 00d99463 0900106f 00300693 02012c23 58d99663 02c12783 00c12703 00e787b3 04f12623 00178793 02f12223 60f054e3 00078693 00078593 00040513 08d12623 391010ef 00050713 4a050c63 01012783 00c7a783 fff78793 02f12823 58078663 0a07cae3 100df313 56031863 01c12783 0007c863 02c12783 00e00693 0ef6d0e3 03812783 080780e3 01012783 419b8833 00180613 0047a683 01c12783 08c12623 41078833 62d854e3 ffd98613 ffd67613 4c0604e3 40d786b3 00168693 08d12623 00100613 01365a63 02412783 00f05663 00d7d463 6080106f 02012783 02812b83 00dc0c33 00078d93 00f687b3 02f12023 00100593 00040513 00e12e23 841fb0ef 01c12703 00050a93 3e050c63 020d8663 03805463 000d8693 01bc5463 000c0693 02012783 08d12623 40dd8db3 40d787b3 02f12023 40dc0c33 02812783 02078863 03812783 00078463 660b94e3 02812603 00048593 00040513 00e12e23 b69fb0ef 01c12703 00050493 38050c63 00100593 00040513 00e12e23 fc4fb0ef 00050813 38050063 01812783 01c12703 4a079ae3 00100693 1b36dce3 01f00b93 02012783 418b8bb3 ffcb8b93 01fbfb93 00fb8633 09712623 000b8793 20c04ce3 00fc0633 32c04263 04012783 22079ae3 02412783 3cf05ae3 03812783 280784e3 01bb8633 66c048e3 01812783 000a8d93 00078463 6b90006f 03012683 00200793 00f68463 64c0106f 01612c23 02412d03 00070c13 00100793 00e12623 01212823 00080b13 0a00006f 00040513 bd0fb0ef 00095463 0200106f 0129e933 00091a63 000a2783 0017f793 00079463 0080106f 019c0023 08c12783 001c0c13 00fd1463 2900106f 00048593 00000693 00a00613 00040513 bb4fb0ef 00050493 28050463 00000693 00a00613 135d84e3 000a8593 00040513 b94fb0ef 00050a93 26050463 000d8593 00000693 00a00613 00040513 b78fb0ef 00050d93 24050663 08c12783 00178793 000b0593 00048513 08f12623 259010ef 00050b93 000a8593 00048513 dcdfb0ef 000b0593 00050913 000d8613 00040513 e11fb0ef 030b8c93 00050593 20050263 00c52783 f20790e3 00a12023 00048513 d99fb0ef 00012583 00050793 00040513 00f12023 ad4fb0ef 00012783 00f9e6b3 00068463 76c0106f 000a2783 0017f793 080784e3 f00954e3 000b0813 00c12703 01012903 01812b03 0104a603 00100793 00c7c463 3a80106f 03012683 00200793 00080b93 00070d13 02f69663 4900106f aa4fb0ef 00050493 16050c63 000b8593 00048513 191010ef 03050c93 00098c13 000a0d93 000d8593 000b8513 cfdfb0ef 00050793 00000693 00a00613 000d8593 00040513 001c0993 00f04463 4580106f ff998fa3 a50fb0ef 00050a13 00000693 00a00613 00048593 00040513 100a0a63 f9ba98e3 00000693 00a00613 a28fb0ef 00050493 0e050e63 000a0a93 f81ff06f 00400793 10fe1663 0bc12983 0cc12083 0c012903 0b012b03 09c12d83 ffff87b7 00f8a023 000145b7 00070613 00300693 c5458593 0d010113 7fc0106f 00048593 00040513 9a4fb0ef 0c412483 0b812a03 0b412a83 0ac12b83 0a412c83 00812603 00100793 000145b7 00040513 00fb2023 00100693 a4c58593 7bc010ef 0c812403 00050713 0cc12083 0bc12983 0c012903 0b012b03 09c12d83 00070513 0d010113 00008067 0cc12083 0c012903 0b012b03 09c12d83 ffff87b7 00f8a023 000145b7 00070613 00800693 c4858593 0d010113 7640106f 00080593 00040513 00e12023 999fb0ef 00012703 00050813 cc0514e3 0c812403 0c412483 0b812a03 0b412a83 0ac12b83 0a812c03 0a412c83 0a012d03 00000713 f71ff06f 0004a823 8cdff06f 00100793 04f12023 02012023 3a0c4a63 01812783 a607dce3 02012703 02f12623 00012c23 40f70733 02e12023 40f00733 02e12423 a69ff06f 00050593 00048513 1ad010ef 08c12683 00012783 40dc8cb3 00f687b3 00f12e23 889ff06f 02412783 00000993 3fd78793 7f87ba93 000b8513 0ad070ef 8281a603 82c1a683 289060ef 01d070ef 00100793 00350593 02f12c23 fff00793 00058693 00012623 04f12623 02f12223 a65ff06f 03012783 00300693 40f687b3 02f12823 02412783 00e00693 a6f6eee3 a60a8ce3 02c12683 03012603 00c6e6b3 a60694e3 03c12d83 04412d03 04012683 08012623 03b12823 05a12823 02068463 8301a603 8341a683 000d8513 000d0593 04e12423 121060ef 04812703 00055463 6cd0006f 03012783 04e12423 00078613 00078513 05012783 00078693 00078593 11d050ef 8481a603 84c1a683 111050ef 02412783 fcc00337 04812703 00050d93 00b30333 2a0788e3 05512423 00000d13 06f12023 00014eb7 fff78693 03812583 df8e8613 00369693 00c686b3 0006a603 000d8e13 0046a683 00030d93 42058ee3 8581a503 85c1a583 00170313 04612c23 07d12c23 06e12423 07c12223 034060ef 06412e03 000d8693 000e0613 735060ef 03012d03 05012a83 00050613 00058693 000d0513 000a8593 00060d93 06d12223 6b8070ef 02a12823 730070ef 00050613 00058693 000d0513 000a8593 6f5060ef 03012e03 06812703 00058693 00058a93 030e0e13 06412583 0ffe7e13 00050613 01c70023 00050d13 000d8513 02e12823 07c12a23 714060ef 03012703 05812303 00a05463 7010006f 8301a783 8341a803 07412e03 07812e83 04f12823 05012a23 8381a783 83c1a803 07812423 04912c23 07712623 07912823 06412b83 06012c83 02f12823 03012a23 00030c13 000e0493 06e12023 07d12a23 0880006f 08c12783 00178793 08f12623 0197c463 6cd0006f 051060ef 03012603 03412683 00050d93 00058b93 000d0513 000a8593 035060ef 00058a93 00050d13 5c0070ef 00050493 638070ef 00050613 00058693 000d0513 000a8593 03048493 5f9060ef 001c0c13 0ff4f493 000d8613 000b8693 fe9c0fa3 00050d13 00058a93 70c060ef 60054ee3 05012503 05412583 000d0613 000a8693 5c1060ef 00050613 00058693 000d8513 000b8593 604060ef 00050793 03012603 03412683 000d8513 000b8593 f4f050e3 00048e13 06012703 05812483 000c0313 03900693 0100006f 22f70ee3 fff7ce03 00078313 fff30793 fede08e3 001e0693 0ff6f693 00d78023 02000793 00f12a23 2100006f 0c812403 0c412483 0b812a03 0ac12b83 00000713 ba9ff06f 00100693 415687b3 02f12023 00000c13 c41ff06f 02812b83 02012d83 00000a93 ffcff06f 00200793 02f12823 f48ff06f 01812783 04012023 fff78793 00f12c23 c09ff06f ffc98993 00400613 24c98263 74d98263 00200693 02012c23 00000a93 22d98e63 00300993 ebcff06f 000146b7 00379793 df868693 00d787b3 0007aa03 0047aa83 00c12783 5807cc63 04412c03 03c12b83 00100793 000a0613 000a8693 000c0593 000b8513 00e12023 08f12623 575050ef 428070ef 00050993 4a0070ef 000a0613 000a8693 67c060ef 00050613 00058693 000b8513 000c0593 459060ef 02c12703 03098793 00000613 00170d93 00012703 00000693 00050c93 00170313 00f70023 00e12623 00612023 00058c13 05b12423 3ec060ef 00012303 00c12703 0c050a63 83c1a803 8381a783 01b12623 02412d03 00f12023 01012223 00030b93 00070d93 0700006f 09012623 5f8060ef 000a0613 000a8693 00050c13 00058c93 4c5050ef 378070ef 00050993 3f0070ef 000a0613 000a8693 5cc060ef 00050613 00058693 000c0513 000c8593 3a9060ef 001b8b93 03098793 fefb8fa3 00000613 00000693 00050c93 00058c13 354060ef 46050263 08c12703 00012603 00412683 000c8513 000c0593 00170813 f7a71ee3 03012683 000d8713 000b8313 00c12d83 78068c63 01000613 00100793 00c12a23 22f684e3 00048593 00040513 00e12623 00612023 b05fa0ef 00012303 04812783 00c12703 00030023 00fb2023 00812783 00078463 0067a023 00092783 01412683 0c812403 0c412483 00d7e7b3 0b812a03 0b412a83 0ac12b83 0a812c03 0a412c83 0a012d03 00f92023 94dff06f e4dc9663 01012783 00012683 0047a783 00178793 e2d7dc63 02012783 001c0c13 00178793 02f12023 00100793 00f12c23 e1cff06f 00100793 00000a93 02f12c23 00c12583 00b04463 00100593 00058693 04b12623 02b12223 00b12623 c90ff06f 000d8593 00040513 a71fa0ef 00050a93 940502e3 00050d93 ef4ff06f e9204263 f7cff06f 00048593 00040513 00e12823 01012023 aa8fb0ef 00050493 90050ce3 08c12783 01012703 00012803 dc4ff06f 00080593 00048513 00e12823 01012023 c9cfb0ef 00012803 01012703 da055a63 02c12783 00048593 00000693 fff78793 00a00613 00040513 02f12623 9edfa0ef 00050493 8c0500e3 03812783 00012803 01012703 1c0798e3 04c12783 28f05c63 02f12223 02412983 00070c13 00100793 00080a13 00070b93 0180006f 9adfa0ef 00050493 880500e3 08c12783 00178793 000a0593 00048513 08f12623 08c010ef 03050c93 019c0023 08c12783 00000693 00a00613 00048593 00040513 001c0c13 fb37cee3 03012603 000a0813 000b8713 52060063 00200693 0104a783 00000d13 54d60c63 00100693 32f6ce63 0144a783 32079a63 00f037b3 00479793 00f12a23 03000693 fffc4783 000c0313 fffc0c13 fed78ae3 00080593 00040513 00e12623 00612023 8d9fa0ef 02c12783 00012303 00c12703 00178793 04f12423 da0a86e3 000d0e63 015d0c63 000d0593 00040513 8adfa0ef 00c12703 00012303 000a8593 00040513 00e12623 00612023 891fa0ef 00c12703 00012303 d71ff06f 02412783 02812603 fff78693 1ed64863 40d60bb3 7e07d863 00078693 02012783 08012623 40d78db3 b50ff06f 00200793 c337d663 00080593 00000693 00500613 00040513 00e12023 865fa0ef 00050593 f2050c63 02412783 00012703 18079263 00a12023 00048513 00e12823 ac4fb0ef 00012583 01012703 16a05463 02c12783 00278793 04f12423 03100793 00f70023 02000793 00170313 00f12a23 00040513 00e12623 00612023 fd8fa0ef 00012303 00c12703 ca0a8ce3 f29ff06f 00100693 00100593 9fcff06f 00050593 00078613 00040513 e79fa0ef 00050813 ea050663 00100693 01c12703 0336dc63 00012c23 01082783 00e12823 01012023 00378793 00279793 00f807b3 0047a503 979fa0ef 01012703 00012803 00050b93 b08ff06f fcdc96e3 01012783 00012683 0047a783 00178793 fad7dce3 02012783 001c0c13 00178793 02f12023 00100793 00f12c23 fa1ff06f 00100693 eb36c4e3 02012783 02812b83 00cc0c33 00078d93 00f607b3 02f12023 a04ff06f 00200793 0f37c0e3 04c12783 02f12223 d61ff06f 000b8313 000d8713 bd9ff06f 02412783 a6f044e3 02079c63 8501a603 8541a683 000a0513 000a8593 00e12023 104060ef 03c12803 04412783 00080613 00078693 739050ef 00012703 68054a63 00000593 00000a93 00c12783 00070313 40f007b3 04f12423 01000793 00f12a23 ea5ff06f 02812783 02012583 00000b93 40f68633 01812783 00058d93 02d12423 00c787b3 00f12c23 02412783 08f12623 00fc0c33 00f587b3 02f12023 944ff06f 000a8593 000b8613 00040513 00e12e23 d05fa0ef 00050a93 d2050c63 00050593 00048613 00040513 a29fa0ef 00050d13 d2050063 00048593 00040513 e0cfa0ef 02812783 01c12703 000d0493 417787b3 02f12423 96078463 944ff06f 000c0793 001c0993 03900693 00098c13 00d78023 03900693 0080006f 1b870263 fffc4783 000c0313 fffc0c13 fed788e3 00178793 00fc0023 02000793 00f12a23 cc5ff06f 000a8593 00040513 00e12623 01012023 e29fa0ef 00012803 00c12703 00050a93 96051a63 c8cff06f 00100793 02f12c23 f95fe06f 00100793 00000a93 02f12c23 f85fe06f 02012c23 af5ff06f 00100793 02f12c23 ae9ff06f 004aa583 00040513 00e12623 01012023 c8cfa0ef 00050b93 c4050063 010aa603 00ca8593 00c50513 00260613 00261613 c04f90ef 00100613 000b8593 00040513 da1fa0ef 00012803 00c12703 00050d93 00050463 8f8ff06f c00ff06f 000d8613 000d8513 000d0693 000d0593 04e12423 669040ef 8481a603 84c1a683 65d040ef 04812703 fcc00337 00050d93 00b30333 8501a603 03012503 8541a683 05012583 04e12423 04612c23 4d4060ef 05812303 000d8613 00050a93 00030693 02612823 00058d13 511050ef 04812703 42a04263 03012303 800006b7 000d8613 0066c333 000a8513 00030693 000d0593 5c5050ef 04812703 da054ae3 01c12783 00014eb7 5207c663 00c12783 02012823 df8eaa03 dfceaa83 fc07d063 02412783 fa079c63 d55ff06f 02c12783 00178793 02f12623 03100793 00f70023 02000793 00f12a23 b29ff06f 00000d13 00048593 00100613 00040513 00e12623 01012023 c85fa0ef 00050493 ae050a63 00012803 00080593 e91fa0ef 00012803 00c12703 dea04ee3 00051663 001cfc93 de0c98e3 0104a683 01000613 00100793 00c12a23 aad7cce3 0144a783 aa5ff06f 000b0813 00c12703 01012903 01812b03 00100693 8f4ff06f 000c0693 000c8613 00e12823 01712023 509040ef 00012303 000a0613 000a8693 fff34e03 00612623 00050b93 01c12023 00058c13 3e1050ef 00012e03 00c12303 01012703 dea04c63 000b8513 000c0593 000a0613 000a8693 00612023 01c12623 329050ef 00012303 01012703 32051263 0019f993 30098e63 00c12e03 dc0ff06f 04812683 00168693 04d12423 03100693 dd0ff06f 000e0513 00030593 06e12423 07d12c23 529050ef 8381a783 06812703 83c1a803 05012b83 03012f03 04f12c23 00000693 00090793 07812423 06912623 06812a23 000a8913 06012403 05012e23 07412023 06a12223 000b8a13 06b12e23 000b0b93 03000d93 00098b13 00070c13 00068493 06e12823 000f0993 00078a93 0600006f 2d1060ef 00050613 00058693 00098513 000a0593 294060ef 03090713 0ff77e13 01cc0023 08c12703 001c0c13 00050993 00058a13 1ee40e63 05812603 05c12683 00098513 000a0593 00170913 46d050ef 00050993 00058a13 00100493 00098513 000a0593 09212623 1e9060ef 00050913 f80518e3 01bc0023 08c12703 001c0c13 fa871ce3 00048693 000c0313 00098f13 06812c03 000b0993 06c12483 000b8b13 07012703 000a0b93 07412403 07812e83 06012a03 000a8913 00069663 03012f03 05012b83 03000e13 07c12d83 8581a603 85c1a683 06412503 000d8593 06e12023 05c12c23 04612823 03e12823 07d12423 315040ef 03012f03 000b8693 000f0613 2dd050ef 05012303 05812e03 06012703 c0054c63 06412603 8581a503 85c1a583 000d8693 04e12823 04612423 17c060ef 03012f03 000b8693 000f0613 1c5050ef 03012f03 04812303 05012703 06812e83 2ca04663 01c12783 cc07dce3 02812b83 02012d83 02012823 00000a93 c25fe06f 000b0813 000a8d13 00c12703 01012903 01812b03 000d8a93 d31ff06f fffbce03 b98ff06f 02412783 be0788e3 04c12783 c8f052e3 8381a603 83c1a683 000d8513 000d0593 04e12c23 301050ef 8401a603 8441a683 02a12823 04b12823 2ed050ef 8481a603 84c1a683 fff00d13 229040ef 04c12783 fcc00337 05812703 00050d93 00b30333 04012423 06f12023 920ff06f 02012683 08f12623 00fc0c33 00f687b3 00068d93 02f12023 b5dfe06f 00200793 04f12423 00000593 00000a93 859ff06f 000c0313 000b0993 06c12483 000b8b13 06812c03 07012703 07412403 07812e83 06012a03 000a8913 00050f13 00058b93 e69ff06f 02c12783 00000593 00000a93 00278793 04f12423 80dff06f 01000693 00030793 00d12a23 03000613 fff7c683 00078313 fff78793 fec68ae3 05b12423 cc8ff06f 000a8593 00000693 00a00613 00040513 ff5f90ef 00050a93 00051463 ec5fe06f 04c12783 00012803 01012703 00f05663 02f12223 b89fe06f 00200793 1737cc63 04c12783 02f12223 b75fe06f 05812483 06012703 000c0313 000d0513 000a8593 00000613 00000693 00e12623 00612023 760050ef 00a037b3 00479793 00012303 00c12703 00f12a23 c3cff06f 01c12783 06812c03 05812483 06c12b83 07012c83 06012703 07412e83 ae07d2e3 02012823 9b9fe06f 02012823 9a9fe06f 02412783 02812603 fff78693 88d646e3 02012583 00fc0c33 08f12623 00f587b3 00058d93 40d60bb3 02f12023 9e9fe06f 0144a783 00078463 c55fe06f 000a8d13 000d8a93 34d05863 00048593 00100613 00040513 00e12623 01012023 f50fa0ef 00050493 00051463 dbdfe06f 00012803 00080593 959fa0ef 00012803 00c12703 08a05c63 03900793 8afc84e3 02000793 031b8c93 02f12823 0104a683 01000613 00100793 00c12a23 001c0993 04d7dc63 00098313 019c0023 d7cff06f 000f0513 000b8593 00000613 00000693 00e12623 00612023 640050ef 00012303 00a037b3 00479793 00f12a23 00c12703 00030793 001d0d93 e35ff06f 04c12783 02f12223 dd0ff06f 0144a783 fa0794e3 03012783 00f12a23 f9dff06f 00051663 001cf793 f60792e3 02000793 02f12823 f6dff06f 01000793 000a8d13 00f12a23 000d8a93 001c0993 f6dff06f 03900793 000d0713 000b8813 000a8d13 22fc8863 02000793 001c8c93 000d8a93 00f12a23 f45ff06f 000a8d13 01212623 00070c13 000d8a93 00100793 00e12023 00080913 000b0c93 00090593 00048513 08f12623 4ac000ef 00050b93 000d0593 00048513 821fa0ef 00090593 00050d93 000a8613 00040513 865fa0ef 030b8b13 00050593 00051463 c55fe06f 00c52703 06070063 000c8793 00040513 01212823 000b0c93 00c12903 00078b13 d29f90ef 00012703 01012803 1e0dce63 01b9edb3 000d9863 000a2783 0017f793 1e078463 03900793 f0fc8a63 001c8c93 02000793 001c0313 019c0023 00f12a23 c00ff06f 00a12823 00048513 f8cfa0ef 01012583 00050693 00040513 00d12823 cc9f90ef 01012683 00d9e733 1a071a63 000a2703 00177713 08071a63 03012783 0c078c63 23b05863 016c0023 08c12783 02412703 001c0c13 1ef70a63 00048593 00000693 00a00613 00040513 ca9f90ef 00050493 00051463 b79fe06f 00000693 00a00613 000d0593 00040513 075d0a63 c85f90ef 00050d13 00051463 b55fe06f 000a8593 00000693 00a00613 00040513 c65f90ef 00050a93 00051463 b35fe06f 08c12783 00178793 e95ff06f f60ddee3 000c8793 000b0c93 00078b13 03012783 00090813 00012703 00c12903 d6078ce3 000a8d93 00000693 000d0a93 94dfe06f c15f90ef 00050d13 00051463 ae5fe06f 00050a93 fadff06f 000c8793 000b0c93 00078b13 03900793 00090813 00012703 00c12903 dcfc8463 03b05863 02000793 031b8c93 00f12a23 001c0313 019c0023 ab0ff06f 000c0793 000d8a93 da8ff06f 001c0993 d19ff06f 0104a683 01000613 00100793 00c12a23 fcd7c8e3 0144a783 00f037b3 00479793 00f12a23 fbdff06f 02094063 0129e933 00090463 fa0fe06f 000a2703 00177713 00070463 f90fe06f 000b0813 00c12703 01012903 01812b03 00078693 885fe06f 03012783 c40784e3 000a8d93 00100693 000d0a93 86dfe06f 020dcc63 01b9edb3 000d9863 000a2703 00177713 02070263 e4d058e3 000c8793 00090813 000b0c93 00012703 00c12903 00078b13 dd1ff06f 000c8793 000b0c93 00078b13 03012783 00090813 00012703 00c12903 00079663 bcd04ee3 c29ff06f 000a8d93 000d0a93 801fe06f 000c8793 000b0c93 00078b13 03012783 00090813 00012703 00c12903 e6078c63 0104a783 960ff06f 000c8793 00090813 000b0c93 000a8d93 00012703 00c12903 00078b13 00000693 000d0a93 fb0fe06f 000146b7 00014537 ff010113 b5468693 00000613 03900593 c5850513 00112623 c11fd0ef ff010113 00112623 01700693 00100713 00400793 04b6f463 00179793 01478693 00070613 00170713 fed5f8e3 000087b7 004787b3 00060593 8cc7a823 939f90ef 02050863 00c12083 00008737 00470733 8ca72a23 01010113 00008067 000087b7 004787b3 8c07a823 00000593 fd1ff06f f6dff0ef ff010113 00812423 00912223 00112623 01700813 00058413 00060493 00100713 00400793 06d87e63 00179793 01478813 00070593 00170713 ff06f8e3 000087b7 004787b3 8cb7a823 8b9f90ef 06050863 000087b7 004787b3 8ca7aa23 00044783 00140593 00f50023 04078663 00050793 0005c703 00178793 00158593 00e78023 fe0718e3 00048463 00f4a023 00c12083 00812403 00412483 01010113 00008067 000087b7 004787b3 8c07a823 00000593 f99ff06f 00050793 fcdff06f eadff0ef 000087b7 004787b3 8d07a683 00100713 00d71733 00d5a223 00e5a423 8d9f906f fe010113 00912a23 01052783 0105a483 00112e23 1c97c863 fff48493 00249313 00812c23 01458413 01312623 01412423 006409b3 01450a13 0009a783 006a0333 00032703 01212823 01512223 00178793 02f75933 00050a93 0af76e63 00010537 00040893 000a0813 00000f13 00000e93 fff50513 0008a783 00082603 00480813 00a7f6b3 0107d793 00a67733 01065e13 00488893 032686b3 032787b3 01e686b3 00a6f633 40c70733 41d70733 0106d693 01075613 00167613 00a77733 00d787b3 00a7f6b3 00d60633 40ce06b3 01069613 00e66733 0106d693 fee82e23 0107df13 0016fe93 f919f8e3 00032783 02079463 ffc30313 006a6863 0180006f fff48493 006a7863 00032783 ffc30313 fe0788e3 009aa823 000a8513 a6cfa0ef 0a054063 00010537 000a0593 00000693 fff50513 0005a783 00042603 00458593 00a7f733 00a67833 41070733 40d70733 01075693 0016f693 01065613 00c686b3 0107d793 40d787b3 01079693 00a77733 00e6e733 0107d793 00440413 fee5ae23 0017f693 fa89f8e3 00249793 00fa07b3 0007a703 02071463 ffc78793 00fa6863 0180006f fff48493 00fa7863 0007a703 ffc78793 fe0708e3 009aa823 00190913 01812403 01c12083 00c12983 00812a03 00412a83 01412483 00090513 01012903 02010113 00008067 01c12083 01412483 00000513 02010113 00008067 01052803 4055de13 010e4863 00052823 00052a23 00008067 01450313 00281613 002e1793 01f5f593 00c30633 00f307b3 06058263 0007a683 02000e93 00478793 40be8eb3 00b6d6b3 08c7f463 00030893 0007a703 00488893 00478793 01d71733 00d76733 fee8ae23 ffc7a683 00b6d6b3 fec7e0e3 41c80833 00281813 ffc80813 01030833 00d82023 02068a63 00480813 02c0006f 00030713 f6c7fae3 0007a683 00478793 00470713 fed72e23 fec7e8e3 41c80833 00281813 01030833 406807b3 4027d793 00f52823 f46804e3 00008067 00d52a23 f2068ce3 00030813 00480813 fddff06f 01052703 fe010113 01450513 00271713 00812c23 00112e23 00e50733 00000413 00e56a63 02c0006f 00450513 02040413 02e57063 00052783 fe0788e3 00e57a63 00c10513 00f12623 839f90ef 00a40433 01c12083 00040513 01812403 02010113 00008067 fd010113 03212023 02112623 00060913 20058063 02812423 02912223 00058413 01312e23 01412c23 01512a23 00050993 765010ef ffc42783 00b90493 01600713 ff840a93 ffc7fa13 10977463 ff84f493 00048693 1004c463 1124e263 12da5863 00015737 01812423 16470c13 008c2583 014a8633 00462703 1cc58e63 ffe77593 00b605b3 0045a583 0015f593 16059063 ffc77713 00ea05b3 0cd5de63 0017f793 02079c63 01712623 ff842b83 01612823 417a8bb3 004ba783 ffc7f793 00f70733 01470b33 34db5263 00fa0b33 28db5e63 01012b03 00c12b83 00090593 00098513 c4df80ef 00050913 40050e63 ffc42783 ff850713 ffe7f793 00fa87b3 24e78c63 ffca0613 02400793 2ec7ea63 01300713 22c76063 00050793 00040713 00072683 00d7a023 00472683 00d7a223 00872703 00e7a423 00040593 00098513 8edf80ef 00098513 66d010ef 00812c03 0780006f 01000493 01000693 f124f2e3 000087b7 004787b3 00c00713 8ce7a623 00000913 0540006f 00c62783 00862703 00812c03 00058a13 00f72623 00e7a423 004aa783 409a06b3 00f00613 0017f793 014a8733 08d66263 00fa67b3 00faa223 00472783 0017e793 00f72223 00098513 5f5010ef 00040913 02812403 02c12083 02412483 01c12983 01812a03 01412a83 00090513 02012903 03010113 00008067 0017f793 ee0794e3 01712623 ff842b83 01612823 417a8bb3 004ba783 ffc7f793 ebdff06f 02c12083 02012903 00060593 03010113 b0df806f 00f4e7b3 00faa223 009a85b3 0016e693 00d5a223 00472783 00858593 00098513 0017e793 00f72223 fdcf80ef f69ff06f ffc77713 01470633 01048593 26b65063 0017f793 e60798e3 01712623 ff842b83 01612823 417a8bb3 004ba783 ffc7f793 00f70733 01470b33 e2bb4ee3 00cba783 008ba703 ffca0613 02400693 00f72623 00e7a423 008b8913 28c6e463 01300713 00090793 02c77263 00042703 01b00793 00eba423 00442703 00eba623 26c7ea63 00840413 010b8793 00042703 00e7a023 00442703 00e7a223 00842703 00e7a423 009b8733 409b07b3 00ec2423 0017e793 00f72223 004ba783 00098513 0017f793 0097e7b3 00fba223 495010ef 01012b03 00c12b83 00812c03 e99ff06f 00042683 01b00713 00d52023 00442683 00d52223 14c76e63 00840713 00850793 dcdff06f ffc52783 00812c03 ffc7f793 00fa0a33 e29ff06f 00cba783 008ba703 ffca0613 02400693 00f72623 00e7a423 008b8913 10c6e663 01300713 00090793 02c77c63 00042703 01b00793 00eba423 00442703 00eba623 14c7f863 00842783 00fba823 00c42783 00fbaa23 0ad60c63 01040413 018b8793 00042703 00e7a023 00442703 00e7a223 00842703 00e7a423 000b0a13 000b8a93 01012b03 00c12b83 00812c03 00090413 d95ff06f 00040593 ee9fc0ef d31ff06f 00c62783 00862703 02400693 ffca0613 00f72623 00e7a423 008ba703 00cba783 008b8913 00f72623 00e7a423 04c6ee63 01300713 00090793 f8c774e3 00042703 01b00793 00eba423 00442703 00eba623 0ac7f063 00842703 02400793 00eba823 00c42703 00ebaa23 f4f618e3 01042703 020b8793 01840413 00ebac23 ffc42703 00ebae23 f3dff06f 00040593 00090513 e51fc0ef f45ff06f 00842703 00e52423 00c42703 00e52623 06f60463 01040713 01050793 c61ff06f 009a8ab3 409607b3 015c2423 0017e793 00faa223 ffc42783 00098513 00040913 0017f793 0097e7b3 fef42e23 2c5010ef 00812c03 cd1ff06f 00840413 010b8793 ec9ff06f 00098513 2a9010ef 00000913 00812c03 cb1ff06f 01042683 01840713 01850793 00d52823 01442683 00d52a23 bedff06f 00040593 00090513 dadfc0ef db5ff06f 00842783 00fba823 00c42783 00fbaa23 00d60863 01040413 018b8793 d7dff06f 01042703 020b8793 01840413 00ebac23 ffc42703 00ebae23 d61ff06f fc010113 02810313 02c12423 02d12623 00058613 00030693 00050593 00000513 00112e23 02e12823 02f12a23 03012c23 03112e23 00612623 010000ef 01c12083 04010113 00008067 000087b7 004787b3 8c87a783 f2010113 0c812c23 0c912a23 0d312623 0bb12623 0c112e23 00050493 00058413 00060d93 00068993 280788e3 06442703 00c41783 00177713 00071663 2007f713 3a070063 0087f793 1e078e63 01042783 1e078a63 0d512223 00014ab7 0f8a8793 0d212823 0d412423 0d612023 0b712e23 0b812c23 0b912a23 0ba12823 00012a23 00012c23 02012223 02012023 00012623 02500913 00f12823 000dc783 14078863 000d8a13 1d278863 001a4783 001a0a13 fe079ae3 41ba0ab3 13ba0a63 000a8693 000d8613 00040593 00048513 605000ef fff00793 10f50c63 00c12703 000a4783 01570733 00e12623 10078263 001a4703 001a0d93 02010ba3 fff00a93 00000c13 00000c93 001d8d93 fe070793 05a00693 04f6e863 01012683 00279793 00d787b3 0007a783 00078067 00000c13 fd070793 00900613 000dc703 002c1693 01868c33 001c1c13 01878c33 fd070793 001d8d93 fef672e3 fe070793 05a00693 faf6fce3 08070663 02e10e23 02010ba3 00100b93 00100893 03c10a13 00000a93 00000693 084cf713 2c070e63 10069ee3 08000793 00f71663 417c0d33 01a046e3 411a8ab3 2f505e63 01000793 00014b37 7757d063 00098793 fff00d13 000a8993 01112e23 00078a93 0100006f ff098993 01000713 73375663 01000693 264b0613 00040593 00048513 4ed000ef ffa510e3 06442703 00c41783 00177713 08070463 0407f793 0d012903 0c812a03 0c412a83 0c012b03 0bc12b83 0b812c03 0b412c83 0b012d03 04079063 0dc12083 0d812403 00c12503 0d412483 0cc12983 0ac12d83 0e010113 00008067 00040593 00048513 04c010ef e00502e3 06442783 0017f793 44078ee3 fff00793 00f12623 fbdff06f 000dc703 e95ff06f 41ba0ab3 e7ba0ae3 e41ff06f 2007f713 f6071ce3 05842503 7e8010ef 00c41783 f69ff06f 000dc703 020cec93 e65ff06f 010cec93 020cf793 0c079463 010cf793 0009ad03 00498993 04079ae3 040cf793 2c0792e3 200cf793 040782e3 018d1d13 418d5d13 41fd5713 00070793 0a07c863 0c0ac663 00ed67b3 f7fcfc93 0c079063 380a9ae3 00000b93 00000893 0a010a13 03714683 00068463 001b8b93 002cf793 e60786e3 084cf713 002b8b93 56070863 74069863 02e12423 01112e23 00200693 03810613 00040593 00048513 391000ef fff00793 01c12883 02812703 e2f51ee3 e99ff06f 0009ac03 00498993 f00c56e3 41800c33 000dc703 004cec93 d95ff06f 00798993 ff89f993 0049a783 0009ad03 00898993 00078713 f407dce3 02d00693 01a037b3 40e00733 02d10ba3 40f70733 41a00d33 000ac463 f7fcfc93 76071e63 00900793 77a7ea63 030d0793 0ff7f793 08f10fa3 000a8b93 01504463 00100b93 00100893 09f10a13 f29ff06f 05842503 65c010ef 00c41783 c59ff06f 0009a783 02010ba3 00498993 02f10e23 00100b93 00100893 03c10a13 d6dff06f 0009aa03 02010ba3 00498993 020a0ee3 140acce3 000a8613 00000593 000a0513 e10fc0ef 000a8893 00050463 414508b3 03714683 fff8c813 41f85813 0108fbb3 00000a93 ea069ce3 084cf713 d20718e3 417c0b33 43604c63 3e069863 d20708e3 01112e23 00200693 03810613 00040593 00048513 24d000ef fff00793 01c12883 d4f50ee3 411a8ab3 d15046e3 00088693 000a0613 00040593 00048513 225000ef fff00793 d2f50ce3 004cfc93 000c8663 417c0a33 31404863 017c5463 000b8c13 00c12783 018787b3 00f12623 bbdff06f 000dc703 06c00793 76f70063 010cec93 c15ff06f 02b00793 000dc703 02f10ba3 c05ff06f 00048513 f50fc0ef 00452783 00078513 02f12023 99dfc0ef 00050793 00048513 00078a13 02f12223 f2cfc0ef 00852703 00e12c23 d20a0ae3 00070793 000dc703 bc0780e3 0007c783 ba078ce3 400cec93 bb1ff06f 000dc703 02a00793 001d8613 12f70ce3 fd070793 00900693 00000a93 00900593 02f6e463 00064703 002a9693 01568ab3 001a9a93 00fa8ab3 fd070793 00160613 fef5f2e3 000ac663 00060d93 b65ff06f fff00a93 00060d93 b59ff06f 000dc703 080cec93 b49ff06f 010ce713 02077793 44078a63 00798993 ff89f993 0009a783 0049a603 00898993 02010ba3 bff77c93 340acc63 00c7e6b3 b7f77713 62069a63 000c8793 00070c93 600a9663 ce069ae3 0017f893 5a088e63 03000793 08f10fa3 00088b93 09f10a13 ce5ff06f 010ce793 0207f713 3c070263 00798993 ff89f993 0009ad03 0049a703 00898993 02010ba3 00078c93 d60ac2e3 00ed66b3 f7f7fc93 d4069ce3 00100693 fa1ff06f 000dc703 06800793 5cf70663 040cec93 a91ff06f 00008737 83070713 00014bb7 02e11c23 bd8b8713 00e12a23 02010ba3 0009a783 00000613 002cec93 00498993 0c0ac463 00c7e733 f7fcf593 28071263 000c8793 00200693 00058c93 f41ff06f 03714783 000dc703 a2079ce3 02000793 02f10ba3 a2dff06f 000dc703 001cec93 a21ff06f 020cf793 4e078463 00c12683 0009a783 00498993 41f6d713 00d7a023 00e7a223 991ff06f 000c8713 eb5ff06f 00014bb7 becb8793 05800693 00f12a23 020cf793 32078063 00798993 ff89f993 0009a783 0049a603 00898993 001cf713 00070e63 00c7e733 00070a63 03000713 02e10c23 02d10ca3 002cec93 02010ba3 bffcfc93 f40ad0e3 01412583 0a010a13 00f7f713 00e58733 00074683 0047d793 01c61713 00f767b3 00465613 feda0fa3 00c7e733 fffa0a13 fc071ce3 0a010793 414788b3 000a8b93 b51adce3 00088b93 b51ff06f 000c8793 e6dff06f 00014bb7 bd8b8793 07800693 00f12a23 f55ff06f 01000793 00014d37 fff00a93 0147ca63 2ec0006f ff0a0a13 01000793 2f47d063 01000693 274d0613 00040593 00048513 6cc000ef ff5510e3 9e1ff06f 01c12883 02812703 000b0793 00098b13 00078993 000b0693 274d0613 00040593 00048513 02e12423 01112e23 694000ef fff00793 9af504e3 03714783 01c12883 02812703 c0078ce3 00100693 03710613 00040593 00048513 02e12423 01112e23 660000ef fff00793 96f50ae3 02812703 01c12883 90070ce3 00000713 a9dff06f 417c0b33 00200713 bd6058e3 01000693 00014d37 f966d0e3 00098793 01112e23 000b0993 02e12423 00078b13 0100006f ff098993 01000713 f53754e3 01000693 274d0613 00040593 00048513 5f4000ef fff00793 fcf51ee3 06442703 00c41783 00177713 900714e3 989ff06f 01c12883 000a8793 00098a93 00078993 000a8693 264b0613 00040593 00048513 01112e23 5b0000ef fff00793 01c12883 b6f518e3 8bdff06f 00200713 00058c93 e20718e3 0a010a13 01d61693 0077f713 0037d793 03070713 00f6e7b3 00365613 feea0fa3 00c7e6b3 000a0593 fffa0a13 fc069ce3 001cf793 e20786e3 03000793 e2f702e3 ffe58593 fefa0fa3 0a010793 40b788b3 000a8b93 011ad463 00088b93 00058a13 965ff06f 01000793 00014b37 15a7da63 00098793 01112e23 000d0993 00078d13 0100006f ff098993 01000713 13375263 01000693 264b0613 00040593 00048513 4f0000ef fff00793 fcf51ee3 801ff06f 0107f713 0009ad03 00498993 0c071663 0407f713 0a071e63 2007f713 0a070e63 0ffd7d13 00000713 c2dff06f 01077693 0009a783 00498993 0e069a63 04077693 36069663 20077693 0e068263 0ff7f793 00000613 b9dff06f 010cf713 0009a783 00498993 0c071863 040cf713 34071863 200cf713 0c070063 0ff7f793 00000613 cd1ff06f 00100693 03710613 00040593 00048513 02e12423 01112e23 444000ef fff00793 01c12883 02812703 88f516e3 f4cff06f 02e12423 01112e23 00100693 03710613 885ff06f db5f60ef d70ff06f 010d1d13 010d5d13 00000713 b79ff06f 000a0693 274d0613 00040593 00048513 3f0000ef fff00793 9ef510e3 f00ff06f 01c12883 000d0793 00098d13 00078993 01112e23 000d0693 264b0613 971ff06f 41fd5713 00070793 fc8ff06f 00000613 ac1ff06f 00000613 c19ff06f 400cf793 14079263 ccccd637 ccccd5b7 0a010a13 00500513 ccd60613 ccc58593 00ed07b3 01a7b6b3 00d787b3 02a7f7b3 00070813 fffa0a13 000d0893 40fd07b3 00fd36b3 40d70733 02b78333 02c70733 02c7b6b3 00670733 02c787b3 00d70733 01f71693 00175713 0017d793 00f6e7b3 00279693 00f686b3 00169693 40dd06b3 03068693 00da0023 00078d13 f8081ae3 00900793 f917e6e3 bddff06f 00000b93 0a010a13 f34ff06f 010cf793 02079063 040cf793 28078663 0009a783 00c12703 00498993 00e79023 ca4ff06f 0009a783 00c12703 00498993 00e7a023 c90ff06f 00100793 26f68c63 00200793 1af68263 00000793 00000613 d1dff06f 00070c93 00000713 d00708e3 b39ff06f 001dc703 200cec93 001d8d93 cc0ff06f 001dc703 020cec93 001d8d93 cb0ff06f 00600793 000a8893 1757e463 00014a37 00088b93 c00a0a13 d08ff06f ccccd337 ccccdbb7 01312e23 00000613 00040993 0a010593 01812403 00500813 ccd30313 cccb8b93 0ff00b13 0540006f 01aa37b3 00fa07b3 0307f7b3 40fd07b3 00fd35b3 40b705b3 03778e33 026585b3 0267b533 01c585b3 026787b3 00a585b3 01f59513 0015d593 0017d793 00f567b3 1a070663 00058713 00078d13 00088593 00ed0a33 01aa37b3 00fa07b3 0307f7b3 00160613 fff58893 40fd07b3 00fd3533 40a70533 0267be33 02650533 026787b3 01c50533 01f51513 0017d793 00f567b3 00279513 00f507b3 00179793 40fd07b3 03078793 fef58fa3 00044783 f4c79ae3 f56608e3 06071c63 00900793 07a7e863 00812c23 00088a13 00098413 01c12983 a2dff06f 000a0513 938fc0ef 00050893 ebcff06f 010d1d13 410d5d13 41fd5713 00070793 d48ff06f 01079793 0107d793 00000613 839ff06f 01079793 0107d793 00000613 989ff06f 00000793 00000613 9a9ff06f 00600893 e99ff06f 02412783 02012583 02e12623 40f888b3 00078613 00088513 02612423 01112c23 d15fb0ef 01aa37b3 00500613 00fa07b3 02c7f7b3 00144583 02c12703 ccccd537 00b035b3 ccccde37 00b40433 ccd50513 ccce0e13 01812883 02812303 00000613 00500813 40fd07b3 00fd35b3 40b705b3 03c78e33 02a585b3 02a7beb3 01c585b3 02a78733 01d585b3 01f59793 0015d593 00175713 00e7e7b3 e81ff06f 200cfc93 d80c84e3 0009a783 00c12703 00498993 00e78023 a14ff06f 03000793 d38ff06f 00900713 e5a76ae3 ecdff06f 0009aa83 00498993 000ad463 fff00a93 001dc703 00060d93 a50ff06f 00c45783 2007f793 ba079063 05842503 3ad000ef b94ff06f 08068c63 fe010113 00812c23 00912a23 01212823 01312623 01412423 00112e23 00050913 00058993 00060413 00d604b3 fff00a13 0080006f 02940e63 00044583 00098613 00090513 058000ef 00140413 ff4514e3 01c12083 01812403 01412483 01012903 00c12983 00812a03 02010113 00008067 01c12083 01812403 01412483 01012903 00c12983 00812a03 00000513 02010113 00008067 00000513 00008067 000087b7 004787b3 8c87a783 fe010113 00812c23 00912a23 00112e23 00050493 00060413 08078863 06442783 0017f793 00079863 00c45783 2007f793 06078263 00048513 00040613 07c000ef 06442783 00050493 0017f793 00079863 00c45783 2007f793 00078e63 01c12083 01812403 00048513 01412483 02010113 00008067 05842503 281000ef 01c12083 01812403 00048513 01412483 02010113 00008067 05842503 00b12623 229000ef 00c12583 f91ff06f 00b12623 845f60ef 00c12583 f69ff06f 000087b7 004787b3 8c87a783 ff010113 00812423 00912223 01212023 00112623 00050913 00058493 00060413 0c078863 06442783 0017f793 00079863 00c45783 2007f793 08078463 00842783 fff78793 00f42423 0007dc63 01842703 04e7cc63 0ff4f793 00a00713 04e78663 00042783 0ff4f913 00178713 00e42023 00978023 06442783 0017f793 00079863 00c45783 2007f793 04078263 00c12083 00812403 00412483 00090513 00012903 01010113 00008067 00090513 00040613 00048593 044000ef 00050913 fb9ff06f 05842503 13d000ef f75ff06f 05842503 165000ef 00c12083 00812403 00412483 00090513 00012903 01010113 00008067 f3cf60ef f31ff06f 000087b7 004787b3 8c87a783 fe010113 00812c23 00912a23 01212823 00112e23 00050913 00058493 00060413 12078063 01842703 00c45783 00e42423 0087f793 08078863 01042783 08078463 00042703 01442683 01312623 40f707b3 0ff4f993 0ff4f493 08d7ce63 00040593 00090513 fb4fb0ef 0e051063 00042703 00842683 00100793 00170613 fff68693 00c42023 00d42423 01370023 01442703 08f71463 00040593 00090513 f7cfb0ef 0a051463 00c12983 01c12083 01812403 01012903 00048513 01412483 02010113 00008067 00040593 00090513 088000ef 06051e63 01042783 00042703 01442683 01312623 40f707b3 0ff4f993 0ff4f493 f6d7d6e3 00842683 00170613 00c42023 fff68693 00d42423 01370023 01442703 00178793 f8f700e3 00c45783 0017f793 f80782e3 00a00793 f6f49ee3 00040593 00090513 ee4fb0ef f60506e3 00c0006f de8f60ef ee1ff06f 00c12983 fff00493 f59ff06f 000087b7 004787b3 8c87a783 ff010113 00812423 00912223 00112623 00050493 00058413 0e078c63 00c41783 0087f713 06070a63 01042703 08070663 0017f693 02068863 01442683 00042423 00000513 40d006b3 00d42c23 02070a63 00c12083 00812403 00412483 01010113 00008067 0027f693 00000613 00069463 01442603 00c42423 00000513 fc071ae3 0807f713 fc0706e3 0407e793 00f41623 fff00513 fbdff06f 0107f713 08070063 0047f713 02071c63 01042703 0087e793 00f41623 f6071ee3 2807f693 20000613 f6c688e3 00040593 00048513 128000ef 00c41783 01042703 f59ff06f 03042583 00058e63 04040713 00e58863 00048513 8c0f70ef 00c41783 02042823 01042703 fdb7f793 00042223 00e42023 fa1ff06f 00000513 cb4f60ef f05ff06f 00008737 00470733 0407e793 00900693 8cd72623 00f41623 fff00513 f19ff06f ff010113 00600513 00112623 224000ef 00100513 410000ef 02058063 04060263 04068863 00064783 00f5a023 00064503 00a03533 00008067 ff010113 00c10593 02060463 02068a63 00064783 00f5a023 00064503 00a03533 01010113 00008067 00000513 00008067 00000513 fedff06f ffe00513 00008067 ffe00513 fddff06f 02058863 0ff00793 00c7e863 00c58023 00100513 00008067 000087b7 004787b3 08a00713 8ce7a623 fff00513 00008067 00000513 00008067 00c59783 f9010113 06812423 06112623 0027f713 00058413 02070463 04358793 00f5a023 00f5a823 00100793 00f5aa23 06c12083 06812403 07010113 00008067 00e59583 06912223 07212023 00050493 0805c063 00810613 1e4000ef 06054863 40000593 00048513 00c12903 a54f70ef 0a050c63 00c45783 00a42023 00a42823 0807e793 00f41623 40000793 00f42a23 0000f7b7 00f97933 000027b7 0cf91263 00e41583 00048513 1ec000ef 0a050a63 00c45783 06412483 06012903 ffc7f793 0017e793 00f41623 f69ff06f 00c41783 0807f793 04079463 40000913 40000593 00048513 9dcf70ef 04050063 00c45783 01242a23 06c12083 0807e793 00a42023 00a42823 00f41623 06812403 06412483 06012903 07010113 00008067 04000913 04000593 fbdff06f 00c41783 2007f713 02071863 ffc7f793 0027e793 04340713 00f41623 00100793 06412483 06012903 00e42023 00e42823 00f42a23 ed5ff06f 06c12083 06812403 06412483 06012903 07010113 00008067 01f00793 0aa7e463 000087b7 004787b3 8e07a783 ff010113 00812423 00112623 00050413 04078063 00251713 00e787b3 0007a703 02070863 00100693 00d70a63 fff00693 04d70263 0007a023 000700e7 00c12083 00812403 00000513 01010113 00008067 00000513 160000ef 00040613 00812403 00c12083 00050593 00000513 01010113 0ec0006f 00c12083 00812403 000087b7 004787b3 01600713 8ce7a623 00100513 01010113 00008067 000087b7 004787b3 01600713 8ce7a623 fff00513 00008067 ff010113 00812423 00058513 00060593 00112623 8801a223 13c000ef fff00793 00f50a63 00c12083 00812403 01010113 00008067 8841a783 fe0786e3 00c12083 00812403 00008737 00470733 8cf72623 01010113 00008067 ff010113 00812423 00058513 00112623 8801a223 14c000ef fff00793 00f50a63 00c12083 00812403 01010113 00008067 8841a783 fe0786e3 00c12083 00812403 00008737 00470733 8cf72623 01010113 00008067 ff010113 00812423 00058513 00060593 00112623 8801a223 134000ef fff00793 00f50a63 00c12083 00812403 01010113 00008067 8841a783 fe0786e3 00c12083 00812403 00008737 00470733 8cf72623 01010113 00008067 0ac0006f 03900893 00000073 00054463 00008067 000087b7 40a00533 004787b3 8ca7a623 fff00513 00008067 05d00893 00000073 00054463 0000006f 000087b7 004787b3 40a00533 8ca7a623 fedff06f f7010113 00058793 08112623 08812423 05000893 00010593 00000073 00050413 02054263 00010593 00078513 034020ef 08c12083 00040513 08812403 09010113 00008067 00008737 40a00433 00470733 8c872623 fff00413 fcdff06f 00100513 00008067 f9010113 00810593 06112623 f91ff0ef fff00793 00f50e63 00c12503 06c12083 00d55513 00157513 07010113 00008067 06c12083 00000513 07010113 00008067 000087b7 004787b3 01600713 8ce7a623 fff00513 00008067 03e00893 00000073 00054463 00008067 000087b7 40a00533 004787b3 8ca7a623 fff00513 00008067 03f00893 00000073 00054463 00008067 000087b7 40a00533 004787b3 8ca7a623 fff00513 00008067 8981a703 00050793 02071063 0d600893 00000513 00000073 fff00613 00050713 02c50063 88a1ac23 0d600893 00e78533 00000073 8981a703 00e787b3 00f50e63 000087b7 004787b3 00c00713 8ce7a623 fff00513 00008067 88a1ac23 00070513 00008067 04000893 00000073 00054463 00008067 000087b7 40a00533 004787b3 8ca7a623 fff00513 00008067 ff010113 00112623 540000ef 00c12083 c0c18513 01010113 0680006f ff010113 c0c18513 00112623 08c000ef 00c12083 01010113 5400006f ff010113 00812423 00050413 01800513 00112623 725010ef 00c12083 00a42023 00812403 00052023 00052223 00052423 00052623 00052823 00052a23 01010113 00008067 7010106f ff010113 00812423 00112623 00050413 fff00593 fff00613 00040513 589010ef fe0508e3 00c12083 00812403 01010113 00008067 7c80106f ff010113 00812423 00112623 00900793 00050413 02a7e463 00a00793 02f47433 000017b7 03040413 f8878023 00c12083 00812403 01010113 00008067 00912223 00a00513 06300793 02a454b3 0287e063 00a00793 02f4f4b3 000017b7 03048493 f8978023 00412483 fb1ff06f 01212023 3e700793 02a4d933 0287e063 00a00793 02f97933 000017b7 03090913 f9278023 00012903 fbdff06f 02a95533 f65ff0ef fddff06f fd010113 02112623 02812423 34002473 03842783 05d00713 1ce78263 1ef77463 0d600713 24e78c63 fff00713 1ae79e63 000016b7 000147b7 02912223 ccc78793 03d00713 f8068693 00e68023 0017c703 00178793 fe071ae3 f14024f3 00900793 2697e263 00a00793 02f4f4b3 000016b7 f8068693 000147b7 cdc78793 02000713 03048493 00968023 00e68023 0017c703 00178793 fe071ae3 07c42783 00900613 03000713 01c7d593 00058693 00b67463 05700713 00d706b3 00001637 0187d713 f8d60023 00f77713 00900593 03000693 00e5f463 05700693 00d706b3 00001637 0147d713 f8d60023 00f77713 00900593 03000693 00e5f463 05700693 00d706b3 00001637 0107d713 f8d60023 00f77713 00900593 03000693 00e5f463 05700693 00d706b3 00001637 00c7d713 f8d60023 00f77713 00900593 03000693 00e5f463 05700693 00d706b3 00001637 0087d713 f8d60023 00f77713 00900593 03000693 00e5f463 05700693 00001637 00d706b3 0047d713 f8d60023 00f77713 00900593 03000613 00e5f463 05700613 00c70733 000016b7 f8e68023 00f7f793 00900613 03000713 00f67463 05700713 000016b7 00f70633 000147b7 f8068693 ce078793 02000713 00c68023 00e68023 0017c703 00178793 fe071ae3 02412483 30501073 00100073 0000006f fff00793 02c12083 00f42e23 02812403 00100513 03010113 00008067 03f00713 04e78663 04000713 fce79ce3 01c42783 00100713 fff78793 fcf764e3 02442783 02042703 fc0780e3 00001637 00f707b3 f8060613 00074683 00170713 00d60023 fee79ae3 02442783 f9dff06f 01c42783 f80798e3 02442783 00078a63 000017b7 02042703 f807c683 00d70023 00100793 f75ff06f 01c42783 00018737 ec070713 00e7ee63 00015737 0cc72703 00e7f863 00015737 0cf72423 f4dff06f 000157b7 0c87a783 02c12083 00100513 00f42e23 02812403 03010113 00008067 03212023 00a00513 06300793 02a4d933 0297e063 00a00793 02f97933 000017b7 03090913 f9278023 02012903 d75ff06f 01312e23 3e700793 02a959b3 0297e063 00a00793 00001737 02f9f7b3 03078793 f8f70023 01c12983 fbdff06f 000027b7 01412c23 70f78793 02a9da33 0297e063 00a00793 00001737 02fa77b3 03078793 f8f70023 01812a03 fb9ff06f 000187b7 01512a23 69f78793 02aa5ab3 0297e063 00a00793 00001737 02faf7b3 03078793 f8f70023 01412a83 fb9ff06f 000f47b7 01612823 23f78793 02aadb33 0297e063 00a00793 00001737 02fb77b3 03078793 f8f70023 01012b03 fb9ff06f 009897b7 01712623 67f78793 02ab5bb3 0297e063 00a00793 00001737 02fbf7b3 03078793 f8f70023 00c12b83 fb9ff06f 02abd533 b79ff0ef fddff06f 340027f3 00078463 00008067 000087b7 004787b3 8e47a703 00170693 8ed7a223 fe0714e3 30047073 00008067 340027f3 00078463 00008067 00008737 004707b3 8e47a783 00078e63 fff78793 00470733 8ef72223 fe0790e3 30046073 00008067 fff00893 00000073 00008067 c80027f3 c0002573 c80025f3 fef59ae3 00008067 340027f3 0e078c63 f14027f3 00052303 10030a63 00452703 06070663 06a71863 00b52423 00c52623 fa818813 00279893 01180833 00a52223 00a52023 00a82023 35d61073 34d59073 08000793 3047a073 340027f3 00078463 00008067 00008737 004707b3 8e47a783 0e078a63 fff78793 00470733 8ef72223 fe0790e3 30046073 00008067 fff00893 00000073 fa818813 00279893 011807b3 0007a683 0ca68663 00672023 00e32223 00b52423 00c52623 00068793 00069a63 f79ff06f 08c70a63 0047a783 06d78a63 00c7a703 fee678e3 0007a703 00a7a023 00f52223 00e52023 00a72223 f6d792e3 01180833 00a82023 35d61073 34d59073 f51ff06f 000087b7 004787b3 8e47a703 00170693 8ed7a223 ee071ce3 30047073 f14027f3 00052303 ee031ae3 fa818813 00279893 011807b3 0007a683 f75ff06f 0007a703 00a7a023 00f52223 00e52023 00a72223 efdff06f 0087a703 f6e5f6e3 f79ff06f fff00893 00000073 00008067 00e7a023 00070693 f31ff06f fe010113 01412423 00151a13 00812c23 00912a23 00050493 00aa0533 00451513 ca818413 00112e23 01212823 00a407b3 00100693 0ed7a72f fe071ee3 009a0633 00461613 00c40633 00462903 14090863 00492583 01262423 00b62223 0ee7a72f 0c490e63 00c62783 01312623 01512223 06f6fc63 c80027f3 c00026f3 c8002773 fee79ae3 02892a83 02c92703 00eae633 0c060c63 00da89b3 00f70733 0159bab3 00000793 00000813 00ea8ab3 02f92423 03092623 009a0a33 01850513 004a1a13 00a40533 00098593 01440433 000a8613 dbdff0ef 01342823 01542a23 02021663 34001073 0300006f 009a0a33 004a1a13 01440433 00000993 00000a93 01342823 01542a23 fc020ee3 03c22783 00079463 00000213 00c12983 00412a83 00090513 01812403 01c12083 01412483 01012903 00812a03 02010113 d01f306f 01c12083 01812403 00000793 00000813 00f62823 01062a23 01412483 01012903 00812a03 02010113 00008067 009a0733 00249593 00471713 c6418613 00b60633 00e40733 00062a83 00c72703 02eadab3 00da89b3 0159bab3 00fa8ab3 f1dff06f 00062423 0f27a92f 00020c63 03c22783 00079463 00000213 00000513 f69ff06f 34001073 00000513 f5dff06f f1402573 e35ff06f f1402573 e2dff06f ffc52783 fd010113 01512a23 02112623 02812423 02912223 03212023 01312e23 01412c23 01612823 01712623 01812423 ff050a93 04078663 00100713 0ee7a72f 00070a63 00100713 ffc52783 0ee7a6af fe069ce3 ff452703 ffc52783 1cea8263 0087a683 1cda8263 ff052683 00d72023 00e6a223 00000713 0ee7a72f fe052e23 02452903 f14027f3 00f90663 fff00893 00000073 00191493 01248633 00461613 ca818413 00c407b3 00100713 0ee7a6af fe069ee3 01248733 00471713 00e40733 00872b03 140b0663 000b2703 015b2023 ff652a23 fee52823 01572223 000b0593 01248733 00471713 00e40733 00c72683 00b72223 00100593 00168693 00d72623 feb52c23 01572423 00000693 0ed7a6af 00c72783 01072b83 01472c03 0ef5f463 c80027f3 c00025f3 c8002773 fee79ae3 01248733 00291513 00471713 c6418693 00a686b3 00e40733 00c72703 0006aa03 01860513 00a40533 02ea5a33 00ba09b3 0149ba33 00fa0a33 00098593 000a0613 b45ff0ef 00098713 000a0793 012484b3 00449493 00940433 00e42823 00f42a23 000b0663 018be7b3 02079c63 02812403 02c12083 02412483 02012903 01c12983 01812a03 01012b03 00c12b83 00812c03 000a8513 01412a83 03010113 a95f306f 014c6663 fd8a14e3 fd3bf2e3 34002773 09072783 09472703 40fb87b3 00fbbbb3 40ec0c33 417c0c33 02fb2423 038b2623 f9dff06f 00000713 00000793 f71ff06f ff552a23 ff552823 000a8593 ec5ff06f 0007a423 e51ff06f 00e7a423 e3dff06f fe010113 00112e23 340027f3 f14026f3 0887a703 800007b7 00778793 0cf70e63 800007b7 00b78793 0cf71063 00812c23 01312623 00100793 8a418713 0ef7272f fe071ce3 00100793 8a018713 0ef7272f fe071ce3 f1402673 00001737 00361613 00566613 f0070713 0ec727af 0037f793 fe079ce3 0ef729af 4029d993 8a018713 0ef727af ffe00793 04f98663 01512223 8a418a93 00912a23 004aa483 10048c63 01212823 01412423 00048713 00000a13 00100913 0084a783 11378463 0044a483 fe971ae3 01412483 01012903 00812a03 00412a83 00000793 8a418713 0ef727af 01812403 00c12983 01c12083 00000513 02010113 00008067 00812c23 00269693 fa818413 00d40433 00042503 00912a23 08000493 06050263 c80027f3 c00026f3 c8002773 fee79ae3 00c52703 04e7e663 0cf70263 00452783 04a78c63 0087a703 00c7a683 00f42023 35d69073 34d71073 00052783 00452703 01052683 00f72023 00e7a223 00052223 00052023 000680e7 00042503 fa0512e3 01812403 01c12083 01412483 00000513 02010113 00008067 00042023 3044b073 01052783 00052223 00052023 000780e7 00042503 f60516e3 fc9ff06f 01412483 00412a83 f19ff06f 8a418793 0f47a7af 00c4a783 00048513 000780e7 8a418793 0f27a7af fe079ce3 0044a483 ee0480e3 004aa703 ec9714e3 ed5ff06f 00852783 f2f6fee3 f7dff06f 89c1a503 00008067 fe010113 00112e23 00812c23 00912a23 00100793 00f52423 0000d7b7 75078793 02f52023 00000793 00a52023 c5418613 00a52223 02f52423 fff00793 00f62423 0000d7b7 00052623 00000813 74878793 00050e13 00052823 00052a23 03052623 02052823 02052a23 02a52e23 00062023 00062223 00f62623 340027f3 5a078c63 00100713 8a418693 0ee6a6af fe069ce3 00062703 60070463 fff00893 00000073 8a418693 0046a703 5e070263 00072683 00c72023 00e62223 00d62023 00c6a223 00000713 8a418793 0ee7a72f 340027f3 52078e63 89c1a783 00001737 00100313 00178793 88f1ae23 00100593 f0070713 ffe00813 fff00e93 01000f13 89c1a883 00231613 00266613 8a018793 0eb7a7af fe079ce3 0ec727af 0037f793 fe079ce3 0ef7252f 40255513 8a018f93 0effa7af fd050ce3 03d50063 89c1a783 ff178ee3 00130313 fa6f7ce3 fff00893 00000073 fadff06f 89c1a783 ca818493 00100713 01c4a223 01c4a423 00e4a623 44078a63 01312623 0000d9b7 01212823 74098993 0004ac23 0004ae23 0334a423 cc002573 3e700793 44a7e063 06400793 02f535b3 3e800613 00000693 02f50533 999f40ef 00050793 89c1a703 c6418913 00f92023 00100793 42e7f663 0404a423 0404a623 0534ac23 cc002573 3e700793 48a7ea63 06400793 02f535b3 3e800613 00000693 02f50533 951f40ef 00050793 89c1a703 00f92223 00200793 3ee7f463 0604ac23 0604ae23 0934a423 cc002573 3e700793 42a7ea63 06400793 02f535b3 3e800613 00000693 02f50533 90df40ef 00050793 89c1a703 00f92423 00300793 3ae7f263 0a04a423 0a04a623 0b34ac23 cc002573 3e700793 44a7e263 06400793 02f535b3 3e800613 00000693 02f50533 8c9f40ef 00050793 89c1a703 00f92623 00400793 36e7f063 0c04ac23 0c04ae23 0f34a423 cc002573 3e700793 40a7ee63 06400793 02f535b3 3e800613 00000693 02f50533 885f40ef 00050793 89c1a703 00f92823 00500793 30e7fe63 1004a423 1004a623 1134ac23 cc002573 3e700793 3ea7ea63 06400793 02f535b3 3e800613 00000693 02f50533 841f40ef 00050793 89c1a703 00f92a23 00600793 2ce7fc63 1204ac23 1204ae23 1534a423 cc002573 3e700793 3ca7e663 06400793 02f535b3 3e800613 00000693 02f50533 ffcf40ef 00050793 89c1a703 00f92c23 00700793 28e7fa63 1604a423 1604a623 1734ac23 cc002573 3e700793 3aa7e263 06400793 02f535b3 3e800613 00000693 02f50533 fb8f40ef 00050793 89c1a703 00f92e23 00800793 24e7f863 1804ac23 1804ae23 1b34a423 cc002573 3e700793 3ca7ee63 06400793 02f535b3 3e800613 00000693 02f50533 f74f40ef 00050793 89c1a703 02f92023 00900793 20e7f663 1c04a423 1c04a623 1d34ac23 cc002573 3e700793 36a7ee63 06400793 02f535b3 3e800613 00000693 02f50533 f30f40ef 00050793 89c1a703 02f92223 00a00793 1ce7f463 1e04ac23 1e04ae23 2134a423 cc002573 3e700793 30a7ee63 06400793 02f535b3 3e800613 00000693 02f50533 eecf40ef 00050793 89c1a703 02f92423 00b00793 18e7f263 2204a423 2204a623 2334ac23 cc002573 3e700793 2aa7ee63 06400793 02f535b3 3e800613 00000693 02f50533 ea8f40ef 00050793 89c1a703 02f92623 00c00793 14e7f063 2404ac23 2404ae23 2734a423 cc002573 3e700793 34a7e063 06400793 02f535b3 3e800613 00000693 02f50533 e64f40ef 00050793 89c1a703 02f92823 00d00793 0ee7fe63 2804a423 2804a623 2934ac23 cc002573 3e700793 2ea7e063 06400793 02f535b3 3e800613 00000693 02f50533 e20f40ef 00050793 89c1a703 02f92a23 00e00793 0ae7fc63 2a04ac23 2a04ae23 2d34a423 cc002573 3e700793 28a7e063 06400793 02f535b3 3e800613 00000693 02f50533 ddcf40ef 00050793 89c1a703 02f92c23 00f00793 06e7fa63 2e04a423 2e04a623 2f34ac23 cc002573 3e700793 20a7fe63 3e800613 00000693 00000593 da0f40ef 06400793 02a787b3 02f92e23 89c1a703 01012903 00c12983 01c12083 01812403 01412483 02010113 00008067 3e800613 00000693 00000593 d64f40ef 06400793 02a787b3 bc9ff06f 01c12083 01812403 01012903 00c12983 01412483 02010113 00008067 00008737 004707b3 8e47a783 10078e63 fff78793 00470733 8ef72223 aa0796e3 30046073 aa5ff06f 000087b7 004787b3 8e47a703 00170693 8ed7a223 a2071ce3 30047073 a31ff06f 3e800613 00000693 00000593 ce4f40ef 06400793 02a787b3 bd5ff06f 3e800613 00000693 00000593 cc8f40ef 06400793 02a787b3 b75ff06f 00c62223 00c62023 00c6a223 a29ff06f 00462703 9e071ce3 9fdff06f 3e800613 00000693 00000593 c90f40ef 06400793 02a787b3 bc5ff06f 3e800613 00000693 00000593 c74f40ef 06400793 02a787b3 bedff06f 3e800613 00000693 00000593 c58f40ef 06400793 02a787b3 c15ff06f 3e800613 00000693 00000593 c3cf40ef 06400793 02a787b3 c3dff06f 3e800613 00000693 00000593 c20f40ef 06400793 02a787b3 c65ff06f fff00893 00000073 999ff06f 3e800613 00000693 00000593 bf8f40ef 06400793 02a787b3 d4dff06f 3e800613 00000693 00000593 bdcf40ef 06400793 02a787b3 cedff06f 3e800613 00000693 00000593 bc0f40ef 06400793 02a787b3 c8dff06f 3e800613 00000693 00000593 ba4f40ef 06400793 02a787b3 c2dff06f 06400793 02f535b3 3e800613 00000693 02f50533 b80f40ef 00050793 de5ff06f 3e800613 00000693 00000593 b68f40ef 06400793 02a787b3 d89ff06f 3e800613 00000693 00000593 b4cf40ef 06400793 02a787b3 d29ff06f 3e800613 00000693 00000593 b30f40ef 06400793 02a787b3 cc9ff06f 00100793 8a018713 0ef7272f fe071ce3 f1402673 00001737 00361613 00566613 f0070713 0ec727af 0037f793 fe079ce3 0ef7262f 8a018713 0ef727af 00008067 340027f3 10078a63 00450663 03c52783 14079863 fff00893 00000073 00c52783 04078663 00100713 0ee7a72f 00070a63 00100713 00c52783 0ee7a6af fe069ce3 00452703 00c52783 20a70863 0087a683 26d50663 00052683 00d72023 00e6a223 00000713 0ee7a72f 00052623 00852703 00100793 0ef70c63 ca818613 03452703 00159813 00b807b3 41f75713 00b74733 00479793 02e52a23 00f607b3 00100713 0ee7a6af fe069ee3 00b80733 00471713 00e60733 00472703 18070a63 00072683 00a72023 00e52223 00d52023 00a6a223 00b80833 00481813 01060633 00c62703 00a62223 00170713 00e62623 00100713 00e52423 00000713 0ee7a72f f14027f3 00f58663 00862783 16078663 340027f3 02078463 00008067 000087b7 004787b3 8e47a703 00170693 8ed7a223 ec071ee3 30047073 ed5ff06f 00008737 004707b3 8e47a783 12078263 fff78793 00470733 8ef72223 fc0790e3 30046073 00008067 89c1a783 eaf5ece3 eadff06f 03452783 ca818613 41f7d313 00f34333 00131e13 006e07b3 00479793 00f607b3 00100713 0ee7a6af fe069ee3 006e0733 00452683 00471713 00e60733 00872803 10a68c63 00472883 0aa88663 00052703 00e6a023 00d72223 006e0733 00471713 00e60733 00c72683 fff68693 00d72623 00000713 0ee7a72f f14027f3 e8678ae3 e8a818e3 00231813 000016b7 00286813 00100893 f0068693 ffe00f13 8a018793 0f17a7af fe079ce3 0f06a7af 0037f793 fe079ce3 0ef6aeaf 8a018f93 0effa7af 402ed793 fde78ce3 006e07b3 00479793 00f607b3 0087a783 e2a79ce3 0000006f 00a52223 00a52023 e7dff06f 0007a423 e05ff06f 00d72223 f55ff06f fff00893 00000073 00008067 00259593 000016b7 0025e593 00100613 f0068693 ffe00813 8a018793 0ec7a7af fe079ce3 0eb6a7af 0037f793 fe079ce3 0ef6a52f 8a018893 0ef8a7af 40255793 fd078ce3 e55ff06f 00e7a423 d95ff06f 00072223 efdff06f 00452783 ff010113 00812423 00112623 00050413 00478663 fff00893 00000073 00842783 00100713 00f77e63 fff78793 00f42423 00c12083 00812403 01010113 00008067 00042223 340027f3 08078263 00100793 0ef4272f fe071ee3 01042783 00042423 01442503 04079a63 00050c63 03452783 00000613 41f7d593 00f5c5b3 cb5ff0ef 00000793 0ef427af 340027f3 fa0792e3 00008737 004707b3 8e47a783 04078863 fff78793 00470733 8ef72223 f80792e3 30046073 f7dff06f 00051663 01442503 fe050ee3 00042823 fa5ff06f 000087b7 004787b3 8e47a703 00170693 8ed7a223 f60716e3 30047073 f65ff06f fff00893 00000073 f3dff06f fe010113 00812c23 00112e23 00912a23 01212823 01312623 01412423 01512223 00050413 340027f3 1a078a63 fff00793 00020913 18f59063 16b61e63 03492a03 f14027f3 00fa0663 fff00893 00000073 001a1993 01498533 00451513 ca818493 00a487b3 00100713 0ee7a6af fe069ee3 01498733 00492683 00471713 00e48733 00472a83 1b268663 13590c63 00092703 00e6a023 00d72223 004aa603 01498733 00471713 00e48733 00c72683 00c72223 01572423 fff68693 00d72623 00000713 0ee7a72f 00092423 18040063 00100793 0ef4272f fe071ee3 00842783 0e078863 0007a703 0127a023 00f92223 00e92023 01272223 00000793 0ef427af 00892623 014987b3 00479793 00f487b3 00c7a703 00100793 10e7f863 c80027f3 c00026f3 c8002773 fee79ae3 028aa903 02caa703 00e96633 12060063 00d90433 00f70733 01243933 00000793 00000813 00e90933 02faa423 030aa623 01850513 00040593 00090613 00a48533 ae9fe0ef 014989b3 00499993 013484b3 000a8513 0084a823 0124aa23 a79f20ef 340027f3 06078863 01c12083 01812403 01412483 01012903 00c12983 00812a03 00412a83 02010113 00008067 01090513 a99fe0ef e81ff06f fff00893 00000073 ec5ff06f 01292223 01292023 01242423 f1dff06f 000087b7 004787b3 8e47a703 00170693 8ed7a223 e2071ee3 30047073 e35ff06f 00008737 004707b3 8e47a783 08078063 fff78793 00470733 8ef72223 f6079ce3 30046073 f71ff06f 00000413 00000913 f41ff06f 01590663 fff00893 00000073 00000613 00000a93 e59ff06f 00092223 00092023 eb1ff06f 01498733 002a1593 00471713 c6418613 00b60633 00e48733 00062903 00c72703 02e95933 00d90433 01243933 00f90933 ed5ff06f fff00893 00000073 f01ff06f ff010113 00812423 00112623 00050413 340027f3 0e078063 00c5e7b3 08078e63 00100793 0ef4272f fe071ee3 00842703 06070463 01442703 1a070e63 00000793 0ef427af fff00793 18f58a63 340027f3 16078063 00c40513 c80027f3 c00026f3 c8002773 fee79ae3 00b685b3 00d5b6b3 00c78633 00c68633 cf5ff0ef 340027f3 10078463 00100793 0ef4252f fe051ee3 00842783 08079063 00100793 00f42423 00000793 0ef427af 340027f3 0a078863 00100513 0300006f 00100793 0ef4252f 08051a63 00842703 00071663 00f42423 00100513 00000793 0ef427af 340027f3 04078063 00c12083 00812403 01010113 00008067 000087b7 004787b3 8e47a703 00170693 8ed7a223 f00718e3 30047073 f09ff06f 0ea427af 340027f3 fc0794e3 00008737 004707b3 8e47a783 0a078263 fff78793 00470733 8ef72223 fa0794e3 30046073 00c12083 00812403 01010113 00008067 00000513 f85ff06f 00008737 004707b3 8e47a783 08078a63 fff78793 00470733 8ef72223 f2079ce3 30046073 00100513 f61ff06f 00008737 004707b3 8e47a783 06078c63 fff78793 00470733 8ef72223 ee0790e3 30046073 ed9ff06f 000087b7 004787b3 8e47a703 00170693 8ed7a223 e80718e3 30047073 e89ff06f fff00893 00000073 f0dff06f e6b618e3 fff00593 fff00613 00c40513 b81ff0ef e95ff06f 00f42823 e45ff06f fff00893 00000073 00100513 eddff06f fff00893 00000073 e71ff06f 00452783 ff010113 00812423 00112623 00050413 02478a63 dd1ff0ef 00051a63 00c12083 00812403 01010113 00008067 00442223 00100513 00c12083 00812403 01010113 00008067 00852783 fff00713 00e79663 fff00893 00000073 00178793 00f42423 00100513 fd1ff06f 0000006f 0000006f 0000006f 0000006f 0000006f 0000006f 0000006f 0000006f 0000006f 0000006f 0000006f 0000006f 0000006f 0000006f 0185d703 ff010113 0145d783 01c5a283 0205af83 0305af03 0405ae83 0385ae03 0485a303 04c5a383 0585a803 00812623 00912423 0105a403 0085a483 01212223 0005a903 05c5a883 01071713 00e7e7b3 0685a603 06c5a683 01251023 00951123 00852223 00f52423 00551623 01f51723 01e52823 05d52623 05c52423 00652c23 00752e23 03052423 03152623 00c12403 02c52c23 02d52e23 00812483 00412903 01010113 00008067 00050593 00000513 e21f406f 00050593 00000513 b11f406f 00100837 fff80813 fe010113 00b878b3 0145d713 01d55793 00d87833 00912a23 7ff77493 00389713 0146d893 00381813 01212823 00e7e7b3 7ff8f893 01d65713 00112e23 00812c23 01312623 01f5d913 01f6d693 01076733 00351513 00361613 41148833 2ad91a63 11005c63 04089063 00c766b3 66068063 fff80593 02059063 00c50633 00a636b3 00e78733 00060513 00d707b3 00100493 06c0006f 7ff00693 02d81063 7ff00493 1f80006f 7ff00693 1ed48863 008006b7 00d76733 00080593 03800693 0ab6c863 01f00693 06b6ca63 02000813 40b80833 010716b3 00b658b3 01061833 0116e6b3 01003833 0106e6b3 00b755b3 00a68533 00f585b3 00d536b3 00d587b3 00879713 18075c63 00148493 7ff00713 5ae48a63 ff800737 fff70713 00e7f733 00155793 00157513 00a7e7b3 01f71513 00f56533 00175793 1640006f fe058693 02000893 00d756b3 00000813 01158863 04000813 40b80833 01071833 00c86833 01003833 0106e6b3 00000593 f85ff06f 00c766b3 00d036b3 ff1ff06f 0c080a63 409886b3 02049463 00a7e5b3 50058e63 fff68593 ee0584e3 7ff00813 03069263 00070793 00060513 ef9ff06f 7ff00593 feb888e3 008005b7 00b7e7b3 00068593 03800693 08b6c063 01f00693 04b6c263 02000813 40b80833 010796b3 00b55333 01051833 0066e6b3 01003833 0106e6b3 00b7d5b3 00c68633 00e585b3 00d636b3 00060513 00d587b3 00088493 ef5ff06f fe058693 02000313 00d7d6b3 00000813 00658863 04000813 40b80833 01079833 00a86833 01003833 0106e6b3 00000593 fb5ff06f 00a7e6b3 00d036b3 ff1ff06f 00148693 7fe6f593 08059663 00a7e6b3 06049263 44068863 00c766b3 02068863 00c50633 00a636b3 00e78733 00d707b3 00879713 00060513 00075a63 ff800737 fff70713 00e7f7b3 00100493 00757713 44070863 00f57713 00400693 44d70263 00450713 00a736b3 00d787b3 00070513 4300006f ec068ee3 00c76633 dc060ae3 00000913 004007b7 00000513 7ff00493 4100006f 7ff00593 3cb68c63 00c50633 00a63533 00e78733 00a70733 01f71513 00165613 00c56533 00175793 00068493 f8dff06f 0f005c63 08089e63 00c766b3 3a068863 fff80693 02069063 40c50633 00c536b3 40e78733 00060513 40d707b3 00100493 0540006f 7ff00593 d4b80ae3 03800593 0ad5c663 01f00593 06d5c863 02000813 40d80833 00d658b3 010715b3 01061833 0115e5b3 01003833 0105e633 00d756b3 40c50633 00c53733 40d786b3 00060513 40e687b3 00879713 f00750e3 00800437 fff40413 0087f433 00050993 2100006f 7ff00693 eed482e3 008006b7 00d76733 00080693 f89ff06f fe068593 02000893 00b755b3 00000813 01168863 04000813 40d80833 01071833 00c86833 01003833 0105e633 00000693 f89ff06f 00c76633 00c03633 ff1ff06f 0e080863 40988833 04049263 00a7e5b3 2a058e63 fff80593 00059e63 40a60533 40f70733 00a63633 40c707b3 00068913 f05ff06f 7ff00313 02681463 00070793 00060513 7ff00493 0d00006f 7ff00593 feb886e3 008005b7 00b7e7b3 00080593 03800813 08b84063 01f00813 04b84263 02000313 40b30333 00b55e33 00679833 00651333 01c86833 00603333 00686533 00b7d5b3 40a60533 40b705b3 00a63633 40c587b3 00088493 00068913 ee1ff06f fe058813 02000e13 0107d833 00000313 01c58863 04000313 40b30333 00679333 00a36333 00603333 00686533 00000593 fb5ff06f 00a7e533 00a03533 ff1ff06f 00148593 7fe5f593 08059663 00a7e833 00c765b3 06049063 00081c63 10058e63 00070793 00060513 00068913 d75ff06f d60588e3 40c50833 010538b3 40e785b3 411585b3 00859893 0008dc63 40a60533 40f70733 00a63633 40c707b3 fcdff06f 00b86533 18050463 00058793 00080513 d31ff06f 00081c63 d4058ee3 00070793 00060513 00068913 b1dff06f b0058ce3 d45ff06f 40c505b3 00b53833 40e78433 41040433 00841813 00058993 08085063 40a609b3 40f70433 01363633 40c40433 00068913 06040e63 00040513 580040ef ff850693 02000793 40d787b3 00d41433 00f9d7b3 0087e7b3 00d99433 0a96c463 409686b3 00168613 01f00713 06c74263 02000713 40c70733 00e79533 00c456b3 00e41733 00d56533 00e03733 00e56533 00c7d7b3 00000493 c79ff06f 0085e5b3 f8059ae3 00000493 00000913 08c0006f 00098513 508040ef 01850693 01f00793 f8d7d2e3 ff850793 00f997b3 f91ff06f fe168693 00d7d533 02000693 00000713 00d60863 04000713 40c70733 00e79733 00e46733 00e03733 00e56533 00000793 f95ff06f ff800737 fff70713 40d484b3 00e7f7b3 00040513 bf9ff06f 00070793 00060513 c5dff06f 00070793 00060513 be1ff06f 7ff00493 00000793 00000513 0240006f 00080493 bc9ff06f 00070793 00060513 00080493 e41ff06f 00000793 00000913 00879713 00075e63 00148493 7ff00713 08e48263 ff800737 fff70713 00e7f7b3 01d79693 00355513 7ff00713 00a6e6b3 0037d793 00e49e63 00f6e6b3 00000793 00068863 000807b7 00000693 00000913 01449713 7ff00637 00c79793 00c77733 01c12083 01812403 00c7d793 00f767b3 01f91713 00e7e633 01412483 01012903 00c12983 00068513 00060593 02010113 00008067 00000793 00000513 f85ff06f fd010113 0145d813 02912223 03212023 01312e23 01612823 01712623 00c59493 02112623 02812423 01412c23 01512a23 7ff87813 00050b13 00060b93 00068913 00c4d493 01f5d993 0a080063 7ff00793 10f80063 01d55a13 00349493 009a6a33 008007b7 00fa6a33 00351413 c0180a93 00000b13 01495713 00c91493 7ff77713 00c4d493 01f95913 10070263 7ff00793 16f70663 00349493 01dbd793 0097e7b3 008004b7 0097e4b3 003b9f13 c0170713 00000793 40ea8833 002b1713 00f76733 fff70713 00e00693 0129c633 16e6e463 000146b7 00271713 38868693 00d70733 00072703 00070067 00a4ea33 060a0e63 02048e63 00048513 2c0040ef ff550793 01d00a13 ff850713 40fa0a33 00e494b3 014b5a33 009a6a33 00eb14b3 c0d00813 40a80ab3 00048413 f49ff06f 28c040ef 00050a13 015a0793 01c00713 02050513 fcf750e3 ff8a0a13 014b1a33 fd1ff06f 00a4ea33 020a1263 00000413 7ff00a93 00200b13 f11ff06f 00000413 00000a93 00100b13 f01ff06f 00050413 00048a13 7ff00a93 00300b13 eedff06f 0174ef33 080f0263 04048063 00048513 21c040ef ff550713 01d00793 ff850693 40e787b3 00d494b3 00fbd7b3 0097e7b3 00db94b3 c0d00713 00048f13 40a70733 00078493 ee1ff06f 000b8513 1e0040ef 00050793 01578713 01c00693 02050513 fae6dce3 ff878793 00fb97b3 fc9ff06f 0174ef33 020f1263 00000493 7ff00713 00200793 ea5ff06f 00000493 00000713 00100793 e95ff06f 000b8f13 7ff00713 00300793 e85ff06f 0144e663 349a1c63 35e46a63 01fa1693 00145793 01f41713 001a5a13 00f6e433 00849893 018f5593 0115e5b3 0108d893 031a5eb3 01059313 01035313 01045793 008f1513 031a7a33 000e8693 03d30e33 010a1a13 0147e7b3 01c7fe63 00f587b3 fffe8693 00b7e863 01c7f663 ffee8693 00b787b3 41c787b3 0317df33 01041413 01045413 0317f7b3 000f0e13 03e30eb3 01079793 00f467b3 01d7fe63 00f587b3 ffff0e13 00b7e863 01d7f663 ffef0e13 00b787b3 01069693 00010437 01c6e2b3 fff40e13 01c2f6b3 0102df93 01c57e33 41d787b3 01055e93 02de03b3 03cf84b3 02de86b3 00968f33 0103d693 01e686b3 03df8fb3 0096f463 008f8fb3 0106df13 01ff0f33 00010fb7 ffff8f93 01f6f6b3 01069693 01f3f3b3 007686b3 01e7e863 00028493 05e79863 04d77663 00a70fb3 00efb3b3 00b38433 008787b3 fff28493 000f8713 00f5e663 02f59663 02039463 01e7e663 02ff1063 00dffe63 01f50fb3 000f8713 00afbfb3 00bf8fb3 ffe28493 01f787b3 40d706b3 41e787b3 00d73733 40e787b3 fff00f13 12f58663 0317dfb3 0106d713 0317f7b3 03f30f33 01079793 00f767b3 000f8713 01e7fe63 00f587b3 ffff8713 00b7e863 01e7f663 ffef8713 00b787b3 41e787b3 0317df33 01069693 0106d693 0317f7b3 000f0893 03e30333 01079793 00f6e7b3 0067fe63 00f587b3 ffff0893 00b7e863 0067f663 ffef0893 00b787b3 01071693 0116e6b3 01069713 01075713 406787b3 0106d313 03c70f33 03c30e33 026e8333 02ee8eb3 010f5713 01ce8eb3 01d70733 01c77663 000108b7 01130333 01075893 006888b3 00010337 fff30313 00677733 01071713 006f7f33 01e70733 0117e863 23179c63 00068f13 04070263 00f587b3 fff68f13 00078313 02b7e463 0117e663 21179a63 02e57063 ffe68f13 00151693 00a6b333 00b30333 00678333 00068513 01131463 00a70463 001f6f13 3ff80713 10e05263 007f7793 02078063 00ff7793 00400693 00d78a63 004f0793 01e7b6b3 00d484b3 00078f13 00749793 0007da63 ff0007b7 fff78793 00f4f4b3 40080713 7fe00793 08e7ca63 003f5f13 01d49793 01e7ef33 0034d513 00c51513 02c12083 02812403 00c55513 01471713 00a76733 01f61613 00c767b3 02412483 02012903 01c12983 01812a03 01412a83 01012b03 00c12b83 000f0513 00078593 03010113 00008067 fff80813 00000713 cbdff06f 00098613 000a0493 00040f13 000b0793 00300713 0ee78863 00100713 0ee78e63 00200713 f2e794e3 00000513 00000f13 7ff00713 f75ff06f 00090613 fd5ff06f 000804b7 00000f13 00000613 00300793 fc1ff06f 00100513 40e50533 03800793 0aa7cc63 01f00793 06a7c463 41e80813 010497b3 00af5733 010f1833 00e7e7b3 01003833 0107e7b3 00a4d533 0077f713 02070063 00f7f713 00400693 00d70a63 00478713 00f736b3 00d50533 00070793 00851713 06074863 01d51f13 0037d793 00ff6f33 00355513 00000713 eddff06f fe100793 40e787b3 02000693 00f4d7b3 00000713 00d50663 43e80713 00e49733 01e76733 00e03733 00e7e7b3 00000513 f8dff06f 00080537 00000f13 7ff00713 00000613 e95ff06f 00000513 00000f13 fa9ff06f 00000513 00000f13 00100713 e79ff06f 000f0693 00068f13 e0dff06f 0145d713 001007b7 fff78793 0146d813 00050313 00050e93 7ff77713 7ff00513 00b7f8b3 00060f13 00d7f7b3 01f5d593 7ff87813 01f6d693 00a71c63 0068ee33 00100513 000e1463 00e80663 00008067 00a81863 00c7e633 00100513 fe0618e3 00100513 ff0714e3 fef892e3 ffee90e3 00d58a63 fc071ce3 0068e8b3 01103533 00008067 00000513 00008067 0146d793 0145d893 00100737 fff70713 00050813 00050e13 7ff8f893 7ff7f513 7ff00793 00b77333 00060e93 00d77733 01f5d593 01f6d693 00f89663 010367b3 06079c63 7ff00793 00f51663 00c767b3 06079463 00000793 00089663 01036833 00183793 04051e63 00c76633 00078c63 02060063 00100513 00069c63 fff00513 00008067 04061063 fff00513 04058463 00008067 fea8c0e3 fe6768e3 00e31863 ffcee4e3 00000513 ffde74e3 00100513 fe0590e3 fc9ff06f ffe00513 00008067 fa079ae3 fcb692e3 fd1556e3 fff00513 fc0690e3 00100513 00008067 0146d793 0145d893 00100737 fff70713 00050813 00050e13 7ff8f893 7ff7f513 7ff00793 00b77333 00060e93 00d77733 01f5d593 01f6d693 00f89663 010367b3 06079c63 7ff00793 00f51663 00c767b3 06079463 00000793 00089663 01036833 00183793 04051e63 00c76633 00078c63 02060063 00100513 00069c63 fff00513 00008067 04061063 fff00513 04058463 00008067 fea8c0e3 fe6768e3 00e31863 ffcee4e3 00000513 ffde74e3 00100513 fe0590e3 fc9ff06f 00200513 00008067 fa079ae3 fcb692e3 fd1556e3 fff00513 fc0690e3 00100513 00008067 fd010113 01512a23 0145da93 02812423 02912223 01312e23 01412c23 01612823 00c59493 02112623 03212023 01712623 7ffafa93 00050413 00060b13 00068993 00c4d493 01f5da13 240a8e63 7ff00793 2cfa8063 00349493 01d55793 0097e7b3 008004b7 0097e4b3 00351913 c01a8a93 00000b93 0149d713 00c99413 7ff77713 00c45413 01f9d993 2c070063 7ff00793 32f70463 00341413 01db5793 0087e7b3 00800437 0087e433 c0170693 003b1793 00000713 00da8ab3 002b9693 00e6e6b3 00a00613 001a8513 40d64663 00200613 013a45b3 30d64e63 fff68693 00100613 32d67a63 00010337 fff30e13 01095713 0107d893 01c97933 01c7ff33 03e907b3 03e70eb3 0107d813 03288633 01d60633 00c80833 031706b3 01d87463 006686b3 01085293 01c87833 01c7f7b3 01045613 01c47e33 01081813 00f80833 03c90eb3 03c707b3 03260933 02c70333 00f90933 010ed713 01270733 00f77663 000107b7 00f30333 00010437 01075793 fff40f93 00678333 01f777b3 01fefeb3 01079793 01f4ffb3 01d787b3 0104de93 03ff03b3 00f282b3 03ee8f33 0103d713 03d884b3 03f888b3 01e888b3 01170733 01e77463 008484b3 01075f13 009f0f33 000104b7 fff48413 00877733 0083f3b3 01071713 007708b3 03fe03b3 03ce8e33 03d60eb3 03f60633 0103df93 01c60633 00cf8fb3 01cff463 009e8eb3 008ff733 0083f3b3 01071713 005686b3 00770733 00670333 00f6b7b3 00f307b3 00e33633 011688b3 0067b333 00666633 00d8b6b3 01e78333 00d306b3 00f33733 010fdf93 0066b333 00989793 01f60633 00676733 00c70733 0107e7b3 01d70733 00f037b3 0178d893 00971713 0176d413 0117e7b3 00969693 00d7e7b3 00771693 00876433 0206d063 0017d713 0017f793 00f76733 01f41793 00f767b3 00145413 00050a93 000a8513 18c0006f 00a4e933 08090063 04048063 00048513 7e4030ef ff550713 01d00793 ff850693 40e787b3 00d494b3 00f457b3 0097e7b3 00d414b3 c0d00a93 00048913 40aa8ab3 00078493 d89ff06f 7ac030ef 00050793 01578713 01c00693 02050513 fae6dee3 ff878793 00f417b3 fcdff06f 00a4e933 02091263 00000493 7ff00a93 00200b93 d51ff06f 00000493 00000a93 00100b93 d41ff06f 00050913 7ff00a93 00300b93 d31ff06f 016467b3 08078263 04040063 00040513 740030ef ff550693 01d00713 ff850793 40d70733 00f41433 00eb5733 00876733 00fb1433 c0d00693 00040793 40a686b3 00070413 d25ff06f 000b0513 704030ef 00050793 01578693 01c00713 02050513 fad75ce3 ff878793 00fb1733 fc9ff06f 016467b3 02079263 00000413 7ff00693 00200713 ce9ff06f 00000413 00000693 00100713 cd9ff06f 000b0793 7ff00693 00300713 cc9ff06f 00100613 00d61633 53067693 0e069663 24067813 1a081a63 08867613 cc060ce3 00098593 00200693 18d70863 00300693 1ad70463 00100693 1ad70663 3ff50613 0cc05463 0077f713 02070063 00f7f713 00400693 00d70a63 00478713 00f736b3 00d40433 00070793 00741713 00075a63 ff000737 fff70713 00e47433 40050613 7fe00713 12c74a63 0037d793 01d41693 00f6e6b3 00345713 00c71713 02c12083 02812403 01461613 00c75713 01f59593 00e66633 00b667b3 02412483 02012903 01c12983 01812a03 01412a83 01012b03 00c12b83 00068513 00078593 03010113 00008067 00f00613 0ec68863 00b00613 000a0593 f2c686e3 00048413 00090793 000b8713 f21ff06f 00100713 40c70733 03800693 0ce6c863 01f00693 06e6c463 41e50513 00e7d633 00a416b3 00a79533 00c6e6b3 00a03533 00a6e7b3 00e45733 0077f693 02068063 00f7f693 00400613 00c68a63 00478693 00f6b633 00c70733 00068793 00871693 0806c463 01d71693 0037d793 00f6e6b3 00375713 00000613 f19ff06f fe100693 40c686b3 02000813 00d456b3 00000613 01070663 43e50613 00c41633 00f66633 00c03633 00c6e7b3 00000713 f8dff06f 00000713 00000693 7ff00613 ed5ff06f 00080737 7ff00613 00000593 ec5ff06f 00080737 00000693 fedff06f 00000713 00000693 f91ff06f 00000713 00000693 00100613 e9dff06f 00100837 fff80813 fe010113 00b878b3 0145d713 01d55793 00d87833 01212823 7ff77913 00389713 0146d893 00912a23 00e7e7b3 01f5d493 01d65713 00381813 00112e23 00812c23 01312623 7ff8f893 7ff00593 00351513 01f6d693 01076733 00361613 00b89663 00c765b3 00059463 0016c693 41190833 2a969a63 11005c63 04089063 00c766b3 66068063 fff80593 02059063 00c50633 00a636b3 00e78733 00060513 00d707b3 00100913 06c0006f 7ff00693 02d81063 7ff00913 1f80006f 7ff00693 1ed90863 008006b7 00d76733 00080593 03800693 0ab6c863 01f00693 06b6ca63 02000813 40b80833 010716b3 00b658b3 01061833 0116e6b3 01003833 0106e6b3 00b755b3 00a68533 00f585b3 00d536b3 00d587b3 00879713 18075c63 00190913 7ff00713 5ae90a63 ff800737 fff70713 00e7f733 00155793 00157513 00a7e7b3 01f71513 00f56533 00175793 1640006f fe058693 02000893 00d756b3 00000813 01158863 04000813 40b80833 01071833 00c86833 01003833 0106e6b3 00000593 f85ff06f 00c766b3 00d036b3 ff1ff06f 0c080a63 412886b3 02091463 00a7e5b3 50058e63 fff68593 ee0584e3 7ff00813 03069263 00070793 00060513 ef9ff06f 7ff00593 feb888e3 008005b7 00b7e7b3 00068593 03800693 08b6c063 01f00693 04b6c263 02000813 40b80833 010796b3 00b55333 01051833 0066e6b3 01003833 0106e6b3 00b7d5b3 00c68633 00e585b3 00d636b3 00060513 00d587b3 00088913 ef5ff06f fe058693 02000313 00d7d6b3 00000813 00658863 04000813 40b80833 01079833 00a86833 01003833 0106e6b3 00000593 fb5ff06f 00a7e6b3 00d036b3 ff1ff06f 00190693 7fe6f593 08059663 00a7e6b3 06091263 44068863 00c766b3 02068863 00c50633 00a636b3 00e78733 00d707b3 00879713 00060513 00075a63 ff800737 fff70713 00e7f7b3 00100913 00757713 44070863 00f57713 00400693 44d70263 00450713 00a736b3 00d787b3 00070513 4300006f ec068ee3 00c76633 dc060ae3 00000493 004007b7 00000513 7ff00913 4100006f 7ff00593 3cb68c63 00c50633 00a63533 00e78733 00a70733 01f71513 00165613 00c56533 00175793 00068913 f8dff06f 0f005c63 08089e63 00c766b3 3a068863 fff80693 02069063 40c50633 00c536b3 40e78733 00060513 40d707b3 00100913 0540006f 7ff00593 d4b80ae3 03800593 0ad5c663 01f00593 06d5c863 02000813 40d80833 00d658b3 010715b3 01061833 0115e5b3 01003833 0105e633 00d756b3 40c50633 00c53733 40d786b3 00060513 40e687b3 00879713 f00750e3 00800437 fff40413 0087f433 00050993 2100006f 7ff00693 eed902e3 008006b7 00d76733 00080693 f89ff06f fe068593 02000893 00b755b3 00000813 01168863 04000813 40d80833 01071833 00c86833 01003833 0105e633 00000693 f89ff06f 00c76633 00c03633 ff1ff06f 0e080863 41288833 04091263 00a7e5b3 2a058e63 fff80593 00059e63 40a60533 40f70733 00a63633 40c707b3 00068493 f05ff06f 7ff00313 02681463 00070793 00060513 7ff00913 0d00006f 7ff00593 feb886e3 008005b7 00b7e7b3 00080593 03800813 08b84063 01f00813 04b84263 02000313 40b30333 00b55e33 00679833 00651333 01c86833 00603333 00686533 00b7d5b3 40a60533 40b705b3 00a63633 40c587b3 00088913 00068493 ee1ff06f fe058813 02000e13 0107d833 00000313 01c58863 04000313 40b30333 00679333 00a36333 00603333 00686533 00000593 fb5ff06f 00a7e533 00a03533 ff1ff06f 00190593 7fe5f593 08059663 00c765b3 00a7e833 06091063 00081c63 10058e63 00070793 00060513 00068493 d75ff06f d60588e3 40c50833 010538b3 40e785b3 411585b3 00859893 0008dc63 40a60533 40f70733 00a63633 40c707b3 fcdff06f 00b86533 18050463 00058793 00080513 d31ff06f 00081c63 d4058ee3 00070793 00060513 00068493 b1dff06f b0058ce3 d45ff06f 40c505b3 00b53833 40e78433 41040433 00841813 00058993 08085063 40a609b3 40f70433 01363633 40c40433 00068493 06040e63 00040513 6c9020ef ff850693 02000793 40d787b3 00d41433 00f9d7b3 0087e7b3 00d99433 0b26c463 412686b3 00168613 01f00713 06c74263 02000713 40c70733 00e79533 00c456b3 00e41733 00d56533 00e03733 00e56533 00c7d7b3 00000913 c79ff06f 0085e5b3 f8059ae3 00000913 00000493 08c0006f 00098513 651020ef 01850693 01f00793 f8d7d2e3 ff850793 00f997b3 f91ff06f fe168693 00d7d533 02000693 00000713 00d60863 04000713 40c70733 00e79733 00e46733 00e03733 00e56533 00000793 f95ff06f ff800737 fff70713 40d90933 00e7f7b3 00040513 bf9ff06f 00070793 00060513 c5dff06f 00070793 00060513 be1ff06f 7ff00913 00000793 00000513 0240006f 00080913 bc9ff06f 00070793 00060513 00080913 e41ff06f 00000793 00000493 00879713 00075e63 00190913 7ff00713 08e90263 ff800737 fff70713 00e7f7b3 01d79693 00355513 7ff00713 00a6e6b3 0037d793 00e91e63 00f6e6b3 00000793 00068863 000807b7 00000693 00000493 01491713 7ff00637 00c79793 00c77733 01c12083 01812403 00c7d793 00f767b3 01f49713 00e7e633 01412483 01012903 00c12983 00068513 00060593 02010113 00008067 00000793 00000513 f85ff06f 0145d713 001006b7 fff68793 7ff77713 3fe00613 00b7f7b3 01f5d593 04e65e63 41d00613 00e65a63 80000537 fff50513 00a58533 00008067 00d7e7b3 43300693 40e686b3 01f00613 02d64063 bed70713 00e797b3 00d55533 00a7e533 02058063 40a00533 00008067 41300693 40e68733 00e7d533 fe9ff06f 00000513 00008067 ff010113 00112623 00812423 00912223 08050663 41f55793 00a7c433 40f40433 01f55493 00040513 459020ef 41e00713 00a00793 40a70733 04a7c863 00b00793 40a787b3 01550513 00f457b3 00a41433 00048513 00c79793 00c7d793 01471713 01f51513 00f76733 00c12083 00a767b3 00040513 00812403 00412483 00078593 01010113 00008067 ff550513 00a417b3 00048513 00000413 fbdff06f 00000713 00000793 ff1ff06f 00c52783 0005af03 0045af83 0085a283 00c5a583 00008737 0107d693 fff70713 01079813 01059e93 01f7d613 00e6f6b3 0105d793 00052883 00452303 00852e03 ff010113 01085813 010ede93 00e7f7b3 01f5d593 02e69063 0068e733 01c76733 01076733 00100513 04071a63 04d79863 0080006f 00e79c63 01ff6733 00576733 01d76733 00100513 02071a63 00100513 02d79663 03e89463 03f31263 025e1063 01d81e63 02b60063 00079a63 0068e533 01c56533 01056533 00a03533 01010113 00008067 00000513 ff5ff06f 00c52783 00c5a683 00008737 0107d613 fff70713 01079813 01069293 00052883 00452303 00852e03 00e67633 0106d513 0005ae83 0045af03 0085af83 ff010113 01085813 01f7d793 0102d293 00e57533 01f6d693 00e61a63 01136733 01c76733 01076733 0a071463 00008737 fff70713 00e51a63 01eee733 01f76733 00576733 08071663 00000713 00061a63 01136733 01c76733 01076733 00173713 06051c63 01eee5b3 01f5e5b3 0055e5b3 00070c63 02058063 00100513 00069c63 fff00513 0100006f 04059a63 fff00513 04078e63 01010113 00008067 fca64ee3 ff02e6e3 02581063 ffcfe2e3 01fe1c63 fc6f6ee3 01e31863 fd1eeae3 00000513 fdd8fae3 00100513 fc0796e3 fb5ff06f ffe00513 fc1ff06f fa0710e3 faf698e3 fac55ee3 fff00513 fa0696e3 00100513 fa5ff06f 00c52783 00c5a683 00008737 0107d613 fff70713 01079813 01069293 00052883 00452303 00852e03 00e67633 0106d513 0005ae83 0045af03 0085af83 ff010113 01085813 01f7d793 0102d293 00e57533 01f6d693 00e61a63 01136733 01c76733 01076733 0a071463 00008737 fff70713 00e51a63 01eee733 01f76733 00576733 08071663 00000713 00061a63 01136733 01c76733 01076733 00173713 06051c63 01eee5b3 01f5e5b3 0055e5b3 00070c63 02058063 00100513 00069c63 fff00513 0100006f 04059a63 fff00513 04078e63 01010113 00008067 fca64ee3 ff02e6e3 02581063 ffcfe2e3 01fe1c63 fc6f6ee3 01e31863 fd1eeae3 00000513 fdd8fae3 00100513 fc0796e3 fb5ff06f 00200513 fc1ff06f fa0710e3 faf698e3 fac55ee3 fff00513 fa0696e3 00100513 fa5ff06f f5010113 09412c23 00c5aa03 0005a783 0085a683 0a812423 00050413 0045a503 010a1713 0b212023 09312e23 00062903 00c62983 09512a23 09612823 00862a83 00462b03 00008637 0a912223 01075713 010a5493 fff60613 05412e23 0a112623 09712623 09812423 09912223 09a12023 07b12e23 04f12823 04a12a23 04d12c23 02f12023 02a12223 02d12423 02e12623 00c4f4b3 01fa5a13 080482e3 1ac484e3 000106b7 00d76733 02e12623 02010593 02c10713 00072683 ffc72603 ffc70713 00369693 01d65613 00c6e6b3 00d72223 fee592e3 00379793 02f12023 ffffc7b7 00178793 00f484b3 00000b93 01099513 00008737 0109d793 01055513 fff70713 05312e23 05212823 05612a23 05512c23 03212823 03612a23 03512c23 02a12e23 00e7f7b3 01f9d993 140782e3 26e784e3 00010737 00e56533 02a12e23 03010593 03c10713 00072683 ffc72603 ffc70713 00369693 01d65613 00c6e6b3 00d72223 fee592e3 ffffc737 00391913 00170713 03212823 00e787b3 00000693 009787b3 00f12623 00178793 00f12423 002b9793 00d7e7b3 00a00713 26f742e3 013a4733 00e12223 00200713 20f74ae3 fff78793 00100713 26f770e3 02012883 03012f03 000105b7 fff58713 0108d913 010f5493 00e8f8b3 00ef7f33 031f0633 03e90533 01065793 031486b3 00a686b3 00d787b3 02990bb3 00a7f463 00bb8bb3 03412e83 0107d693 00e7f7b3 00e67633 01079793 00c787b3 010ed293 00eefeb3 03d90633 00f12823 04f12823 03128733 031e87b3 00c70733 0107d313 00e30333 02590b33 00c37663 00010737 00eb0b33 02412803 00010737 fff70613 01035513 00c37333 00c7f7b3 01085393 01031313 00c87833 00f30333 03e38fb3 006686b3 03e807b3 03048e33 0107d613 01fe0e33 01c60633 027485b3 01f67463 00e585b3 01065a93 00010737 00ba8ab3 fff70593 00b7f7b3 00b67633 01061613 030e85b3 00f60633 03d38fb3 0105d793 03028e33 01fe0e33 01c787b3 027289b3 01f7f463 00e989b3 0107d713 01370733 00010a37 00e12a23 fffa0713 03812e03 00e7f7b3 00e5f5b3 01079793 00b787b3 00f12c23 010e5793 00ee7e33 031e05b3 03c90c33 0105d713 031789b3 018989b3 01370733 02f90fb3 01877463 014f8fb3 01075993 00010cb7 01f98fb3 fffc8993 01377733 0135f5b3 01071713 00b70733 02812583 01f12e23 0105df93 0135f5b3 03e58a33 03ef8d33 010a5d93 02b489b3 01a989b3 013d89b3 03f48c33 01a9f463 019c0c33 00db86b3 0066b333 0109dd13 00650533 00010cb7 01650533 018d0d33 00c68633 fffc8c13 01550ab3 0189f9b3 00d636b3 00da86b3 01099993 018a7a33 01498a33 00aab9b3 0156bab3 0159e9b3 00653533 00a98533 01812303 01412983 04c12a23 00668333 01350ab3 01c12983 00d336b3 00da86b3 00e30733 01368b33 00673333 006b0333 01470a33 01a30d33 00ea3733 00aab533 00ed0733 0156bab3 00db36b3 01633b33 0166e6b3 006d39b3 01556ab3 01a73d33 00da8ab3 01a9e9b3 015989b3 03c12a83 05412c23 010adb13 018afab3 031a86b3 03590533 031b08b3 00a88333 0106d893 006888b3 03690933 00a8f463 01990933 02c12b83 0108d513 01250533 00010c37 00a12a23 fffc0513 010bd913 00abfbb3 00a6f6b3 00a8f8b3 03248333 01089893 00d888b3 03eb8533 037484b3 01055693 03e90f33 01e484b3 009686b3 01e6f463 01830333 0106df13 006f0333 00010cb7 00612c23 fffc8313 00657533 0066f6b3 03c38f33 01069693 00a686b3 03c80333 030784b3 01035513 01e484b3 00950533 02f38c33 01e57463 019c0c33 00010d37 fffd0f13 01055493 01e57533 01e37333 01051513 018484b3 02b28f33 00650533 03df8c33 02be8333 018f0f33 01035d93 01ed8f33 03f28cb3 018f7463 01ac8cb3 010f5c13 019c0c33 00010cb7 fffc8d13 01af7f33 010f1f13 01a37333 006f0333 01412f03 011708b3 01812d03 01e98f33 00e8b733 00ef0733 00d886b3 01a70d33 0116b8b3 011d08b3 00a68533 009884b3 00d536b3 00d486b3 013f39b3 01e73f33 00ed3733 01a8bd33 01e9ef33 0114b8b3 01a76733 0096b4b3 01868c33 00ef0733 0098e8b3 00e884b3 03cf8f33 00dc38b3 00650333 00a33533 00ac0533 01853c33 0188e8b3 04612e23 009888b3 02be06b3 02b789b3 0106d713 01e989b3 01370733 03f784b3 01e77463 019484b3 01075f13 009f0f33 000104b7 fff48993 01377733 0136f6b3 01071713 035389b3 00d70733 030a86b3 030b0833 01380c33 0106d813 01880833 036383b3 01387463 009383b3 01085493 00010c37 007483b3 fffc0493 0096f6b3 00987833 01081813 03db89b3 00d80833 03d90eb3 0109d693 032284b3 037282b3 01d282b3 005686b3 01d6f463 018484b3 0106de93 009e8eb3 000104b7 fff48293 0056f6b3 0059f9b3 01069693 02ba82b3 013686b3 02bb05b3 035f89b3 01358c33 0102d593 018585b3 036f8fb3 0135f463 009f8fb3 0105d493 01f48fb3 000104b7 fff48993 0135f5b3 0132f2b3 01059593 032789b3 005585b3 037787b3 03cb82b3 03c90e33 0102dc13 01c787b3 00fc07b3 01c7f463 009989b3 00e50733 01070833 01e88f33 00a73533 00af0533 00d806b3 007503b3 00e83733 06d12023 0106b6b3 037a8833 00e38733 01d70eb3 00de86b3 0107de13 011f38b3 000104b7 01e53f33 00a3b533 007733b3 03590ab3 013e0e33 00756533 fff48993 00eeb733 01e8e8b3 01d6beb3 00a888b3 0137f7b3 01d76733 032b0933 00b685b3 01170733 01079793 0132f2b3 01f70fb3 005787b3 00d5b6b3 00df86b3 00f587b3 037b0b33 00efb733 01c68e33 01f6bfb3 06f12223 00b7b7b3 01f76533 00fe07b3 01085713 00de36b3 015b0b33 01c7be33 01670733 01c6e6b3 01577463 00990933 01075593 00a585b3 00010537 fff50513 00a77733 01071713 00a87833 01070733 00e78733 00d586b3 00f737b3 00f687b3 012787b3 06f12623 01012783 00d31313 06e12423 00c7e7b3 0147e7b3 00f36333 06010613 05010793 00c7a703 0107a683 00478793 01375713 00d69693 00d76733 fee7ae23 fef612e3 05012783 00603333 05c12703 00f36333 05812783 04e12623 04612023 04f12423 05412783 04f12223 00b71793 0407d863 01f31313 04010793 04c10593 0007a683 0047a603 00478793 0016d693 01f61613 00c6e6b3 fed7ae23 fef592e3 04012783 00603333 00175713 0067e7b3 04f12023 00812783 04e12623 00f12623 00c12783 00f12423 3580006f 00a7e633 00d66633 00e66633 12060c63 06070463 00070513 779010ef ff450713 40575593 01f77713 08070263 ffc00693 02d586b3 02000813 02010313 40e80833 00c68793 00f307b3 40d006b3 08f31863 fff58793 00259593 05058693 02010613 00c685b3 02012683 00e69733 fae5a823 fff00693 0a00006f 00068a63 00068513 711010ef 02050513 f95ff06f 00050863 701010ef 04050513 f85ff06f 00078513 6f1010ef 06050513 f75ff06f ffc00693 02d586b3 02c10793 00300713 00d78633 00062603 fff70713 ffc78793 00c7a223 feb756e3 fff58793 f99ff06f 0007a603 ffc7a883 00d78e33 00e61633 0108d8b3 01166633 00ce2023 ffc78793 f51ff06f 00279713 02070713 00270733 00072023 fff78793 fed796e3 ffffc4b7 01148493 40a484b3 ea8ff06f 00a7e7b3 00d7e7b3 00e7e7b3 00200b93 e8078c63 00300b93 e90ff06f 00000493 00100b93 e84ff06f 016967b3 0157e7b3 00a7e7b3 12078c63 06050263 62d010ef ff450693 4056d793 01f6f693 08068463 ffc00613 02c78633 02000813 03010313 40d80833 00c60713 00e30733 40c00633 08e31a63 fff78713 00279793 02010613 05078793 00c787b3 03012603 00d616b3 fcd7a023 fff00693 0a40006f 000a8a63 000a8513 5c5010ef 02050513 f95ff06f 000b0a63 000b0513 5b1010ef 04050513 f81ff06f 00090513 5a1010ef 06050513 f71ff06f ffc00613 02c78633 03c10713 00300693 00c705b3 0005a583 fff68693 ffc70713 00b72223 fef6d6e3 fff78713 f95ff06f 00072583 ffc72883 00c70e33 00d595b3 0108d8b3 0115e5b3 00be2023 ffc70713 f4dff06f 00271793 03010613 00f607b3 0007a023 fff70713 fed716e3 ffffc7b7 01178793 40a787b3 de8ff06f 01696933 01596933 00a96933 00200693 dc090c63 00300693 dd0ff06f 00000793 00100693 dc4ff06f 00100713 00f717b3 5307f713 06071863 0887f713 04071063 2407f793 de078063 000087b7 04f12623 04012423 04012223 04012023 fff78793 00012223 1440006f 00f00713 fce78ee3 00b00713 01412223 02e79663 01312223 03012783 00068b93 04f12023 03412783 04f12223 03812783 04f12423 03c12783 0200006f 02012783 04f12023 02412783 04f12223 02812783 04f12423 02c12783 04f12623 00200793 34fb8663 00300793 f6fb8ce3 00100793 32fb8463 00812703 000047b7 fff78793 00f707b3 12f05a63 04012703 00777693 04068463 00f77693 00400613 02c68e63 00470713 00473693 04e12023 04412703 00e68733 04e12223 00d73733 04812683 00e68733 04e12423 00d73733 04c12683 00d70733 04e12623 04c12703 00b71693 0206d063 fff007b7 fff78793 00f77733 04e12623 00812703 000047b7 00f707b3 04010713 04c10593 00072683 00472603 00470713 0036d693 01d61613 00c6e6b3 fed72e23 fee592e3 000086b7 ffe68693 04c12703 26f6cc63 00375713 04e12623 04c12703 0ac12083 00040513 04e11e23 00412703 0a412483 0a012903 00f71713 00f767b3 04f11f23 04012783 09c12983 09812a03 00f42023 04412783 09412a83 09012b03 00f42223 04812783 08c12b83 08812c03 00f42423 05c12783 08412c83 08012d03 00f42623 0a812403 07c12d83 0b010113 00008067 00100693 40f686b3 07400793 1ad7ca63 04010613 4056d713 00060513 01f6f693 00000793 00000593 02e59e63 00300593 40e585b3 00271513 04069063 00060813 00a808b3 0008a883 00168693 00480813 ff182e23 fed5d6e3 00400693 40e68733 06c0006f 00052803 00158593 00450513 0107e7b3 fb5ff06f 05050813 02010893 01180833 fd082803 02000313 40d30333 00681833 0107e7b3 00000e13 00a60833 40a00533 02be4863 00400513 00259593 40e50733 05058593 02010513 00a585b3 04c12503 00d556b3 fcd5a823 00400593 03c0006f 00082883 00482e83 00a80f33 00d8d8b3 006e9eb3 01d8e8b3 011f2023 001e0e13 00480813 fadff06f 00271693 00d606b3 0006a023 00170713 feb718e3 04012683 00f037b3 00d7e7b3 04f12023 0077f693 04068263 00f7f693 02e68e63 04412703 00478793 04f12023 0047b793 00f707b3 04f12223 00e7b7b3 04812703 00f707b3 04f12423 00e7b7b3 04c12703 00e787b3 04f12623 04c12703 00c71793 0007de63 04012623 04012423 04012223 04012023 00100793 e01ff06f 00c60593 00062783 00462683 00460613 0037d793 01d69693 00d7e7b3 fef62e23 fec592e3 00375713 04e12623 00000793 dcdff06f 04412703 04012783 00e7e7b3 04812703 00e7e7b3 04c12703 00e7e7b3 fc078ee3 04012623 04012423 04012223 04012023 fc9ff06f 000087b7 04012623 04012423 04012223 04012023 fff78793 d7dff06f fa010113 0085a703 05212823 00c5a903 0005a683 0045a883 04912a23 02e12c23 00050493 00e12c23 00062783 01091713 00462503 00862583 00c62803 04812c23 01075713 00191413 03212e23 04112e23 05312623 05412423 05512223 02d12823 03112a23 00d12823 01112a23 00e12e23 01145413 01f95913 01010f93 01c10f13 000f2703 ffcf2603 ffcf0f13 00371713 01d65613 00c76733 00ef2223 ffef92e3 01081713 00369693 02a12a23 02a12223 01075713 00181513 03012e23 00d12823 02f12823 02b12c23 02f12023 02b12423 02e12623 01155513 01f85813 02010e13 02c10313 00032703 ffc32603 ffc30313 00371713 01d65613 00c76733 00e32223 fe6e12e3 00379793 00008737 02f12023 fff70713 02e51063 02812603 02412703 00c76733 02c12603 00c76733 00f76733 00071463 00184813 40a40eb3 05281ee3 41d05e63 01412703 01812603 01c12803 0a051263 02412883 02812583 02c12f03 00b8e533 01e56533 00f56533 00051e63 02d12823 02e12a23 02c12c23 03012e23 000e8413 08c0006f fffe8513 04051863 00f687b3 00e88733 02f12823 00d7b7b3 00f707b3 02f12a23 011738b3 00e7b7b3 00c58633 00f8e8b3 011608b3 03112c23 00b637b3 00c8b8b3 0117e7b3 010f0f33 01e787b3 00100413 2fc0006f 000087b7 fff78793 00fe8463 1d00106f 02d12823 4180006f 000087b7 fff78793 16f41463 02d12823 02e12a23 02c12c23 03012e23 03012783 0077f713 04070463 00f7f713 00400693 02d70e63 03412703 00478793 02f12823 0047b793 00f707b3 02f12a23 00e7b7b3 03812703 00f707b3 02f12c23 00e7b7b3 03c12703 00e787b3 02f12e23 03c12783 00c79713 02075463 00008737 00140413 fff70713 00e41463 1280106f fff80737 fff70713 00e7f7b3 02f12e23 03010793 03c10613 0007a703 0047a683 00478793 00375713 01d69693 00d76733 fee7ae23 fec792e3 03c12703 000086b7 fff68793 00375713 02e12e23 02f41a63 03412603 03012783 00c7e7b3 03812603 00c7e7b3 00e7e7b3 00078c63 02d12e23 02012c23 02012a23 02012823 00000913 03c12783 01141413 01145413 00f11623 03012783 00f91913 00896933 00f4a023 03412783 01211723 05c12083 00f4a223 03812783 05812403 05012903 00f4a423 00c12783 04c12983 04812a03 00f4a623 04412a83 00048513 05412483 06010113 00008067 02c12783 000805b7 00b7e7b3 02f12623 07400793 01d7d463 0480106f 000e8513 40555f93 01f57593 00030893 00000793 00000513 03f51c63 00300893 41f888b3 002f9e93 02059e63 01d30533 00052503 00158593 00430313 fea32e23 feb8d6e3 00400593 41f58533 0640006f 0008ae83 00150513 00488893 01d7e7b3 fb9ff06f 040e8313 00230333 fe032303 02000513 40b50533 00a31333 0067e7b3 00000293 01de0333 41d00eb3 0312c663 02c12303 00289893 04088893 00400513 002888b3 00b355b3 41f50533 feb8a023 00400893 03c0006f 00032f03 00432383 01d309b3 00bf5f33 00a393b3 007f6f33 01e9a023 00128293 00430313 fb1ff06f 00251593 00be05b3 0005a023 00150513 ff1518e3 02012583 00f037b3 00b7e7b3 02412583 02f12023 00f687b3 00e58533 02f12823 00d7b7b3 00f506b3 02812783 02d12a23 00b53733 00a6b6b3 00c78633 00d76733 00e60733 02e12c23 00f637b3 00c73733 00e7e7b3 02c12703 00e80733 00e787b3 02f12e23 00c79713 d2075ae3 03012683 fff80737 fff70713 00e7f7b3 02f12e23 00140413 01f69693 03010713 03c10513 00072603 00472583 00470713 00165613 01f59593 00b66633 fec72e23 fee512e3 03012703 0017d793 02f12e23 00d037b3 00f767b3 02f12823 000087b7 fff78793 ccf416e3 02012e23 02012c23 02012a23 02012823 cb9ff06f 02412703 02812603 02c12803 240e8c63 40850e33 0a041c63 01412883 01812583 01c12e83 00b8e333 01d36333 00d36333 00031e63 02f12823 02e12a23 02c12c23 03012e23 000e0413 c6dff06f fffe0313 04031663 00f687b3 00e88733 02f12823 00d7b7b3 00f707b3 02f12a23 011738b3 00e7b7b3 00c58633 00f8e8b3 011608b3 03112c23 00b637b3 00c8b8b3 0117e7b3 010e8eb3 01d787b3 be1ff06f 000086b7 fff68693 5cde1ce3 02f12823 02e12a23 02c12c23 03012e23 00008437 fff40413 bf5ff06f 00068793 fe1ff06f 000086b7 fff68693 fcd50ae3 01c12683 000805b7 00b6e6b3 00d12e23 07400693 59c6cce3 000e0313 02000593 02b345b3 000f0e13 00000693 00000893 02b8ce63 00300893 01f37293 40b888b3 00259e93 02029e63 01df0333 00032303 00128293 004f0f13 fe6f2e23 fe58d6e3 00400893 40b885b3 0780006f 000e2e83 00188893 004e0e13 01d6e6b3 fb5ff06f 02000e13 03c36333 406e0333 00058e13 0005d463 00000e13 002e1e13 040e0e13 002e0e33 fd0e2e03 00000393 006e1e33 01c6e6b3 01df8e33 41d00eb3 0313c663 00400313 40b305b3 01c12303 00289893 04088893 002888b3 00535333 fc68a823 00300313 03c0006f 000e2f03 004e2403 01de09b3 005f5f33 00641433 008f6f33 01e9a023 00138393 004e0e13 fb1ff06f 00259893 011f88b3 0008a023 00158593 feb358e3 01012583 00d036b3 00b6e6b3 01412583 00d12823 00d786b3 00e588b3 02d12823 00f6b6b3 01812783 00d886b3 02d12a23 00b8b733 0116b6b3 00c78633 00d76733 00e60733 02e12c23 00f637b3 00c73733 00e7e7b3 01c12703 00050413 00e80733 00e787b3 d19ff06f 00140f13 011f1893 0128d893 01412503 01812583 01c12303 03010e13 03c10e93 10089e63 00b568b3 0068e8b3 00d8e8b3 0a041863 00089e63 02f12823 02e12a23 02c12c23 03012e23 00000413 a05ff06f 00c768b3 0108e8b3 00f8e8b3 00089c63 02d12823 02a12a23 02b12c23 02612e23 9e1ff06f 00f687b3 00e50733 02f12823 00d7b7b3 00f707b3 02f12a23 00a73533 00e7b7b3 00c58633 00f56533 00a60533 02a12c23 00b635b3 00c53533 00a5e5b3 01030333 006585b3 00c59793 0007c663 02b12e23 98dff06f fff807b7 fff78793 00f5f5b3 02b12e23 00100413 975ff06f 1a088663 00c76733 01076733 00f76733 1a070263 000087b7 02f12e23 02012c23 02012a23 02012823 000e8793 0007a703 ffc7a683 ffc78793 00371713 01d6d693 00d76733 00e7a223 fefe12e3 00008437 fff40413 00000913 919ff06f 00f688b3 00e50733 00d8b6b3 00d706b3 02d12a23 00a73533 00e6b6b3 00c58633 00d56533 00a60533 02a12c23 00b635b3 00c53533 00a5e5b3 01030333 006585b3 03112823 02b12e23 000e0793 0007a703 0047a683 00478793 00175713 01f69693 00d76733 fee7ae23 fefe92e3 000087b7 fff78793 00ff0a63 0015d593 02b12e23 000f0413 891ff06f 02012e23 02012c23 02012a23 02012823 fe9ff06f 27d05e63 01412703 01812603 01c12803 0a051e63 02412f03 02812883 02c12503 011f65b3 00a5e5b3 00f5e5b3 fa058663 fffe8f93 040f9c63 40f685b3 41e70eb3 00b6b7b3 01d73333 40fe8eb3 00000793 00b6f663 40ef0f33 001f3793 411606b3 0067e7b3 00d63733 40f686b3 00078663 40c888b3 0018bf93 40a807b3 00efe733 40e787b3 00100413 1c80006f 000087b7 fff78793 fcfe8063 07400793 05f7dc63 02012623 02012423 02012223 00100593 1400006f 00078693 f9cff06f 00050713 00058613 00030813 f8cff06f 000087b7 fff78793 baf40ae3 02c12783 000805b7 00b7e7b3 02f12623 07400793 fbd7cae3 000e8f93 405fd793 00030893 01ffff93 00000593 00000513 02f51c63 00300513 40f50533 00279893 020f9e63 01130eb3 000eae83 001f8f93 00430313 ffd32e23 fff556e3 00400513 40f507b3 0640006f 0008ae83 00150513 00488893 01d5e5b3 fb9ff06f 04088313 00230333 fe032303 02000f13 41ff0f33 01e31333 0065e5b3 00000293 011e0333 411008b3 02a2c663 00400893 40f887b3 02c12883 00251513 04050513 00250533 01f8d8b3 ff152023 00400893 03c0006f 00032e83 00432383 011309b3 01fedeb3 01e393b3 007eeeb3 01d9a023 00128293 00430313 fb1ff06f 00279513 00ae0533 00052023 00178793 ff1798e3 02012783 00b035b3 00f5e5b3 02412503 02b12023 40b685b3 40a70eb3 00b6b7b3 01d738b3 40fe8eb3 00000793 00b6f663 40e50533 00153793 02812503 0117e7b3 00000713 40a606b3 00d638b3 40f686b3 00078663 40c50533 00153713 02c12783 01176733 40f807b3 40e787b3 02f12e23 02d12c23 03d12a23 02b12823 00c79713 e0075a63 00080737 fff70713 00e7f7b3 02f12e23 53c0006f 02412883 02812303 02c12e03 260e8e63 408503b3 0a041e63 01412283 01812603 01c12703 00c2e5b3 00e5e5b3 00d5e5b3 02059063 02f12823 03112a23 02612c23 03c12e23 00038413 00080913 db0ff06f fff38413 04041c63 40d785b3 40588eb3 00b7b6b3 01d8b533 40de8eb3 00000693 00b7f663 411282b3 0012b693 00a6e7b3 40c306b3 00d33533 40f686b3 00078663 40660633 00163413 40ee07b3 00a46733 40e787b3 00080913 d61ff06f 00008737 fff70713 72e39663 02f12823 03112a23 02612c23 03c12e23 00080913 935ff06f 00008737 fff70713 fee500e3 01c12703 000806b7 00d76733 00e12e23 07400713 18774263 02000713 02e3c733 000f0613 00000593 00000693 02e6ce63 00300693 01f3f413 40e68933 00271293 02041e63 005f06b3 0006a683 00140413 004f0f13 fedf2e23 fe8956e3 00400693 40e68733 0780006f 00062e83 00168693 00460613 01d5e5b3 fb5ff06f 02000e93 03d3e6b3 00070613 40de8eb3 00075463 00000613 00261613 04060693 00268633 fd062683 005f8633 405002b3 01d696b3 00d5e5b3 00000693 0326c663 01c12603 00400693 40e68733 00291693 04068693 002686b3 00865633 fcc6a823 00300613 03c0006f 00062f03 00462383 005609b3 008f5f33 01d393b3 007f6f33 01e9a023 00168693 00460613 fb1ff06f 00271693 00df86b3 0006a023 00170713 fee658e3 01012703 00b035b3 00e5e5b3 01412683 00b12823 40b785b3 40d88eb3 00b7b733 01d8b633 40ee8eb3 00000713 00b7f663 411686b3 0016b713 00c767b3 01812603 00000713 40c306b3 00d338b3 40f686b3 00078663 40660633 00163713 01c12783 01176733 00050413 40fe07b3 40e787b3 00080913 d65ff06f 00012e23 00012c23 00012a23 00100593 f85ff06f 00140513 01151f93 012fdf93 01412703 01812603 01c12583 00008f37 1c0f9e63 0068e533 00c76eb3 01c56533 00beeeb3 00f56533 00deeeb3 10041863 020e9263 02f12823 03112a23 02612c23 03c12e23 00080913 b2051063 00000413 9fdff06f 00051c63 02d12823 02e12a23 02c12c23 02b12e23 8f9ff06f 40f68533 411703b3 00a6bf33 00773fb3 41e38f33 00000e93 00a6f463 0013be93 01feeeb3 40660fb3 01f63a33 41df89b3 00000293 000e8463 001fb293 0142e2b3 41c58eb3 405e8eb3 03d12e23 03312c23 03e12a23 02a12823 00ce9293 0602d063 40d786b3 40e88733 00d7b533 00e8b8b3 40a70733 00000513 00d7f463 0013b513 011568b3 40c30633 00c33333 00000513 41160633 00088463 001fb513 40be05b3 00656533 40a585b3 02b12e23 02c12c23 02e12a23 02d12823 c91ff06f 01e56533 01356533 01d56533 f0050ce3 829ff06f 03010f93 040e9e63 02051e63 03e12e23 02012c23 02012a23 02012823 03c10793 0007a703 ffc7a683 ffc78793 00371713 01d6d693 00d76733 00e7a223 feff92e3 8c9ff06f 02f12823 03112a23 02612c23 03c12e23 00080913 ffff0413 9d0ff06f 00051c63 02d12823 02e12a23 02c12c23 02b12e23 fe5ff06f 03e12e23 02012c23 02012a23 02012823 03c10793 0007a703 ffc7a683 ffc78793 00371713 01d6d693 00d76733 00e7a223 feff92e3 85dff06f 40f68533 411709b3 00a6bfb3 013732b3 41f98fb3 00000f13 00a6f463 0019bf13 005f6f33 406602b3 00563ab3 41e28a33 00000393 000f0463 0012b393 0153e3b3 41c58f33 407f0f33 03e12e23 03412c23 03f12a23 02a12823 00cf1393 0c03d263 40d786b3 40e88733 00d7b533 00e8b8b3 40a70733 00000513 00d7f463 0019b513 40c30633 011568b3 00c33333 41160633 00088463 0012be93 40be05b3 006ee7b3 40f587b3 02f12e23 02c12c23 02e12a23 02d12823 00080913 03c12503 06050c63 794000ef ff450513 02000713 01f57813 02e547b3 08080c63 03010313 02e566b3 40d70633 ffc00693 02d786b3 00c68713 00e30733 40d006b3 0ae31263 03012683 fff78713 00279793 04078793 002787b3 010696b3 fed7a823 fff00693 0b80006f 01f56533 01456533 01e56533 d2050ae3 f89ff06f 03812503 00050863 718000ef 02050513 f81ff06f 03412503 00050863 704000ef 04050513 f6dff06f 03012503 6f4000ef 06050513 f5dff06f ffc00613 02c78633 03c10713 00300693 00c705b3 0005a583 fff68693 ffc70713 00b72223 fef6d6e3 fff78713 f81ff06f 00072583 ffc72883 00d70e33 010595b3 00c8d8b3 0115e5b3 00be2023 ffc70713 f3dff06f 00271793 03010613 00f607b3 0007a023 fff70713 fed716e3 10854e63 408507b3 00178793 03010593 4057d713 00058613 01f7f793 00000893 00000693 02e69c63 00300693 40e686b3 00271613 02079e63 00c58533 00052503 00178793 00458593 fea5ae23 fef6d6e3 00400793 40e78733 0680006f 00062503 00168693 00460613 00a8e8b3 fb9ff06f 04060593 002585b3 ff05a583 02000813 40f80833 010595b3 00b8e8b3 03010593 00c585b3 00000313 40c00633 02d34663 00400613 40e60733 03c12603 00269693 04068693 002686b3 00f657b3 fef6a823 00400693 0400006f 0005a503 0045ae03 00c58eb3 00f55533 010e1e33 01c56533 00aea023 00130313 00458593 fb1ff06f 00271793 03010613 00f607b3 0007a023 00170713 fed716e3 03012703 011037b3 00f767b3 02f12823 c84ff06f 03c12783 fff80737 fff70713 00e7f7b3 40a40433 02f12e23 e71fe06f 02012e23 02012c23 02012a23 02012823 eddfe06f 07400793 00a7c463 fc5fe06f 02012623 02012423 02012223 00100793 8acff06f 07400693 a666da63 00012e23 00012c23 00012a23 00100693 b74ff06f 07400713 a88748e3 00040393 909ff06f 00052703 00452e83 00852e03 00c52503 00c5a603 000086b7 fff68693 01055813 0005a783 0045a303 0085a883 00d87833 01065593 ff010113 00d5f5b3 02d81063 01d76733 01051513 01055513 01c76733 00a76733 00100513 02071663 00008737 fff70713 00000513 00e59e63 0067e533 01061613 01156533 01065613 00c56533 00a03533 01010113 00008067 00052703 00452683 00c52783 00852583 fe010113 00e12023 00d12223 00e12823 00179693 00004737 00b12423 00f12623 00b12c23 0116d693 ffe70713 00000513 02d75063 00004737 01d70713 01f7d813 00d75c63 80000537 fff50513 00a80533 02010113 00008067 01079793 00010737 0107d793 00e7e7b3 00004737 06f70713 40d70733 40575613 00f12e23 01f77713 02071463 00261613 02060793 00278633 ff062783 00f12823 01012503 fa080ae3 40a00533 fadff06f 00200513 00000693 02a61063 02000693 40e686b3 00d796b3 00e5d5b3 00b6e6b3 00d12823 00100693 00269693 02068693 002686b3 00e7d7b3 fef6a823 fb5ff06f fd010113 02912223 02112623 02812423 03212023 00050493 12058263 41f5d793 00b7c433 40f40433 00040513 01f5d913 330000ef 00004737 01e70713 05150793 40a70633 00812823 4057d713 00012a23 00012c23 00012e23 01f7f793 02078c63 00200693 0cd71863 02000693 40f686b3 00d456b3 00d12e23 fff70693 00271713 02070713 00270733 00f41433 fe872823 0340006f 00300793 40e787b3 00279793 02078793 002787b3 ff07a783 00200693 00f12e23 00200793 00f71663 00812c23 00100693 00269693 00012823 00012a23 ffc68693 00400793 00f6e463 00012c23 00090593 01c12783 00f59413 00c46433 00f11623 01012783 00811723 02c12083 00f4a023 01412783 02812403 02012903 00f4a223 01812783 00048513 00f4a423 00c12783 00f4a623 02412483 03010113 00008067 00300713 f41ff06f 00012e23 00012c23 00012a23 00012823 00000613 f95ff06f 01465713 00c61793 7ff77713 fd010113 00c7d793 00170693 02812423 02912223 03212023 02112623 00b12823 00f12a23 00012e23 00012c23 7fe6f693 00050913 00058413 01f65493 08068263 000046b7 c0068693 00d70733 0047d693 00d12e23 01c79793 0045d693 00d7e7b3 01c59413 00f12c23 00812a23 00012823 01c12783 00f49493 00e4e4b3 00f11623 01012783 00911723 02c12083 00f92023 01412783 02812403 02412483 00f92223 01812783 00090513 00f92423 00c12783 00f92623 02012903 03010113 00008067 00b7e533 10071063 fa0504e3 04078e63 00078513 12c000ef 03150693 4056d793 01f6f693 04068863 ffc00613 02c78633 02000813 01010313 40d80833 00c60713 00e30733 40c00633 08e31c63 fff78713 00279793 02078793 002787b3 00d416b3 fed7a823 03c0006f 0d8000ef 02050513 fa9ff06f ffc00613 02c78633 01c10713 00300693 00c705b3 0005a583 fff68693 ffc70713 00b72223 fef6d6e3 fff78713 00170793 00279793 00800693 01010713 00d7ea63 00012823 00072223 ff878793 01810713 00400693 00d7e463 00072023 00004737 c0c70713 40a70733 ed5ff06f 00072583 ffc72883 00c70e33 00d595b3 0108d8b3 0115e5b3 00be2023 ffc70713 f49ff06f 02050863 01c79713 0045d693 00d76733 00e12c23 0047d793 00008737 01c59413 00e7e7b3 00812a23 00012823 00f12e23 00008737 fff70713 e75ff06f 000107b7 02f57a63 10053793 0017b793 00379793 00014737 02000693 40f686b3 00f55533 ce870793 00a787b3 0007c503 40a68533 00008067 01000737 01800793 fce57ae3 01000793 fcdff06f 00000000 0000eccc 0000ecd0 0000ecd4 0000ecd8 0000ecdc 0000ece0 0000ece4 0000ece8 0000ecec 0000ecf0 0000ed00 0000cf98 0000ecf4 0000ecf8 0000ed00 0000ecfc 25345b1b 00206d73 25345b1b 25333b73 00006d73 25345b1b 00006d73 25335b1b 00006d73 008396e2 0000000a 6d305b1b 00000000 546e6f46 4f536d61 00000043 20732520 484d6425 5246207a 23454d41 00206425 20752520 20535046 00000000 20752520 78495043 30303031 00000020 20752520 5350494d 30303178 00002030 325b1b0d 00004133 38345b1b 313b353b 5b1b6d36 353b3833 6d35313b 1b485b1b 35323f5b 325b1b6c 0000004a 00000030 3b353b38 00323332 3b353b38 00333332 3b353b38 00343332 3b353b38 00353332 3b353b38 00363332 3b353b38 00373332 3b353b38 00383332 3b353b38 00393332 3b353b38 00303432 3b353b38 00313432 3b353b38 00323432 3b353b38 00333432 3b353b38 00343432 3b353b38 00353432 3b353b38 00363432 3b353b38 00373432 3b353b38 00383432 3b353b38 00393432 3b353b38 00303532 3b353b38 00313532 3b353b38 00323532 3b353b38 00333532 3b353b38 00343532 3b353b38 00353532 00000037 3b353b38 00003631 3b353b38 00003731 3b353b38 00003831 3b353b38 00003931 3b353b38 00003032 3b353b38 00003132 3b353b38 00003232 3b353b38 00003332 6c6c6142 7320636f 65636375 64656465 00000000 6d6f682f 74772f65 65626d61 636f442f 6e656d75 722f7374 2d757076 6c697562 2e2e2f64 7076722f 69722f75 2d766373 2d756e67 6c6f6f74 69616863 656e2f6e 62696c77 77656e2f 2f62696c 6362696c 6474732f 2f62696c 6572706d 00632e63 00464e49 00666e69 004e414e 006e616e 33323130 37363534 62613938 66656463 00000000 33323130 37363534 42413938 46454443 00000000 6c756e28 0000296c 7566202c 6974636e 203a6e6f 00000000 65737361 6f697472 2522206e 66202273 656c6961 66203a64 20656c69 22732522 696c202c 2520656e 25732564 00000a73 69666e49 7974696e 00000000 004e614e 6d6f682f 74772f65 65626d61 636f442f 6e656d75 722f7374 2d757076 6c697562 2e2e2f64 7076722f 69722f75 2d766373 2d756e67 6c6f6f74 69616863 656e2f6e 62696c77 77656e2f 2f62696c 6362696c 6474732f 2f62696c 6f746467 6d642d61 2e637369 00000063 49534f50 00000058 0000002e 3d3d3d3d 504f4f20 50432053 00000055 00783020 3d3d3d20 00000a3d 02020100 03030303 04040404 04040404 05050505 05050505 05050505 05050505 06060606 06060606 06060606 06060606 06060606 06060606 06060606 06060606 07070707 07070707 07070707 07070707 07070707 07070707 07070707 07070707 07070707 07070707 07070707 07070707 07070707 07070707 07070707 07070707 08080808 08080808 08080808 08080808 08080808 08080808 08080808 08080808 08080808 08080808 08080808 08080808 08080808 08080808 08080808 08080808 08080808 08080808 08080808 08080808 08080808 08080808 08080808 08080808 08080808 08080808 08080808 08080808 08080808 08080808 08080808 08080808 00000005 00000019 0000007d 00000000 00000000 3ff00000 00000000 40240000 00000000 40590000 00000000 408f4000 00000000 40c38800 00000000 40f86a00 00000000 412e8480 00000000 416312d0 00000000 4197d784 00000000 41cdcd65 20000000 4202a05f e8000000 42374876 a2000000 426d1a94 e5400000 42a2309c 1e900000 42d6bcc4 26340000 430c6bf5 37e08000 4341c379 85d8a000 43763457 674ec800 43abc16d 60913d00 43e158e4 78b58c40 4415af1d d6e2ef50 444b1ae4 064dd592 4480f0cf c7e14af6 44b52d02 79d99db4 44ea7843 00005d64 0000561c 0000561c 00005d58 0000561c 0000561c 0000561c 00005e04 0000561c 0000561c 00005d7c 00005afc 0000561c 0000586c 00005d98 0000561c 00005af0 000055e4 000055e4 000055e4 000055e4 000055e4 000055e4 000055e4 000055e4 000055e4 0000561c 0000561c 0000561c 0000561c 0000561c 0000561c 0000561c 00005878 0000561c 00005974 00005c48 00005878 00005878 00005878 0000561c 0000561c 0000561c 0000561c 00005b0c 0000561c 0000561c 00005b2c 0000561c 0000561c 0000561c 0000599c 0000561c 00005d24 0000561c 0000561c 00005e54 0000561c 0000561c 0000561c 0000561c 0000561c 0000561c 0000561c 0000561c 00005878 0000561c 00005974 00005a44 00005878 00005878 00005878 00005b18 00005a44 00005858 0000561c 00005c34 0000561c 00005bc0 00005edc 00005bf4 00005858 0000561c 0000599c 00005850 00005eb8 0000561c 0000561c 00005ec4 0000561c 00005850 00006dbc 00006a48 00006a48 00006a48 00006ca0 00007100 00006a48 00006a48 00006a48 00006a48 00006a48 00006a48 00006a48 00006a48 00006a48 00006a48 00006a48 00006a48 00006a48 00006a48 00006a48 00006a48 00006a48 00006a48 00006a48 00006a48 00006a48 00006a48 00006a48 00006a48 00006a48 00006a48 00006dbc 00006a48 00006a48 00006a48 00006ca0 00007100 30303030 30303030 30303030 30303030 20202020 20202020 20202020 20202020 00000071 ffffbf92 00003f8f 00000001 00000000 0000bb40 0000b5dc 0000b5dc 0000bb58 0000b5dc 0000b5dc 0000b5dc 0000b980 0000b5dc 0000b5dc 0000b7d4 0000b970 0000b5dc 0000b7e4 0000b9d4 0000b5dc 0000ba30 0000b5a4 0000b5a4 0000b5a4 0000b5a4 0000b5a4 0000b5a4 0000b5a4 0000b5a4 0000b5a4 0000b5dc 0000b5dc 0000b5dc 0000b5dc 0000b5dc 0000b5dc 0000b5dc 0000b5dc 0000b5dc 0000b86c 0000b720 0000b5dc 0000b5dc 0000b5dc 0000b5dc 0000b5dc 0000b5dc 0000b5dc 0000b5dc 0000b5dc 0000b5dc 0000ba3c 0000b5dc 0000b5dc 0000b5dc 0000b88c 0000b5dc 0000baa0 0000b5dc 0000b5dc 0000bb90 0000b5dc 0000b5dc 0000b5dc 0000b5dc 0000b5dc 0000b5dc 0000b5dc 0000b5dc 0000b5dc 0000b5dc 0000b86c 0000b724 0000b5dc 0000b5dc 0000b5dc 0000bae0 0000b724 0000b714 0000b5dc 0000b95c 0000b5dc 0000bb64 0000bb88 0000baf4 0000b714 0000b5dc 0000b88c 0000b6e8 0000bc34 0000b5dc 0000b5dc 0000bc3c 0000b5dc 0000b6e8 30303030 30303030 30303030 30303030 20202020 20202020 20202020 20202020 20202000 20202020 28282020 20282828 20202020 20202020 20202020 20202020 10108820 10101010 10101010 10101010 04040410 04040404 10040404 10101010 41411010 41414141 01010101 01010101 01010101 01010101 01010101 10101010 42421010 42424242 02020202 02020202 02020202 02020202 02020202 10101010 00000020 00000000 00000000 00000000 00000000 00000000 00000000 00000000 00000000 00000000 00000000 00000000 00000000 00000000 00000000 00000000 00000000 00000000 00000000 00000000 00000000 00000000 00000000 00000000 00000000 00000000 00000000 00000000 00000000 00000000 00000000 00000000 00000000 0000fb1c 0000fc0c 0000fb2c 0000fc0c 0000fb34 0000fc0c 0000fb2c 0000fb1c 0000fb1c 0000fb34 0000fb2c 0000faf4 0000faf4 0000faf4 0000fb34 00000000 00000000 00000000 00000000 00000000 00000000 00000000 00000000 00000000 00000000 00000000 00000000 00000000 00000000 00000000 00000000 00000000 00000000 00000000 00000000 00000000 00000000 00000000 00000000 00000000 00000000 00000000 00000000 00000000 00000000 00000000 00000000 00000000 00000000 00000000 00000000 00000000 00000000 00000000 00000000 00000000 00000000 00000000 00000000 00000000 00000000 00000000 00000000 00000000 00000000 00000000 00000000 00000000 00000000 00000000 00000000 00000000 00000000 00000000 00000000 00000000 00000000 00000000 00000000 00000000 00000000 00000000 00000000 00000000 00000000 00000000 00000000 00000000 00000000 00000000 00000000 00000000 00000000 00000000 00000000 00000000 00000000 00000000 00000000 00000000 00000000 00000000 00000000 00000000 00000000 00000000 00000000 00000000 00000000 00000000 00000000 00000000 00000000 00000000 00000000 00000000 00000000 00000000 00000000 00000000 00000000 00000000 00000000 00000000 00000000 00000000 00000000 00000000 00000000 00000000 00000000 00000000 00000000 00000000 00000000 00000000 00000000 00000000 00000000 00000000 00000000 00000000 00000000 00000000 00000000 00000000 00000000 00000000 00000000 00000000 00000000 00000000 00000000 00000000 00000000 00000000 00000000 00000000 00000000 00000000 00000000 00000000 00000000 00000000 00000000 00000000 00000000 00000000 00000000 00000000 00000000 00000000 00000000 00000000 00000000 00000000 00000000 00000000 00000000 00000000 00000000 00000000 00000000 00000000 00000000 00000000 00000000 00000000 00000000 00000000 00000000 00000000 00000000 00000000 00000000 00000000 00000000 00000000 00000000 00000000 00000000 00000000 00000000 00000000 00000000 00000000 00000000 00000000 00000000 00000000 00000000 00000000 00000000 00000000 00000000 00000000 00000000 00000000 00000000 00000000 00000000 00000000 00000000 00000000 00000000 00000000 00000000 00000000 00000000 00000000 00000000 00000000 00000000 00000000 00000000 00000000 00000000 00000000 00000000 00000000 00000000 00000000 00000000 00000000 00000000 00000000 00000000 00000000 00000000 00000000 00000000 00000000 00000000 00000000 00000000 00000000 00000000 00000000 00000000 00000000 00000000 00000000 00000000 00000000 00000000 00000000 00000000 00000000 00000000 00000000 00000000 00000000 00000000 00000000 00000000 00000000 00000000 00000000 00000000 00000000 00000000 00000000 00000000 00000000 00000000 00000000 00000000 00000000 00000000 00000000 00000000 00000000 00000000 00000000 00000000 00000000 00000000 00000000 00000000 00000000 00000000 00000000 00000000 00000000 00000000 00000000 00000000 00000000 00000000 00000000 00000000 00000000 00000000 00000000 00000000 00000000 00000000 00000000 00000000 00000000 00000000 00000000 00000000 00000000 00000000 00000000 00000000 00000000 00000000 00000000 00000000 00000000 00000000 00000000 00000000 00000000 00000000 00000000 00000000 00000000 00000000 00000000 00000000 00000000 00000000 00000000 00000000 00000000 00000000 00000000 00000000 00000000 00000000 00000000 00000000 00000000 00000000 00000000 00000000 00000000 00000000 00000000 00000000 00000000 00000000 00000000 00000000 00000000 00000000 00000000 00000000 00000000 00000000 00000000 00000000 00000000 00000000 00000000 00000000 00000000 00000000 00000000 00000000 00000000 00000000 00000000 00000000 00000000 00000000 00000000 00000000 00000000 00000000 00000000 00000000 00000000 00000000 00000000 00000000 00000000 00000000 00000000 00000000 00000000 00000000 00000000 00000000 00000000 00000000 00000000 00000000 00000000 00000000 00000000 00000000 00000000 00000000 00000000 00000000 00000000 00000000 00000000 00000000 00000000 00000000 00000000 00000000 00000000 00000000 00000000 00000000 00000000 00000000 00000000 00000000 00000000 00000000 00000000 00000000 00000000 00000000 00000000 00000000 00000000 00000000 00000000 00000000 00000000 00000000 00000000 00000000 00000000 00000000 00000000 00000000 00000000 00000000 00000000 00000000 00000000 00000000 00000000 00000000 00000000 00000000 00000000 00000000 00000000 00000000 00000000 00000000 00000000 00000000 00000000 00000000 00000000 00000000 00000000 00000000 00000000 00000000 00000000 00000000 00000000 00000000 00000000 00000000 00000000 00000000 00000000 00000000 00000000 00000000 00000000 00000000 00000000 00000000 00000000 00000000 00000000 00000000 00000000 00000000 00000000 00000000 00000000 00000000 00000000 00000000 00000000 00000000 00000000 00000000 00000000 00000000 00000000 00000000 00000000 00000000 00000000 00000000 00000000 00000000 00000000 00000000 00000000 00000000 00000000 00000000 00000000 00000000 00000000 00000000 00000000 00000000 00000000 00000000 00000000 00000000 00000000 00000000 00000000 00000000 00000000 00000000 00000000 00000000 00000000 00000000 00000000 00000000 00000000 00000000 00000000 00000000 00000000 00000000 00000000 00000000 00000000 00000000 00000000 00000000 00000000 00000000 00000000 00000000 00000000 00000000 00000000 00000000 00000000 00000000 00000000 00000000 00000000 00000000 00000000 00000000 00000000 00000000 00000000 00000000 00000000 00000000 00000000 00000000 00000000 00000000 00000000 00000000 00000000 00000000 00000000 00000000 00000000 00000000 00000000 00000000 00000000 00000000 00000000 00000000 00000000 00000000 00000000 00000000 00000000 00000000 00000000 00000000 00000000 00000000 00000000 00000000 00000000 00000000 00000000 00000000 00000000 00000000 00000000 00000000 00000000 00000000 00000000 00000000 00000000 00000000 00000000 00000000 00000000 00000000 00000000 00000000 00000000 00000000 00000000 00000000 00000000 00000000 00000000 00000000 00000000 00000000 00000000 00000000 00000000 00000000 00000000 00000000 00000000 00000000 00000000 00000000 00000000 00000000 00000000 00000000 00000000 00000000 00000000 00000000 00000000 00000000 00000000 00000000 00000000 00000000 00000000 00000000 00000000 00000000 00000000 00000000 00000000 00000000 00000000 00000000 00000000 00000000 00000000 00000000 00000000 00000000 00000000 00000000 00000000 00000000 00000000 00000000 00000000 00000000 00000000 00000000 00000000 00000000 00000000 00000000 00000000 00000000 00000000 00000000 00000000 00000000 00000000 00000000 00000000 00000000 00000000 00000000 00000000 00000000 00000000 00000000 00000000 00000000 00000000 00000000 00000000 00000000 00000000 00000000 00000000 00000000 00000000 00000000 00000000 00000000 00000000 00000000 00000000 00000000 00000000 00000000 00000000 00000000 00000000 00000000 00000000 00000000 00000000 00000000 00000000 00000000 00000000 00000000 00000000 00000000 00000000 00000000 00000000 00000000 00000000 00000000 00000000 00000000 00000000 00000000 00000000 00000000 00000000 00000000 00000000 00000000 00000000 00000000 00000000 00000000 00000000 00000000 00000000 00000000 00000000 00000000 00000000 00000000 00000000 00000000 00000000 00000000 00000000 00000000 00000000 00000000 00000000 00000000 00000000 00000000 00000000 00000000 00000000 00000000 00000000 00000000 00000000 00000000 00000000 00000010 00000000 00527a03 01017c01 00020c1b 00000010 00000018 fffed6b0 00000430 00000000 00000000 00000000 00000000 00000000 00000000 00000000 00000000 00000000 00000000 00000000 00000000 00000000 00000000 00000000 00000000 00000000 00000000 00000000 00000000 00000000 00000000 00000000 00000000 00000000 00000000 00000000 00000000 00000000 00000000 00000000 00000000 00000000 000158c4 0001585c 000157f4 00000000 000011e0 000014ec 000014a8 00000000 00000000 00000000 00013a4c 00013a50 00013a58 00013a60 00013a68 00013a70 00013a78 00013a80 00013a88 00013a90 00013a98 00013aa0 00013aa8 00013ab0 00013ab8 00013ac0 00013ac8 00013ad0 00013ad8 00013ae0 00013ae8 00013af0 00013af8 00013b00 00013b08 00013b10 00013b14 00013b1c 00013b24 00013b2c 00013b34 00013b3c 00013b44 00013b4c 00000000 00000003 000157f4 00000000 00000000 00015164 00015164 0001516c 0001516c 00015174 00015174 0001517c 0001517c 00015184 00015184 0001518c 0001518c 00015194 00015194 0001519c 0001519c 000151a4 000151a4 000151ac 000151ac 000151b4 000151b4 000151bc 000151bc 000151c4 000151c4 000151cc 000151cc 000151d4 000151d4 000151dc 000151dc 000151e4 000151e4 000151ec 000151ec 000151f4 000151f4 000151fc 000151fc 00015204 00015204 0001520c 0001520c 00015214 00015214 0001521c 0001521c 00015224 00015224 0001522c 0001522c 00015234 00015234 0001523c 0001523c 00015244 00015244 0001524c 0001524c 00015254 00015254 0001525c 0001525c 00015264 00015264 0001526c 0001526c 00015274 00015274 0001527c 0001527c 00015284 00015284 0001528c 0001528c 00015294 00015294 0001529c 0001529c 000152a4 000152a4 000152ac 000152ac 000152b4 000152b4 000152bc 000152bc 000152c4 000152c4 000152cc 000152cc 000152d4 000152d4 000152dc 000152dc 000152e4 000152e4 000152ec 000152ec 000152f4 000152f4 000152fc 000152fc 00015304 00015304 0001530c 0001530c 00015314 00015314 0001531c 0001531c 00015324 00015324 0001532c 0001532c 00015334 00015334 0001533c 0001533c 00015344 00015344 0001534c 0001534c 00015354 00015354 0001535c 0001535c 00015364 00015364 0001536c 0001536c 00015374 00015374 0001537c 0001537c 00015384 00015384 0001538c 0001538c 00015394 00015394 0001539c 0001539c 000153a4 000153a4 000153ac 000153ac 000153b4 000153b4 000153bc 000153bc 000153c4 000153c4 000153cc 000153cc 000153d4 000153d4 000153dc 000153dc 000153e4 000153e4 000153ec 000153ec 000153f4 000153f4 000153fc 000153fc 00015404 00015404 0001540c 0001540c 00015414 00015414 0001541c 0001541c 00015424 00015424 0001542c 0001542c 00015434 00015434 0001543c 0001543c 00015444 00015444 0001544c 0001544c 00015454 00015454 0001545c 0001545c 00015464 00015464 0001546c 0001546c 00015474 00015474 0001547c 0001547c 00015484 00015484 0001548c 0001548c 00015494 00015494 0001549c 0001549c 000154a4 000154a4 000154ac 000154ac 000154b4 000154b4 000154bc 000154bc 000154c4 000154c4 000154cc 000154cc 000154d4 000154d4 000154dc 000154dc 000154e4 000154e4 000154ec 000154ec 000154f4 000154f4 000154fc 000154fc 00015504 00015504 0001550c 0001550c 00015514 00015514 0001551c 0001551c 00015524 00015524 0001552c 0001552c 00015534 00015534 0001553c 0001553c 00015544 00015544 0001554c 0001554c 00015554 00015554 0001555c 0001555c 00000043 00000000 00000000 00000000 00000000 00000000 00000000 00000000 00000043 00000000 00000000 00000000 00000000 00000000 00000000 00000000 00000043 00000000 00000000 00000000 00000000 00000000 00000000 00000000 00000043 00000000 00000000 00000000 00000000 00000000 00000000 00000000 00000043 00000000 00000000 00000000 00000000 00000000 00000000 00000000 00000043 00000000 00000000 00000000 00000000 00000000 00000000 00000000 00000043 00000000 00000000 00000000 00000000 00000000 00000000 00000000 0000c8dc 0000c874 00000000 00014284 00013cc8 00013c14 00013c14 00013c14 00013c14 00013c14 00013c14 00013c14 00013c14 00013c14 ffffffff ffffffff ffffffff 0000ffff 53410001 00494943 00000000 00000000 00000000 00000000 00000000 00000000 53410000 00494943 00000000 00000000 00000000 00000000 00000000 00000000 00000000 00000000 3ff80000 636f4361 3fd287a7 8b60c8b3 3fc68a28 509f79fb 3fd34413 9d7dfa04 3c942d16 55475a32 3fd34413 00000000 3ff00000 00000000 40240000 00000000 40080000 00000000 401c0000 00000000 40140000 00000000 3fe00000 00015afc ffffffff 00020000 